ISO-10303-21;
HEADER;
FILE_DESCRIPTION(('KiCad electronic assembly'),'2;1');
FILE_NAME('PMOD2PSRAM.step','2026-09-12T00:22:08',('Pcbnew'),('Kicad'),
  'Open CASCADE STEP processor 7.6','KiCad to STEP converter','Unknown'
  );
FILE_SCHEMA(('AUTOMOTIVE_DESIGN { 1 0 10303 214 1 1 1 1 }'));
ENDSEC;
DATA;
#1 = APPLICATION_PROTOCOL_DEFINITION('international standard',
  'automotive_design',2000,#2);
#2 = APPLICATION_CONTEXT(
  'core data for automotive mechanical design processes');
#3 = SHAPE_DEFINITION_REPRESENTATION(#4,#10);
#4 = PRODUCT_DEFINITION_SHAPE('','',#5);
#5 = PRODUCT_DEFINITION('design','',#6,#9);
#6 = PRODUCT_DEFINITION_FORMATION('','',#7);
#7 = PRODUCT('PMOD2PSRAM 1','PMOD2PSRAM 1','',(#8));
#8 = PRODUCT_CONTEXT('',#2,'mechanical');
#9 = PRODUCT_DEFINITION_CONTEXT('part definition',#2,'design');
#10 = SHAPE_REPRESENTATION('',(#11,#15,#19,#23,#27),#31);
#11 = AXIS2_PLACEMENT_3D('',#12,#13,#14);
#12 = CARTESIAN_POINT('',(0.,0.,0.));
#13 = DIRECTION('',(0.,0.,1.));
#14 = DIRECTION('',(1.,0.,-0.));
#15 = AXIS2_PLACEMENT_3D('',#16,#17,#18);
#16 = CARTESIAN_POINT('',(160.,-78.75,1.595));
#17 = DIRECTION('',(0.,0.,1.));
#18 = DIRECTION('',(1.,0.,0.));
#19 = AXIS2_PLACEMENT_3D('',#20,#21,#22);
#20 = CARTESIAN_POINT('',(160.,-81.25,1.595));
#21 = DIRECTION('',(0.,0.,1.));
#22 = DIRECTION('',(1.,0.,0.));
#23 = AXIS2_PLACEMENT_3D('',#24,#25,#26);
#24 = CARTESIAN_POINT('',(153.79,-82.91,1.595));
#25 = DIRECTION('',(0.,0.,1.));
#26 = DIRECTION('',(-1.,1.224646799147E-16,0.));
#27 = AXIS2_PLACEMENT_3D('',#28,#29,#30);
#28 = CARTESIAN_POINT('',(0.,0.,0.));
#29 = DIRECTION('',(0.,0.,1.));
#30 = DIRECTION('',(1.,0.,-0.));
#31 = ( GEOMETRIC_REPRESENTATION_CONTEXT(3) 
GLOBAL_UNCERTAINTY_ASSIGNED_CONTEXT((#35)) GLOBAL_UNIT_ASSIGNED_CONTEXT(
(#32,#33,#34)) REPRESENTATION_CONTEXT('Context #1',
  '3D Context with UNIT and UNCERTAINTY') );
#32 = ( LENGTH_UNIT() NAMED_UNIT(*) SI_UNIT(.MILLI.,.METRE.) );
#33 = ( NAMED_UNIT(*) PLANE_ANGLE_UNIT() SI_UNIT($,.RADIAN.) );
#34 = ( NAMED_UNIT(*) SI_UNIT($,.STERADIAN.) SOLID_ANGLE_UNIT() );
#35 = UNCERTAINTY_MEASURE_WITH_UNIT(LENGTH_MEASURE(1.E-07),#32,
  'distance_accuracy_value','confusion accuracy');
#36 = PRODUCT_RELATED_PRODUCT_CATEGORY('part',$,(#7));
#37 = SHAPE_DEFINITION_REPRESENTATION(#38,#44);
#38 = PRODUCT_DEFINITION_SHAPE('','',#39);
#39 = PRODUCT_DEFINITION('design','',#40,#43);
#40 = PRODUCT_DEFINITION_FORMATION('','',#41);
#41 = PRODUCT('C_1206_3216Metric','C_1206_3216Metric','',(#42));
#42 = PRODUCT_CONTEXT('',#2,'mechanical');
#43 = PRODUCT_DEFINITION_CONTEXT('part definition',#2,'design');
#44 = SHAPE_REPRESENTATION('',(#11,#45),#49);
#45 = AXIS2_PLACEMENT_3D('',#46,#47,#48);
#46 = CARTESIAN_POINT('',(0.,0.,0.));
#47 = DIRECTION('',(0.,0.,1.));
#48 = DIRECTION('',(1.,0.,-0.));
#49 = ( GEOMETRIC_REPRESENTATION_CONTEXT(3) 
GLOBAL_UNCERTAINTY_ASSIGNED_CONTEXT((#53)) GLOBAL_UNIT_ASSIGNED_CONTEXT(
(#50,#51,#52)) REPRESENTATION_CONTEXT('Context #1',
  '3D Context with UNIT and UNCERTAINTY') );
#50 = ( LENGTH_UNIT() NAMED_UNIT(*) SI_UNIT(.MILLI.,.METRE.) );
#51 = ( NAMED_UNIT(*) PLANE_ANGLE_UNIT() SI_UNIT($,.RADIAN.) );
#52 = ( NAMED_UNIT(*) SI_UNIT($,.STERADIAN.) SOLID_ANGLE_UNIT() );
#53 = UNCERTAINTY_MEASURE_WITH_UNIT(LENGTH_MEASURE(1.E-07),#50,
  'distance_accuracy_value','confusion accuracy');
#54 = CONTEXT_DEPENDENT_SHAPE_REPRESENTATION(#55,#57);
#55 = ( REPRESENTATION_RELATIONSHIP('','',#44,#10) 
REPRESENTATION_RELATIONSHIP_WITH_TRANSFORMATION(#56) 
SHAPE_REPRESENTATION_RELATIONSHIP() );
#56 = ITEM_DEFINED_TRANSFORMATION('','',#11,#15);
#57 = PRODUCT_DEFINITION_SHAPE('Placement','Placement of an item',#58);
#58 = NEXT_ASSEMBLY_USAGE_OCCURRENCE('2','C1','',#5,#39,$);
#59 = PRODUCT_RELATED_PRODUCT_CATEGORY('part',$,(#41));
#60 = SHAPE_DEFINITION_REPRESENTATION(#61,#67);
#61 = PRODUCT_DEFINITION_SHAPE('','',#62);
#62 = PRODUCT_DEFINITION('design','',#63,#66);
#63 = PRODUCT_DEFINITION_FORMATION('','',#64);
#64 = PRODUCT('C_1206_3216Metric','C_1206_3216Metric','',(#65));
#65 = PRODUCT_CONTEXT('',#2,'mechanical');
#66 = PRODUCT_DEFINITION_CONTEXT('part definition',#2,'design');
#67 = ADVANCED_BREP_SHAPE_REPRESENTATION('',(#11,#68),#922);
#68 = MANIFOLD_SOLID_BREP('',#69);
#69 = CLOSED_SHELL('',(#70,#146,#177,#202,#227,#251,#275,#300,#325,#342,
    #428,#460,#484,#509,#533,#558,#582,#607,#624,#710,#741,#766,#791,
    #815,#839,#864,#889,#906));
#70 = ADVANCED_FACE('',(#71),#141,.F.);
#71 = FACE_BOUND('',#72,.F.);
#72 = EDGE_LOOP('',(#73,#83,#92,#100,#109,#117,#126,#134));
#73 = ORIENTED_EDGE('',*,*,#74,.F.);
#74 = EDGE_CURVE('',#75,#77,#79,.T.);
#75 = VERTEX_POINT('',#76);
#76 = CARTESIAN_POINT('',(-1.6,-0.8,4.E-02));
#77 = VERTEX_POINT('',#78);
#78 = CARTESIAN_POINT('',(-1.6,-0.8,1.56));
#79 = LINE('',#80,#81);
#80 = CARTESIAN_POINT('',(-1.6,-0.8,0.));
#81 = VECTOR('',#82,1.);
#82 = DIRECTION('',(0.,0.,1.));
#83 = ORIENTED_EDGE('',*,*,#84,.T.);
#84 = EDGE_CURVE('',#75,#85,#87,.T.);
#85 = VERTEX_POINT('',#86);
#86 = CARTESIAN_POINT('',(-1.6,-0.76,0.));
#87 = CIRCLE('',#88,4.E-02);
#88 = AXIS2_PLACEMENT_3D('',#89,#90,#91);
#89 = CARTESIAN_POINT('',(-1.6,-0.76,4.E-02));
#90 = DIRECTION('',(1.,0.,-0.));
#91 = DIRECTION('',(0.,0.,1.));
#92 = ORIENTED_EDGE('',*,*,#93,.T.);
#93 = EDGE_CURVE('',#85,#94,#96,.T.);
#94 = VERTEX_POINT('',#95);
#95 = CARTESIAN_POINT('',(-1.6,0.76,0.));
#96 = LINE('',#97,#98);
#97 = CARTESIAN_POINT('',(-1.6,-0.8,0.));
#98 = VECTOR('',#99,1.);
#99 = DIRECTION('',(0.,1.,0.));
#100 = ORIENTED_EDGE('',*,*,#101,.F.);
#101 = EDGE_CURVE('',#102,#94,#104,.T.);
#102 = VERTEX_POINT('',#103);
#103 = CARTESIAN_POINT('',(-1.6,0.8,4.E-02));
#104 = CIRCLE('',#105,4.E-02);
#105 = AXIS2_PLACEMENT_3D('',#106,#107,#108);
#106 = CARTESIAN_POINT('',(-1.6,0.76,4.E-02));
#107 = DIRECTION('',(-1.,0.,0.));
#108 = DIRECTION('',(0.,0.,1.));
#109 = ORIENTED_EDGE('',*,*,#110,.T.);
#110 = EDGE_CURVE('',#102,#111,#113,.T.);
#111 = VERTEX_POINT('',#112);
#112 = CARTESIAN_POINT('',(-1.6,0.8,1.56));
#113 = LINE('',#114,#115);
#114 = CARTESIAN_POINT('',(-1.6,0.8,0.));
#115 = VECTOR('',#116,1.);
#116 = DIRECTION('',(0.,0.,1.));
#117 = ORIENTED_EDGE('',*,*,#118,.T.);
#118 = EDGE_CURVE('',#111,#119,#121,.T.);
#119 = VERTEX_POINT('',#120);
#120 = CARTESIAN_POINT('',(-1.6,0.76,1.6));
#121 = CIRCLE('',#122,4.E-02);
#122 = AXIS2_PLACEMENT_3D('',#123,#124,#125);
#123 = CARTESIAN_POINT('',(-1.6,0.76,1.56));
#124 = DIRECTION('',(1.,0.,-0.));
#125 = DIRECTION('',(0.,0.,1.));
#126 = ORIENTED_EDGE('',*,*,#127,.F.);
#127 = EDGE_CURVE('',#128,#119,#130,.T.);
#128 = VERTEX_POINT('',#129);
#129 = CARTESIAN_POINT('',(-1.6,-0.76,1.6));
#130 = LINE('',#131,#132);
#131 = CARTESIAN_POINT('',(-1.6,-0.8,1.6));
#132 = VECTOR('',#133,1.);
#133 = DIRECTION('',(0.,1.,0.));
#134 = ORIENTED_EDGE('',*,*,#135,.F.);
#135 = EDGE_CURVE('',#77,#128,#136,.T.);
#136 = CIRCLE('',#137,4.E-02);
#137 = AXIS2_PLACEMENT_3D('',#138,#139,#140);
#138 = CARTESIAN_POINT('',(-1.6,-0.76,1.56));
#139 = DIRECTION('',(-1.,0.,0.));
#140 = DIRECTION('',(0.,0.,1.));
#141 = PLANE('',#142);
#142 = AXIS2_PLACEMENT_3D('',#143,#144,#145);
#143 = CARTESIAN_POINT('',(-1.6,-0.8,0.));
#144 = DIRECTION('',(1.,0.,0.));
#145 = DIRECTION('',(0.,0.,1.));
#146 = ADVANCED_FACE('',(#147),#172,.F.);
#147 = FACE_BOUND('',#148,.F.);
#148 = EDGE_LOOP('',(#149,#159,#165,#166));
#149 = ORIENTED_EDGE('',*,*,#150,.F.);
#150 = EDGE_CURVE('',#151,#153,#155,.T.);
#151 = VERTEX_POINT('',#152);
#152 = CARTESIAN_POINT('',(-1.2,-0.8,4.E-02));
#153 = VERTEX_POINT('',#154);
#154 = CARTESIAN_POINT('',(-1.2,-0.8,1.56));
#155 = LINE('',#156,#157);
#156 = CARTESIAN_POINT('',(-1.2,-0.8,0.));
#157 = VECTOR('',#158,1.);
#158 = DIRECTION('',(0.,0.,1.));
#159 = ORIENTED_EDGE('',*,*,#160,.F.);
#160 = EDGE_CURVE('',#75,#151,#161,.T.);
#161 = LINE('',#162,#163);
#162 = CARTESIAN_POINT('',(-1.6,-0.8,4.E-02));
#163 = VECTOR('',#164,1.);
#164 = DIRECTION('',(1.,0.,0.));
#165 = ORIENTED_EDGE('',*,*,#74,.T.);
#166 = ORIENTED_EDGE('',*,*,#167,.T.);
#167 = EDGE_CURVE('',#77,#153,#168,.T.);
#168 = LINE('',#169,#170);
#169 = CARTESIAN_POINT('',(-1.6,-0.8,1.56));
#170 = VECTOR('',#171,1.);
#171 = DIRECTION('',(1.,0.,0.));
#172 = PLANE('',#173);
#173 = AXIS2_PLACEMENT_3D('',#174,#175,#176);
#174 = CARTESIAN_POINT('',(-1.6,-0.8,0.));
#175 = DIRECTION('',(0.,1.,0.));
#176 = DIRECTION('',(0.,-0.,1.));
#177 = ADVANCED_FACE('',(#178),#197,.T.);
#178 = FACE_BOUND('',#179,.T.);
#179 = EDGE_LOOP('',(#180,#181,#189,#196));
#180 = ORIENTED_EDGE('',*,*,#84,.T.);
#181 = ORIENTED_EDGE('',*,*,#182,.T.);
#182 = EDGE_CURVE('',#85,#183,#185,.T.);
#183 = VERTEX_POINT('',#184);
#184 = CARTESIAN_POINT('',(-1.2,-0.76,0.));
#185 = LINE('',#186,#187);
#186 = CARTESIAN_POINT('',(-1.6,-0.76,0.));
#187 = VECTOR('',#188,1.);
#188 = DIRECTION('',(1.,0.,0.));
#189 = ORIENTED_EDGE('',*,*,#190,.F.);
#190 = EDGE_CURVE('',#151,#183,#191,.T.);
#191 = CIRCLE('',#192,4.E-02);
#192 = AXIS2_PLACEMENT_3D('',#193,#194,#195);
#193 = CARTESIAN_POINT('',(-1.2,-0.76,4.E-02));
#194 = DIRECTION('',(1.,0.,-0.));
#195 = DIRECTION('',(0.,0.,1.));
#196 = ORIENTED_EDGE('',*,*,#160,.F.);
#197 = CYLINDRICAL_SURFACE('',#198,4.E-02);
#198 = AXIS2_PLACEMENT_3D('',#199,#200,#201);
#199 = CARTESIAN_POINT('',(-1.6,-0.76,4.E-02));
#200 = DIRECTION('',(1.,0.,0.));
#201 = DIRECTION('',(0.,-1.,0.));
#202 = ADVANCED_FACE('',(#203),#222,.T.);
#203 = FACE_BOUND('',#204,.T.);
#204 = EDGE_LOOP('',(#205,#206,#215,#221));
#205 = ORIENTED_EDGE('',*,*,#167,.T.);
#206 = ORIENTED_EDGE('',*,*,#207,.T.);
#207 = EDGE_CURVE('',#153,#208,#210,.T.);
#208 = VERTEX_POINT('',#209);
#209 = CARTESIAN_POINT('',(-1.2,-0.76,1.6));
#210 = CIRCLE('',#211,4.E-02);
#211 = AXIS2_PLACEMENT_3D('',#212,#213,#214);
#212 = CARTESIAN_POINT('',(-1.2,-0.76,1.56));
#213 = DIRECTION('',(-1.,0.,0.));
#214 = DIRECTION('',(0.,0.,1.));
#215 = ORIENTED_EDGE('',*,*,#216,.F.);
#216 = EDGE_CURVE('',#128,#208,#217,.T.);
#217 = LINE('',#218,#219);
#218 = CARTESIAN_POINT('',(-1.6,-0.76,1.6));
#219 = VECTOR('',#220,1.);
#220 = DIRECTION('',(1.,0.,0.));
#221 = ORIENTED_EDGE('',*,*,#135,.F.);
#222 = CYLINDRICAL_SURFACE('',#223,4.E-02);
#223 = AXIS2_PLACEMENT_3D('',#224,#225,#226);
#224 = CARTESIAN_POINT('',(-1.6,-0.76,1.56));
#225 = DIRECTION('',(1.,0.,0.));
#226 = DIRECTION('',(0.,-1.,0.));
#227 = ADVANCED_FACE('',(#228),#246,.F.);
#228 = FACE_BOUND('',#229,.F.);
#229 = EDGE_LOOP('',(#230,#231,#232,#240));
#230 = ORIENTED_EDGE('',*,*,#93,.F.);
#231 = ORIENTED_EDGE('',*,*,#182,.T.);
#232 = ORIENTED_EDGE('',*,*,#233,.T.);
#233 = EDGE_CURVE('',#183,#234,#236,.T.);
#234 = VERTEX_POINT('',#235);
#235 = CARTESIAN_POINT('',(-1.2,0.76,0.));
#236 = LINE('',#237,#238);
#237 = CARTESIAN_POINT('',(-1.2,-0.8,0.));
#238 = VECTOR('',#239,1.);
#239 = DIRECTION('',(0.,1.,0.));
#240 = ORIENTED_EDGE('',*,*,#241,.F.);
#241 = EDGE_CURVE('',#94,#234,#242,.T.);
#242 = LINE('',#243,#244);
#243 = CARTESIAN_POINT('',(-1.6,0.76,0.));
#244 = VECTOR('',#245,1.);
#245 = DIRECTION('',(1.,0.,0.));
#246 = PLANE('',#247);
#247 = AXIS2_PLACEMENT_3D('',#248,#249,#250);
#248 = CARTESIAN_POINT('',(-1.6,-0.8,0.));
#249 = DIRECTION('',(0.,0.,1.));
#250 = DIRECTION('',(1.,0.,-0.));
#251 = ADVANCED_FACE('',(#252),#270,.T.);
#252 = FACE_BOUND('',#253,.T.);
#253 = EDGE_LOOP('',(#254,#255,#256,#264));
#254 = ORIENTED_EDGE('',*,*,#127,.F.);
#255 = ORIENTED_EDGE('',*,*,#216,.T.);
#256 = ORIENTED_EDGE('',*,*,#257,.T.);
#257 = EDGE_CURVE('',#208,#258,#260,.T.);
#258 = VERTEX_POINT('',#259);
#259 = CARTESIAN_POINT('',(-1.2,0.76,1.6));
#260 = LINE('',#261,#262);
#261 = CARTESIAN_POINT('',(-1.2,-0.8,1.6));
#262 = VECTOR('',#263,1.);
#263 = DIRECTION('',(0.,1.,0.));
#264 = ORIENTED_EDGE('',*,*,#265,.F.);
#265 = EDGE_CURVE('',#119,#258,#266,.T.);
#266 = LINE('',#267,#268);
#267 = CARTESIAN_POINT('',(-1.6,0.76,1.6));
#268 = VECTOR('',#269,1.);
#269 = DIRECTION('',(1.,0.,0.));
#270 = PLANE('',#271);
#271 = AXIS2_PLACEMENT_3D('',#272,#273,#274);
#272 = CARTESIAN_POINT('',(-1.6,-0.8,1.6));
#273 = DIRECTION('',(0.,0.,1.));
#274 = DIRECTION('',(1.,0.,-0.));
#275 = ADVANCED_FACE('',(#276),#295,.T.);
#276 = FACE_BOUND('',#277,.T.);
#277 = EDGE_LOOP('',(#278,#286,#293,#294));
#278 = ORIENTED_EDGE('',*,*,#279,.T.);
#279 = EDGE_CURVE('',#102,#280,#282,.T.);
#280 = VERTEX_POINT('',#281);
#281 = CARTESIAN_POINT('',(-1.2,0.8,4.E-02));
#282 = LINE('',#283,#284);
#283 = CARTESIAN_POINT('',(-1.6,0.8,4.E-02));
#284 = VECTOR('',#285,1.);
#285 = DIRECTION('',(1.,0.,0.));
#286 = ORIENTED_EDGE('',*,*,#287,.T.);
#287 = EDGE_CURVE('',#280,#234,#288,.T.);
#288 = CIRCLE('',#289,4.E-02);
#289 = AXIS2_PLACEMENT_3D('',#290,#291,#292);
#290 = CARTESIAN_POINT('',(-1.2,0.76,4.E-02));
#291 = DIRECTION('',(-1.,0.,0.));
#292 = DIRECTION('',(0.,0.,1.));
#293 = ORIENTED_EDGE('',*,*,#241,.F.);
#294 = ORIENTED_EDGE('',*,*,#101,.F.);
#295 = CYLINDRICAL_SURFACE('',#296,4.E-02);
#296 = AXIS2_PLACEMENT_3D('',#297,#298,#299);
#297 = CARTESIAN_POINT('',(-1.6,0.76,4.E-02));
#298 = DIRECTION('',(1.,0.,0.));
#299 = DIRECTION('',(-0.,1.,0.));
#300 = ADVANCED_FACE('',(#301),#320,.T.);
#301 = FACE_BOUND('',#302,.T.);
#302 = EDGE_LOOP('',(#303,#304,#305,#314));
#303 = ORIENTED_EDGE('',*,*,#118,.T.);
#304 = ORIENTED_EDGE('',*,*,#265,.T.);
#305 = ORIENTED_EDGE('',*,*,#306,.F.);
#306 = EDGE_CURVE('',#307,#258,#309,.T.);
#307 = VERTEX_POINT('',#308);
#308 = CARTESIAN_POINT('',(-1.2,0.8,1.56));
#309 = CIRCLE('',#310,4.E-02);
#310 = AXIS2_PLACEMENT_3D('',#311,#312,#313);
#311 = CARTESIAN_POINT('',(-1.2,0.76,1.56));
#312 = DIRECTION('',(1.,0.,-0.));
#313 = DIRECTION('',(0.,0.,1.));
#314 = ORIENTED_EDGE('',*,*,#315,.F.);
#315 = EDGE_CURVE('',#111,#307,#316,.T.);
#316 = LINE('',#317,#318);
#317 = CARTESIAN_POINT('',(-1.6,0.8,1.56));
#318 = VECTOR('',#319,1.);
#319 = DIRECTION('',(1.,0.,0.));
#320 = CYLINDRICAL_SURFACE('',#321,4.E-02);
#321 = AXIS2_PLACEMENT_3D('',#322,#323,#324);
#322 = CARTESIAN_POINT('',(-1.6,0.76,1.56));
#323 = DIRECTION('',(1.,0.,0.));
#324 = DIRECTION('',(-0.,1.,0.));
#325 = ADVANCED_FACE('',(#326),#337,.T.);
#326 = FACE_BOUND('',#327,.T.);
#327 = EDGE_LOOP('',(#328,#334,#335,#336));
#328 = ORIENTED_EDGE('',*,*,#329,.F.);
#329 = EDGE_CURVE('',#280,#307,#330,.T.);
#330 = LINE('',#331,#332);
#331 = CARTESIAN_POINT('',(-1.2,0.8,0.));
#332 = VECTOR('',#333,1.);
#333 = DIRECTION('',(0.,0.,1.));
#334 = ORIENTED_EDGE('',*,*,#279,.F.);
#335 = ORIENTED_EDGE('',*,*,#110,.T.);
#336 = ORIENTED_EDGE('',*,*,#315,.T.);
#337 = PLANE('',#338);
#338 = AXIS2_PLACEMENT_3D('',#339,#340,#341);
#339 = CARTESIAN_POINT('',(-1.6,0.8,0.));
#340 = DIRECTION('',(0.,1.,0.));
#341 = DIRECTION('',(0.,-0.,1.));
#342 = ADVANCED_FACE('',(#343,#353),#423,.T.);
#343 = FACE_BOUND('',#344,.T.);
#344 = EDGE_LOOP('',(#345,#346,#347,#348,#349,#350,#351,#352));
#345 = ORIENTED_EDGE('',*,*,#150,.F.);
#346 = ORIENTED_EDGE('',*,*,#190,.T.);
#347 = ORIENTED_EDGE('',*,*,#233,.T.);
#348 = ORIENTED_EDGE('',*,*,#287,.F.);
#349 = ORIENTED_EDGE('',*,*,#329,.T.);
#350 = ORIENTED_EDGE('',*,*,#306,.T.);
#351 = ORIENTED_EDGE('',*,*,#257,.F.);
#352 = ORIENTED_EDGE('',*,*,#207,.F.);
#353 = FACE_BOUND('',#354,.T.);
#354 = EDGE_LOOP('',(#355,#366,#374,#383,#391,#400,#408,#417));
#355 = ORIENTED_EDGE('',*,*,#356,.F.);
#356 = EDGE_CURVE('',#357,#359,#361,.T.);
#357 = VERTEX_POINT('',#358);
#358 = CARTESIAN_POINT('',(-1.2,-0.76,8.E-02));
#359 = VERTEX_POINT('',#360);
#360 = CARTESIAN_POINT('',(-1.2,-0.72,4.E-02));
#361 = CIRCLE('',#362,4.E-02);
#362 = AXIS2_PLACEMENT_3D('',#363,#364,#365);
#363 = CARTESIAN_POINT('',(-1.2,-0.72,8.E-02));
#364 = DIRECTION('',(1.,0.,-0.));
#365 = DIRECTION('',(0.,0.,1.));
#366 = ORIENTED_EDGE('',*,*,#367,.T.);
#367 = EDGE_CURVE('',#357,#368,#370,.T.);
#368 = VERTEX_POINT('',#369);
#369 = CARTESIAN_POINT('',(-1.2,-0.76,1.52));
#370 = LINE('',#371,#372);
#371 = CARTESIAN_POINT('',(-1.2,-0.76,4.E-02));
#372 = VECTOR('',#373,1.);
#373 = DIRECTION('',(0.,0.,1.));
#374 = ORIENTED_EDGE('',*,*,#375,.T.);
#375 = EDGE_CURVE('',#368,#376,#378,.T.);
#376 = VERTEX_POINT('',#377);
#377 = CARTESIAN_POINT('',(-1.2,-0.72,1.56));
#378 = CIRCLE('',#379,4.E-02);
#379 = AXIS2_PLACEMENT_3D('',#380,#381,#382);
#380 = CARTESIAN_POINT('',(-1.2,-0.72,1.52));
#381 = DIRECTION('',(-1.,0.,0.));
#382 = DIRECTION('',(0.,0.,1.));
#383 = ORIENTED_EDGE('',*,*,#384,.T.);
#384 = EDGE_CURVE('',#376,#385,#387,.T.);
#385 = VERTEX_POINT('',#386);
#386 = CARTESIAN_POINT('',(-1.2,0.72,1.56));
#387 = LINE('',#388,#389);
#388 = CARTESIAN_POINT('',(-1.2,-0.76,1.56));
#389 = VECTOR('',#390,1.);
#390 = DIRECTION('',(0.,1.,0.));
#391 = ORIENTED_EDGE('',*,*,#392,.F.);
#392 = EDGE_CURVE('',#393,#385,#395,.T.);
#393 = VERTEX_POINT('',#394);
#394 = CARTESIAN_POINT('',(-1.2,0.76,1.52));
#395 = CIRCLE('',#396,4.E-02);
#396 = AXIS2_PLACEMENT_3D('',#397,#398,#399);
#397 = CARTESIAN_POINT('',(-1.2,0.72,1.52));
#398 = DIRECTION('',(1.,0.,-0.));
#399 = DIRECTION('',(0.,0.,1.));
#400 = ORIENTED_EDGE('',*,*,#401,.F.);
#401 = EDGE_CURVE('',#402,#393,#404,.T.);
#402 = VERTEX_POINT('',#403);
#403 = CARTESIAN_POINT('',(-1.2,0.76,8.E-02));
#404 = LINE('',#405,#406);
#405 = CARTESIAN_POINT('',(-1.2,0.76,4.E-02));
#406 = VECTOR('',#407,1.);
#407 = DIRECTION('',(0.,0.,1.));
#408 = ORIENTED_EDGE('',*,*,#409,.T.);
#409 = EDGE_CURVE('',#402,#410,#412,.T.);
#410 = VERTEX_POINT('',#411);
#411 = CARTESIAN_POINT('',(-1.2,0.72,4.E-02));
#412 = CIRCLE('',#413,4.E-02);
#413 = AXIS2_PLACEMENT_3D('',#414,#415,#416);
#414 = CARTESIAN_POINT('',(-1.2,0.72,8.E-02));
#415 = DIRECTION('',(-1.,0.,0.));
#416 = DIRECTION('',(0.,0.,1.));
#417 = ORIENTED_EDGE('',*,*,#418,.F.);
#418 = EDGE_CURVE('',#359,#410,#419,.T.);
#419 = LINE('',#420,#421);
#420 = CARTESIAN_POINT('',(-1.2,-0.76,4.E-02));
#421 = VECTOR('',#422,1.);
#422 = DIRECTION('',(0.,1.,0.));
#423 = PLANE('',#424);
#424 = AXIS2_PLACEMENT_3D('',#425,#426,#427);
#425 = CARTESIAN_POINT('',(-1.2,-0.8,0.));
#426 = DIRECTION('',(1.,0.,0.));
#427 = DIRECTION('',(0.,0.,1.));
#428 = ADVANCED_FACE('',(#429),#455,.T.);
#429 = FACE_BOUND('',#430,.T.);
#430 = EDGE_LOOP('',(#431,#432,#440,#449));
#431 = ORIENTED_EDGE('',*,*,#356,.T.);
#432 = ORIENTED_EDGE('',*,*,#433,.T.);
#433 = EDGE_CURVE('',#359,#434,#436,.T.);
#434 = VERTEX_POINT('',#435);
#435 = CARTESIAN_POINT('',(1.2,-0.72,4.E-02));
#436 = LINE('',#437,#438);
#437 = CARTESIAN_POINT('',(-1.2,-0.72,4.E-02));
#438 = VECTOR('',#439,1.);
#439 = DIRECTION('',(1.,0.,0.));
#440 = ORIENTED_EDGE('',*,*,#441,.F.);
#441 = EDGE_CURVE('',#442,#434,#444,.T.);
#442 = VERTEX_POINT('',#443);
#443 = CARTESIAN_POINT('',(1.2,-0.76,8.E-02));
#444 = CIRCLE('',#445,4.E-02);
#445 = AXIS2_PLACEMENT_3D('',#446,#447,#448);
#446 = CARTESIAN_POINT('',(1.2,-0.72,8.E-02));
#447 = DIRECTION('',(1.,0.,-0.));
#448 = DIRECTION('',(0.,0.,1.));
#449 = ORIENTED_EDGE('',*,*,#450,.F.);
#450 = EDGE_CURVE('',#357,#442,#451,.T.);
#451 = LINE('',#452,#453);
#452 = CARTESIAN_POINT('',(-1.2,-0.76,8.E-02));
#453 = VECTOR('',#454,1.);
#454 = DIRECTION('',(1.,0.,0.));
#455 = CYLINDRICAL_SURFACE('',#456,4.E-02);
#456 = AXIS2_PLACEMENT_3D('',#457,#458,#459);
#457 = CARTESIAN_POINT('',(-1.2,-0.72,8.E-02));
#458 = DIRECTION('',(1.,0.,0.));
#459 = DIRECTION('',(0.,-1.,0.));
#460 = ADVANCED_FACE('',(#461),#479,.F.);
#461 = FACE_BOUND('',#462,.F.);
#462 = EDGE_LOOP('',(#463,#464,#465,#473));
#463 = ORIENTED_EDGE('',*,*,#418,.F.);
#464 = ORIENTED_EDGE('',*,*,#433,.T.);
#465 = ORIENTED_EDGE('',*,*,#466,.T.);
#466 = EDGE_CURVE('',#434,#467,#469,.T.);
#467 = VERTEX_POINT('',#468);
#468 = CARTESIAN_POINT('',(1.2,0.72,4.E-02));
#469 = LINE('',#470,#471);
#470 = CARTESIAN_POINT('',(1.2,-0.76,4.E-02));
#471 = VECTOR('',#472,1.);
#472 = DIRECTION('',(0.,1.,0.));
#473 = ORIENTED_EDGE('',*,*,#474,.F.);
#474 = EDGE_CURVE('',#410,#467,#475,.T.);
#475 = LINE('',#476,#477);
#476 = CARTESIAN_POINT('',(-1.2,0.72,4.E-02));
#477 = VECTOR('',#478,1.);
#478 = DIRECTION('',(1.,0.,0.));
#479 = PLANE('',#480);
#480 = AXIS2_PLACEMENT_3D('',#481,#482,#483);
#481 = CARTESIAN_POINT('',(-1.2,-0.76,4.E-02));
#482 = DIRECTION('',(0.,0.,1.));
#483 = DIRECTION('',(1.,0.,-0.));
#484 = ADVANCED_FACE('',(#485),#504,.T.);
#485 = FACE_BOUND('',#486,.T.);
#486 = EDGE_LOOP('',(#487,#495,#502,#503));
#487 = ORIENTED_EDGE('',*,*,#488,.T.);
#488 = EDGE_CURVE('',#402,#489,#491,.T.);
#489 = VERTEX_POINT('',#490);
#490 = CARTESIAN_POINT('',(1.2,0.76,8.E-02));
#491 = LINE('',#492,#493);
#492 = CARTESIAN_POINT('',(-1.2,0.76,8.E-02));
#493 = VECTOR('',#494,1.);
#494 = DIRECTION('',(1.,0.,0.));
#495 = ORIENTED_EDGE('',*,*,#496,.T.);
#496 = EDGE_CURVE('',#489,#467,#497,.T.);
#497 = CIRCLE('',#498,4.E-02);
#498 = AXIS2_PLACEMENT_3D('',#499,#500,#501);
#499 = CARTESIAN_POINT('',(1.2,0.72,8.E-02));
#500 = DIRECTION('',(-1.,0.,0.));
#501 = DIRECTION('',(0.,0.,1.));
#502 = ORIENTED_EDGE('',*,*,#474,.F.);
#503 = ORIENTED_EDGE('',*,*,#409,.F.);
#504 = CYLINDRICAL_SURFACE('',#505,4.E-02);
#505 = AXIS2_PLACEMENT_3D('',#506,#507,#508);
#506 = CARTESIAN_POINT('',(-1.2,0.72,8.E-02));
#507 = DIRECTION('',(1.,0.,0.));
#508 = DIRECTION('',(-0.,1.,0.));
#509 = ADVANCED_FACE('',(#510),#528,.T.);
#510 = FACE_BOUND('',#511,.T.);
#511 = EDGE_LOOP('',(#512,#520,#521,#522));
#512 = ORIENTED_EDGE('',*,*,#513,.F.);
#513 = EDGE_CURVE('',#489,#514,#516,.T.);
#514 = VERTEX_POINT('',#515);
#515 = CARTESIAN_POINT('',(1.2,0.76,1.52));
#516 = LINE('',#517,#518);
#517 = CARTESIAN_POINT('',(1.2,0.76,4.E-02));
#518 = VECTOR('',#519,1.);
#519 = DIRECTION('',(0.,0.,1.));
#520 = ORIENTED_EDGE('',*,*,#488,.F.);
#521 = ORIENTED_EDGE('',*,*,#401,.T.);
#522 = ORIENTED_EDGE('',*,*,#523,.T.);
#523 = EDGE_CURVE('',#393,#514,#524,.T.);
#524 = LINE('',#525,#526);
#525 = CARTESIAN_POINT('',(-1.2,0.76,1.52));
#526 = VECTOR('',#527,1.);
#527 = DIRECTION('',(1.,0.,0.));
#528 = PLANE('',#529);
#529 = AXIS2_PLACEMENT_3D('',#530,#531,#532);
#530 = CARTESIAN_POINT('',(-1.2,0.76,4.E-02));
#531 = DIRECTION('',(0.,1.,0.));
#532 = DIRECTION('',(0.,-0.,1.));
#533 = ADVANCED_FACE('',(#534),#553,.T.);
#534 = FACE_BOUND('',#535,.T.);
#535 = EDGE_LOOP('',(#536,#537,#545,#552));
#536 = ORIENTED_EDGE('',*,*,#392,.T.);
#537 = ORIENTED_EDGE('',*,*,#538,.T.);
#538 = EDGE_CURVE('',#385,#539,#541,.T.);
#539 = VERTEX_POINT('',#540);
#540 = CARTESIAN_POINT('',(1.2,0.72,1.56));
#541 = LINE('',#542,#543);
#542 = CARTESIAN_POINT('',(-1.2,0.72,1.56));
#543 = VECTOR('',#544,1.);
#544 = DIRECTION('',(1.,0.,0.));
#545 = ORIENTED_EDGE('',*,*,#546,.F.);
#546 = EDGE_CURVE('',#514,#539,#547,.T.);
#547 = CIRCLE('',#548,4.E-02);
#548 = AXIS2_PLACEMENT_3D('',#549,#550,#551);
#549 = CARTESIAN_POINT('',(1.2,0.72,1.52));
#550 = DIRECTION('',(1.,0.,-0.));
#551 = DIRECTION('',(0.,0.,1.));
#552 = ORIENTED_EDGE('',*,*,#523,.F.);
#553 = CYLINDRICAL_SURFACE('',#554,4.E-02);
#554 = AXIS2_PLACEMENT_3D('',#555,#556,#557);
#555 = CARTESIAN_POINT('',(-1.2,0.72,1.52));
#556 = DIRECTION('',(1.,0.,0.));
#557 = DIRECTION('',(-0.,1.,0.));
#558 = ADVANCED_FACE('',(#559),#577,.T.);
#559 = FACE_BOUND('',#560,.T.);
#560 = EDGE_LOOP('',(#561,#562,#570,#576));
#561 = ORIENTED_EDGE('',*,*,#384,.F.);
#562 = ORIENTED_EDGE('',*,*,#563,.T.);
#563 = EDGE_CURVE('',#376,#564,#566,.T.);
#564 = VERTEX_POINT('',#565);
#565 = CARTESIAN_POINT('',(1.2,-0.72,1.56));
#566 = LINE('',#567,#568);
#567 = CARTESIAN_POINT('',(-1.2,-0.72,1.56));
#568 = VECTOR('',#569,1.);
#569 = DIRECTION('',(1.,0.,0.));
#570 = ORIENTED_EDGE('',*,*,#571,.T.);
#571 = EDGE_CURVE('',#564,#539,#572,.T.);
#572 = LINE('',#573,#574);
#573 = CARTESIAN_POINT('',(1.2,-0.76,1.56));
#574 = VECTOR('',#575,1.);
#575 = DIRECTION('',(0.,1.,0.));
#576 = ORIENTED_EDGE('',*,*,#538,.F.);
#577 = PLANE('',#578);
#578 = AXIS2_PLACEMENT_3D('',#579,#580,#581);
#579 = CARTESIAN_POINT('',(-1.2,-0.76,1.56));
#580 = DIRECTION('',(0.,0.,1.));
#581 = DIRECTION('',(1.,0.,-0.));
#582 = ADVANCED_FACE('',(#583),#602,.T.);
#583 = FACE_BOUND('',#584,.T.);
#584 = EDGE_LOOP('',(#585,#593,#600,#601));
#585 = ORIENTED_EDGE('',*,*,#586,.T.);
#586 = EDGE_CURVE('',#368,#587,#589,.T.);
#587 = VERTEX_POINT('',#588);
#588 = CARTESIAN_POINT('',(1.2,-0.76,1.52));
#589 = LINE('',#590,#591);
#590 = CARTESIAN_POINT('',(-1.2,-0.76,1.52));
#591 = VECTOR('',#592,1.);
#592 = DIRECTION('',(1.,0.,0.));
#593 = ORIENTED_EDGE('',*,*,#594,.T.);
#594 = EDGE_CURVE('',#587,#564,#595,.T.);
#595 = CIRCLE('',#596,4.E-02);
#596 = AXIS2_PLACEMENT_3D('',#597,#598,#599);
#597 = CARTESIAN_POINT('',(1.2,-0.72,1.52));
#598 = DIRECTION('',(-1.,0.,0.));
#599 = DIRECTION('',(0.,0.,1.));
#600 = ORIENTED_EDGE('',*,*,#563,.F.);
#601 = ORIENTED_EDGE('',*,*,#375,.F.);
#602 = CYLINDRICAL_SURFACE('',#603,4.E-02);
#603 = AXIS2_PLACEMENT_3D('',#604,#605,#606);
#604 = CARTESIAN_POINT('',(-1.2,-0.72,1.52));
#605 = DIRECTION('',(1.,0.,0.));
#606 = DIRECTION('',(0.,-1.,0.));
#607 = ADVANCED_FACE('',(#608),#619,.F.);
#608 = FACE_BOUND('',#609,.F.);
#609 = EDGE_LOOP('',(#610,#616,#617,#618));
#610 = ORIENTED_EDGE('',*,*,#611,.F.);
#611 = EDGE_CURVE('',#442,#587,#612,.T.);
#612 = LINE('',#613,#614);
#613 = CARTESIAN_POINT('',(1.2,-0.76,4.E-02));
#614 = VECTOR('',#615,1.);
#615 = DIRECTION('',(0.,0.,1.));
#616 = ORIENTED_EDGE('',*,*,#450,.F.);
#617 = ORIENTED_EDGE('',*,*,#367,.T.);
#618 = ORIENTED_EDGE('',*,*,#586,.T.);
#619 = PLANE('',#620);
#620 = AXIS2_PLACEMENT_3D('',#621,#622,#623);
#621 = CARTESIAN_POINT('',(-1.2,-0.76,4.E-02));
#622 = DIRECTION('',(0.,1.,0.));
#623 = DIRECTION('',(0.,-0.,1.));
#624 = ADVANCED_FACE('',(#625,#695),#705,.F.);
#625 = FACE_BOUND('',#626,.F.);
#626 = EDGE_LOOP('',(#627,#637,#646,#654,#663,#671,#680,#688));
#627 = ORIENTED_EDGE('',*,*,#628,.F.);
#628 = EDGE_CURVE('',#629,#631,#633,.T.);
#629 = VERTEX_POINT('',#630);
#630 = CARTESIAN_POINT('',(1.2,-0.8,4.E-02));
#631 = VERTEX_POINT('',#632);
#632 = CARTESIAN_POINT('',(1.2,-0.8,1.56));
#633 = LINE('',#634,#635);
#634 = CARTESIAN_POINT('',(1.2,-0.8,0.));
#635 = VECTOR('',#636,1.);
#636 = DIRECTION('',(0.,0.,1.));
#637 = ORIENTED_EDGE('',*,*,#638,.T.);
#638 = EDGE_CURVE('',#629,#639,#641,.T.);
#639 = VERTEX_POINT('',#640);
#640 = CARTESIAN_POINT('',(1.2,-0.76,0.));
#641 = CIRCLE('',#642,4.E-02);
#642 = AXIS2_PLACEMENT_3D('',#643,#644,#645);
#643 = CARTESIAN_POINT('',(1.2,-0.76,4.E-02));
#644 = DIRECTION('',(1.,0.,-0.));
#645 = DIRECTION('',(0.,0.,1.));
#646 = ORIENTED_EDGE('',*,*,#647,.T.);
#647 = EDGE_CURVE('',#639,#648,#650,.T.);
#648 = VERTEX_POINT('',#649);
#649 = CARTESIAN_POINT('',(1.2,0.76,0.));
#650 = LINE('',#651,#652);
#651 = CARTESIAN_POINT('',(1.2,-0.8,0.));
#652 = VECTOR('',#653,1.);
#653 = DIRECTION('',(0.,1.,0.));
#654 = ORIENTED_EDGE('',*,*,#655,.F.);
#655 = EDGE_CURVE('',#656,#648,#658,.T.);
#656 = VERTEX_POINT('',#657);
#657 = CARTESIAN_POINT('',(1.2,0.8,4.E-02));
#658 = CIRCLE('',#659,4.E-02);
#659 = AXIS2_PLACEMENT_3D('',#660,#661,#662);
#660 = CARTESIAN_POINT('',(1.2,0.76,4.E-02));
#661 = DIRECTION('',(-1.,0.,0.));
#662 = DIRECTION('',(0.,0.,1.));
#663 = ORIENTED_EDGE('',*,*,#664,.T.);
#664 = EDGE_CURVE('',#656,#665,#667,.T.);
#665 = VERTEX_POINT('',#666);
#666 = CARTESIAN_POINT('',(1.2,0.8,1.56));
#667 = LINE('',#668,#669);
#668 = CARTESIAN_POINT('',(1.2,0.8,0.));
#669 = VECTOR('',#670,1.);
#670 = DIRECTION('',(0.,0.,1.));
#671 = ORIENTED_EDGE('',*,*,#672,.T.);
#672 = EDGE_CURVE('',#665,#673,#675,.T.);
#673 = VERTEX_POINT('',#674);
#674 = CARTESIAN_POINT('',(1.2,0.76,1.6));
#675 = CIRCLE('',#676,4.E-02);
#676 = AXIS2_PLACEMENT_3D('',#677,#678,#679);
#677 = CARTESIAN_POINT('',(1.2,0.76,1.56));
#678 = DIRECTION('',(1.,0.,-0.));
#679 = DIRECTION('',(0.,0.,1.));
#680 = ORIENTED_EDGE('',*,*,#681,.F.);
#681 = EDGE_CURVE('',#682,#673,#684,.T.);
#682 = VERTEX_POINT('',#683);
#683 = CARTESIAN_POINT('',(1.2,-0.76,1.6));
#684 = LINE('',#685,#686);
#685 = CARTESIAN_POINT('',(1.2,-0.8,1.6));
#686 = VECTOR('',#687,1.);
#687 = DIRECTION('',(0.,1.,0.));
#688 = ORIENTED_EDGE('',*,*,#689,.F.);
#689 = EDGE_CURVE('',#631,#682,#690,.T.);
#690 = CIRCLE('',#691,4.E-02);
#691 = AXIS2_PLACEMENT_3D('',#692,#693,#694);
#692 = CARTESIAN_POINT('',(1.2,-0.76,1.56));
#693 = DIRECTION('',(-1.,0.,0.));
#694 = DIRECTION('',(0.,0.,1.));
#695 = FACE_BOUND('',#696,.F.);
#696 = EDGE_LOOP('',(#697,#698,#699,#700,#701,#702,#703,#704));
#697 = ORIENTED_EDGE('',*,*,#441,.F.);
#698 = ORIENTED_EDGE('',*,*,#611,.T.);
#699 = ORIENTED_EDGE('',*,*,#594,.T.);
#700 = ORIENTED_EDGE('',*,*,#571,.T.);
#701 = ORIENTED_EDGE('',*,*,#546,.F.);
#702 = ORIENTED_EDGE('',*,*,#513,.F.);
#703 = ORIENTED_EDGE('',*,*,#496,.T.);
#704 = ORIENTED_EDGE('',*,*,#466,.F.);
#705 = PLANE('',#706);
#706 = AXIS2_PLACEMENT_3D('',#707,#708,#709);
#707 = CARTESIAN_POINT('',(1.2,-0.8,0.));
#708 = DIRECTION('',(1.,0.,0.));
#709 = DIRECTION('',(0.,0.,1.));
#710 = ADVANCED_FACE('',(#711),#736,.F.);
#711 = FACE_BOUND('',#712,.F.);
#712 = EDGE_LOOP('',(#713,#723,#729,#730));
#713 = ORIENTED_EDGE('',*,*,#714,.F.);
#714 = EDGE_CURVE('',#715,#717,#719,.T.);
#715 = VERTEX_POINT('',#716);
#716 = CARTESIAN_POINT('',(1.6,-0.8,4.E-02));
#717 = VERTEX_POINT('',#718);
#718 = CARTESIAN_POINT('',(1.6,-0.8,1.56));
#719 = LINE('',#720,#721);
#720 = CARTESIAN_POINT('',(1.6,-0.8,0.));
#721 = VECTOR('',#722,1.);
#722 = DIRECTION('',(0.,0.,1.));
#723 = ORIENTED_EDGE('',*,*,#724,.F.);
#724 = EDGE_CURVE('',#629,#715,#725,.T.);
#725 = LINE('',#726,#727);
#726 = CARTESIAN_POINT('',(1.2,-0.8,4.E-02));
#727 = VECTOR('',#728,1.);
#728 = DIRECTION('',(1.,0.,0.));
#729 = ORIENTED_EDGE('',*,*,#628,.T.);
#730 = ORIENTED_EDGE('',*,*,#731,.T.);
#731 = EDGE_CURVE('',#631,#717,#732,.T.);
#732 = LINE('',#733,#734);
#733 = CARTESIAN_POINT('',(1.2,-0.8,1.56));
#734 = VECTOR('',#735,1.);
#735 = DIRECTION('',(1.,0.,0.));
#736 = PLANE('',#737);
#737 = AXIS2_PLACEMENT_3D('',#738,#739,#740);
#738 = CARTESIAN_POINT('',(1.2,-0.8,0.));
#739 = DIRECTION('',(0.,1.,0.));
#740 = DIRECTION('',(0.,-0.,1.));
#741 = ADVANCED_FACE('',(#742),#761,.T.);
#742 = FACE_BOUND('',#743,.T.);
#743 = EDGE_LOOP('',(#744,#745,#753,#760));
#744 = ORIENTED_EDGE('',*,*,#638,.T.);
#745 = ORIENTED_EDGE('',*,*,#746,.T.);
#746 = EDGE_CURVE('',#639,#747,#749,.T.);
#747 = VERTEX_POINT('',#748);
#748 = CARTESIAN_POINT('',(1.6,-0.76,0.));
#749 = LINE('',#750,#751);
#750 = CARTESIAN_POINT('',(1.2,-0.76,0.));
#751 = VECTOR('',#752,1.);
#752 = DIRECTION('',(1.,0.,0.));
#753 = ORIENTED_EDGE('',*,*,#754,.F.);
#754 = EDGE_CURVE('',#715,#747,#755,.T.);
#755 = CIRCLE('',#756,4.E-02);
#756 = AXIS2_PLACEMENT_3D('',#757,#758,#759);
#757 = CARTESIAN_POINT('',(1.6,-0.76,4.E-02));
#758 = DIRECTION('',(1.,0.,-0.));
#759 = DIRECTION('',(0.,0.,1.));
#760 = ORIENTED_EDGE('',*,*,#724,.F.);
#761 = CYLINDRICAL_SURFACE('',#762,4.E-02);
#762 = AXIS2_PLACEMENT_3D('',#763,#764,#765);
#763 = CARTESIAN_POINT('',(1.2,-0.76,4.E-02));
#764 = DIRECTION('',(1.,0.,0.));
#765 = DIRECTION('',(0.,-1.,0.));
#766 = ADVANCED_FACE('',(#767),#786,.T.);
#767 = FACE_BOUND('',#768,.T.);
#768 = EDGE_LOOP('',(#769,#770,#779,#785));
#769 = ORIENTED_EDGE('',*,*,#731,.T.);
#770 = ORIENTED_EDGE('',*,*,#771,.T.);
#771 = EDGE_CURVE('',#717,#772,#774,.T.);
#772 = VERTEX_POINT('',#773);
#773 = CARTESIAN_POINT('',(1.6,-0.76,1.6));
#774 = CIRCLE('',#775,4.E-02);
#775 = AXIS2_PLACEMENT_3D('',#776,#777,#778);
#776 = CARTESIAN_POINT('',(1.6,-0.76,1.56));
#777 = DIRECTION('',(-1.,0.,0.));
#778 = DIRECTION('',(0.,0.,1.));
#779 = ORIENTED_EDGE('',*,*,#780,.F.);
#780 = EDGE_CURVE('',#682,#772,#781,.T.);
#781 = LINE('',#782,#783);
#782 = CARTESIAN_POINT('',(1.2,-0.76,1.6));
#783 = VECTOR('',#784,1.);
#784 = DIRECTION('',(1.,0.,0.));
#785 = ORIENTED_EDGE('',*,*,#689,.F.);
#786 = CYLINDRICAL_SURFACE('',#787,4.E-02);
#787 = AXIS2_PLACEMENT_3D('',#788,#789,#790);
#788 = CARTESIAN_POINT('',(1.2,-0.76,1.56));
#789 = DIRECTION('',(1.,0.,0.));
#790 = DIRECTION('',(0.,-1.,0.));
#791 = ADVANCED_FACE('',(#792),#810,.F.);
#792 = FACE_BOUND('',#793,.F.);
#793 = EDGE_LOOP('',(#794,#795,#796,#804));
#794 = ORIENTED_EDGE('',*,*,#647,.F.);
#795 = ORIENTED_EDGE('',*,*,#746,.T.);
#796 = ORIENTED_EDGE('',*,*,#797,.T.);
#797 = EDGE_CURVE('',#747,#798,#800,.T.);
#798 = VERTEX_POINT('',#799);
#799 = CARTESIAN_POINT('',(1.6,0.76,0.));
#800 = LINE('',#801,#802);
#801 = CARTESIAN_POINT('',(1.6,-0.8,0.));
#802 = VECTOR('',#803,1.);
#803 = DIRECTION('',(0.,1.,0.));
#804 = ORIENTED_EDGE('',*,*,#805,.F.);
#805 = EDGE_CURVE('',#648,#798,#806,.T.);
#806 = LINE('',#807,#808);
#807 = CARTESIAN_POINT('',(1.2,0.76,0.));
#808 = VECTOR('',#809,1.);
#809 = DIRECTION('',(1.,0.,0.));
#810 = PLANE('',#811);
#811 = AXIS2_PLACEMENT_3D('',#812,#813,#814);
#812 = CARTESIAN_POINT('',(1.2,-0.8,0.));
#813 = DIRECTION('',(0.,0.,1.));
#814 = DIRECTION('',(1.,0.,-0.));
#815 = ADVANCED_FACE('',(#816),#834,.T.);
#816 = FACE_BOUND('',#817,.T.);
#817 = EDGE_LOOP('',(#818,#819,#820,#828));
#818 = ORIENTED_EDGE('',*,*,#681,.F.);
#819 = ORIENTED_EDGE('',*,*,#780,.T.);
#820 = ORIENTED_EDGE('',*,*,#821,.T.);
#821 = EDGE_CURVE('',#772,#822,#824,.T.);
#822 = VERTEX_POINT('',#823);
#823 = CARTESIAN_POINT('',(1.6,0.76,1.6));
#824 = LINE('',#825,#826);
#825 = CARTESIAN_POINT('',(1.6,-0.8,1.6));
#826 = VECTOR('',#827,1.);
#827 = DIRECTION('',(0.,1.,0.));
#828 = ORIENTED_EDGE('',*,*,#829,.F.);
#829 = EDGE_CURVE('',#673,#822,#830,.T.);
#830 = LINE('',#831,#832);
#831 = CARTESIAN_POINT('',(1.2,0.76,1.6));
#832 = VECTOR('',#833,1.);
#833 = DIRECTION('',(1.,0.,0.));
#834 = PLANE('',#835);
#835 = AXIS2_PLACEMENT_3D('',#836,#837,#838);
#836 = CARTESIAN_POINT('',(1.2,-0.8,1.6));
#837 = DIRECTION('',(0.,0.,1.));
#838 = DIRECTION('',(1.,0.,-0.));
#839 = ADVANCED_FACE('',(#840),#859,.T.);
#840 = FACE_BOUND('',#841,.T.);
#841 = EDGE_LOOP('',(#842,#850,#857,#858));
#842 = ORIENTED_EDGE('',*,*,#843,.T.);
#843 = EDGE_CURVE('',#656,#844,#846,.T.);
#844 = VERTEX_POINT('',#845);
#845 = CARTESIAN_POINT('',(1.6,0.8,4.E-02));
#846 = LINE('',#847,#848);
#847 = CARTESIAN_POINT('',(1.2,0.8,4.E-02));
#848 = VECTOR('',#849,1.);
#849 = DIRECTION('',(1.,0.,0.));
#850 = ORIENTED_EDGE('',*,*,#851,.T.);
#851 = EDGE_CURVE('',#844,#798,#852,.T.);
#852 = CIRCLE('',#853,4.E-02);
#853 = AXIS2_PLACEMENT_3D('',#854,#855,#856);
#854 = CARTESIAN_POINT('',(1.6,0.76,4.E-02));
#855 = DIRECTION('',(-1.,0.,0.));
#856 = DIRECTION('',(0.,0.,1.));
#857 = ORIENTED_EDGE('',*,*,#805,.F.);
#858 = ORIENTED_EDGE('',*,*,#655,.F.);
#859 = CYLINDRICAL_SURFACE('',#860,4.E-02);
#860 = AXIS2_PLACEMENT_3D('',#861,#862,#863);
#861 = CARTESIAN_POINT('',(1.2,0.76,4.E-02));
#862 = DIRECTION('',(1.,0.,0.));
#863 = DIRECTION('',(-0.,1.,0.));
#864 = ADVANCED_FACE('',(#865),#884,.T.);
#865 = FACE_BOUND('',#866,.T.);
#866 = EDGE_LOOP('',(#867,#868,#869,#878));
#867 = ORIENTED_EDGE('',*,*,#672,.T.);
#868 = ORIENTED_EDGE('',*,*,#829,.T.);
#869 = ORIENTED_EDGE('',*,*,#870,.F.);
#870 = EDGE_CURVE('',#871,#822,#873,.T.);
#871 = VERTEX_POINT('',#872);
#872 = CARTESIAN_POINT('',(1.6,0.8,1.56));
#873 = CIRCLE('',#874,4.E-02);
#874 = AXIS2_PLACEMENT_3D('',#875,#876,#877);
#875 = CARTESIAN_POINT('',(1.6,0.76,1.56));
#876 = DIRECTION('',(1.,0.,-0.));
#877 = DIRECTION('',(0.,0.,1.));
#878 = ORIENTED_EDGE('',*,*,#879,.F.);
#879 = EDGE_CURVE('',#665,#871,#880,.T.);
#880 = LINE('',#881,#882);
#881 = CARTESIAN_POINT('',(1.2,0.8,1.56));
#882 = VECTOR('',#883,1.);
#883 = DIRECTION('',(1.,0.,0.));
#884 = CYLINDRICAL_SURFACE('',#885,4.E-02);
#885 = AXIS2_PLACEMENT_3D('',#886,#887,#888);
#886 = CARTESIAN_POINT('',(1.2,0.76,1.56));
#887 = DIRECTION('',(1.,0.,0.));
#888 = DIRECTION('',(-0.,1.,0.));
#889 = ADVANCED_FACE('',(#890),#901,.T.);
#890 = FACE_BOUND('',#891,.T.);
#891 = EDGE_LOOP('',(#892,#898,#899,#900));
#892 = ORIENTED_EDGE('',*,*,#893,.F.);
#893 = EDGE_CURVE('',#844,#871,#894,.T.);
#894 = LINE('',#895,#896);
#895 = CARTESIAN_POINT('',(1.6,0.8,0.));
#896 = VECTOR('',#897,1.);
#897 = DIRECTION('',(0.,0.,1.));
#898 = ORIENTED_EDGE('',*,*,#843,.F.);
#899 = ORIENTED_EDGE('',*,*,#664,.T.);
#900 = ORIENTED_EDGE('',*,*,#879,.T.);
#901 = PLANE('',#902);
#902 = AXIS2_PLACEMENT_3D('',#903,#904,#905);
#903 = CARTESIAN_POINT('',(1.2,0.8,0.));
#904 = DIRECTION('',(0.,1.,0.));
#905 = DIRECTION('',(0.,-0.,1.));
#906 = ADVANCED_FACE('',(#907),#917,.T.);
#907 = FACE_BOUND('',#908,.T.);
#908 = EDGE_LOOP('',(#909,#910,#911,#912,#913,#914,#915,#916));
#909 = ORIENTED_EDGE('',*,*,#714,.F.);
#910 = ORIENTED_EDGE('',*,*,#754,.T.);
#911 = ORIENTED_EDGE('',*,*,#797,.T.);
#912 = ORIENTED_EDGE('',*,*,#851,.F.);
#913 = ORIENTED_EDGE('',*,*,#893,.T.);
#914 = ORIENTED_EDGE('',*,*,#870,.T.);
#915 = ORIENTED_EDGE('',*,*,#821,.F.);
#916 = ORIENTED_EDGE('',*,*,#771,.F.);
#917 = PLANE('',#918);
#918 = AXIS2_PLACEMENT_3D('',#919,#920,#921);
#919 = CARTESIAN_POINT('',(1.6,-0.8,0.));
#920 = DIRECTION('',(1.,0.,0.));
#921 = DIRECTION('',(0.,0.,1.));
#922 = ( GEOMETRIC_REPRESENTATION_CONTEXT(3) 
GLOBAL_UNCERTAINTY_ASSIGNED_CONTEXT((#926)) GLOBAL_UNIT_ASSIGNED_CONTEXT
((#923,#924,#925)) REPRESENTATION_CONTEXT('Context #1',
  '3D Context with UNIT and UNCERTAINTY') );
#923 = ( LENGTH_UNIT() NAMED_UNIT(*) SI_UNIT(.MILLI.,.METRE.) );
#924 = ( NAMED_UNIT(*) PLANE_ANGLE_UNIT() SI_UNIT($,.RADIAN.) );
#925 = ( NAMED_UNIT(*) SI_UNIT($,.STERADIAN.) SOLID_ANGLE_UNIT() );
#926 = UNCERTAINTY_MEASURE_WITH_UNIT(LENGTH_MEASURE(1.E-07),#923,
  'distance_accuracy_value','confusion accuracy');
#927 = CONTEXT_DEPENDENT_SHAPE_REPRESENTATION(#928,#930);
#928 = ( REPRESENTATION_RELATIONSHIP('','',#67,#44) 
REPRESENTATION_RELATIONSHIP_WITH_TRANSFORMATION(#929) 
SHAPE_REPRESENTATION_RELATIONSHIP() );
#929 = ITEM_DEFINED_TRANSFORMATION('','',#11,#45);
#930 = PRODUCT_DEFINITION_SHAPE('Placement','Placement of an item',#931
  );
#931 = NEXT_ASSEMBLY_USAGE_OCCURRENCE('1','=>[0:1:1:3]','',#39,#62,$);
#932 = PRODUCT_RELATED_PRODUCT_CATEGORY('part',$,(#64));
#933 = SHAPE_DEFINITION_REPRESENTATION(#934,#940);
#934 = PRODUCT_DEFINITION_SHAPE('','',#935);
#935 = PRODUCT_DEFINITION('design','',#936,#939);
#936 = PRODUCT_DEFINITION_FORMATION('','',#937);
#937 = PRODUCT('R_1206_3216Metric','R_1206_3216Metric','',(#938));
#938 = PRODUCT_CONTEXT('',#2,'mechanical');
#939 = PRODUCT_DEFINITION_CONTEXT('part definition',#2,'design');
#940 = SHAPE_REPRESENTATION('',(#11,#941),#945);
#941 = AXIS2_PLACEMENT_3D('',#942,#943,#944);
#942 = CARTESIAN_POINT('',(0.,0.,0.));
#943 = DIRECTION('',(0.,0.,1.));
#944 = DIRECTION('',(1.,0.,-0.));
#945 = ( GEOMETRIC_REPRESENTATION_CONTEXT(3) 
GLOBAL_UNCERTAINTY_ASSIGNED_CONTEXT((#949)) GLOBAL_UNIT_ASSIGNED_CONTEXT
((#946,#947,#948)) REPRESENTATION_CONTEXT('Context #1',
  '3D Context with UNIT and UNCERTAINTY') );
#946 = ( LENGTH_UNIT() NAMED_UNIT(*) SI_UNIT(.MILLI.,.METRE.) );
#947 = ( NAMED_UNIT(*) PLANE_ANGLE_UNIT() SI_UNIT($,.RADIAN.) );
#948 = ( NAMED_UNIT(*) SI_UNIT($,.STERADIAN.) SOLID_ANGLE_UNIT() );
#949 = UNCERTAINTY_MEASURE_WITH_UNIT(LENGTH_MEASURE(1.E-07),#946,
  'distance_accuracy_value','confusion accuracy');
#950 = CONTEXT_DEPENDENT_SHAPE_REPRESENTATION(#951,#953);
#951 = ( REPRESENTATION_RELATIONSHIP('','',#940,#10) 
REPRESENTATION_RELATIONSHIP_WITH_TRANSFORMATION(#952) 
SHAPE_REPRESENTATION_RELATIONSHIP() );
#952 = ITEM_DEFINED_TRANSFORMATION('','',#11,#19);
#953 = PRODUCT_DEFINITION_SHAPE('Placement','Placement of an item',#954
  );
#954 = NEXT_ASSEMBLY_USAGE_OCCURRENCE('4','R1','',#5,#935,$);
#955 = PRODUCT_RELATED_PRODUCT_CATEGORY('part',$,(#937));
#956 = SHAPE_DEFINITION_REPRESENTATION(#957,#963);
#957 = PRODUCT_DEFINITION_SHAPE('','',#958);
#958 = PRODUCT_DEFINITION('design','',#959,#962);
#959 = PRODUCT_DEFINITION_FORMATION('','',#960);
#960 = PRODUCT('R_1206_3216Metric','R_1206_3216Metric','',(#961));
#961 = PRODUCT_CONTEXT('',#2,'mechanical');
#962 = PRODUCT_DEFINITION_CONTEXT('part definition',#2,'design');
#963 = ADVANCED_BREP_SHAPE_REPRESENTATION('',(#11,#964),#1754);
#964 = MANIFOLD_SOLID_BREP('',#965);
#965 = CLOSED_SHELL('',(#966,#1006,#1089,#1114,#1139,#1206,#1223,#1240,
    #1289,#1306,#1323,#1372,#1389,#1458,#1489,#1513,#1582,#1606,#1623,
    #1640,#1657,#1674,#1691,#1708,#1725,#1742));
#966 = ADVANCED_FACE('',(#967),#1001,.F.);
#967 = FACE_BOUND('',#968,.F.);
#968 = EDGE_LOOP('',(#969,#979,#987,#995));
#969 = ORIENTED_EDGE('',*,*,#970,.F.);
#970 = EDGE_CURVE('',#971,#973,#975,.T.);
#971 = VERTEX_POINT('',#972);
#972 = CARTESIAN_POINT('',(-1.6,-0.8,5.5E-02));
#973 = VERTEX_POINT('',#974);
#974 = CARTESIAN_POINT('',(-1.6,-0.8,0.495));
#975 = LINE('',#976,#977);
#976 = CARTESIAN_POINT('',(-1.6,-0.8,0.));
#977 = VECTOR('',#978,1.);
#978 = DIRECTION('',(0.,0.,1.));
#979 = ORIENTED_EDGE('',*,*,#980,.T.);
#980 = EDGE_CURVE('',#971,#981,#983,.T.);
#981 = VERTEX_POINT('',#982);
#982 = CARTESIAN_POINT('',(-1.6,0.8,5.5E-02));
#983 = LINE('',#984,#985);
#984 = CARTESIAN_POINT('',(-1.6,-0.8,5.5E-02));
#985 = VECTOR('',#986,1.);
#986 = DIRECTION('',(0.,1.,0.));
#987 = ORIENTED_EDGE('',*,*,#988,.T.);
#988 = EDGE_CURVE('',#981,#989,#991,.T.);
#989 = VERTEX_POINT('',#990);
#990 = CARTESIAN_POINT('',(-1.6,0.8,0.495));
#991 = LINE('',#992,#993);
#992 = CARTESIAN_POINT('',(-1.6,0.8,0.));
#993 = VECTOR('',#994,1.);
#994 = DIRECTION('',(0.,0.,1.));
#995 = ORIENTED_EDGE('',*,*,#996,.F.);
#996 = EDGE_CURVE('',#973,#989,#997,.T.);
#997 = LINE('',#998,#999);
#998 = CARTESIAN_POINT('',(-1.6,-0.8,0.495));
#999 = VECTOR('',#1000,1.);
#1000 = DIRECTION('',(0.,1.,0.));
#1001 = PLANE('',#1002);
#1002 = AXIS2_PLACEMENT_3D('',#1003,#1004,#1005);
#1003 = CARTESIAN_POINT('',(-1.6,-0.8,0.));
#1004 = DIRECTION('',(1.,0.,0.));
#1005 = DIRECTION('',(0.,0.,1.));
#1006 = ADVANCED_FACE('',(#1007),#1084,.F.);
#1007 = FACE_BOUND('',#1008,.F.);
#1008 = EDGE_LOOP('',(#1009,#1019,#1026,#1027,#1036,#1044,#1053,#1061,
    #1069,#1077));
#1009 = ORIENTED_EDGE('',*,*,#1010,.F.);
#1010 = EDGE_CURVE('',#1011,#1013,#1015,.T.);
#1011 = VERTEX_POINT('',#1012);
#1012 = CARTESIAN_POINT('',(-1.545,-0.8,0.));
#1013 = VERTEX_POINT('',#1014);
#1014 = CARTESIAN_POINT('',(-1.255,-0.8,0.));
#1015 = LINE('',#1016,#1017);
#1016 = CARTESIAN_POINT('',(-1.6,-0.8,0.));
#1017 = VECTOR('',#1018,1.);
#1018 = DIRECTION('',(1.,0.,0.));
#1019 = ORIENTED_EDGE('',*,*,#1020,.F.);
#1020 = EDGE_CURVE('',#971,#1011,#1021,.T.);
#1021 = CIRCLE('',#1022,5.5E-02);
#1022 = AXIS2_PLACEMENT_3D('',#1023,#1024,#1025);
#1023 = CARTESIAN_POINT('',(-1.545,-0.8,5.5E-02));
#1024 = DIRECTION('',(0.,-1.,0.));
#1025 = DIRECTION('',(0.,0.,1.));
#1026 = ORIENTED_EDGE('',*,*,#970,.T.);
#1027 = ORIENTED_EDGE('',*,*,#1028,.T.);
#1028 = EDGE_CURVE('',#973,#1029,#1031,.T.);
#1029 = VERTEX_POINT('',#1030);
#1030 = CARTESIAN_POINT('',(-1.545,-0.8,0.55));
#1031 = CIRCLE('',#1032,5.5E-02);
#1032 = AXIS2_PLACEMENT_3D('',#1033,#1034,#1035);
#1033 = CARTESIAN_POINT('',(-1.545,-0.8,0.495));
#1034 = DIRECTION('',(0.,1.,0.));
#1035 = DIRECTION('',(0.,-0.,1.));
#1036 = ORIENTED_EDGE('',*,*,#1037,.T.);
#1037 = EDGE_CURVE('',#1029,#1038,#1040,.T.);
#1038 = VERTEX_POINT('',#1039);
#1039 = CARTESIAN_POINT('',(-1.255,-0.8,0.55));
#1040 = LINE('',#1041,#1042);
#1041 = CARTESIAN_POINT('',(-1.6,-0.8,0.55));
#1042 = VECTOR('',#1043,1.);
#1043 = DIRECTION('',(1.,0.,0.));
#1044 = ORIENTED_EDGE('',*,*,#1045,.F.);
#1045 = EDGE_CURVE('',#1046,#1038,#1048,.T.);
#1046 = VERTEX_POINT('',#1047);
#1047 = CARTESIAN_POINT('',(-1.2,-0.8,0.495));
#1048 = CIRCLE('',#1049,5.5E-02);
#1049 = AXIS2_PLACEMENT_3D('',#1050,#1051,#1052);
#1050 = CARTESIAN_POINT('',(-1.255,-0.8,0.495));
#1051 = DIRECTION('',(0.,-1.,0.));
#1052 = DIRECTION('',(0.,0.,1.));
#1053 = ORIENTED_EDGE('',*,*,#1054,.F.);
#1054 = EDGE_CURVE('',#1055,#1046,#1057,.T.);
#1055 = VERTEX_POINT('',#1056);
#1056 = CARTESIAN_POINT('',(-1.545,-0.8,0.495));
#1057 = LINE('',#1058,#1059);
#1058 = CARTESIAN_POINT('',(-1.545,-0.8,0.495));
#1059 = VECTOR('',#1060,1.);
#1060 = DIRECTION('',(1.,0.,0.));
#1061 = ORIENTED_EDGE('',*,*,#1062,.F.);
#1062 = EDGE_CURVE('',#1063,#1055,#1065,.T.);
#1063 = VERTEX_POINT('',#1064);
#1064 = CARTESIAN_POINT('',(-1.545,-0.8,5.5E-02));
#1065 = LINE('',#1066,#1067);
#1066 = CARTESIAN_POINT('',(-1.545,-0.8,5.5E-02));
#1067 = VECTOR('',#1068,1.);
#1068 = DIRECTION('',(0.,0.,1.));
#1069 = ORIENTED_EDGE('',*,*,#1070,.T.);
#1070 = EDGE_CURVE('',#1063,#1071,#1073,.T.);
#1071 = VERTEX_POINT('',#1072);
#1072 = CARTESIAN_POINT('',(-1.2,-0.8,5.5E-02));
#1073 = LINE('',#1074,#1075);
#1074 = CARTESIAN_POINT('',(-1.545,-0.8,5.5E-02));
#1075 = VECTOR('',#1076,1.);
#1076 = DIRECTION('',(1.,0.,0.));
#1077 = ORIENTED_EDGE('',*,*,#1078,.T.);
#1078 = EDGE_CURVE('',#1071,#1013,#1079,.T.);
#1079 = CIRCLE('',#1080,5.5E-02);
#1080 = AXIS2_PLACEMENT_3D('',#1081,#1082,#1083);
#1081 = CARTESIAN_POINT('',(-1.255,-0.8,5.5E-02));
#1082 = DIRECTION('',(0.,1.,0.));
#1083 = DIRECTION('',(0.,-0.,1.));
#1084 = PLANE('',#1085);
#1085 = AXIS2_PLACEMENT_3D('',#1086,#1087,#1088);
#1086 = CARTESIAN_POINT('',(-1.6,-0.8,0.));
#1087 = DIRECTION('',(0.,1.,0.));
#1088 = DIRECTION('',(0.,-0.,1.));
#1089 = ADVANCED_FACE('',(#1090),#1109,.T.);
#1090 = FACE_BOUND('',#1091,.T.);
#1091 = EDGE_LOOP('',(#1092,#1093,#1102,#1108));
#1092 = ORIENTED_EDGE('',*,*,#980,.T.);
#1093 = ORIENTED_EDGE('',*,*,#1094,.T.);
#1094 = EDGE_CURVE('',#981,#1095,#1097,.T.);
#1095 = VERTEX_POINT('',#1096);
#1096 = CARTESIAN_POINT('',(-1.545,0.8,0.));
#1097 = CIRCLE('',#1098,5.5E-02);
#1098 = AXIS2_PLACEMENT_3D('',#1099,#1100,#1101);
#1099 = CARTESIAN_POINT('',(-1.545,0.8,5.5E-02));
#1100 = DIRECTION('',(0.,-1.,0.));
#1101 = DIRECTION('',(0.,0.,1.));
#1102 = ORIENTED_EDGE('',*,*,#1103,.F.);
#1103 = EDGE_CURVE('',#1011,#1095,#1104,.T.);
#1104 = LINE('',#1105,#1106);
#1105 = CARTESIAN_POINT('',(-1.545,-0.8,0.));
#1106 = VECTOR('',#1107,1.);
#1107 = DIRECTION('',(0.,1.,0.));
#1108 = ORIENTED_EDGE('',*,*,#1020,.F.);
#1109 = CYLINDRICAL_SURFACE('',#1110,5.5E-02);
#1110 = AXIS2_PLACEMENT_3D('',#1111,#1112,#1113);
#1111 = CARTESIAN_POINT('',(-1.545,-0.8,5.5E-02));
#1112 = DIRECTION('',(0.,1.,0.));
#1113 = DIRECTION('',(-1.,0.,0.));
#1114 = ADVANCED_FACE('',(#1115),#1134,.T.);
#1115 = FACE_BOUND('',#1116,.T.);
#1116 = EDGE_LOOP('',(#1117,#1118,#1126,#1133));
#1117 = ORIENTED_EDGE('',*,*,#1028,.T.);
#1118 = ORIENTED_EDGE('',*,*,#1119,.T.);
#1119 = EDGE_CURVE('',#1029,#1120,#1122,.T.);
#1120 = VERTEX_POINT('',#1121);
#1121 = CARTESIAN_POINT('',(-1.545,0.8,0.55));
#1122 = LINE('',#1123,#1124);
#1123 = CARTESIAN_POINT('',(-1.545,-0.8,0.55));
#1124 = VECTOR('',#1125,1.);
#1125 = DIRECTION('',(0.,1.,0.));
#1126 = ORIENTED_EDGE('',*,*,#1127,.F.);
#1127 = EDGE_CURVE('',#989,#1120,#1128,.T.);
#1128 = CIRCLE('',#1129,5.5E-02);
#1129 = AXIS2_PLACEMENT_3D('',#1130,#1131,#1132);
#1130 = CARTESIAN_POINT('',(-1.545,0.8,0.495));
#1131 = DIRECTION('',(0.,1.,0.));
#1132 = DIRECTION('',(0.,-0.,1.));
#1133 = ORIENTED_EDGE('',*,*,#996,.F.);
#1134 = CYLINDRICAL_SURFACE('',#1135,5.5E-02);
#1135 = AXIS2_PLACEMENT_3D('',#1136,#1137,#1138);
#1136 = CARTESIAN_POINT('',(-1.545,-0.8,0.495));
#1137 = DIRECTION('',(0.,1.,0.));
#1138 = DIRECTION('',(-1.,0.,0.));
#1139 = ADVANCED_FACE('',(#1140),#1201,.T.);
#1140 = FACE_BOUND('',#1141,.T.);
#1141 = EDGE_LOOP('',(#1142,#1150,#1151,#1152,#1153,#1161,#1170,#1178,
    #1186,#1194));
#1142 = ORIENTED_EDGE('',*,*,#1143,.F.);
#1143 = EDGE_CURVE('',#1095,#1144,#1146,.T.);
#1144 = VERTEX_POINT('',#1145);
#1145 = CARTESIAN_POINT('',(-1.255,0.8,0.));
#1146 = LINE('',#1147,#1148);
#1147 = CARTESIAN_POINT('',(-1.6,0.8,0.));
#1148 = VECTOR('',#1149,1.);
#1149 = DIRECTION('',(1.,0.,0.));
#1150 = ORIENTED_EDGE('',*,*,#1094,.F.);
#1151 = ORIENTED_EDGE('',*,*,#988,.T.);
#1152 = ORIENTED_EDGE('',*,*,#1127,.T.);
#1153 = ORIENTED_EDGE('',*,*,#1154,.T.);
#1154 = EDGE_CURVE('',#1120,#1155,#1157,.T.);
#1155 = VERTEX_POINT('',#1156);
#1156 = CARTESIAN_POINT('',(-1.255,0.8,0.55));
#1157 = LINE('',#1158,#1159);
#1158 = CARTESIAN_POINT('',(-1.6,0.8,0.55));
#1159 = VECTOR('',#1160,1.);
#1160 = DIRECTION('',(1.,0.,0.));
#1161 = ORIENTED_EDGE('',*,*,#1162,.F.);
#1162 = EDGE_CURVE('',#1163,#1155,#1165,.T.);
#1163 = VERTEX_POINT('',#1164);
#1164 = CARTESIAN_POINT('',(-1.2,0.8,0.495));
#1165 = CIRCLE('',#1166,5.5E-02);
#1166 = AXIS2_PLACEMENT_3D('',#1167,#1168,#1169);
#1167 = CARTESIAN_POINT('',(-1.255,0.8,0.495));
#1168 = DIRECTION('',(0.,-1.,0.));
#1169 = DIRECTION('',(0.,0.,1.));
#1170 = ORIENTED_EDGE('',*,*,#1171,.F.);
#1171 = EDGE_CURVE('',#1172,#1163,#1174,.T.);
#1172 = VERTEX_POINT('',#1173);
#1173 = CARTESIAN_POINT('',(-1.545,0.8,0.495));
#1174 = LINE('',#1175,#1176);
#1175 = CARTESIAN_POINT('',(-1.545,0.8,0.495));
#1176 = VECTOR('',#1177,1.);
#1177 = DIRECTION('',(1.,0.,0.));
#1178 = ORIENTED_EDGE('',*,*,#1179,.F.);
#1179 = EDGE_CURVE('',#1180,#1172,#1182,.T.);
#1180 = VERTEX_POINT('',#1181);
#1181 = CARTESIAN_POINT('',(-1.545,0.8,5.5E-02));
#1182 = LINE('',#1183,#1184);
#1183 = CARTESIAN_POINT('',(-1.545,0.8,5.5E-02));
#1184 = VECTOR('',#1185,1.);
#1185 = DIRECTION('',(0.,0.,1.));
#1186 = ORIENTED_EDGE('',*,*,#1187,.T.);
#1187 = EDGE_CURVE('',#1180,#1188,#1190,.T.);
#1188 = VERTEX_POINT('',#1189);
#1189 = CARTESIAN_POINT('',(-1.2,0.8,5.5E-02));
#1190 = LINE('',#1191,#1192);
#1191 = CARTESIAN_POINT('',(-1.545,0.8,5.5E-02));
#1192 = VECTOR('',#1193,1.);
#1193 = DIRECTION('',(1.,0.,0.));
#1194 = ORIENTED_EDGE('',*,*,#1195,.T.);
#1195 = EDGE_CURVE('',#1188,#1144,#1196,.T.);
#1196 = CIRCLE('',#1197,5.5E-02);
#1197 = AXIS2_PLACEMENT_3D('',#1198,#1199,#1200);
#1198 = CARTESIAN_POINT('',(-1.255,0.8,5.5E-02));
#1199 = DIRECTION('',(0.,1.,0.));
#1200 = DIRECTION('',(0.,-0.,1.));
#1201 = PLANE('',#1202);
#1202 = AXIS2_PLACEMENT_3D('',#1203,#1204,#1205);
#1203 = CARTESIAN_POINT('',(-1.6,0.8,0.));
#1204 = DIRECTION('',(0.,1.,0.));
#1205 = DIRECTION('',(0.,-0.,1.));
#1206 = ADVANCED_FACE('',(#1207),#1218,.F.);
#1207 = FACE_BOUND('',#1208,.F.);
#1208 = EDGE_LOOP('',(#1209,#1210,#1211,#1212));
#1209 = ORIENTED_EDGE('',*,*,#1143,.F.);
#1210 = ORIENTED_EDGE('',*,*,#1103,.F.);
#1211 = ORIENTED_EDGE('',*,*,#1010,.T.);
#1212 = ORIENTED_EDGE('',*,*,#1213,.T.);
#1213 = EDGE_CURVE('',#1013,#1144,#1214,.T.);
#1214 = LINE('',#1215,#1216);
#1215 = CARTESIAN_POINT('',(-1.255,-0.8,0.));
#1216 = VECTOR('',#1217,1.);
#1217 = DIRECTION('',(0.,1.,0.));
#1218 = PLANE('',#1219);
#1219 = AXIS2_PLACEMENT_3D('',#1220,#1221,#1222);
#1220 = CARTESIAN_POINT('',(-1.6,-0.8,0.));
#1221 = DIRECTION('',(0.,0.,1.));
#1222 = DIRECTION('',(1.,0.,-0.));
#1223 = ADVANCED_FACE('',(#1224),#1235,.T.);
#1224 = FACE_BOUND('',#1225,.T.);
#1225 = EDGE_LOOP('',(#1226,#1227,#1228,#1229));
#1226 = ORIENTED_EDGE('',*,*,#1078,.T.);
#1227 = ORIENTED_EDGE('',*,*,#1213,.T.);
#1228 = ORIENTED_EDGE('',*,*,#1195,.F.);
#1229 = ORIENTED_EDGE('',*,*,#1230,.F.);
#1230 = EDGE_CURVE('',#1071,#1188,#1231,.T.);
#1231 = LINE('',#1232,#1233);
#1232 = CARTESIAN_POINT('',(-1.2,-0.8,5.5E-02));
#1233 = VECTOR('',#1234,1.);
#1234 = DIRECTION('',(0.,1.,0.));
#1235 = CYLINDRICAL_SURFACE('',#1236,5.5E-02);
#1236 = AXIS2_PLACEMENT_3D('',#1237,#1238,#1239);
#1237 = CARTESIAN_POINT('',(-1.255,-0.8,5.5E-02));
#1238 = DIRECTION('',(0.,1.,0.));
#1239 = DIRECTION('',(1.,0.,0.));
#1240 = ADVANCED_FACE('',(#1241),#1284,.F.);
#1241 = FACE_BOUND('',#1242,.F.);
#1242 = EDGE_LOOP('',(#1243,#1244,#1245,#1246,#1254,#1262,#1270,#1278));
#1243 = ORIENTED_EDGE('',*,*,#1070,.F.);
#1244 = ORIENTED_EDGE('',*,*,#1062,.T.);
#1245 = ORIENTED_EDGE('',*,*,#1054,.T.);
#1246 = ORIENTED_EDGE('',*,*,#1247,.T.);
#1247 = EDGE_CURVE('',#1046,#1248,#1250,.T.);
#1248 = VERTEX_POINT('',#1249);
#1249 = CARTESIAN_POINT('',(1.2,-0.8,0.495));
#1250 = LINE('',#1251,#1252);
#1251 = CARTESIAN_POINT('',(-1.2,-0.8,0.495));
#1252 = VECTOR('',#1253,1.);
#1253 = DIRECTION('',(1.,0.,0.));
#1254 = ORIENTED_EDGE('',*,*,#1255,.T.);
#1255 = EDGE_CURVE('',#1248,#1256,#1258,.T.);
#1256 = VERTEX_POINT('',#1257);
#1257 = CARTESIAN_POINT('',(1.545,-0.8,0.495));
#1258 = LINE('',#1259,#1260);
#1259 = CARTESIAN_POINT('',(-1.545,-0.8,0.495));
#1260 = VECTOR('',#1261,1.);
#1261 = DIRECTION('',(1.,0.,0.));
#1262 = ORIENTED_EDGE('',*,*,#1263,.F.);
#1263 = EDGE_CURVE('',#1264,#1256,#1266,.T.);
#1264 = VERTEX_POINT('',#1265);
#1265 = CARTESIAN_POINT('',(1.545,-0.8,5.5E-02));
#1266 = LINE('',#1267,#1268);
#1267 = CARTESIAN_POINT('',(1.545,-0.8,5.5E-02));
#1268 = VECTOR('',#1269,1.);
#1269 = DIRECTION('',(0.,0.,1.));
#1270 = ORIENTED_EDGE('',*,*,#1271,.F.);
#1271 = EDGE_CURVE('',#1272,#1264,#1274,.T.);
#1272 = VERTEX_POINT('',#1273);
#1273 = CARTESIAN_POINT('',(1.2,-0.8,5.5E-02));
#1274 = LINE('',#1275,#1276);
#1275 = CARTESIAN_POINT('',(-1.545,-0.8,5.5E-02));
#1276 = VECTOR('',#1277,1.);
#1277 = DIRECTION('',(1.,0.,0.));
#1278 = ORIENTED_EDGE('',*,*,#1279,.F.);
#1279 = EDGE_CURVE('',#1071,#1272,#1280,.T.);
#1280 = LINE('',#1281,#1282);
#1281 = CARTESIAN_POINT('',(-1.545,-0.8,5.5E-02));
#1282 = VECTOR('',#1283,1.);
#1283 = DIRECTION('',(1.,0.,0.));
#1284 = PLANE('',#1285);
#1285 = AXIS2_PLACEMENT_3D('',#1286,#1287,#1288);
#1286 = CARTESIAN_POINT('',(-1.545,-0.8,5.5E-02));
#1287 = DIRECTION('',(0.,1.,0.));
#1288 = DIRECTION('',(0.,-0.,1.));
#1289 = ADVANCED_FACE('',(#1290),#1301,.T.);
#1290 = FACE_BOUND('',#1291,.T.);
#1291 = EDGE_LOOP('',(#1292,#1293,#1294,#1295));
#1292 = ORIENTED_EDGE('',*,*,#1154,.F.);
#1293 = ORIENTED_EDGE('',*,*,#1119,.F.);
#1294 = ORIENTED_EDGE('',*,*,#1037,.T.);
#1295 = ORIENTED_EDGE('',*,*,#1296,.T.);
#1296 = EDGE_CURVE('',#1038,#1155,#1297,.T.);
#1297 = LINE('',#1298,#1299);
#1298 = CARTESIAN_POINT('',(-1.255,-0.8,0.55));
#1299 = VECTOR('',#1300,1.);
#1300 = DIRECTION('',(0.,1.,0.));
#1301 = PLANE('',#1302);
#1302 = AXIS2_PLACEMENT_3D('',#1303,#1304,#1305);
#1303 = CARTESIAN_POINT('',(-1.6,-0.8,0.55));
#1304 = DIRECTION('',(0.,0.,1.));
#1305 = DIRECTION('',(1.,0.,-0.));
#1306 = ADVANCED_FACE('',(#1307),#1318,.T.);
#1307 = FACE_BOUND('',#1308,.T.);
#1308 = EDGE_LOOP('',(#1309,#1315,#1316,#1317));
#1309 = ORIENTED_EDGE('',*,*,#1310,.T.);
#1310 = EDGE_CURVE('',#1046,#1163,#1311,.T.);
#1311 = LINE('',#1312,#1313);
#1312 = CARTESIAN_POINT('',(-1.2,-0.8,0.495));
#1313 = VECTOR('',#1314,1.);
#1314 = DIRECTION('',(0.,1.,0.));
#1315 = ORIENTED_EDGE('',*,*,#1162,.T.);
#1316 = ORIENTED_EDGE('',*,*,#1296,.F.);
#1317 = ORIENTED_EDGE('',*,*,#1045,.F.);
#1318 = CYLINDRICAL_SURFACE('',#1319,5.5E-02);
#1319 = AXIS2_PLACEMENT_3D('',#1320,#1321,#1322);
#1320 = CARTESIAN_POINT('',(-1.255,-0.8,0.495));
#1321 = DIRECTION('',(0.,1.,0.));
#1322 = DIRECTION('',(1.,0.,0.));
#1323 = ADVANCED_FACE('',(#1324),#1367,.T.);
#1324 = FACE_BOUND('',#1325,.T.);
#1325 = EDGE_LOOP('',(#1326,#1327,#1328,#1329,#1337,#1345,#1353,#1361));
#1326 = ORIENTED_EDGE('',*,*,#1187,.F.);
#1327 = ORIENTED_EDGE('',*,*,#1179,.T.);
#1328 = ORIENTED_EDGE('',*,*,#1171,.T.);
#1329 = ORIENTED_EDGE('',*,*,#1330,.T.);
#1330 = EDGE_CURVE('',#1163,#1331,#1333,.T.);
#1331 = VERTEX_POINT('',#1332);
#1332 = CARTESIAN_POINT('',(1.2,0.8,0.495));
#1333 = LINE('',#1334,#1335);
#1334 = CARTESIAN_POINT('',(-1.2,0.8,0.495));
#1335 = VECTOR('',#1336,1.);
#1336 = DIRECTION('',(1.,0.,0.));
#1337 = ORIENTED_EDGE('',*,*,#1338,.T.);
#1338 = EDGE_CURVE('',#1331,#1339,#1341,.T.);
#1339 = VERTEX_POINT('',#1340);
#1340 = CARTESIAN_POINT('',(1.545,0.8,0.495));
#1341 = LINE('',#1342,#1343);
#1342 = CARTESIAN_POINT('',(-1.545,0.8,0.495));
#1343 = VECTOR('',#1344,1.);
#1344 = DIRECTION('',(1.,0.,0.));
#1345 = ORIENTED_EDGE('',*,*,#1346,.F.);
#1346 = EDGE_CURVE('',#1347,#1339,#1349,.T.);
#1347 = VERTEX_POINT('',#1348);
#1348 = CARTESIAN_POINT('',(1.545,0.8,5.5E-02));
#1349 = LINE('',#1350,#1351);
#1350 = CARTESIAN_POINT('',(1.545,0.8,5.5E-02));
#1351 = VECTOR('',#1352,1.);
#1352 = DIRECTION('',(0.,0.,1.));
#1353 = ORIENTED_EDGE('',*,*,#1354,.F.);
#1354 = EDGE_CURVE('',#1355,#1347,#1357,.T.);
#1355 = VERTEX_POINT('',#1356);
#1356 = CARTESIAN_POINT('',(1.2,0.8,5.5E-02));
#1357 = LINE('',#1358,#1359);
#1358 = CARTESIAN_POINT('',(-1.545,0.8,5.5E-02));
#1359 = VECTOR('',#1360,1.);
#1360 = DIRECTION('',(1.,0.,0.));
#1361 = ORIENTED_EDGE('',*,*,#1362,.F.);
#1362 = EDGE_CURVE('',#1188,#1355,#1363,.T.);
#1363 = LINE('',#1364,#1365);
#1364 = CARTESIAN_POINT('',(-1.545,0.8,5.5E-02));
#1365 = VECTOR('',#1366,1.);
#1366 = DIRECTION('',(1.,0.,0.));
#1367 = PLANE('',#1368);
#1368 = AXIS2_PLACEMENT_3D('',#1369,#1370,#1371);
#1369 = CARTESIAN_POINT('',(-1.545,0.8,5.5E-02));
#1370 = DIRECTION('',(0.,1.,0.));
#1371 = DIRECTION('',(0.,-0.,1.));
#1372 = ADVANCED_FACE('',(#1373),#1384,.F.);
#1373 = FACE_BOUND('',#1374,.F.);
#1374 = EDGE_LOOP('',(#1375,#1376,#1377,#1383));
#1375 = ORIENTED_EDGE('',*,*,#1230,.F.);
#1376 = ORIENTED_EDGE('',*,*,#1279,.T.);
#1377 = ORIENTED_EDGE('',*,*,#1378,.T.);
#1378 = EDGE_CURVE('',#1272,#1355,#1379,.T.);
#1379 = LINE('',#1380,#1381);
#1380 = CARTESIAN_POINT('',(1.2,-0.8,5.5E-02));
#1381 = VECTOR('',#1382,1.);
#1382 = DIRECTION('',(0.,1.,0.));
#1383 = ORIENTED_EDGE('',*,*,#1362,.F.);
#1384 = PLANE('',#1385);
#1385 = AXIS2_PLACEMENT_3D('',#1386,#1387,#1388);
#1386 = CARTESIAN_POINT('',(-1.545,-0.8,5.5E-02));
#1387 = DIRECTION('',(0.,0.,1.));
#1388 = DIRECTION('',(1.,0.,-0.));
#1389 = ADVANCED_FACE('',(#1390),#1453,.F.);
#1390 = FACE_BOUND('',#1391,.F.);
#1391 = EDGE_LOOP('',(#1392,#1402,#1409,#1410,#1411,#1412,#1421,#1429,
    #1438,#1446));
#1392 = ORIENTED_EDGE('',*,*,#1393,.F.);
#1393 = EDGE_CURVE('',#1394,#1396,#1398,.T.);
#1394 = VERTEX_POINT('',#1395);
#1395 = CARTESIAN_POINT('',(1.255,-0.8,0.));
#1396 = VERTEX_POINT('',#1397);
#1397 = CARTESIAN_POINT('',(1.545,-0.8,0.));
#1398 = LINE('',#1399,#1400);
#1399 = CARTESIAN_POINT('',(1.2,-0.8,0.));
#1400 = VECTOR('',#1401,1.);
#1401 = DIRECTION('',(1.,0.,0.));
#1402 = ORIENTED_EDGE('',*,*,#1403,.F.);
#1403 = EDGE_CURVE('',#1272,#1394,#1404,.T.);
#1404 = CIRCLE('',#1405,5.5E-02);
#1405 = AXIS2_PLACEMENT_3D('',#1406,#1407,#1408);
#1406 = CARTESIAN_POINT('',(1.255,-0.8,5.5E-02));
#1407 = DIRECTION('',(0.,-1.,0.));
#1408 = DIRECTION('',(0.,0.,1.));
#1409 = ORIENTED_EDGE('',*,*,#1271,.T.);
#1410 = ORIENTED_EDGE('',*,*,#1263,.T.);
#1411 = ORIENTED_EDGE('',*,*,#1255,.F.);
#1412 = ORIENTED_EDGE('',*,*,#1413,.T.);
#1413 = EDGE_CURVE('',#1248,#1414,#1416,.T.);
#1414 = VERTEX_POINT('',#1415);
#1415 = CARTESIAN_POINT('',(1.255,-0.8,0.55));
#1416 = CIRCLE('',#1417,5.5E-02);
#1417 = AXIS2_PLACEMENT_3D('',#1418,#1419,#1420);
#1418 = CARTESIAN_POINT('',(1.255,-0.8,0.495));
#1419 = DIRECTION('',(0.,1.,0.));
#1420 = DIRECTION('',(0.,-0.,1.));
#1421 = ORIENTED_EDGE('',*,*,#1422,.T.);
#1422 = EDGE_CURVE('',#1414,#1423,#1425,.T.);
#1423 = VERTEX_POINT('',#1424);
#1424 = CARTESIAN_POINT('',(1.545,-0.8,0.55));
#1425 = LINE('',#1426,#1427);
#1426 = CARTESIAN_POINT('',(1.2,-0.8,0.55));
#1427 = VECTOR('',#1428,1.);
#1428 = DIRECTION('',(1.,0.,0.));
#1429 = ORIENTED_EDGE('',*,*,#1430,.F.);
#1430 = EDGE_CURVE('',#1431,#1423,#1433,.T.);
#1431 = VERTEX_POINT('',#1432);
#1432 = CARTESIAN_POINT('',(1.6,-0.8,0.495));
#1433 = CIRCLE('',#1434,5.5E-02);
#1434 = AXIS2_PLACEMENT_3D('',#1435,#1436,#1437);
#1435 = CARTESIAN_POINT('',(1.545,-0.8,0.495));
#1436 = DIRECTION('',(0.,-1.,0.));
#1437 = DIRECTION('',(0.,0.,1.));
#1438 = ORIENTED_EDGE('',*,*,#1439,.F.);
#1439 = EDGE_CURVE('',#1440,#1431,#1442,.T.);
#1440 = VERTEX_POINT('',#1441);
#1441 = CARTESIAN_POINT('',(1.6,-0.8,5.5E-02));
#1442 = LINE('',#1443,#1444);
#1443 = CARTESIAN_POINT('',(1.6,-0.8,0.));
#1444 = VECTOR('',#1445,1.);
#1445 = DIRECTION('',(0.,0.,1.));
#1446 = ORIENTED_EDGE('',*,*,#1447,.T.);
#1447 = EDGE_CURVE('',#1440,#1396,#1448,.T.);
#1448 = CIRCLE('',#1449,5.5E-02);
#1449 = AXIS2_PLACEMENT_3D('',#1450,#1451,#1452);
#1450 = CARTESIAN_POINT('',(1.545,-0.8,5.5E-02));
#1451 = DIRECTION('',(0.,1.,0.));
#1452 = DIRECTION('',(0.,-0.,1.));
#1453 = PLANE('',#1454);
#1454 = AXIS2_PLACEMENT_3D('',#1455,#1456,#1457);
#1455 = CARTESIAN_POINT('',(1.2,-0.8,0.));
#1456 = DIRECTION('',(0.,1.,0.));
#1457 = DIRECTION('',(0.,-0.,1.));
#1458 = ADVANCED_FACE('',(#1459),#1484,.F.);
#1459 = FACE_BOUND('',#1460,.F.);
#1460 = EDGE_LOOP('',(#1461,#1462,#1470,#1478));
#1461 = ORIENTED_EDGE('',*,*,#1247,.F.);
#1462 = ORIENTED_EDGE('',*,*,#1463,.T.);
#1463 = EDGE_CURVE('',#1046,#1464,#1466,.T.);
#1464 = VERTEX_POINT('',#1465);
#1465 = CARTESIAN_POINT('',(-1.2,-0.8,0.55));
#1466 = LINE('',#1467,#1468);
#1467 = CARTESIAN_POINT('',(-1.2,-0.8,0.495));
#1468 = VECTOR('',#1469,1.);
#1469 = DIRECTION('',(0.,0.,1.));
#1470 = ORIENTED_EDGE('',*,*,#1471,.T.);
#1471 = EDGE_CURVE('',#1464,#1472,#1474,.T.);
#1472 = VERTEX_POINT('',#1473);
#1473 = CARTESIAN_POINT('',(1.2,-0.8,0.55));
#1474 = LINE('',#1475,#1476);
#1475 = CARTESIAN_POINT('',(-1.2,-0.8,0.55));
#1476 = VECTOR('',#1477,1.);
#1477 = DIRECTION('',(1.,0.,0.));
#1478 = ORIENTED_EDGE('',*,*,#1479,.F.);
#1479 = EDGE_CURVE('',#1248,#1472,#1480,.T.);
#1480 = LINE('',#1481,#1482);
#1481 = CARTESIAN_POINT('',(1.2,-0.8,0.495));
#1482 = VECTOR('',#1483,1.);
#1483 = DIRECTION('',(0.,0.,1.));
#1484 = PLANE('',#1485);
#1485 = AXIS2_PLACEMENT_3D('',#1486,#1487,#1488);
#1486 = CARTESIAN_POINT('',(-1.2,-0.8,0.495));
#1487 = DIRECTION('',(0.,1.,0.));
#1488 = DIRECTION('',(0.,-0.,1.));
#1489 = ADVANCED_FACE('',(#1490),#1508,.F.);
#1490 = FACE_BOUND('',#1491,.F.);
#1491 = EDGE_LOOP('',(#1492,#1493,#1494,#1502));
#1492 = ORIENTED_EDGE('',*,*,#1463,.F.);
#1493 = ORIENTED_EDGE('',*,*,#1310,.T.);
#1494 = ORIENTED_EDGE('',*,*,#1495,.T.);
#1495 = EDGE_CURVE('',#1163,#1496,#1498,.T.);
#1496 = VERTEX_POINT('',#1497);
#1497 = CARTESIAN_POINT('',(-1.2,0.8,0.55));
#1498 = LINE('',#1499,#1500);
#1499 = CARTESIAN_POINT('',(-1.2,0.8,0.495));
#1500 = VECTOR('',#1501,1.);
#1501 = DIRECTION('',(0.,0.,1.));
#1502 = ORIENTED_EDGE('',*,*,#1503,.F.);
#1503 = EDGE_CURVE('',#1464,#1496,#1504,.T.);
#1504 = LINE('',#1505,#1506);
#1505 = CARTESIAN_POINT('',(-1.2,-0.8,0.55));
#1506 = VECTOR('',#1507,1.);
#1507 = DIRECTION('',(0.,1.,0.));
#1508 = PLANE('',#1509);
#1509 = AXIS2_PLACEMENT_3D('',#1510,#1511,#1512);
#1510 = CARTESIAN_POINT('',(-1.2,-0.8,0.495));
#1511 = DIRECTION('',(1.,0.,0.));
#1512 = DIRECTION('',(0.,0.,1.));
#1513 = ADVANCED_FACE('',(#1514),#1577,.T.);
#1514 = FACE_BOUND('',#1515,.T.);
#1515 = EDGE_LOOP('',(#1516,#1526,#1533,#1534,#1535,#1536,#1545,#1553,
    #1562,#1570));
#1516 = ORIENTED_EDGE('',*,*,#1517,.F.);
#1517 = EDGE_CURVE('',#1518,#1520,#1522,.T.);
#1518 = VERTEX_POINT('',#1519);
#1519 = CARTESIAN_POINT('',(1.255,0.8,0.));
#1520 = VERTEX_POINT('',#1521);
#1521 = CARTESIAN_POINT('',(1.545,0.8,0.));
#1522 = LINE('',#1523,#1524);
#1523 = CARTESIAN_POINT('',(1.2,0.8,0.));
#1524 = VECTOR('',#1525,1.);
#1525 = DIRECTION('',(1.,0.,0.));
#1526 = ORIENTED_EDGE('',*,*,#1527,.F.);
#1527 = EDGE_CURVE('',#1355,#1518,#1528,.T.);
#1528 = CIRCLE('',#1529,5.5E-02);
#1529 = AXIS2_PLACEMENT_3D('',#1530,#1531,#1532);
#1530 = CARTESIAN_POINT('',(1.255,0.8,5.5E-02));
#1531 = DIRECTION('',(0.,-1.,0.));
#1532 = DIRECTION('',(0.,0.,1.));
#1533 = ORIENTED_EDGE('',*,*,#1354,.T.);
#1534 = ORIENTED_EDGE('',*,*,#1346,.T.);
#1535 = ORIENTED_EDGE('',*,*,#1338,.F.);
#1536 = ORIENTED_EDGE('',*,*,#1537,.T.);
#1537 = EDGE_CURVE('',#1331,#1538,#1540,.T.);
#1538 = VERTEX_POINT('',#1539);
#1539 = CARTESIAN_POINT('',(1.255,0.8,0.55));
#1540 = CIRCLE('',#1541,5.5E-02);
#1541 = AXIS2_PLACEMENT_3D('',#1542,#1543,#1544);
#1542 = CARTESIAN_POINT('',(1.255,0.8,0.495));
#1543 = DIRECTION('',(0.,1.,0.));
#1544 = DIRECTION('',(0.,-0.,1.));
#1545 = ORIENTED_EDGE('',*,*,#1546,.T.);
#1546 = EDGE_CURVE('',#1538,#1547,#1549,.T.);
#1547 = VERTEX_POINT('',#1548);
#1548 = CARTESIAN_POINT('',(1.545,0.8,0.55));
#1549 = LINE('',#1550,#1551);
#1550 = CARTESIAN_POINT('',(1.2,0.8,0.55));
#1551 = VECTOR('',#1552,1.);
#1552 = DIRECTION('',(1.,0.,0.));
#1553 = ORIENTED_EDGE('',*,*,#1554,.F.);
#1554 = EDGE_CURVE('',#1555,#1547,#1557,.T.);
#1555 = VERTEX_POINT('',#1556);
#1556 = CARTESIAN_POINT('',(1.6,0.8,0.495));
#1557 = CIRCLE('',#1558,5.5E-02);
#1558 = AXIS2_PLACEMENT_3D('',#1559,#1560,#1561);
#1559 = CARTESIAN_POINT('',(1.545,0.8,0.495));
#1560 = DIRECTION('',(0.,-1.,0.));
#1561 = DIRECTION('',(0.,0.,1.));
#1562 = ORIENTED_EDGE('',*,*,#1563,.F.);
#1563 = EDGE_CURVE('',#1564,#1555,#1566,.T.);
#1564 = VERTEX_POINT('',#1565);
#1565 = CARTESIAN_POINT('',(1.6,0.8,5.5E-02));
#1566 = LINE('',#1567,#1568);
#1567 = CARTESIAN_POINT('',(1.6,0.8,0.));
#1568 = VECTOR('',#1569,1.);
#1569 = DIRECTION('',(0.,0.,1.));
#1570 = ORIENTED_EDGE('',*,*,#1571,.T.);
#1571 = EDGE_CURVE('',#1564,#1520,#1572,.T.);
#1572 = CIRCLE('',#1573,5.5E-02);
#1573 = AXIS2_PLACEMENT_3D('',#1574,#1575,#1576);
#1574 = CARTESIAN_POINT('',(1.545,0.8,5.5E-02));
#1575 = DIRECTION('',(0.,1.,0.));
#1576 = DIRECTION('',(0.,-0.,1.));
#1577 = PLANE('',#1578);
#1578 = AXIS2_PLACEMENT_3D('',#1579,#1580,#1581);
#1579 = CARTESIAN_POINT('',(1.2,0.8,0.));
#1580 = DIRECTION('',(0.,1.,0.));
#1581 = DIRECTION('',(0.,-0.,1.));
#1582 = ADVANCED_FACE('',(#1583),#1601,.T.);
#1583 = FACE_BOUND('',#1584,.T.);
#1584 = EDGE_LOOP('',(#1585,#1586,#1587,#1595));
#1585 = ORIENTED_EDGE('',*,*,#1330,.F.);
#1586 = ORIENTED_EDGE('',*,*,#1495,.T.);
#1587 = ORIENTED_EDGE('',*,*,#1588,.T.);
#1588 = EDGE_CURVE('',#1496,#1589,#1591,.T.);
#1589 = VERTEX_POINT('',#1590);
#1590 = CARTESIAN_POINT('',(1.2,0.8,0.55));
#1591 = LINE('',#1592,#1593);
#1592 = CARTESIAN_POINT('',(-1.2,0.8,0.55));
#1593 = VECTOR('',#1594,1.);
#1594 = DIRECTION('',(1.,0.,0.));
#1595 = ORIENTED_EDGE('',*,*,#1596,.F.);
#1596 = EDGE_CURVE('',#1331,#1589,#1597,.T.);
#1597 = LINE('',#1598,#1599);
#1598 = CARTESIAN_POINT('',(1.2,0.8,0.495));
#1599 = VECTOR('',#1600,1.);
#1600 = DIRECTION('',(0.,0.,1.));
#1601 = PLANE('',#1602);
#1602 = AXIS2_PLACEMENT_3D('',#1603,#1604,#1605);
#1603 = CARTESIAN_POINT('',(-1.2,0.8,0.495));
#1604 = DIRECTION('',(0.,1.,0.));
#1605 = DIRECTION('',(0.,-0.,1.));
#1606 = ADVANCED_FACE('',(#1607),#1618,.T.);
#1607 = FACE_BOUND('',#1608,.T.);
#1608 = EDGE_LOOP('',(#1609,#1610,#1611,#1617));
#1609 = ORIENTED_EDGE('',*,*,#1378,.T.);
#1610 = ORIENTED_EDGE('',*,*,#1527,.T.);
#1611 = ORIENTED_EDGE('',*,*,#1612,.F.);
#1612 = EDGE_CURVE('',#1394,#1518,#1613,.T.);
#1613 = LINE('',#1614,#1615);
#1614 = CARTESIAN_POINT('',(1.255,-0.8,0.));
#1615 = VECTOR('',#1616,1.);
#1616 = DIRECTION('',(0.,1.,0.));
#1617 = ORIENTED_EDGE('',*,*,#1403,.F.);
#1618 = CYLINDRICAL_SURFACE('',#1619,5.5E-02);
#1619 = AXIS2_PLACEMENT_3D('',#1620,#1621,#1622);
#1620 = CARTESIAN_POINT('',(1.255,-0.8,5.5E-02));
#1621 = DIRECTION('',(0.,1.,0.));
#1622 = DIRECTION('',(-1.,0.,0.));
#1623 = ADVANCED_FACE('',(#1624),#1635,.F.);
#1624 = FACE_BOUND('',#1625,.F.);
#1625 = EDGE_LOOP('',(#1626,#1627,#1628,#1629));
#1626 = ORIENTED_EDGE('',*,*,#1517,.F.);
#1627 = ORIENTED_EDGE('',*,*,#1612,.F.);
#1628 = ORIENTED_EDGE('',*,*,#1393,.T.);
#1629 = ORIENTED_EDGE('',*,*,#1630,.T.);
#1630 = EDGE_CURVE('',#1396,#1520,#1631,.T.);
#1631 = LINE('',#1632,#1633);
#1632 = CARTESIAN_POINT('',(1.545,-0.8,0.));
#1633 = VECTOR('',#1634,1.);
#1634 = DIRECTION('',(0.,1.,0.));
#1635 = PLANE('',#1636);
#1636 = AXIS2_PLACEMENT_3D('',#1637,#1638,#1639);
#1637 = CARTESIAN_POINT('',(1.2,-0.8,0.));
#1638 = DIRECTION('',(0.,0.,1.));
#1639 = DIRECTION('',(1.,0.,-0.));
#1640 = ADVANCED_FACE('',(#1641),#1652,.T.);
#1641 = FACE_BOUND('',#1642,.T.);
#1642 = EDGE_LOOP('',(#1643,#1644,#1645,#1646));
#1643 = ORIENTED_EDGE('',*,*,#1447,.T.);
#1644 = ORIENTED_EDGE('',*,*,#1630,.T.);
#1645 = ORIENTED_EDGE('',*,*,#1571,.F.);
#1646 = ORIENTED_EDGE('',*,*,#1647,.F.);
#1647 = EDGE_CURVE('',#1440,#1564,#1648,.T.);
#1648 = LINE('',#1649,#1650);
#1649 = CARTESIAN_POINT('',(1.6,-0.8,5.5E-02));
#1650 = VECTOR('',#1651,1.);
#1651 = DIRECTION('',(0.,1.,0.));
#1652 = CYLINDRICAL_SURFACE('',#1653,5.5E-02);
#1653 = AXIS2_PLACEMENT_3D('',#1654,#1655,#1656);
#1654 = CARTESIAN_POINT('',(1.545,-0.8,5.5E-02));
#1655 = DIRECTION('',(0.,1.,0.));
#1656 = DIRECTION('',(1.,0.,0.));
#1657 = ADVANCED_FACE('',(#1658),#1669,.T.);
#1658 = FACE_BOUND('',#1659,.T.);
#1659 = EDGE_LOOP('',(#1660,#1661,#1662,#1663));
#1660 = ORIENTED_EDGE('',*,*,#1439,.F.);
#1661 = ORIENTED_EDGE('',*,*,#1647,.T.);
#1662 = ORIENTED_EDGE('',*,*,#1563,.T.);
#1663 = ORIENTED_EDGE('',*,*,#1664,.F.);
#1664 = EDGE_CURVE('',#1431,#1555,#1665,.T.);
#1665 = LINE('',#1666,#1667);
#1666 = CARTESIAN_POINT('',(1.6,-0.8,0.495));
#1667 = VECTOR('',#1668,1.);
#1668 = DIRECTION('',(0.,1.,0.));
#1669 = PLANE('',#1670);
#1670 = AXIS2_PLACEMENT_3D('',#1671,#1672,#1673);
#1671 = CARTESIAN_POINT('',(1.6,-0.8,0.));
#1672 = DIRECTION('',(1.,0.,0.));
#1673 = DIRECTION('',(0.,0.,1.));
#1674 = ADVANCED_FACE('',(#1675),#1686,.T.);
#1675 = FACE_BOUND('',#1676,.T.);
#1676 = EDGE_LOOP('',(#1677,#1678,#1679,#1685));
#1677 = ORIENTED_EDGE('',*,*,#1664,.T.);
#1678 = ORIENTED_EDGE('',*,*,#1554,.T.);
#1679 = ORIENTED_EDGE('',*,*,#1680,.F.);
#1680 = EDGE_CURVE('',#1423,#1547,#1681,.T.);
#1681 = LINE('',#1682,#1683);
#1682 = CARTESIAN_POINT('',(1.545,-0.8,0.55));
#1683 = VECTOR('',#1684,1.);
#1684 = DIRECTION('',(0.,1.,0.));
#1685 = ORIENTED_EDGE('',*,*,#1430,.F.);
#1686 = CYLINDRICAL_SURFACE('',#1687,5.5E-02);
#1687 = AXIS2_PLACEMENT_3D('',#1688,#1689,#1690);
#1688 = CARTESIAN_POINT('',(1.545,-0.8,0.495));
#1689 = DIRECTION('',(0.,1.,0.));
#1690 = DIRECTION('',(1.,0.,0.));
#1691 = ADVANCED_FACE('',(#1692),#1703,.T.);
#1692 = FACE_BOUND('',#1693,.T.);
#1693 = EDGE_LOOP('',(#1694,#1695,#1701,#1702));
#1694 = ORIENTED_EDGE('',*,*,#1546,.F.);
#1695 = ORIENTED_EDGE('',*,*,#1696,.F.);
#1696 = EDGE_CURVE('',#1414,#1538,#1697,.T.);
#1697 = LINE('',#1698,#1699);
#1698 = CARTESIAN_POINT('',(1.255,-0.8,0.55));
#1699 = VECTOR('',#1700,1.);
#1700 = DIRECTION('',(0.,1.,0.));
#1701 = ORIENTED_EDGE('',*,*,#1422,.T.);
#1702 = ORIENTED_EDGE('',*,*,#1680,.T.);
#1703 = PLANE('',#1704);
#1704 = AXIS2_PLACEMENT_3D('',#1705,#1706,#1707);
#1705 = CARTESIAN_POINT('',(1.2,-0.8,0.55));
#1706 = DIRECTION('',(0.,0.,1.));
#1707 = DIRECTION('',(1.,0.,-0.));
#1708 = ADVANCED_FACE('',(#1709),#1720,.T.);
#1709 = FACE_BOUND('',#1710,.T.);
#1710 = EDGE_LOOP('',(#1711,#1712,#1713,#1714));
#1711 = ORIENTED_EDGE('',*,*,#1413,.T.);
#1712 = ORIENTED_EDGE('',*,*,#1696,.T.);
#1713 = ORIENTED_EDGE('',*,*,#1537,.F.);
#1714 = ORIENTED_EDGE('',*,*,#1715,.F.);
#1715 = EDGE_CURVE('',#1248,#1331,#1716,.T.);
#1716 = LINE('',#1717,#1718);
#1717 = CARTESIAN_POINT('',(1.2,-0.8,0.495));
#1718 = VECTOR('',#1719,1.);
#1719 = DIRECTION('',(0.,1.,0.));
#1720 = CYLINDRICAL_SURFACE('',#1721,5.5E-02);
#1721 = AXIS2_PLACEMENT_3D('',#1722,#1723,#1724);
#1722 = CARTESIAN_POINT('',(1.255,-0.8,0.495));
#1723 = DIRECTION('',(0.,1.,0.));
#1724 = DIRECTION('',(-1.,0.,0.));
#1725 = ADVANCED_FACE('',(#1726),#1737,.T.);
#1726 = FACE_BOUND('',#1727,.T.);
#1727 = EDGE_LOOP('',(#1728,#1729,#1730,#1731));
#1728 = ORIENTED_EDGE('',*,*,#1479,.F.);
#1729 = ORIENTED_EDGE('',*,*,#1715,.T.);
#1730 = ORIENTED_EDGE('',*,*,#1596,.T.);
#1731 = ORIENTED_EDGE('',*,*,#1732,.F.);
#1732 = EDGE_CURVE('',#1472,#1589,#1733,.T.);
#1733 = LINE('',#1734,#1735);
#1734 = CARTESIAN_POINT('',(1.2,-0.8,0.55));
#1735 = VECTOR('',#1736,1.);
#1736 = DIRECTION('',(0.,1.,0.));
#1737 = PLANE('',#1738);
#1738 = AXIS2_PLACEMENT_3D('',#1739,#1740,#1741);
#1739 = CARTESIAN_POINT('',(1.2,-0.8,0.495));
#1740 = DIRECTION('',(1.,0.,0.));
#1741 = DIRECTION('',(0.,0.,1.));
#1742 = ADVANCED_FACE('',(#1743),#1749,.T.);
#1743 = FACE_BOUND('',#1744,.T.);
#1744 = EDGE_LOOP('',(#1745,#1746,#1747,#1748));
#1745 = ORIENTED_EDGE('',*,*,#1503,.F.);
#1746 = ORIENTED_EDGE('',*,*,#1471,.T.);
#1747 = ORIENTED_EDGE('',*,*,#1732,.T.);
#1748 = ORIENTED_EDGE('',*,*,#1588,.F.);
#1749 = PLANE('',#1750);
#1750 = AXIS2_PLACEMENT_3D('',#1751,#1752,#1753);
#1751 = CARTESIAN_POINT('',(-1.2,-0.8,0.55));
#1752 = DIRECTION('',(0.,0.,1.));
#1753 = DIRECTION('',(1.,0.,-0.));
#1754 = ( GEOMETRIC_REPRESENTATION_CONTEXT(3) 
GLOBAL_UNCERTAINTY_ASSIGNED_CONTEXT((#1758)) 
GLOBAL_UNIT_ASSIGNED_CONTEXT((#1755,#1756,#1757)) REPRESENTATION_CONTEXT
('Context #1','3D Context with UNIT and UNCERTAINTY') );
#1755 = ( LENGTH_UNIT() NAMED_UNIT(*) SI_UNIT(.MILLI.,.METRE.) );
#1756 = ( NAMED_UNIT(*) PLANE_ANGLE_UNIT() SI_UNIT($,.RADIAN.) );
#1757 = ( NAMED_UNIT(*) SI_UNIT($,.STERADIAN.) SOLID_ANGLE_UNIT() );
#1758 = UNCERTAINTY_MEASURE_WITH_UNIT(LENGTH_MEASURE(1.E-07),#1755,
  'distance_accuracy_value','confusion accuracy');
#1759 = CONTEXT_DEPENDENT_SHAPE_REPRESENTATION(#1760,#1762);
#1760 = ( REPRESENTATION_RELATIONSHIP('','',#963,#940) 
REPRESENTATION_RELATIONSHIP_WITH_TRANSFORMATION(#1761) 
SHAPE_REPRESENTATION_RELATIONSHIP() );
#1761 = ITEM_DEFINED_TRANSFORMATION('','',#11,#941);
#1762 = PRODUCT_DEFINITION_SHAPE('Placement','Placement of an item',
  #1763);
#1763 = NEXT_ASSEMBLY_USAGE_OCCURRENCE('3','=>[0:1:1:5]','',#935,#958,$
  );
#1764 = PRODUCT_RELATED_PRODUCT_CATEGORY('part',$,(#960));
#1765 = SHAPE_DEFINITION_REPRESENTATION(#1766,#1772);
#1766 = PRODUCT_DEFINITION_SHAPE('','',#1767);
#1767 = PRODUCT_DEFINITION('design','',#1768,#1771);
#1768 = PRODUCT_DEFINITION_FORMATION('','',#1769);
#1769 = PRODUCT('PinHeader_2x06_P2.54mm_Horizontal',
  'PinHeader_2x06_P2.54mm_Horizontal','',(#1770));
#1770 = PRODUCT_CONTEXT('',#2,'mechanical');
#1771 = PRODUCT_DEFINITION_CONTEXT('part definition',#2,'design');
#1772 = SHAPE_REPRESENTATION('',(#11,#1773),#1777);
#1773 = AXIS2_PLACEMENT_3D('',#1774,#1775,#1776);
#1774 = CARTESIAN_POINT('',(0.,0.,0.));
#1775 = DIRECTION('',(0.,0.,1.));
#1776 = DIRECTION('',(1.,0.,-0.));
#1777 = ( GEOMETRIC_REPRESENTATION_CONTEXT(3) 
GLOBAL_UNCERTAINTY_ASSIGNED_CONTEXT((#1781)) 
GLOBAL_UNIT_ASSIGNED_CONTEXT((#1778,#1779,#1780)) REPRESENTATION_CONTEXT
('Context #1','3D Context with UNIT and UNCERTAINTY') );
#1778 = ( LENGTH_UNIT() NAMED_UNIT(*) SI_UNIT(.MILLI.,.METRE.) );
#1779 = ( NAMED_UNIT(*) PLANE_ANGLE_UNIT() SI_UNIT($,.RADIAN.) );
#1780 = ( NAMED_UNIT(*) SI_UNIT($,.STERADIAN.) SOLID_ANGLE_UNIT() );
#1781 = UNCERTAINTY_MEASURE_WITH_UNIT(LENGTH_MEASURE(1.E-07),#1778,
  'distance_accuracy_value','confusion accuracy');
#1782 = CONTEXT_DEPENDENT_SHAPE_REPRESENTATION(#1783,#1785);
#1783 = ( REPRESENTATION_RELATIONSHIP('','',#1772,#10) 
REPRESENTATION_RELATIONSHIP_WITH_TRANSFORMATION(#1784) 
SHAPE_REPRESENTATION_RELATIONSHIP() );
#1784 = ITEM_DEFINED_TRANSFORMATION('','',#11,#23);
#1785 = PRODUCT_DEFINITION_SHAPE('Placement','Placement of an item',
  #1786);
#1786 = NEXT_ASSEMBLY_USAGE_OCCURRENCE('6','J1','',#5,#1767,$);
#1787 = PRODUCT_RELATED_PRODUCT_CATEGORY('part',$,(#1769));
#1788 = SHAPE_DEFINITION_REPRESENTATION(#1789,#1795);
#1789 = PRODUCT_DEFINITION_SHAPE('','',#1790);
#1790 = PRODUCT_DEFINITION('design','',#1791,#1794);
#1791 = PRODUCT_DEFINITION_FORMATION('','',#1792);
#1792 = PRODUCT('PinHeader_2x06_P254mm_Horizontal',
  'PinHeader_2x06_P254mm_Horizontal','',(#1793));
#1793 = PRODUCT_CONTEXT('',#2,'mechanical');
#1794 = PRODUCT_DEFINITION_CONTEXT('part definition',#2,'design');
#1795 = ADVANCED_BREP_SHAPE_REPRESENTATION('',(#11,#1796),#9992);
#1796 = MANIFOLD_SOLID_BREP('',#1797);
#1797 = CLOSED_SHELL('',(#1798,#1838,#1869,#1900,#2597,#3294,#3311,#3328
    ,#3345,#3362,#3379,#3396,#3413,#3430,#3447,#3464,#3481,#3498,#3515,
    #3532,#3549,#3566,#3583,#3600,#3617,#3634,#3651,#3668,#3685,#3702,
    #3719,#3736,#3753,#3770,#3787,#3804,#3821,#3838,#3855,#3872,#3884,
    #3915,#3964,#3988,#4030,#4086,#4110,#4159,#4176,#4207,#4256,#4280,
    #4322,#4378,#4402,#4451,#4468,#4499,#4548,#4572,#4614,#4645,#4694,
    #4718,#4760,#4791,#4840,#4864,#4906,#4937,#4986,#5010,#5052,#5108,
    #5132,#5181,#5198,#5254,#5278,#5327,#5344,#5400,#5424,#5473,#5490,
    #5521,#5570,#5594,#5636,#5667,#5691,#5715,#5732,#5763,#5787,#5811,
    #5828,#5859,#5883,#5907,#5924,#5955,#5979,#6003,#6020,#6051,#6075,
    #6099,#6116,#6147,#6171,#6195,#6212,#6243,#6267,#6291,#6308,#6339,
    #6363,#6387,#6404,#6435,#6459,#6483,#6500,#6531,#6555,#6579,#6596,
    #6627,#6651,#6675,#6692,#6723,#6747,#6771,#6788,#6805,#6822,#6853,
    #6870,#6901,#6918,#6935,#6966,#6983,#7014,#7031,#7048,#7079,#7096,
    #7127,#7144,#7161,#7192,#7209,#7240,#7257,#7274,#7291,#7322,#7353,
    #7370,#7387,#7418,#7435,#7466,#7483,#7500,#7531,#7548,#7579,#7596,
    #7613,#7644,#7661,#7692,#7709,#7726,#7757,#7774,#7805,#7822,#7839,
    #7870,#7887,#7918,#7935,#7952,#7983,#8000,#8031,#8048,#8065,#8096,
    #8113,#8144,#8175,#8199,#8223,#8240,#8271,#8295,#8319,#8336,#8367,
    #8391,#8415,#8432,#8463,#8487,#8511,#8528,#8559,#8583,#8607,#8624,
    #8655,#8679,#8703,#8720,#8751,#8775,#8799,#8816,#8847,#8871,#8895,
    #8912,#8943,#8967,#8991,#9008,#9039,#9063,#9087,#9104,#9135,#9159,
    #9183,#9200,#9231,#9255,#9279,#9296,#9313,#9330,#9342,#9359,#9376,
    #9388,#9405,#9422,#9434,#9451,#9468,#9480,#9497,#9514,#9526,#9543,
    #9560,#9572,#9589,#9606,#9618,#9635,#9652,#9664,#9681,#9698,#9710,
    #9727,#9744,#9756,#9773,#9790,#9802,#9819,#9836,#9848,#9860,#9872,
    #9884,#9896,#9908,#9920,#9932,#9944,#9956,#9968,#9980));
#1798 = ADVANCED_FACE('',(#1799),#1833,.T.);
#1799 = FACE_BOUND('',#1800,.T.);
#1800 = EDGE_LOOP('',(#1801,#1811,#1819,#1827));
#1801 = ORIENTED_EDGE('',*,*,#1802,.T.);
#1802 = EDGE_CURVE('',#1803,#1805,#1807,.T.);
#1803 = VERTEX_POINT('',#1804);
#1804 = CARTESIAN_POINT('',(4.04,1.27,0.254));
#1805 = VERTEX_POINT('',#1806);
#1806 = CARTESIAN_POINT('',(6.58,1.27,0.254));
#1807 = LINE('',#1808,#1809);
#1808 = CARTESIAN_POINT('',(4.04,1.27,0.254));
#1809 = VECTOR('',#1810,1.);
#1810 = DIRECTION('',(1.,0.,0.));
#1811 = ORIENTED_EDGE('',*,*,#1812,.T.);
#1812 = EDGE_CURVE('',#1805,#1813,#1815,.T.);
#1813 = VERTEX_POINT('',#1814);
#1814 = CARTESIAN_POINT('',(6.58,1.016,0.));
#1815 = LINE('',#1816,#1817);
#1816 = CARTESIAN_POINT('',(6.58,1.27,0.254));
#1817 = VECTOR('',#1818,1.);
#1818 = DIRECTION('',(0.,-0.707106781187,-0.707106781187));
#1819 = ORIENTED_EDGE('',*,*,#1820,.F.);
#1820 = EDGE_CURVE('',#1821,#1813,#1823,.T.);
#1821 = VERTEX_POINT('',#1822);
#1822 = CARTESIAN_POINT('',(4.04,1.016,0.));
#1823 = LINE('',#1824,#1825);
#1824 = CARTESIAN_POINT('',(4.04,1.016,0.));
#1825 = VECTOR('',#1826,1.);
#1826 = DIRECTION('',(1.,0.,0.));
#1827 = ORIENTED_EDGE('',*,*,#1828,.F.);
#1828 = EDGE_CURVE('',#1803,#1821,#1829,.T.);
#1829 = LINE('',#1830,#1831);
#1830 = CARTESIAN_POINT('',(4.04,1.27,0.254));
#1831 = VECTOR('',#1832,1.);
#1832 = DIRECTION('',(0.,-0.707106781187,-0.707106781187));
#1833 = PLANE('',#1834);
#1834 = AXIS2_PLACEMENT_3D('',#1835,#1836,#1837);
#1835 = CARTESIAN_POINT('',(4.04,1.27,0.254));
#1836 = DIRECTION('',(0.,0.707106781187,-0.707106781187));
#1837 = DIRECTION('',(0.,-0.707106781187,-0.707106781187));
#1838 = ADVANCED_FACE('',(#1839),#1864,.T.);
#1839 = FACE_BOUND('',#1840,.T.);
#1840 = EDGE_LOOP('',(#1841,#1851,#1857,#1858));
#1841 = ORIENTED_EDGE('',*,*,#1842,.T.);
#1842 = EDGE_CURVE('',#1843,#1845,#1847,.T.);
#1843 = VERTEX_POINT('',#1844);
#1844 = CARTESIAN_POINT('',(4.04,1.27,4.826));
#1845 = VERTEX_POINT('',#1846);
#1846 = CARTESIAN_POINT('',(6.58,1.27,4.826));
#1847 = LINE('',#1848,#1849);
#1848 = CARTESIAN_POINT('',(4.04,1.27,4.826));
#1849 = VECTOR('',#1850,1.);
#1850 = DIRECTION('',(1.,0.,0.));
#1851 = ORIENTED_EDGE('',*,*,#1852,.T.);
#1852 = EDGE_CURVE('',#1845,#1805,#1853,.T.);
#1853 = LINE('',#1854,#1855);
#1854 = CARTESIAN_POINT('',(6.58,1.27,4.826));
#1855 = VECTOR('',#1856,1.);
#1856 = DIRECTION('',(0.,0.,-1.));
#1857 = ORIENTED_EDGE('',*,*,#1802,.F.);
#1858 = ORIENTED_EDGE('',*,*,#1859,.F.);
#1859 = EDGE_CURVE('',#1843,#1803,#1860,.T.);
#1860 = LINE('',#1861,#1862);
#1861 = CARTESIAN_POINT('',(4.04,1.27,4.826));
#1862 = VECTOR('',#1863,1.);
#1863 = DIRECTION('',(0.,0.,-1.));
#1864 = PLANE('',#1865);
#1865 = AXIS2_PLACEMENT_3D('',#1866,#1867,#1868);
#1866 = CARTESIAN_POINT('',(4.04,1.27,4.826));
#1867 = DIRECTION('',(0.,1.,0.));
#1868 = DIRECTION('',(0.,0.,-1.));
#1869 = ADVANCED_FACE('',(#1870),#1895,.T.);
#1870 = FACE_BOUND('',#1871,.T.);
#1871 = EDGE_LOOP('',(#1872,#1873,#1881,#1889));
#1872 = ORIENTED_EDGE('',*,*,#1820,.T.);
#1873 = ORIENTED_EDGE('',*,*,#1874,.T.);
#1874 = EDGE_CURVE('',#1813,#1875,#1877,.T.);
#1875 = VERTEX_POINT('',#1876);
#1876 = CARTESIAN_POINT('',(6.58,-1.016,0.));
#1877 = LINE('',#1878,#1879);
#1878 = CARTESIAN_POINT('',(6.58,1.016,0.));
#1879 = VECTOR('',#1880,1.);
#1880 = DIRECTION('',(0.,-1.,0.));
#1881 = ORIENTED_EDGE('',*,*,#1882,.F.);
#1882 = EDGE_CURVE('',#1883,#1875,#1885,.T.);
#1883 = VERTEX_POINT('',#1884);
#1884 = CARTESIAN_POINT('',(4.04,-1.016,0.));
#1885 = LINE('',#1886,#1887);
#1886 = CARTESIAN_POINT('',(4.04,-1.016,0.));
#1887 = VECTOR('',#1888,1.);
#1888 = DIRECTION('',(1.,0.,0.));
#1889 = ORIENTED_EDGE('',*,*,#1890,.F.);
#1890 = EDGE_CURVE('',#1821,#1883,#1891,.T.);
#1891 = LINE('',#1892,#1893);
#1892 = CARTESIAN_POINT('',(4.04,1.016,0.));
#1893 = VECTOR('',#1894,1.);
#1894 = DIRECTION('',(0.,-1.,0.));
#1895 = PLANE('',#1896);
#1896 = AXIS2_PLACEMENT_3D('',#1897,#1898,#1899);
#1897 = CARTESIAN_POINT('',(4.04,1.016,0.));
#1898 = DIRECTION('',(-0.,-0.,-1.));
#1899 = DIRECTION('',(0.,-1.,0.));
#1900 = ADVANCED_FACE('',(#1901,#2184,#2218,#2252,#2286,#2320,#2354,
    #2388,#2422,#2456,#2490,#2524,#2558),#2592,.T.);
#1901 = FACE_BOUND('',#1902,.T.);
#1902 = EDGE_LOOP('',(#1903,#1904,#1905,#1913,#1921,#1929,#1937,#1945,
    #1953,#1961,#1969,#1977,#1985,#1993,#2001,#2009,#2017,#2025,#2033,
    #2041,#2049,#2057,#2065,#2073,#2081,#2089,#2097,#2105,#2113,#2121,
    #2129,#2137,#2145,#2153,#2161,#2169,#2177,#2183));
#1903 = ORIENTED_EDGE('',*,*,#1828,.T.);
#1904 = ORIENTED_EDGE('',*,*,#1890,.T.);
#1905 = ORIENTED_EDGE('',*,*,#1906,.T.);
#1906 = EDGE_CURVE('',#1883,#1907,#1909,.T.);
#1907 = VERTEX_POINT('',#1908);
#1908 = CARTESIAN_POINT('',(4.04,-1.27,0.254));
#1909 = LINE('',#1910,#1911);
#1910 = CARTESIAN_POINT('',(4.04,-1.016,0.));
#1911 = VECTOR('',#1912,1.);
#1912 = DIRECTION('',(0.,-0.707106781187,0.707106781187));
#1913 = ORIENTED_EDGE('',*,*,#1914,.T.);
#1914 = EDGE_CURVE('',#1907,#1915,#1917,.T.);
#1915 = VERTEX_POINT('',#1916);
#1916 = CARTESIAN_POINT('',(4.04,-1.524,0.));
#1917 = LINE('',#1918,#1919);
#1918 = CARTESIAN_POINT('',(4.04,-1.27,0.254));
#1919 = VECTOR('',#1920,1.);
#1920 = DIRECTION('',(0.,-0.707106781187,-0.707106781187));
#1921 = ORIENTED_EDGE('',*,*,#1922,.T.);
#1922 = EDGE_CURVE('',#1915,#1923,#1925,.T.);
#1923 = VERTEX_POINT('',#1924);
#1924 = CARTESIAN_POINT('',(4.04,-3.556,0.));
#1925 = LINE('',#1926,#1927);
#1926 = CARTESIAN_POINT('',(4.04,-1.524,0.));
#1927 = VECTOR('',#1928,1.);
#1928 = DIRECTION('',(0.,-1.,0.));
#1929 = ORIENTED_EDGE('',*,*,#1930,.T.);
#1930 = EDGE_CURVE('',#1923,#1931,#1933,.T.);
#1931 = VERTEX_POINT('',#1932);
#1932 = CARTESIAN_POINT('',(4.04,-3.81,0.254));
#1933 = LINE('',#1934,#1935);
#1934 = CARTESIAN_POINT('',(4.04,-3.556,0.));
#1935 = VECTOR('',#1936,1.);
#1936 = DIRECTION('',(0.,-0.707106781187,0.707106781187));
#1937 = ORIENTED_EDGE('',*,*,#1938,.T.);
#1938 = EDGE_CURVE('',#1931,#1939,#1941,.T.);
#1939 = VERTEX_POINT('',#1940);
#1940 = CARTESIAN_POINT('',(4.04,-4.064,0.));
#1941 = LINE('',#1942,#1943);
#1942 = CARTESIAN_POINT('',(4.04,-3.81,0.254));
#1943 = VECTOR('',#1944,1.);
#1944 = DIRECTION('',(0.,-0.707106781187,-0.707106781187));
#1945 = ORIENTED_EDGE('',*,*,#1946,.T.);
#1946 = EDGE_CURVE('',#1939,#1947,#1949,.T.);
#1947 = VERTEX_POINT('',#1948);
#1948 = CARTESIAN_POINT('',(4.04,-6.096,0.));
#1949 = LINE('',#1950,#1951);
#1950 = CARTESIAN_POINT('',(4.04,-4.064,0.));
#1951 = VECTOR('',#1952,1.);
#1952 = DIRECTION('',(0.,-1.,0.));
#1953 = ORIENTED_EDGE('',*,*,#1954,.T.);
#1954 = EDGE_CURVE('',#1947,#1955,#1957,.T.);
#1955 = VERTEX_POINT('',#1956);
#1956 = CARTESIAN_POINT('',(4.04,-6.35,0.254));
#1957 = LINE('',#1958,#1959);
#1958 = CARTESIAN_POINT('',(4.04,-6.096,0.));
#1959 = VECTOR('',#1960,1.);
#1960 = DIRECTION('',(0.,-0.707106781187,0.707106781187));
#1961 = ORIENTED_EDGE('',*,*,#1962,.T.);
#1962 = EDGE_CURVE('',#1955,#1963,#1965,.T.);
#1963 = VERTEX_POINT('',#1964);
#1964 = CARTESIAN_POINT('',(4.04,-6.604,0.));
#1965 = LINE('',#1966,#1967);
#1966 = CARTESIAN_POINT('',(4.04,-6.35,0.254));
#1967 = VECTOR('',#1968,1.);
#1968 = DIRECTION('',(0.,-0.707106781187,-0.707106781187));
#1969 = ORIENTED_EDGE('',*,*,#1970,.T.);
#1970 = EDGE_CURVE('',#1963,#1971,#1973,.T.);
#1971 = VERTEX_POINT('',#1972);
#1972 = CARTESIAN_POINT('',(4.04,-8.636,0.));
#1973 = LINE('',#1974,#1975);
#1974 = CARTESIAN_POINT('',(4.04,-6.604,0.));
#1975 = VECTOR('',#1976,1.);
#1976 = DIRECTION('',(0.,-1.,0.));
#1977 = ORIENTED_EDGE('',*,*,#1978,.T.);
#1978 = EDGE_CURVE('',#1971,#1979,#1981,.T.);
#1979 = VERTEX_POINT('',#1980);
#1980 = CARTESIAN_POINT('',(4.04,-8.89,0.254));
#1981 = LINE('',#1982,#1983);
#1982 = CARTESIAN_POINT('',(4.04,-8.636,0.));
#1983 = VECTOR('',#1984,1.);
#1984 = DIRECTION('',(0.,-0.707106781187,0.707106781187));
#1985 = ORIENTED_EDGE('',*,*,#1986,.T.);
#1986 = EDGE_CURVE('',#1979,#1987,#1989,.T.);
#1987 = VERTEX_POINT('',#1988);
#1988 = CARTESIAN_POINT('',(4.04,-9.144,0.));
#1989 = LINE('',#1990,#1991);
#1990 = CARTESIAN_POINT('',(4.04,-8.89,0.254));
#1991 = VECTOR('',#1992,1.);
#1992 = DIRECTION('',(0.,-0.707106781187,-0.707106781187));
#1993 = ORIENTED_EDGE('',*,*,#1994,.T.);
#1994 = EDGE_CURVE('',#1987,#1995,#1997,.T.);
#1995 = VERTEX_POINT('',#1996);
#1996 = CARTESIAN_POINT('',(4.04,-11.176,0.));
#1997 = LINE('',#1998,#1999);
#1998 = CARTESIAN_POINT('',(4.04,-9.144,0.));
#1999 = VECTOR('',#2000,1.);
#2000 = DIRECTION('',(0.,-1.,0.));
#2001 = ORIENTED_EDGE('',*,*,#2002,.T.);
#2002 = EDGE_CURVE('',#1995,#2003,#2005,.T.);
#2003 = VERTEX_POINT('',#2004);
#2004 = CARTESIAN_POINT('',(4.04,-11.43,0.254));
#2005 = LINE('',#2006,#2007);
#2006 = CARTESIAN_POINT('',(4.04,-11.176,0.));
#2007 = VECTOR('',#2008,1.);
#2008 = DIRECTION('',(0.,-0.707106781187,0.707106781187));
#2009 = ORIENTED_EDGE('',*,*,#2010,.T.);
#2010 = EDGE_CURVE('',#2003,#2011,#2013,.T.);
#2011 = VERTEX_POINT('',#2012);
#2012 = CARTESIAN_POINT('',(4.04,-11.684,0.));
#2013 = LINE('',#2014,#2015);
#2014 = CARTESIAN_POINT('',(4.04,-11.43,0.254));
#2015 = VECTOR('',#2016,1.);
#2016 = DIRECTION('',(0.,-0.707106781187,-0.707106781187));
#2017 = ORIENTED_EDGE('',*,*,#2018,.T.);
#2018 = EDGE_CURVE('',#2011,#2019,#2021,.T.);
#2019 = VERTEX_POINT('',#2020);
#2020 = CARTESIAN_POINT('',(4.04,-13.716,0.));
#2021 = LINE('',#2022,#2023);
#2022 = CARTESIAN_POINT('',(4.04,-11.684,0.));
#2023 = VECTOR('',#2024,1.);
#2024 = DIRECTION('',(0.,-1.,0.));
#2025 = ORIENTED_EDGE('',*,*,#2026,.T.);
#2026 = EDGE_CURVE('',#2019,#2027,#2029,.T.);
#2027 = VERTEX_POINT('',#2028);
#2028 = CARTESIAN_POINT('',(4.04,-13.97,0.254));
#2029 = LINE('',#2030,#2031);
#2030 = CARTESIAN_POINT('',(4.04,-13.716,0.));
#2031 = VECTOR('',#2032,1.);
#2032 = DIRECTION('',(0.,-0.707106781187,0.707106781187));
#2033 = ORIENTED_EDGE('',*,*,#2034,.T.);
#2034 = EDGE_CURVE('',#2027,#2035,#2037,.T.);
#2035 = VERTEX_POINT('',#2036);
#2036 = CARTESIAN_POINT('',(4.04,-13.97,4.826));
#2037 = LINE('',#2038,#2039);
#2038 = CARTESIAN_POINT('',(4.04,-13.97,0.254));
#2039 = VECTOR('',#2040,1.);
#2040 = DIRECTION('',(0.,0.,1.));
#2041 = ORIENTED_EDGE('',*,*,#2042,.T.);
#2042 = EDGE_CURVE('',#2035,#2043,#2045,.T.);
#2043 = VERTEX_POINT('',#2044);
#2044 = CARTESIAN_POINT('',(4.04,-13.716,5.08));
#2045 = LINE('',#2046,#2047);
#2046 = CARTESIAN_POINT('',(4.04,-13.97,4.826));
#2047 = VECTOR('',#2048,1.);
#2048 = DIRECTION('',(0.,0.707106781187,0.707106781187));
#2049 = ORIENTED_EDGE('',*,*,#2050,.T.);
#2050 = EDGE_CURVE('',#2043,#2051,#2053,.T.);
#2051 = VERTEX_POINT('',#2052);
#2052 = CARTESIAN_POINT('',(4.04,-11.684,5.08));
#2053 = LINE('',#2054,#2055);
#2054 = CARTESIAN_POINT('',(4.04,-13.716,5.08));
#2055 = VECTOR('',#2056,1.);
#2056 = DIRECTION('',(0.,1.,0.));
#2057 = ORIENTED_EDGE('',*,*,#2058,.T.);
#2058 = EDGE_CURVE('',#2051,#2059,#2061,.T.);
#2059 = VERTEX_POINT('',#2060);
#2060 = CARTESIAN_POINT('',(4.04,-11.43,4.826));
#2061 = LINE('',#2062,#2063);
#2062 = CARTESIAN_POINT('',(4.04,-11.684,5.08));
#2063 = VECTOR('',#2064,1.);
#2064 = DIRECTION('',(0.,0.707106781187,-0.707106781187));
#2065 = ORIENTED_EDGE('',*,*,#2066,.T.);
#2066 = EDGE_CURVE('',#2059,#2067,#2069,.T.);
#2067 = VERTEX_POINT('',#2068);
#2068 = CARTESIAN_POINT('',(4.04,-11.176,5.08));
#2069 = LINE('',#2070,#2071);
#2070 = CARTESIAN_POINT('',(4.04,-11.43,4.826));
#2071 = VECTOR('',#2072,1.);
#2072 = DIRECTION('',(0.,0.707106781187,0.707106781187));
#2073 = ORIENTED_EDGE('',*,*,#2074,.T.);
#2074 = EDGE_CURVE('',#2067,#2075,#2077,.T.);
#2075 = VERTEX_POINT('',#2076);
#2076 = CARTESIAN_POINT('',(4.04,-9.144,5.08));
#2077 = LINE('',#2078,#2079);
#2078 = CARTESIAN_POINT('',(4.04,-11.176,5.08));
#2079 = VECTOR('',#2080,1.);
#2080 = DIRECTION('',(0.,1.,0.));
#2081 = ORIENTED_EDGE('',*,*,#2082,.T.);
#2082 = EDGE_CURVE('',#2075,#2083,#2085,.T.);
#2083 = VERTEX_POINT('',#2084);
#2084 = CARTESIAN_POINT('',(4.04,-8.89,4.826));
#2085 = LINE('',#2086,#2087);
#2086 = CARTESIAN_POINT('',(4.04,-9.144,5.08));
#2087 = VECTOR('',#2088,1.);
#2088 = DIRECTION('',(0.,0.707106781187,-0.707106781187));
#2089 = ORIENTED_EDGE('',*,*,#2090,.T.);
#2090 = EDGE_CURVE('',#2083,#2091,#2093,.T.);
#2091 = VERTEX_POINT('',#2092);
#2092 = CARTESIAN_POINT('',(4.04,-8.636,5.08));
#2093 = LINE('',#2094,#2095);
#2094 = CARTESIAN_POINT('',(4.04,-8.89,4.826));
#2095 = VECTOR('',#2096,1.);
#2096 = DIRECTION('',(0.,0.707106781187,0.707106781187));
#2097 = ORIENTED_EDGE('',*,*,#2098,.T.);
#2098 = EDGE_CURVE('',#2091,#2099,#2101,.T.);
#2099 = VERTEX_POINT('',#2100);
#2100 = CARTESIAN_POINT('',(4.04,-6.604,5.08));
#2101 = LINE('',#2102,#2103);
#2102 = CARTESIAN_POINT('',(4.04,-8.636,5.08));
#2103 = VECTOR('',#2104,1.);
#2104 = DIRECTION('',(0.,1.,0.));
#2105 = ORIENTED_EDGE('',*,*,#2106,.T.);
#2106 = EDGE_CURVE('',#2099,#2107,#2109,.T.);
#2107 = VERTEX_POINT('',#2108);
#2108 = CARTESIAN_POINT('',(4.04,-6.35,4.826));
#2109 = LINE('',#2110,#2111);
#2110 = CARTESIAN_POINT('',(4.04,-6.604,5.08));
#2111 = VECTOR('',#2112,1.);
#2112 = DIRECTION('',(0.,0.707106781187,-0.707106781187));
#2113 = ORIENTED_EDGE('',*,*,#2114,.T.);
#2114 = EDGE_CURVE('',#2107,#2115,#2117,.T.);
#2115 = VERTEX_POINT('',#2116);
#2116 = CARTESIAN_POINT('',(4.04,-6.096,5.08));
#2117 = LINE('',#2118,#2119);
#2118 = CARTESIAN_POINT('',(4.04,-6.35,4.826));
#2119 = VECTOR('',#2120,1.);
#2120 = DIRECTION('',(0.,0.707106781187,0.707106781187));
#2121 = ORIENTED_EDGE('',*,*,#2122,.T.);
#2122 = EDGE_CURVE('',#2115,#2123,#2125,.T.);
#2123 = VERTEX_POINT('',#2124);
#2124 = CARTESIAN_POINT('',(4.04,-4.064,5.08));
#2125 = LINE('',#2126,#2127);
#2126 = CARTESIAN_POINT('',(4.04,-6.096,5.08));
#2127 = VECTOR('',#2128,1.);
#2128 = DIRECTION('',(0.,1.,0.));
#2129 = ORIENTED_EDGE('',*,*,#2130,.T.);
#2130 = EDGE_CURVE('',#2123,#2131,#2133,.T.);
#2131 = VERTEX_POINT('',#2132);
#2132 = CARTESIAN_POINT('',(4.04,-3.81,4.826));
#2133 = LINE('',#2134,#2135);
#2134 = CARTESIAN_POINT('',(4.04,-4.064,5.08));
#2135 = VECTOR('',#2136,1.);
#2136 = DIRECTION('',(0.,0.707106781187,-0.707106781187));
#2137 = ORIENTED_EDGE('',*,*,#2138,.T.);
#2138 = EDGE_CURVE('',#2131,#2139,#2141,.T.);
#2139 = VERTEX_POINT('',#2140);
#2140 = CARTESIAN_POINT('',(4.04,-3.556,5.08));
#2141 = LINE('',#2142,#2143);
#2142 = CARTESIAN_POINT('',(4.04,-3.81,4.826));
#2143 = VECTOR('',#2144,1.);
#2144 = DIRECTION('',(0.,0.707106781187,0.707106781187));
#2145 = ORIENTED_EDGE('',*,*,#2146,.T.);
#2146 = EDGE_CURVE('',#2139,#2147,#2149,.T.);
#2147 = VERTEX_POINT('',#2148);
#2148 = CARTESIAN_POINT('',(4.04,-1.524,5.08));
#2149 = LINE('',#2150,#2151);
#2150 = CARTESIAN_POINT('',(4.04,-3.556,5.08));
#2151 = VECTOR('',#2152,1.);
#2152 = DIRECTION('',(0.,1.,0.));
#2153 = ORIENTED_EDGE('',*,*,#2154,.T.);
#2154 = EDGE_CURVE('',#2147,#2155,#2157,.T.);
#2155 = VERTEX_POINT('',#2156);
#2156 = CARTESIAN_POINT('',(4.04,-1.27,4.826));
#2157 = LINE('',#2158,#2159);
#2158 = CARTESIAN_POINT('',(4.04,-1.524,5.08));
#2159 = VECTOR('',#2160,1.);
#2160 = DIRECTION('',(0.,0.707106781187,-0.707106781187));
#2161 = ORIENTED_EDGE('',*,*,#2162,.T.);
#2162 = EDGE_CURVE('',#2155,#2163,#2165,.T.);
#2163 = VERTEX_POINT('',#2164);
#2164 = CARTESIAN_POINT('',(4.04,-1.016,5.08));
#2165 = LINE('',#2166,#2167);
#2166 = CARTESIAN_POINT('',(4.04,-1.27,4.826));
#2167 = VECTOR('',#2168,1.);
#2168 = DIRECTION('',(0.,0.707106781187,0.707106781187));
#2169 = ORIENTED_EDGE('',*,*,#2170,.T.);
#2170 = EDGE_CURVE('',#2163,#2171,#2173,.T.);
#2171 = VERTEX_POINT('',#2172);
#2172 = CARTESIAN_POINT('',(4.04,1.016,5.08));
#2173 = LINE('',#2174,#2175);
#2174 = CARTESIAN_POINT('',(4.04,-1.016,5.08));
#2175 = VECTOR('',#2176,1.);
#2176 = DIRECTION('',(0.,1.,0.));
#2177 = ORIENTED_EDGE('',*,*,#2178,.T.);
#2178 = EDGE_CURVE('',#2171,#1843,#2179,.T.);
#2179 = LINE('',#2180,#2181);
#2180 = CARTESIAN_POINT('',(4.04,1.016,5.08));
#2181 = VECTOR('',#2182,1.);
#2182 = DIRECTION('',(0.,0.707106781187,-0.707106781187));
#2183 = ORIENTED_EDGE('',*,*,#1859,.T.);
#2184 = FACE_BOUND('',#2185,.T.);
#2185 = EDGE_LOOP('',(#2186,#2196,#2204,#2212));
#2186 = ORIENTED_EDGE('',*,*,#2187,.F.);
#2187 = EDGE_CURVE('',#2188,#2190,#2192,.T.);
#2188 = VERTEX_POINT('',#2189);
#2189 = CARTESIAN_POINT('',(4.04,-10.48,4.13));
#2190 = VERTEX_POINT('',#2191);
#2191 = CARTESIAN_POINT('',(4.04,-9.84,4.13));
#2192 = LINE('',#2193,#2194);
#2193 = CARTESIAN_POINT('',(4.04,-8.095,4.13));
#2194 = VECTOR('',#2195,1.);
#2195 = DIRECTION('',(0.,1.,0.));
#2196 = ORIENTED_EDGE('',*,*,#2197,.T.);
#2197 = EDGE_CURVE('',#2188,#2198,#2200,.T.);
#2198 = VERTEX_POINT('',#2199);
#2199 = CARTESIAN_POINT('',(4.04,-10.48,3.49));
#2200 = LINE('',#2201,#2202);
#2201 = CARTESIAN_POINT('',(4.04,-10.48,2.545602845731));
#2202 = VECTOR('',#2203,1.);
#2203 = DIRECTION('',(0.,0.,-1.));
#2204 = ORIENTED_EDGE('',*,*,#2205,.F.);
#2205 = EDGE_CURVE('',#2206,#2198,#2208,.T.);
#2206 = VERTEX_POINT('',#2207);
#2207 = CARTESIAN_POINT('',(4.04,-9.84,3.49));
#2208 = LINE('',#2209,#2210);
#2209 = CARTESIAN_POINT('',(4.04,-8.095,3.49));
#2210 = VECTOR('',#2211,1.);
#2211 = DIRECTION('',(0.,-1.,0.));
#2212 = ORIENTED_EDGE('',*,*,#2213,.F.);
#2213 = EDGE_CURVE('',#2190,#2206,#2214,.T.);
#2214 = LINE('',#2215,#2216);
#2215 = CARTESIAN_POINT('',(4.04,-9.84,2.545602845731));
#2216 = VECTOR('',#2217,1.);
#2217 = DIRECTION('',(0.,0.,-1.));
#2218 = FACE_BOUND('',#2219,.T.);
#2219 = EDGE_LOOP('',(#2220,#2230,#2238,#2246));
#2220 = ORIENTED_EDGE('',*,*,#2221,.F.);
#2221 = EDGE_CURVE('',#2222,#2224,#2226,.T.);
#2222 = VERTEX_POINT('',#2223);
#2223 = CARTESIAN_POINT('',(4.04,-7.3,4.13));
#2224 = VERTEX_POINT('',#2225);
#2225 = CARTESIAN_POINT('',(4.04,-7.3,3.49));
#2226 = LINE('',#2227,#2228);
#2227 = CARTESIAN_POINT('',(4.04,-7.3,2.545602845731));
#2228 = VECTOR('',#2229,1.);
#2229 = DIRECTION('',(0.,0.,-1.));
#2230 = ORIENTED_EDGE('',*,*,#2231,.F.);
#2231 = EDGE_CURVE('',#2232,#2222,#2234,.T.);
#2232 = VERTEX_POINT('',#2233);
#2233 = CARTESIAN_POINT('',(4.04,-7.94,4.13));
#2234 = LINE('',#2235,#2236);
#2235 = CARTESIAN_POINT('',(4.04,-6.825,4.13));
#2236 = VECTOR('',#2237,1.);
#2237 = DIRECTION('',(0.,1.,0.));
#2238 = ORIENTED_EDGE('',*,*,#2239,.T.);
#2239 = EDGE_CURVE('',#2232,#2240,#2242,.T.);
#2240 = VERTEX_POINT('',#2241);
#2241 = CARTESIAN_POINT('',(4.04,-7.94,3.49));
#2242 = LINE('',#2243,#2244);
#2243 = CARTESIAN_POINT('',(4.04,-7.94,2.545602845731));
#2244 = VECTOR('',#2245,1.);
#2245 = DIRECTION('',(0.,0.,-1.));
#2246 = ORIENTED_EDGE('',*,*,#2247,.F.);
#2247 = EDGE_CURVE('',#2224,#2240,#2248,.T.);
#2248 = LINE('',#2249,#2250);
#2249 = CARTESIAN_POINT('',(4.04,-6.825,3.49));
#2250 = VECTOR('',#2251,1.);
#2251 = DIRECTION('',(0.,-1.,0.));
#2252 = FACE_BOUND('',#2253,.T.);
#2253 = EDGE_LOOP('',(#2254,#2264,#2272,#2280));
#2254 = ORIENTED_EDGE('',*,*,#2255,.F.);
#2255 = EDGE_CURVE('',#2256,#2258,#2260,.T.);
#2256 = VERTEX_POINT('',#2257);
#2257 = CARTESIAN_POINT('',(4.04,-2.86,4.13));
#2258 = VERTEX_POINT('',#2259);
#2259 = CARTESIAN_POINT('',(4.04,-2.22,4.13));
#2260 = LINE('',#2261,#2262);
#2261 = CARTESIAN_POINT('',(4.04,-4.285,4.13));
#2262 = VECTOR('',#2263,1.);
#2263 = DIRECTION('',(0.,1.,0.));
#2264 = ORIENTED_EDGE('',*,*,#2265,.T.);
#2265 = EDGE_CURVE('',#2256,#2266,#2268,.T.);
#2266 = VERTEX_POINT('',#2267);
#2267 = CARTESIAN_POINT('',(4.04,-2.86,3.49));
#2268 = LINE('',#2269,#2270);
#2269 = CARTESIAN_POINT('',(4.04,-2.86,2.545602845731));
#2270 = VECTOR('',#2271,1.);
#2271 = DIRECTION('',(0.,0.,-1.));
#2272 = ORIENTED_EDGE('',*,*,#2273,.F.);
#2273 = EDGE_CURVE('',#2274,#2266,#2276,.T.);
#2274 = VERTEX_POINT('',#2275);
#2275 = CARTESIAN_POINT('',(4.04,-2.22,3.49));
#2276 = LINE('',#2277,#2278);
#2277 = CARTESIAN_POINT('',(4.04,-4.285,3.49));
#2278 = VECTOR('',#2279,1.);
#2279 = DIRECTION('',(0.,-1.,0.));
#2280 = ORIENTED_EDGE('',*,*,#2281,.F.);
#2281 = EDGE_CURVE('',#2258,#2274,#2282,.T.);
#2282 = LINE('',#2283,#2284);
#2283 = CARTESIAN_POINT('',(4.04,-2.22,2.545602845731));
#2284 = VECTOR('',#2285,1.);
#2285 = DIRECTION('',(0.,0.,-1.));
#2286 = FACE_BOUND('',#2287,.T.);
#2287 = EDGE_LOOP('',(#2288,#2298,#2306,#2314));
#2288 = ORIENTED_EDGE('',*,*,#2289,.F.);
#2289 = EDGE_CURVE('',#2290,#2292,#2294,.T.);
#2290 = VERTEX_POINT('',#2291);
#2291 = CARTESIAN_POINT('',(4.04,-4.76,4.13));
#2292 = VERTEX_POINT('',#2293);
#2293 = CARTESIAN_POINT('',(4.04,-4.76,3.49));
#2294 = LINE('',#2295,#2296);
#2295 = CARTESIAN_POINT('',(4.04,-4.76,2.545602845731));
#2296 = VECTOR('',#2297,1.);
#2297 = DIRECTION('',(0.,0.,-1.));
#2298 = ORIENTED_EDGE('',*,*,#2299,.F.);
#2299 = EDGE_CURVE('',#2300,#2290,#2302,.T.);
#2300 = VERTEX_POINT('',#2301);
#2301 = CARTESIAN_POINT('',(4.04,-5.4,4.13));
#2302 = LINE('',#2303,#2304);
#2303 = CARTESIAN_POINT('',(4.04,-5.555,4.13));
#2304 = VECTOR('',#2305,1.);
#2305 = DIRECTION('',(0.,1.,0.));
#2306 = ORIENTED_EDGE('',*,*,#2307,.T.);
#2307 = EDGE_CURVE('',#2300,#2308,#2310,.T.);
#2308 = VERTEX_POINT('',#2309);
#2309 = CARTESIAN_POINT('',(4.04,-5.4,3.49));
#2310 = LINE('',#2311,#2312);
#2311 = CARTESIAN_POINT('',(4.04,-5.4,2.545602845731));
#2312 = VECTOR('',#2313,1.);
#2313 = DIRECTION('',(0.,0.,-1.));
#2314 = ORIENTED_EDGE('',*,*,#2315,.F.);
#2315 = EDGE_CURVE('',#2292,#2308,#2316,.T.);
#2316 = LINE('',#2317,#2318);
#2317 = CARTESIAN_POINT('',(4.04,-5.555,3.49));
#2318 = VECTOR('',#2319,1.);
#2319 = DIRECTION('',(0.,-1.,0.));
#2320 = FACE_BOUND('',#2321,.T.);
#2321 = EDGE_LOOP('',(#2322,#2332,#2340,#2348));
#2322 = ORIENTED_EDGE('',*,*,#2323,.F.);
#2323 = EDGE_CURVE('',#2324,#2326,#2328,.T.);
#2324 = VERTEX_POINT('',#2325);
#2325 = CARTESIAN_POINT('',(4.04,-12.38,3.49));
#2326 = VERTEX_POINT('',#2327);
#2327 = CARTESIAN_POINT('',(4.04,-13.02,3.49));
#2328 = LINE('',#2329,#2330);
#2329 = CARTESIAN_POINT('',(4.04,-9.365,3.49));
#2330 = VECTOR('',#2331,1.);
#2331 = DIRECTION('',(0.,-1.,0.));
#2332 = ORIENTED_EDGE('',*,*,#2333,.F.);
#2333 = EDGE_CURVE('',#2334,#2324,#2336,.T.);
#2334 = VERTEX_POINT('',#2335);
#2335 = CARTESIAN_POINT('',(4.04,-12.38,4.13));
#2336 = LINE('',#2337,#2338);
#2337 = CARTESIAN_POINT('',(4.04,-12.38,2.545602845731));
#2338 = VECTOR('',#2339,1.);
#2339 = DIRECTION('',(0.,0.,-1.));
#2340 = ORIENTED_EDGE('',*,*,#2341,.F.);
#2341 = EDGE_CURVE('',#2342,#2334,#2344,.T.);
#2342 = VERTEX_POINT('',#2343);
#2343 = CARTESIAN_POINT('',(4.04,-13.02,4.13));
#2344 = LINE('',#2345,#2346);
#2345 = CARTESIAN_POINT('',(4.04,-9.365,4.13));
#2346 = VECTOR('',#2347,1.);
#2347 = DIRECTION('',(0.,1.,0.));
#2348 = ORIENTED_EDGE('',*,*,#2349,.T.);
#2349 = EDGE_CURVE('',#2342,#2326,#2350,.T.);
#2350 = LINE('',#2351,#2352);
#2351 = CARTESIAN_POINT('',(4.04,-13.02,2.545602845731));
#2352 = VECTOR('',#2353,1.);
#2353 = DIRECTION('',(0.,0.,-1.));
#2354 = FACE_BOUND('',#2355,.T.);
#2355 = EDGE_LOOP('',(#2356,#2366,#2374,#2382));
#2356 = ORIENTED_EDGE('',*,*,#2357,.F.);
#2357 = EDGE_CURVE('',#2358,#2360,#2362,.T.);
#2358 = VERTEX_POINT('',#2359);
#2359 = CARTESIAN_POINT('',(4.04,-10.48,1.59));
#2360 = VERTEX_POINT('',#2361);
#2361 = CARTESIAN_POINT('',(4.04,-9.84,1.59));
#2362 = LINE('',#2363,#2364);
#2363 = CARTESIAN_POINT('',(4.04,-8.095,1.59));
#2364 = VECTOR('',#2365,1.);
#2365 = DIRECTION('',(0.,1.,0.));
#2366 = ORIENTED_EDGE('',*,*,#2367,.T.);
#2367 = EDGE_CURVE('',#2358,#2368,#2370,.T.);
#2368 = VERTEX_POINT('',#2369);
#2369 = CARTESIAN_POINT('',(4.04,-10.48,0.95));
#2370 = LINE('',#2371,#2372);
#2371 = CARTESIAN_POINT('',(4.04,-10.48,1.559540133779));
#2372 = VECTOR('',#2373,1.);
#2373 = DIRECTION('',(0.,-1.161915124245E-33,-1.));
#2374 = ORIENTED_EDGE('',*,*,#2375,.F.);
#2375 = EDGE_CURVE('',#2376,#2368,#2378,.T.);
#2376 = VERTEX_POINT('',#2377);
#2377 = CARTESIAN_POINT('',(4.04,-9.84,0.95));
#2378 = LINE('',#2379,#2380);
#2379 = CARTESIAN_POINT('',(4.04,-8.095,0.95));
#2380 = VECTOR('',#2381,1.);
#2381 = DIRECTION('',(0.,-1.,0.));
#2382 = ORIENTED_EDGE('',*,*,#2383,.F.);
#2383 = EDGE_CURVE('',#2360,#2376,#2384,.T.);
#2384 = LINE('',#2385,#2386);
#2385 = CARTESIAN_POINT('',(4.04,-9.84,1.559540133779));
#2386 = VECTOR('',#2387,1.);
#2387 = DIRECTION('',(0.,-1.161915124245E-33,-1.));
#2388 = FACE_BOUND('',#2389,.T.);
#2389 = EDGE_LOOP('',(#2390,#2400,#2408,#2416));
#2390 = ORIENTED_EDGE('',*,*,#2391,.F.);
#2391 = EDGE_CURVE('',#2392,#2394,#2396,.T.);
#2392 = VERTEX_POINT('',#2393);
#2393 = CARTESIAN_POINT('',(4.04,-7.94,1.59));
#2394 = VERTEX_POINT('',#2395);
#2395 = CARTESIAN_POINT('',(4.04,-7.3,1.59));
#2396 = LINE('',#2397,#2398);
#2397 = CARTESIAN_POINT('',(4.04,-6.825,1.59));
#2398 = VECTOR('',#2399,1.);
#2399 = DIRECTION('',(0.,1.,0.));
#2400 = ORIENTED_EDGE('',*,*,#2401,.T.);
#2401 = EDGE_CURVE('',#2392,#2402,#2404,.T.);
#2402 = VERTEX_POINT('',#2403);
#2403 = CARTESIAN_POINT('',(4.04,-7.94,0.95));
#2404 = LINE('',#2405,#2406);
#2405 = CARTESIAN_POINT('',(4.04,-7.94,1.559540133779));
#2406 = VECTOR('',#2407,1.);
#2407 = DIRECTION('',(0.,-1.161915124245E-33,-1.));
#2408 = ORIENTED_EDGE('',*,*,#2409,.F.);
#2409 = EDGE_CURVE('',#2410,#2402,#2412,.T.);
#2410 = VERTEX_POINT('',#2411);
#2411 = CARTESIAN_POINT('',(4.04,-7.3,0.95));
#2412 = LINE('',#2413,#2414);
#2413 = CARTESIAN_POINT('',(4.04,-6.825,0.95));
#2414 = VECTOR('',#2415,1.);
#2415 = DIRECTION('',(0.,-1.,0.));
#2416 = ORIENTED_EDGE('',*,*,#2417,.F.);
#2417 = EDGE_CURVE('',#2394,#2410,#2418,.T.);
#2418 = LINE('',#2419,#2420);
#2419 = CARTESIAN_POINT('',(4.04,-7.3,1.559540133779));
#2420 = VECTOR('',#2421,1.);
#2421 = DIRECTION('',(0.,-1.161915124245E-33,-1.));
#2422 = FACE_BOUND('',#2423,.T.);
#2423 = EDGE_LOOP('',(#2424,#2434,#2442,#2450));
#2424 = ORIENTED_EDGE('',*,*,#2425,.F.);
#2425 = EDGE_CURVE('',#2426,#2428,#2430,.T.);
#2426 = VERTEX_POINT('',#2427);
#2427 = CARTESIAN_POINT('',(4.04,-2.86,1.59));
#2428 = VERTEX_POINT('',#2429);
#2429 = CARTESIAN_POINT('',(4.04,-2.22,1.59));
#2430 = LINE('',#2431,#2432);
#2431 = CARTESIAN_POINT('',(4.04,-4.285,1.59));
#2432 = VECTOR('',#2433,1.);
#2433 = DIRECTION('',(0.,1.,0.));
#2434 = ORIENTED_EDGE('',*,*,#2435,.T.);
#2435 = EDGE_CURVE('',#2426,#2436,#2438,.T.);
#2436 = VERTEX_POINT('',#2437);
#2437 = CARTESIAN_POINT('',(4.04,-2.86,0.95));
#2438 = LINE('',#2439,#2440);
#2439 = CARTESIAN_POINT('',(4.04,-2.86,1.559540133779));
#2440 = VECTOR('',#2441,1.);
#2441 = DIRECTION('',(0.,-1.161915124245E-33,-1.));
#2442 = ORIENTED_EDGE('',*,*,#2443,.F.);
#2443 = EDGE_CURVE('',#2444,#2436,#2446,.T.);
#2444 = VERTEX_POINT('',#2445);
#2445 = CARTESIAN_POINT('',(4.04,-2.22,0.95));
#2446 = LINE('',#2447,#2448);
#2447 = CARTESIAN_POINT('',(4.04,-4.285,0.95));
#2448 = VECTOR('',#2449,1.);
#2449 = DIRECTION('',(0.,-1.,0.));
#2450 = ORIENTED_EDGE('',*,*,#2451,.F.);
#2451 = EDGE_CURVE('',#2428,#2444,#2452,.T.);
#2452 = LINE('',#2453,#2454);
#2453 = CARTESIAN_POINT('',(4.04,-2.22,1.559540133779));
#2454 = VECTOR('',#2455,1.);
#2455 = DIRECTION('',(0.,-1.161915124245E-33,-1.));
#2456 = FACE_BOUND('',#2457,.T.);
#2457 = EDGE_LOOP('',(#2458,#2468,#2476,#2484));
#2458 = ORIENTED_EDGE('',*,*,#2459,.F.);
#2459 = EDGE_CURVE('',#2460,#2462,#2464,.T.);
#2460 = VERTEX_POINT('',#2461);
#2461 = CARTESIAN_POINT('',(4.04,-4.76,1.59));
#2462 = VERTEX_POINT('',#2463);
#2463 = CARTESIAN_POINT('',(4.04,-4.76,0.95));
#2464 = LINE('',#2465,#2466);
#2465 = CARTESIAN_POINT('',(4.04,-4.76,1.559540133779));
#2466 = VECTOR('',#2467,1.);
#2467 = DIRECTION('',(0.,-1.161915124245E-33,-1.));
#2468 = ORIENTED_EDGE('',*,*,#2469,.F.);
#2469 = EDGE_CURVE('',#2470,#2460,#2472,.T.);
#2470 = VERTEX_POINT('',#2471);
#2471 = CARTESIAN_POINT('',(4.04,-5.4,1.59));
#2472 = LINE('',#2473,#2474);
#2473 = CARTESIAN_POINT('',(4.04,-5.555,1.59));
#2474 = VECTOR('',#2475,1.);
#2475 = DIRECTION('',(0.,1.,0.));
#2476 = ORIENTED_EDGE('',*,*,#2477,.T.);
#2477 = EDGE_CURVE('',#2470,#2478,#2480,.T.);
#2478 = VERTEX_POINT('',#2479);
#2479 = CARTESIAN_POINT('',(4.04,-5.4,0.95));
#2480 = LINE('',#2481,#2482);
#2481 = CARTESIAN_POINT('',(4.04,-5.4,1.559540133779));
#2482 = VECTOR('',#2483,1.);
#2483 = DIRECTION('',(0.,-1.161915124245E-33,-1.));
#2484 = ORIENTED_EDGE('',*,*,#2485,.F.);
#2485 = EDGE_CURVE('',#2462,#2478,#2486,.T.);
#2486 = LINE('',#2487,#2488);
#2487 = CARTESIAN_POINT('',(4.04,-5.555,0.95));
#2488 = VECTOR('',#2489,1.);
#2489 = DIRECTION('',(0.,-1.,0.));
#2490 = FACE_BOUND('',#2491,.T.);
#2491 = EDGE_LOOP('',(#2492,#2502,#2510,#2518));
#2492 = ORIENTED_EDGE('',*,*,#2493,.F.);
#2493 = EDGE_CURVE('',#2494,#2496,#2498,.T.);
#2494 = VERTEX_POINT('',#2495);
#2495 = CARTESIAN_POINT('',(4.04,-12.38,1.59));
#2496 = VERTEX_POINT('',#2497);
#2497 = CARTESIAN_POINT('',(4.04,-12.38,0.95));
#2498 = LINE('',#2499,#2500);
#2499 = CARTESIAN_POINT('',(4.04,-12.38,1.559540133779));
#2500 = VECTOR('',#2501,1.);
#2501 = DIRECTION('',(0.,-1.161915124245E-33,-1.));
#2502 = ORIENTED_EDGE('',*,*,#2503,.F.);
#2503 = EDGE_CURVE('',#2504,#2494,#2506,.T.);
#2504 = VERTEX_POINT('',#2505);
#2505 = CARTESIAN_POINT('',(4.04,-13.02,1.59));
#2506 = LINE('',#2507,#2508);
#2507 = CARTESIAN_POINT('',(4.04,-9.365,1.59));
#2508 = VECTOR('',#2509,1.);
#2509 = DIRECTION('',(0.,1.,0.));
#2510 = ORIENTED_EDGE('',*,*,#2511,.T.);
#2511 = EDGE_CURVE('',#2504,#2512,#2514,.T.);
#2512 = VERTEX_POINT('',#2513);
#2513 = CARTESIAN_POINT('',(4.04,-13.02,0.95));
#2514 = LINE('',#2515,#2516);
#2515 = CARTESIAN_POINT('',(4.04,-13.02,1.559540133779));
#2516 = VECTOR('',#2517,1.);
#2517 = DIRECTION('',(0.,-1.161915124245E-33,-1.));
#2518 = ORIENTED_EDGE('',*,*,#2519,.F.);
#2519 = EDGE_CURVE('',#2496,#2512,#2520,.T.);
#2520 = LINE('',#2521,#2522);
#2521 = CARTESIAN_POINT('',(4.04,-9.365,0.95));
#2522 = VECTOR('',#2523,1.);
#2523 = DIRECTION('',(0.,-1.,0.));
#2524 = FACE_BOUND('',#2525,.T.);
#2525 = EDGE_LOOP('',(#2526,#2536,#2544,#2552));
#2526 = ORIENTED_EDGE('',*,*,#2527,.F.);
#2527 = EDGE_CURVE('',#2528,#2530,#2532,.T.);
#2528 = VERTEX_POINT('',#2529);
#2529 = CARTESIAN_POINT('',(4.04,0.32,4.13));
#2530 = VERTEX_POINT('',#2531);
#2531 = CARTESIAN_POINT('',(4.04,0.32,3.49));
#2532 = LINE('',#2533,#2534);
#2533 = CARTESIAN_POINT('',(4.04,0.32,2.545602845731));
#2534 = VECTOR('',#2535,1.);
#2535 = DIRECTION('',(0.,0.,-1.));
#2536 = ORIENTED_EDGE('',*,*,#2537,.F.);
#2537 = EDGE_CURVE('',#2538,#2528,#2540,.T.);
#2538 = VERTEX_POINT('',#2539);
#2539 = CARTESIAN_POINT('',(4.04,-0.32,4.13));
#2540 = LINE('',#2541,#2542);
#2541 = CARTESIAN_POINT('',(4.04,-3.015,4.13));
#2542 = VECTOR('',#2543,1.);
#2543 = DIRECTION('',(0.,1.,0.));
#2544 = ORIENTED_EDGE('',*,*,#2545,.T.);
#2545 = EDGE_CURVE('',#2538,#2546,#2548,.T.);
#2546 = VERTEX_POINT('',#2547);
#2547 = CARTESIAN_POINT('',(4.04,-0.32,3.49));
#2548 = LINE('',#2549,#2550);
#2549 = CARTESIAN_POINT('',(4.04,-0.32,2.545602845731));
#2550 = VECTOR('',#2551,1.);
#2551 = DIRECTION('',(0.,0.,-1.));
#2552 = ORIENTED_EDGE('',*,*,#2553,.F.);
#2553 = EDGE_CURVE('',#2530,#2546,#2554,.T.);
#2554 = LINE('',#2555,#2556);
#2555 = CARTESIAN_POINT('',(4.04,-3.015,3.49));
#2556 = VECTOR('',#2557,1.);
#2557 = DIRECTION('',(0.,-1.,0.));
#2558 = FACE_BOUND('',#2559,.T.);
#2559 = EDGE_LOOP('',(#2560,#2570,#2578,#2586));
#2560 = ORIENTED_EDGE('',*,*,#2561,.F.);
#2561 = EDGE_CURVE('',#2562,#2564,#2566,.T.);
#2562 = VERTEX_POINT('',#2563);
#2563 = CARTESIAN_POINT('',(4.04,-0.32,1.59));
#2564 = VERTEX_POINT('',#2565);
#2565 = CARTESIAN_POINT('',(4.04,0.32,1.59));
#2566 = LINE('',#2567,#2568);
#2567 = CARTESIAN_POINT('',(4.04,-3.015,1.59));
#2568 = VECTOR('',#2569,1.);
#2569 = DIRECTION('',(0.,1.,0.));
#2570 = ORIENTED_EDGE('',*,*,#2571,.T.);
#2571 = EDGE_CURVE('',#2562,#2572,#2574,.T.);
#2572 = VERTEX_POINT('',#2573);
#2573 = CARTESIAN_POINT('',(4.04,-0.32,0.95));
#2574 = LINE('',#2575,#2576);
#2575 = CARTESIAN_POINT('',(4.04,-0.32,1.559540133779));
#2576 = VECTOR('',#2577,1.);
#2577 = DIRECTION('',(0.,-1.161915124245E-33,-1.));
#2578 = ORIENTED_EDGE('',*,*,#2579,.F.);
#2579 = EDGE_CURVE('',#2580,#2572,#2582,.T.);
#2580 = VERTEX_POINT('',#2581);
#2581 = CARTESIAN_POINT('',(4.04,0.32,0.95));
#2582 = LINE('',#2583,#2584);
#2583 = CARTESIAN_POINT('',(4.04,-3.015,0.95));
#2584 = VECTOR('',#2585,1.);
#2585 = DIRECTION('',(0.,-1.,0.));
#2586 = ORIENTED_EDGE('',*,*,#2587,.F.);
#2587 = EDGE_CURVE('',#2564,#2580,#2588,.T.);
#2588 = LINE('',#2589,#2590);
#2589 = CARTESIAN_POINT('',(4.04,0.32,1.559540133779));
#2590 = VECTOR('',#2591,1.);
#2591 = DIRECTION('',(0.,-1.161915124245E-33,-1.));
#2592 = PLANE('',#2593);
#2593 = AXIS2_PLACEMENT_3D('',#2594,#2595,#2596);
#2594 = CARTESIAN_POINT('',(4.04,-6.35,2.54));
#2595 = DIRECTION('',(-1.,-0.,-0.));
#2596 = DIRECTION('',(0.,0.,-1.));
#2597 = ADVANCED_FACE('',(#2598,#2881,#2915,#2949,#2983,#3017,#3051,
    #3085,#3119,#3153,#3187,#3221,#3255),#3289,.F.);
#2598 = FACE_BOUND('',#2599,.F.);
#2599 = EDGE_LOOP('',(#2600,#2601,#2602,#2610,#2618,#2626,#2634,#2642,
    #2650,#2658,#2666,#2674,#2682,#2690,#2698,#2706,#2714,#2722,#2730,
    #2738,#2746,#2754,#2762,#2770,#2778,#2786,#2794,#2802,#2810,#2818,
    #2826,#2834,#2842,#2850,#2858,#2866,#2874,#2880));
#2600 = ORIENTED_EDGE('',*,*,#1812,.T.);
#2601 = ORIENTED_EDGE('',*,*,#1874,.T.);
#2602 = ORIENTED_EDGE('',*,*,#2603,.T.);
#2603 = EDGE_CURVE('',#1875,#2604,#2606,.T.);
#2604 = VERTEX_POINT('',#2605);
#2605 = CARTESIAN_POINT('',(6.58,-1.27,0.254));
#2606 = LINE('',#2607,#2608);
#2607 = CARTESIAN_POINT('',(6.58,-1.016,0.));
#2608 = VECTOR('',#2609,1.);
#2609 = DIRECTION('',(0.,-0.707106781187,0.707106781187));
#2610 = ORIENTED_EDGE('',*,*,#2611,.T.);
#2611 = EDGE_CURVE('',#2604,#2612,#2614,.T.);
#2612 = VERTEX_POINT('',#2613);
#2613 = CARTESIAN_POINT('',(6.58,-1.524,0.));
#2614 = LINE('',#2615,#2616);
#2615 = CARTESIAN_POINT('',(6.58,-1.27,0.254));
#2616 = VECTOR('',#2617,1.);
#2617 = DIRECTION('',(0.,-0.707106781187,-0.707106781187));
#2618 = ORIENTED_EDGE('',*,*,#2619,.T.);
#2619 = EDGE_CURVE('',#2612,#2620,#2622,.T.);
#2620 = VERTEX_POINT('',#2621);
#2621 = CARTESIAN_POINT('',(6.58,-3.556,0.));
#2622 = LINE('',#2623,#2624);
#2623 = CARTESIAN_POINT('',(6.58,-1.524,0.));
#2624 = VECTOR('',#2625,1.);
#2625 = DIRECTION('',(0.,-1.,0.));
#2626 = ORIENTED_EDGE('',*,*,#2627,.T.);
#2627 = EDGE_CURVE('',#2620,#2628,#2630,.T.);
#2628 = VERTEX_POINT('',#2629);
#2629 = CARTESIAN_POINT('',(6.58,-3.81,0.254));
#2630 = LINE('',#2631,#2632);
#2631 = CARTESIAN_POINT('',(6.58,-3.556,0.));
#2632 = VECTOR('',#2633,1.);
#2633 = DIRECTION('',(0.,-0.707106781187,0.707106781187));
#2634 = ORIENTED_EDGE('',*,*,#2635,.T.);
#2635 = EDGE_CURVE('',#2628,#2636,#2638,.T.);
#2636 = VERTEX_POINT('',#2637);
#2637 = CARTESIAN_POINT('',(6.58,-4.064,0.));
#2638 = LINE('',#2639,#2640);
#2639 = CARTESIAN_POINT('',(6.58,-3.81,0.254));
#2640 = VECTOR('',#2641,1.);
#2641 = DIRECTION('',(0.,-0.707106781187,-0.707106781187));
#2642 = ORIENTED_EDGE('',*,*,#2643,.T.);
#2643 = EDGE_CURVE('',#2636,#2644,#2646,.T.);
#2644 = VERTEX_POINT('',#2645);
#2645 = CARTESIAN_POINT('',(6.58,-6.096,0.));
#2646 = LINE('',#2647,#2648);
#2647 = CARTESIAN_POINT('',(6.58,-4.064,0.));
#2648 = VECTOR('',#2649,1.);
#2649 = DIRECTION('',(0.,-1.,0.));
#2650 = ORIENTED_EDGE('',*,*,#2651,.T.);
#2651 = EDGE_CURVE('',#2644,#2652,#2654,.T.);
#2652 = VERTEX_POINT('',#2653);
#2653 = CARTESIAN_POINT('',(6.58,-6.35,0.254));
#2654 = LINE('',#2655,#2656);
#2655 = CARTESIAN_POINT('',(6.58,-6.096,0.));
#2656 = VECTOR('',#2657,1.);
#2657 = DIRECTION('',(0.,-0.707106781187,0.707106781187));
#2658 = ORIENTED_EDGE('',*,*,#2659,.T.);
#2659 = EDGE_CURVE('',#2652,#2660,#2662,.T.);
#2660 = VERTEX_POINT('',#2661);
#2661 = CARTESIAN_POINT('',(6.58,-6.604,0.));
#2662 = LINE('',#2663,#2664);
#2663 = CARTESIAN_POINT('',(6.58,-6.35,0.254));
#2664 = VECTOR('',#2665,1.);
#2665 = DIRECTION('',(0.,-0.707106781187,-0.707106781187));
#2666 = ORIENTED_EDGE('',*,*,#2667,.T.);
#2667 = EDGE_CURVE('',#2660,#2668,#2670,.T.);
#2668 = VERTEX_POINT('',#2669);
#2669 = CARTESIAN_POINT('',(6.58,-8.636,0.));
#2670 = LINE('',#2671,#2672);
#2671 = CARTESIAN_POINT('',(6.58,-6.604,0.));
#2672 = VECTOR('',#2673,1.);
#2673 = DIRECTION('',(0.,-1.,0.));
#2674 = ORIENTED_EDGE('',*,*,#2675,.T.);
#2675 = EDGE_CURVE('',#2668,#2676,#2678,.T.);
#2676 = VERTEX_POINT('',#2677);
#2677 = CARTESIAN_POINT('',(6.58,-8.89,0.254));
#2678 = LINE('',#2679,#2680);
#2679 = CARTESIAN_POINT('',(6.58,-8.636,0.));
#2680 = VECTOR('',#2681,1.);
#2681 = DIRECTION('',(0.,-0.707106781187,0.707106781187));
#2682 = ORIENTED_EDGE('',*,*,#2683,.T.);
#2683 = EDGE_CURVE('',#2676,#2684,#2686,.T.);
#2684 = VERTEX_POINT('',#2685);
#2685 = CARTESIAN_POINT('',(6.58,-9.144,0.));
#2686 = LINE('',#2687,#2688);
#2687 = CARTESIAN_POINT('',(6.58,-8.89,0.254));
#2688 = VECTOR('',#2689,1.);
#2689 = DIRECTION('',(0.,-0.707106781187,-0.707106781187));
#2690 = ORIENTED_EDGE('',*,*,#2691,.T.);
#2691 = EDGE_CURVE('',#2684,#2692,#2694,.T.);
#2692 = VERTEX_POINT('',#2693);
#2693 = CARTESIAN_POINT('',(6.58,-11.176,0.));
#2694 = LINE('',#2695,#2696);
#2695 = CARTESIAN_POINT('',(6.58,-9.144,0.));
#2696 = VECTOR('',#2697,1.);
#2697 = DIRECTION('',(0.,-1.,0.));
#2698 = ORIENTED_EDGE('',*,*,#2699,.T.);
#2699 = EDGE_CURVE('',#2692,#2700,#2702,.T.);
#2700 = VERTEX_POINT('',#2701);
#2701 = CARTESIAN_POINT('',(6.58,-11.43,0.254));
#2702 = LINE('',#2703,#2704);
#2703 = CARTESIAN_POINT('',(6.58,-11.176,0.));
#2704 = VECTOR('',#2705,1.);
#2705 = DIRECTION('',(0.,-0.707106781187,0.707106781187));
#2706 = ORIENTED_EDGE('',*,*,#2707,.T.);
#2707 = EDGE_CURVE('',#2700,#2708,#2710,.T.);
#2708 = VERTEX_POINT('',#2709);
#2709 = CARTESIAN_POINT('',(6.58,-11.684,0.));
#2710 = LINE('',#2711,#2712);
#2711 = CARTESIAN_POINT('',(6.58,-11.43,0.254));
#2712 = VECTOR('',#2713,1.);
#2713 = DIRECTION('',(0.,-0.707106781187,-0.707106781187));
#2714 = ORIENTED_EDGE('',*,*,#2715,.T.);
#2715 = EDGE_CURVE('',#2708,#2716,#2718,.T.);
#2716 = VERTEX_POINT('',#2717);
#2717 = CARTESIAN_POINT('',(6.58,-13.716,0.));
#2718 = LINE('',#2719,#2720);
#2719 = CARTESIAN_POINT('',(6.58,-11.684,0.));
#2720 = VECTOR('',#2721,1.);
#2721 = DIRECTION('',(0.,-1.,0.));
#2722 = ORIENTED_EDGE('',*,*,#2723,.T.);
#2723 = EDGE_CURVE('',#2716,#2724,#2726,.T.);
#2724 = VERTEX_POINT('',#2725);
#2725 = CARTESIAN_POINT('',(6.58,-13.97,0.254));
#2726 = LINE('',#2727,#2728);
#2727 = CARTESIAN_POINT('',(6.58,-13.716,0.));
#2728 = VECTOR('',#2729,1.);
#2729 = DIRECTION('',(0.,-0.707106781187,0.707106781187));
#2730 = ORIENTED_EDGE('',*,*,#2731,.T.);
#2731 = EDGE_CURVE('',#2724,#2732,#2734,.T.);
#2732 = VERTEX_POINT('',#2733);
#2733 = CARTESIAN_POINT('',(6.58,-13.97,4.826));
#2734 = LINE('',#2735,#2736);
#2735 = CARTESIAN_POINT('',(6.58,-13.97,0.254));
#2736 = VECTOR('',#2737,1.);
#2737 = DIRECTION('',(0.,0.,1.));
#2738 = ORIENTED_EDGE('',*,*,#2739,.T.);
#2739 = EDGE_CURVE('',#2732,#2740,#2742,.T.);
#2740 = VERTEX_POINT('',#2741);
#2741 = CARTESIAN_POINT('',(6.58,-13.716,5.08));
#2742 = LINE('',#2743,#2744);
#2743 = CARTESIAN_POINT('',(6.58,-13.97,4.826));
#2744 = VECTOR('',#2745,1.);
#2745 = DIRECTION('',(0.,0.707106781187,0.707106781187));
#2746 = ORIENTED_EDGE('',*,*,#2747,.T.);
#2747 = EDGE_CURVE('',#2740,#2748,#2750,.T.);
#2748 = VERTEX_POINT('',#2749);
#2749 = CARTESIAN_POINT('',(6.58,-11.684,5.08));
#2750 = LINE('',#2751,#2752);
#2751 = CARTESIAN_POINT('',(6.58,-13.716,5.08));
#2752 = VECTOR('',#2753,1.);
#2753 = DIRECTION('',(0.,1.,0.));
#2754 = ORIENTED_EDGE('',*,*,#2755,.T.);
#2755 = EDGE_CURVE('',#2748,#2756,#2758,.T.);
#2756 = VERTEX_POINT('',#2757);
#2757 = CARTESIAN_POINT('',(6.58,-11.43,4.826));
#2758 = LINE('',#2759,#2760);
#2759 = CARTESIAN_POINT('',(6.58,-11.684,5.08));
#2760 = VECTOR('',#2761,1.);
#2761 = DIRECTION('',(0.,0.707106781187,-0.707106781187));
#2762 = ORIENTED_EDGE('',*,*,#2763,.T.);
#2763 = EDGE_CURVE('',#2756,#2764,#2766,.T.);
#2764 = VERTEX_POINT('',#2765);
#2765 = CARTESIAN_POINT('',(6.58,-11.176,5.08));
#2766 = LINE('',#2767,#2768);
#2767 = CARTESIAN_POINT('',(6.58,-11.43,4.826));
#2768 = VECTOR('',#2769,1.);
#2769 = DIRECTION('',(0.,0.707106781187,0.707106781187));
#2770 = ORIENTED_EDGE('',*,*,#2771,.T.);
#2771 = EDGE_CURVE('',#2764,#2772,#2774,.T.);
#2772 = VERTEX_POINT('',#2773);
#2773 = CARTESIAN_POINT('',(6.58,-9.144,5.08));
#2774 = LINE('',#2775,#2776);
#2775 = CARTESIAN_POINT('',(6.58,-11.176,5.08));
#2776 = VECTOR('',#2777,1.);
#2777 = DIRECTION('',(0.,1.,0.));
#2778 = ORIENTED_EDGE('',*,*,#2779,.T.);
#2779 = EDGE_CURVE('',#2772,#2780,#2782,.T.);
#2780 = VERTEX_POINT('',#2781);
#2781 = CARTESIAN_POINT('',(6.58,-8.89,4.826));
#2782 = LINE('',#2783,#2784);
#2783 = CARTESIAN_POINT('',(6.58,-9.144,5.08));
#2784 = VECTOR('',#2785,1.);
#2785 = DIRECTION('',(0.,0.707106781187,-0.707106781187));
#2786 = ORIENTED_EDGE('',*,*,#2787,.T.);
#2787 = EDGE_CURVE('',#2780,#2788,#2790,.T.);
#2788 = VERTEX_POINT('',#2789);
#2789 = CARTESIAN_POINT('',(6.58,-8.636,5.08));
#2790 = LINE('',#2791,#2792);
#2791 = CARTESIAN_POINT('',(6.58,-8.89,4.826));
#2792 = VECTOR('',#2793,1.);
#2793 = DIRECTION('',(0.,0.707106781187,0.707106781187));
#2794 = ORIENTED_EDGE('',*,*,#2795,.T.);
#2795 = EDGE_CURVE('',#2788,#2796,#2798,.T.);
#2796 = VERTEX_POINT('',#2797);
#2797 = CARTESIAN_POINT('',(6.58,-6.604,5.08));
#2798 = LINE('',#2799,#2800);
#2799 = CARTESIAN_POINT('',(6.58,-8.636,5.08));
#2800 = VECTOR('',#2801,1.);
#2801 = DIRECTION('',(0.,1.,0.));
#2802 = ORIENTED_EDGE('',*,*,#2803,.T.);
#2803 = EDGE_CURVE('',#2796,#2804,#2806,.T.);
#2804 = VERTEX_POINT('',#2805);
#2805 = CARTESIAN_POINT('',(6.58,-6.35,4.826));
#2806 = LINE('',#2807,#2808);
#2807 = CARTESIAN_POINT('',(6.58,-6.604,5.08));
#2808 = VECTOR('',#2809,1.);
#2809 = DIRECTION('',(0.,0.707106781187,-0.707106781187));
#2810 = ORIENTED_EDGE('',*,*,#2811,.T.);
#2811 = EDGE_CURVE('',#2804,#2812,#2814,.T.);
#2812 = VERTEX_POINT('',#2813);
#2813 = CARTESIAN_POINT('',(6.58,-6.096,5.08));
#2814 = LINE('',#2815,#2816);
#2815 = CARTESIAN_POINT('',(6.58,-6.35,4.826));
#2816 = VECTOR('',#2817,1.);
#2817 = DIRECTION('',(0.,0.707106781187,0.707106781187));
#2818 = ORIENTED_EDGE('',*,*,#2819,.T.);
#2819 = EDGE_CURVE('',#2812,#2820,#2822,.T.);
#2820 = VERTEX_POINT('',#2821);
#2821 = CARTESIAN_POINT('',(6.58,-4.064,5.08));
#2822 = LINE('',#2823,#2824);
#2823 = CARTESIAN_POINT('',(6.58,-6.096,5.08));
#2824 = VECTOR('',#2825,1.);
#2825 = DIRECTION('',(0.,1.,0.));
#2826 = ORIENTED_EDGE('',*,*,#2827,.T.);
#2827 = EDGE_CURVE('',#2820,#2828,#2830,.T.);
#2828 = VERTEX_POINT('',#2829);
#2829 = CARTESIAN_POINT('',(6.58,-3.81,4.826));
#2830 = LINE('',#2831,#2832);
#2831 = CARTESIAN_POINT('',(6.58,-4.064,5.08));
#2832 = VECTOR('',#2833,1.);
#2833 = DIRECTION('',(0.,0.707106781187,-0.707106781187));
#2834 = ORIENTED_EDGE('',*,*,#2835,.T.);
#2835 = EDGE_CURVE('',#2828,#2836,#2838,.T.);
#2836 = VERTEX_POINT('',#2837);
#2837 = CARTESIAN_POINT('',(6.58,-3.556,5.08));
#2838 = LINE('',#2839,#2840);
#2839 = CARTESIAN_POINT('',(6.58,-3.81,4.826));
#2840 = VECTOR('',#2841,1.);
#2841 = DIRECTION('',(0.,0.707106781187,0.707106781187));
#2842 = ORIENTED_EDGE('',*,*,#2843,.T.);
#2843 = EDGE_CURVE('',#2836,#2844,#2846,.T.);
#2844 = VERTEX_POINT('',#2845);
#2845 = CARTESIAN_POINT('',(6.58,-1.524,5.08));
#2846 = LINE('',#2847,#2848);
#2847 = CARTESIAN_POINT('',(6.58,-3.556,5.08));
#2848 = VECTOR('',#2849,1.);
#2849 = DIRECTION('',(0.,1.,0.));
#2850 = ORIENTED_EDGE('',*,*,#2851,.T.);
#2851 = EDGE_CURVE('',#2844,#2852,#2854,.T.);
#2852 = VERTEX_POINT('',#2853);
#2853 = CARTESIAN_POINT('',(6.58,-1.27,4.826));
#2854 = LINE('',#2855,#2856);
#2855 = CARTESIAN_POINT('',(6.58,-1.524,5.08));
#2856 = VECTOR('',#2857,1.);
#2857 = DIRECTION('',(0.,0.707106781187,-0.707106781187));
#2858 = ORIENTED_EDGE('',*,*,#2859,.T.);
#2859 = EDGE_CURVE('',#2852,#2860,#2862,.T.);
#2860 = VERTEX_POINT('',#2861);
#2861 = CARTESIAN_POINT('',(6.58,-1.016,5.08));
#2862 = LINE('',#2863,#2864);
#2863 = CARTESIAN_POINT('',(6.58,-1.27,4.826));
#2864 = VECTOR('',#2865,1.);
#2865 = DIRECTION('',(0.,0.707106781187,0.707106781187));
#2866 = ORIENTED_EDGE('',*,*,#2867,.T.);
#2867 = EDGE_CURVE('',#2860,#2868,#2870,.T.);
#2868 = VERTEX_POINT('',#2869);
#2869 = CARTESIAN_POINT('',(6.58,1.016,5.08));
#2870 = LINE('',#2871,#2872);
#2871 = CARTESIAN_POINT('',(6.58,-1.016,5.08));
#2872 = VECTOR('',#2873,1.);
#2873 = DIRECTION('',(0.,1.,0.));
#2874 = ORIENTED_EDGE('',*,*,#2875,.T.);
#2875 = EDGE_CURVE('',#2868,#1845,#2876,.T.);
#2876 = LINE('',#2877,#2878);
#2877 = CARTESIAN_POINT('',(6.58,1.016,5.08));
#2878 = VECTOR('',#2879,1.);
#2879 = DIRECTION('',(0.,0.707106781187,-0.707106781187));
#2880 = ORIENTED_EDGE('',*,*,#1852,.T.);
#2881 = FACE_BOUND('',#2882,.F.);
#2882 = EDGE_LOOP('',(#2883,#2893,#2901,#2909));
#2883 = ORIENTED_EDGE('',*,*,#2884,.F.);
#2884 = EDGE_CURVE('',#2885,#2887,#2889,.T.);
#2885 = VERTEX_POINT('',#2886);
#2886 = CARTESIAN_POINT('',(6.58,-10.48,4.13));
#2887 = VERTEX_POINT('',#2888);
#2888 = CARTESIAN_POINT('',(6.58,-9.84,4.13));
#2889 = LINE('',#2890,#2891);
#2890 = CARTESIAN_POINT('',(6.58,-8.095,4.13));
#2891 = VECTOR('',#2892,1.);
#2892 = DIRECTION('',(0.,1.,0.));
#2893 = ORIENTED_EDGE('',*,*,#2894,.T.);
#2894 = EDGE_CURVE('',#2885,#2895,#2897,.T.);
#2895 = VERTEX_POINT('',#2896);
#2896 = CARTESIAN_POINT('',(6.58,-10.48,3.49));
#2897 = LINE('',#2898,#2899);
#2898 = CARTESIAN_POINT('',(6.58,-10.48,2.545602845731));
#2899 = VECTOR('',#2900,1.);
#2900 = DIRECTION('',(0.,0.,-1.));
#2901 = ORIENTED_EDGE('',*,*,#2902,.F.);
#2902 = EDGE_CURVE('',#2903,#2895,#2905,.T.);
#2903 = VERTEX_POINT('',#2904);
#2904 = CARTESIAN_POINT('',(6.58,-9.84,3.49));
#2905 = LINE('',#2906,#2907);
#2906 = CARTESIAN_POINT('',(6.58,-8.095,3.49));
#2907 = VECTOR('',#2908,1.);
#2908 = DIRECTION('',(0.,-1.,0.));
#2909 = ORIENTED_EDGE('',*,*,#2910,.F.);
#2910 = EDGE_CURVE('',#2887,#2903,#2911,.T.);
#2911 = LINE('',#2912,#2913);
#2912 = CARTESIAN_POINT('',(6.58,-9.84,2.545602845731));
#2913 = VECTOR('',#2914,1.);
#2914 = DIRECTION('',(0.,0.,-1.));
#2915 = FACE_BOUND('',#2916,.F.);
#2916 = EDGE_LOOP('',(#2917,#2927,#2935,#2943));
#2917 = ORIENTED_EDGE('',*,*,#2918,.F.);
#2918 = EDGE_CURVE('',#2919,#2921,#2923,.T.);
#2919 = VERTEX_POINT('',#2920);
#2920 = CARTESIAN_POINT('',(6.58,-7.3,4.13));
#2921 = VERTEX_POINT('',#2922);
#2922 = CARTESIAN_POINT('',(6.58,-7.3,3.49));
#2923 = LINE('',#2924,#2925);
#2924 = CARTESIAN_POINT('',(6.58,-7.3,2.545602845731));
#2925 = VECTOR('',#2926,1.);
#2926 = DIRECTION('',(0.,0.,-1.));
#2927 = ORIENTED_EDGE('',*,*,#2928,.F.);
#2928 = EDGE_CURVE('',#2929,#2919,#2931,.T.);
#2929 = VERTEX_POINT('',#2930);
#2930 = CARTESIAN_POINT('',(6.58,-7.94,4.13));
#2931 = LINE('',#2932,#2933);
#2932 = CARTESIAN_POINT('',(6.58,-6.825,4.13));
#2933 = VECTOR('',#2934,1.);
#2934 = DIRECTION('',(0.,1.,0.));
#2935 = ORIENTED_EDGE('',*,*,#2936,.T.);
#2936 = EDGE_CURVE('',#2929,#2937,#2939,.T.);
#2937 = VERTEX_POINT('',#2938);
#2938 = CARTESIAN_POINT('',(6.58,-7.94,3.49));
#2939 = LINE('',#2940,#2941);
#2940 = CARTESIAN_POINT('',(6.58,-7.94,2.545602845731));
#2941 = VECTOR('',#2942,1.);
#2942 = DIRECTION('',(0.,0.,-1.));
#2943 = ORIENTED_EDGE('',*,*,#2944,.F.);
#2944 = EDGE_CURVE('',#2921,#2937,#2945,.T.);
#2945 = LINE('',#2946,#2947);
#2946 = CARTESIAN_POINT('',(6.58,-6.825,3.49));
#2947 = VECTOR('',#2948,1.);
#2948 = DIRECTION('',(0.,-1.,0.));
#2949 = FACE_BOUND('',#2950,.F.);
#2950 = EDGE_LOOP('',(#2951,#2961,#2969,#2977));
#2951 = ORIENTED_EDGE('',*,*,#2952,.F.);
#2952 = EDGE_CURVE('',#2953,#2955,#2957,.T.);
#2953 = VERTEX_POINT('',#2954);
#2954 = CARTESIAN_POINT('',(6.58,-2.86,4.13));
#2955 = VERTEX_POINT('',#2956);
#2956 = CARTESIAN_POINT('',(6.58,-2.22,4.13));
#2957 = LINE('',#2958,#2959);
#2958 = CARTESIAN_POINT('',(6.58,-4.285,4.13));
#2959 = VECTOR('',#2960,1.);
#2960 = DIRECTION('',(0.,1.,0.));
#2961 = ORIENTED_EDGE('',*,*,#2962,.T.);
#2962 = EDGE_CURVE('',#2953,#2963,#2965,.T.);
#2963 = VERTEX_POINT('',#2964);
#2964 = CARTESIAN_POINT('',(6.58,-2.86,3.49));
#2965 = LINE('',#2966,#2967);
#2966 = CARTESIAN_POINT('',(6.58,-2.86,2.545602845731));
#2967 = VECTOR('',#2968,1.);
#2968 = DIRECTION('',(0.,0.,-1.));
#2969 = ORIENTED_EDGE('',*,*,#2970,.F.);
#2970 = EDGE_CURVE('',#2971,#2963,#2973,.T.);
#2971 = VERTEX_POINT('',#2972);
#2972 = CARTESIAN_POINT('',(6.58,-2.22,3.49));
#2973 = LINE('',#2974,#2975);
#2974 = CARTESIAN_POINT('',(6.58,-4.285,3.49));
#2975 = VECTOR('',#2976,1.);
#2976 = DIRECTION('',(0.,-1.,0.));
#2977 = ORIENTED_EDGE('',*,*,#2978,.F.);
#2978 = EDGE_CURVE('',#2955,#2971,#2979,.T.);
#2979 = LINE('',#2980,#2981);
#2980 = CARTESIAN_POINT('',(6.58,-2.22,2.545602845731));
#2981 = VECTOR('',#2982,1.);
#2982 = DIRECTION('',(0.,0.,-1.));
#2983 = FACE_BOUND('',#2984,.F.);
#2984 = EDGE_LOOP('',(#2985,#2995,#3003,#3011));
#2985 = ORIENTED_EDGE('',*,*,#2986,.F.);
#2986 = EDGE_CURVE('',#2987,#2989,#2991,.T.);
#2987 = VERTEX_POINT('',#2988);
#2988 = CARTESIAN_POINT('',(6.58,-4.76,4.13));
#2989 = VERTEX_POINT('',#2990);
#2990 = CARTESIAN_POINT('',(6.58,-4.76,3.49));
#2991 = LINE('',#2992,#2993);
#2992 = CARTESIAN_POINT('',(6.58,-4.76,2.545602845731));
#2993 = VECTOR('',#2994,1.);
#2994 = DIRECTION('',(0.,0.,-1.));
#2995 = ORIENTED_EDGE('',*,*,#2996,.F.);
#2996 = EDGE_CURVE('',#2997,#2987,#2999,.T.);
#2997 = VERTEX_POINT('',#2998);
#2998 = CARTESIAN_POINT('',(6.58,-5.4,4.13));
#2999 = LINE('',#3000,#3001);
#3000 = CARTESIAN_POINT('',(6.58,-5.555,4.13));
#3001 = VECTOR('',#3002,1.);
#3002 = DIRECTION('',(0.,1.,0.));
#3003 = ORIENTED_EDGE('',*,*,#3004,.T.);
#3004 = EDGE_CURVE('',#2997,#3005,#3007,.T.);
#3005 = VERTEX_POINT('',#3006);
#3006 = CARTESIAN_POINT('',(6.58,-5.4,3.49));
#3007 = LINE('',#3008,#3009);
#3008 = CARTESIAN_POINT('',(6.58,-5.4,2.545602845731));
#3009 = VECTOR('',#3010,1.);
#3010 = DIRECTION('',(0.,0.,-1.));
#3011 = ORIENTED_EDGE('',*,*,#3012,.F.);
#3012 = EDGE_CURVE('',#2989,#3005,#3013,.T.);
#3013 = LINE('',#3014,#3015);
#3014 = CARTESIAN_POINT('',(6.58,-5.555,3.49));
#3015 = VECTOR('',#3016,1.);
#3016 = DIRECTION('',(0.,-1.,0.));
#3017 = FACE_BOUND('',#3018,.F.);
#3018 = EDGE_LOOP('',(#3019,#3029,#3037,#3045));
#3019 = ORIENTED_EDGE('',*,*,#3020,.F.);
#3020 = EDGE_CURVE('',#3021,#3023,#3025,.T.);
#3021 = VERTEX_POINT('',#3022);
#3022 = CARTESIAN_POINT('',(6.58,-12.38,3.49));
#3023 = VERTEX_POINT('',#3024);
#3024 = CARTESIAN_POINT('',(6.58,-13.02,3.49));
#3025 = LINE('',#3026,#3027);
#3026 = CARTESIAN_POINT('',(6.58,-9.365,3.49));
#3027 = VECTOR('',#3028,1.);
#3028 = DIRECTION('',(0.,-1.,0.));
#3029 = ORIENTED_EDGE('',*,*,#3030,.F.);
#3030 = EDGE_CURVE('',#3031,#3021,#3033,.T.);
#3031 = VERTEX_POINT('',#3032);
#3032 = CARTESIAN_POINT('',(6.58,-12.38,4.13));
#3033 = LINE('',#3034,#3035);
#3034 = CARTESIAN_POINT('',(6.58,-12.38,2.545602845731));
#3035 = VECTOR('',#3036,1.);
#3036 = DIRECTION('',(0.,0.,-1.));
#3037 = ORIENTED_EDGE('',*,*,#3038,.F.);
#3038 = EDGE_CURVE('',#3039,#3031,#3041,.T.);
#3039 = VERTEX_POINT('',#3040);
#3040 = CARTESIAN_POINT('',(6.58,-13.02,4.13));
#3041 = LINE('',#3042,#3043);
#3042 = CARTESIAN_POINT('',(6.58,-9.365,4.13));
#3043 = VECTOR('',#3044,1.);
#3044 = DIRECTION('',(0.,1.,0.));
#3045 = ORIENTED_EDGE('',*,*,#3046,.T.);
#3046 = EDGE_CURVE('',#3039,#3023,#3047,.T.);
#3047 = LINE('',#3048,#3049);
#3048 = CARTESIAN_POINT('',(6.58,-13.02,2.545602845731));
#3049 = VECTOR('',#3050,1.);
#3050 = DIRECTION('',(0.,0.,-1.));
#3051 = FACE_BOUND('',#3052,.F.);
#3052 = EDGE_LOOP('',(#3053,#3063,#3071,#3079));
#3053 = ORIENTED_EDGE('',*,*,#3054,.F.);
#3054 = EDGE_CURVE('',#3055,#3057,#3059,.T.);
#3055 = VERTEX_POINT('',#3056);
#3056 = CARTESIAN_POINT('',(6.58,-10.48,1.59));
#3057 = VERTEX_POINT('',#3058);
#3058 = CARTESIAN_POINT('',(6.58,-9.84,1.59));
#3059 = LINE('',#3060,#3061);
#3060 = CARTESIAN_POINT('',(6.58,-8.095,1.59));
#3061 = VECTOR('',#3062,1.);
#3062 = DIRECTION('',(0.,1.,0.));
#3063 = ORIENTED_EDGE('',*,*,#3064,.T.);
#3064 = EDGE_CURVE('',#3055,#3065,#3067,.T.);
#3065 = VERTEX_POINT('',#3066);
#3066 = CARTESIAN_POINT('',(6.58,-10.48,0.95));
#3067 = LINE('',#3068,#3069);
#3068 = CARTESIAN_POINT('',(6.58,-10.48,1.559540133779));
#3069 = VECTOR('',#3070,1.);
#3070 = DIRECTION('',(0.,-1.161915124245E-33,-1.));
#3071 = ORIENTED_EDGE('',*,*,#3072,.F.);
#3072 = EDGE_CURVE('',#3073,#3065,#3075,.T.);
#3073 = VERTEX_POINT('',#3074);
#3074 = CARTESIAN_POINT('',(6.58,-9.84,0.95));
#3075 = LINE('',#3076,#3077);
#3076 = CARTESIAN_POINT('',(6.58,-8.095,0.95));
#3077 = VECTOR('',#3078,1.);
#3078 = DIRECTION('',(0.,-1.,0.));
#3079 = ORIENTED_EDGE('',*,*,#3080,.F.);
#3080 = EDGE_CURVE('',#3057,#3073,#3081,.T.);
#3081 = LINE('',#3082,#3083);
#3082 = CARTESIAN_POINT('',(6.58,-9.84,1.559540133779));
#3083 = VECTOR('',#3084,1.);
#3084 = DIRECTION('',(0.,-1.161915124245E-33,-1.));
#3085 = FACE_BOUND('',#3086,.F.);
#3086 = EDGE_LOOP('',(#3087,#3097,#3105,#3113));
#3087 = ORIENTED_EDGE('',*,*,#3088,.F.);
#3088 = EDGE_CURVE('',#3089,#3091,#3093,.T.);
#3089 = VERTEX_POINT('',#3090);
#3090 = CARTESIAN_POINT('',(6.58,-7.94,1.59));
#3091 = VERTEX_POINT('',#3092);
#3092 = CARTESIAN_POINT('',(6.58,-7.3,1.59));
#3093 = LINE('',#3094,#3095);
#3094 = CARTESIAN_POINT('',(6.58,-6.825,1.59));
#3095 = VECTOR('',#3096,1.);
#3096 = DIRECTION('',(0.,1.,0.));
#3097 = ORIENTED_EDGE('',*,*,#3098,.T.);
#3098 = EDGE_CURVE('',#3089,#3099,#3101,.T.);
#3099 = VERTEX_POINT('',#3100);
#3100 = CARTESIAN_POINT('',(6.58,-7.94,0.95));
#3101 = LINE('',#3102,#3103);
#3102 = CARTESIAN_POINT('',(6.58,-7.94,1.559540133779));
#3103 = VECTOR('',#3104,1.);
#3104 = DIRECTION('',(0.,-1.161915124245E-33,-1.));
#3105 = ORIENTED_EDGE('',*,*,#3106,.F.);
#3106 = EDGE_CURVE('',#3107,#3099,#3109,.T.);
#3107 = VERTEX_POINT('',#3108);
#3108 = CARTESIAN_POINT('',(6.58,-7.3,0.95));
#3109 = LINE('',#3110,#3111);
#3110 = CARTESIAN_POINT('',(6.58,-6.825,0.95));
#3111 = VECTOR('',#3112,1.);
#3112 = DIRECTION('',(0.,-1.,0.));
#3113 = ORIENTED_EDGE('',*,*,#3114,.F.);
#3114 = EDGE_CURVE('',#3091,#3107,#3115,.T.);
#3115 = LINE('',#3116,#3117);
#3116 = CARTESIAN_POINT('',(6.58,-7.3,1.559540133779));
#3117 = VECTOR('',#3118,1.);
#3118 = DIRECTION('',(0.,-1.161915124245E-33,-1.));
#3119 = FACE_BOUND('',#3120,.F.);
#3120 = EDGE_LOOP('',(#3121,#3131,#3139,#3147));
#3121 = ORIENTED_EDGE('',*,*,#3122,.F.);
#3122 = EDGE_CURVE('',#3123,#3125,#3127,.T.);
#3123 = VERTEX_POINT('',#3124);
#3124 = CARTESIAN_POINT('',(6.58,-2.86,1.59));
#3125 = VERTEX_POINT('',#3126);
#3126 = CARTESIAN_POINT('',(6.58,-2.22,1.59));
#3127 = LINE('',#3128,#3129);
#3128 = CARTESIAN_POINT('',(6.58,-4.285,1.59));
#3129 = VECTOR('',#3130,1.);
#3130 = DIRECTION('',(0.,1.,0.));
#3131 = ORIENTED_EDGE('',*,*,#3132,.T.);
#3132 = EDGE_CURVE('',#3123,#3133,#3135,.T.);
#3133 = VERTEX_POINT('',#3134);
#3134 = CARTESIAN_POINT('',(6.58,-2.86,0.95));
#3135 = LINE('',#3136,#3137);
#3136 = CARTESIAN_POINT('',(6.58,-2.86,1.559540133779));
#3137 = VECTOR('',#3138,1.);
#3138 = DIRECTION('',(0.,-1.161915124245E-33,-1.));
#3139 = ORIENTED_EDGE('',*,*,#3140,.F.);
#3140 = EDGE_CURVE('',#3141,#3133,#3143,.T.);
#3141 = VERTEX_POINT('',#3142);
#3142 = CARTESIAN_POINT('',(6.58,-2.22,0.95));
#3143 = LINE('',#3144,#3145);
#3144 = CARTESIAN_POINT('',(6.58,-4.285,0.95));
#3145 = VECTOR('',#3146,1.);
#3146 = DIRECTION('',(0.,-1.,0.));
#3147 = ORIENTED_EDGE('',*,*,#3148,.F.);
#3148 = EDGE_CURVE('',#3125,#3141,#3149,.T.);
#3149 = LINE('',#3150,#3151);
#3150 = CARTESIAN_POINT('',(6.58,-2.22,1.559540133779));
#3151 = VECTOR('',#3152,1.);
#3152 = DIRECTION('',(0.,-1.161915124245E-33,-1.));
#3153 = FACE_BOUND('',#3154,.F.);
#3154 = EDGE_LOOP('',(#3155,#3165,#3173,#3181));
#3155 = ORIENTED_EDGE('',*,*,#3156,.F.);
#3156 = EDGE_CURVE('',#3157,#3159,#3161,.T.);
#3157 = VERTEX_POINT('',#3158);
#3158 = CARTESIAN_POINT('',(6.58,-4.76,1.59));
#3159 = VERTEX_POINT('',#3160);
#3160 = CARTESIAN_POINT('',(6.58,-4.76,0.95));
#3161 = LINE('',#3162,#3163);
#3162 = CARTESIAN_POINT('',(6.58,-4.76,1.559540133779));
#3163 = VECTOR('',#3164,1.);
#3164 = DIRECTION('',(0.,-1.161915124245E-33,-1.));
#3165 = ORIENTED_EDGE('',*,*,#3166,.F.);
#3166 = EDGE_CURVE('',#3167,#3157,#3169,.T.);
#3167 = VERTEX_POINT('',#3168);
#3168 = CARTESIAN_POINT('',(6.58,-5.4,1.59));
#3169 = LINE('',#3170,#3171);
#3170 = CARTESIAN_POINT('',(6.58,-5.555,1.59));
#3171 = VECTOR('',#3172,1.);
#3172 = DIRECTION('',(0.,1.,0.));
#3173 = ORIENTED_EDGE('',*,*,#3174,.T.);
#3174 = EDGE_CURVE('',#3167,#3175,#3177,.T.);
#3175 = VERTEX_POINT('',#3176);
#3176 = CARTESIAN_POINT('',(6.58,-5.4,0.95));
#3177 = LINE('',#3178,#3179);
#3178 = CARTESIAN_POINT('',(6.58,-5.4,1.559540133779));
#3179 = VECTOR('',#3180,1.);
#3180 = DIRECTION('',(0.,-1.161915124245E-33,-1.));
#3181 = ORIENTED_EDGE('',*,*,#3182,.F.);
#3182 = EDGE_CURVE('',#3159,#3175,#3183,.T.);
#3183 = LINE('',#3184,#3185);
#3184 = CARTESIAN_POINT('',(6.58,-5.555,0.95));
#3185 = VECTOR('',#3186,1.);
#3186 = DIRECTION('',(0.,-1.,0.));
#3187 = FACE_BOUND('',#3188,.F.);
#3188 = EDGE_LOOP('',(#3189,#3199,#3207,#3215));
#3189 = ORIENTED_EDGE('',*,*,#3190,.F.);
#3190 = EDGE_CURVE('',#3191,#3193,#3195,.T.);
#3191 = VERTEX_POINT('',#3192);
#3192 = CARTESIAN_POINT('',(6.58,-12.38,1.59));
#3193 = VERTEX_POINT('',#3194);
#3194 = CARTESIAN_POINT('',(6.58,-12.38,0.95));
#3195 = LINE('',#3196,#3197);
#3196 = CARTESIAN_POINT('',(6.58,-12.38,1.559540133779));
#3197 = VECTOR('',#3198,1.);
#3198 = DIRECTION('',(0.,-1.161915124245E-33,-1.));
#3199 = ORIENTED_EDGE('',*,*,#3200,.F.);
#3200 = EDGE_CURVE('',#3201,#3191,#3203,.T.);
#3201 = VERTEX_POINT('',#3202);
#3202 = CARTESIAN_POINT('',(6.58,-13.02,1.59));
#3203 = LINE('',#3204,#3205);
#3204 = CARTESIAN_POINT('',(6.58,-9.365,1.59));
#3205 = VECTOR('',#3206,1.);
#3206 = DIRECTION('',(0.,1.,0.));
#3207 = ORIENTED_EDGE('',*,*,#3208,.T.);
#3208 = EDGE_CURVE('',#3201,#3209,#3211,.T.);
#3209 = VERTEX_POINT('',#3210);
#3210 = CARTESIAN_POINT('',(6.58,-13.02,0.95));
#3211 = LINE('',#3212,#3213);
#3212 = CARTESIAN_POINT('',(6.58,-13.02,1.559540133779));
#3213 = VECTOR('',#3214,1.);
#3214 = DIRECTION('',(0.,-1.161915124245E-33,-1.));
#3215 = ORIENTED_EDGE('',*,*,#3216,.F.);
#3216 = EDGE_CURVE('',#3193,#3209,#3217,.T.);
#3217 = LINE('',#3218,#3219);
#3218 = CARTESIAN_POINT('',(6.58,-9.365,0.95));
#3219 = VECTOR('',#3220,1.);
#3220 = DIRECTION('',(0.,-1.,0.));
#3221 = FACE_BOUND('',#3222,.F.);
#3222 = EDGE_LOOP('',(#3223,#3233,#3241,#3249));
#3223 = ORIENTED_EDGE('',*,*,#3224,.F.);
#3224 = EDGE_CURVE('',#3225,#3227,#3229,.T.);
#3225 = VERTEX_POINT('',#3226);
#3226 = CARTESIAN_POINT('',(6.58,0.32,4.13));
#3227 = VERTEX_POINT('',#3228);
#3228 = CARTESIAN_POINT('',(6.58,0.32,3.49));
#3229 = LINE('',#3230,#3231);
#3230 = CARTESIAN_POINT('',(6.58,0.32,2.545602845731));
#3231 = VECTOR('',#3232,1.);
#3232 = DIRECTION('',(0.,0.,-1.));
#3233 = ORIENTED_EDGE('',*,*,#3234,.F.);
#3234 = EDGE_CURVE('',#3235,#3225,#3237,.T.);
#3235 = VERTEX_POINT('',#3236);
#3236 = CARTESIAN_POINT('',(6.58,-0.32,4.13));
#3237 = LINE('',#3238,#3239);
#3238 = CARTESIAN_POINT('',(6.58,-3.015,4.13));
#3239 = VECTOR('',#3240,1.);
#3240 = DIRECTION('',(0.,1.,0.));
#3241 = ORIENTED_EDGE('',*,*,#3242,.T.);
#3242 = EDGE_CURVE('',#3235,#3243,#3245,.T.);
#3243 = VERTEX_POINT('',#3244);
#3244 = CARTESIAN_POINT('',(6.58,-0.32,3.49));
#3245 = LINE('',#3246,#3247);
#3246 = CARTESIAN_POINT('',(6.58,-0.32,2.545602845731));
#3247 = VECTOR('',#3248,1.);
#3248 = DIRECTION('',(0.,0.,-1.));
#3249 = ORIENTED_EDGE('',*,*,#3250,.F.);
#3250 = EDGE_CURVE('',#3227,#3243,#3251,.T.);
#3251 = LINE('',#3252,#3253);
#3252 = CARTESIAN_POINT('',(6.58,-3.015,3.49));
#3253 = VECTOR('',#3254,1.);
#3254 = DIRECTION('',(0.,-1.,0.));
#3255 = FACE_BOUND('',#3256,.F.);
#3256 = EDGE_LOOP('',(#3257,#3267,#3275,#3283));
#3257 = ORIENTED_EDGE('',*,*,#3258,.F.);
#3258 = EDGE_CURVE('',#3259,#3261,#3263,.T.);
#3259 = VERTEX_POINT('',#3260);
#3260 = CARTESIAN_POINT('',(6.58,-0.32,1.59));
#3261 = VERTEX_POINT('',#3262);
#3262 = CARTESIAN_POINT('',(6.58,0.32,1.59));
#3263 = LINE('',#3264,#3265);
#3264 = CARTESIAN_POINT('',(6.58,-3.015,1.59));
#3265 = VECTOR('',#3266,1.);
#3266 = DIRECTION('',(0.,1.,0.));
#3267 = ORIENTED_EDGE('',*,*,#3268,.T.);
#3268 = EDGE_CURVE('',#3259,#3269,#3271,.T.);
#3269 = VERTEX_POINT('',#3270);
#3270 = CARTESIAN_POINT('',(6.58,-0.32,0.95));
#3271 = LINE('',#3272,#3273);
#3272 = CARTESIAN_POINT('',(6.58,-0.32,1.559540133779));
#3273 = VECTOR('',#3274,1.);
#3274 = DIRECTION('',(0.,-1.161915124245E-33,-1.));
#3275 = ORIENTED_EDGE('',*,*,#3276,.F.);
#3276 = EDGE_CURVE('',#3277,#3269,#3279,.T.);
#3277 = VERTEX_POINT('',#3278);
#3278 = CARTESIAN_POINT('',(6.58,0.32,0.95));
#3279 = LINE('',#3280,#3281);
#3280 = CARTESIAN_POINT('',(6.58,-3.015,0.95));
#3281 = VECTOR('',#3282,1.);
#3282 = DIRECTION('',(0.,-1.,0.));
#3283 = ORIENTED_EDGE('',*,*,#3284,.F.);
#3284 = EDGE_CURVE('',#3261,#3277,#3285,.T.);
#3285 = LINE('',#3286,#3287);
#3286 = CARTESIAN_POINT('',(6.58,0.32,1.559540133779));
#3287 = VECTOR('',#3288,1.);
#3288 = DIRECTION('',(0.,-1.161915124245E-33,-1.));
#3289 = PLANE('',#3290);
#3290 = AXIS2_PLACEMENT_3D('',#3291,#3292,#3293);
#3291 = CARTESIAN_POINT('',(6.58,-6.35,2.54));
#3292 = DIRECTION('',(-1.,-0.,-0.));
#3293 = DIRECTION('',(0.,0.,-1.));
#3294 = ADVANCED_FACE('',(#3295),#3306,.T.);
#3295 = FACE_BOUND('',#3296,.T.);
#3296 = EDGE_LOOP('',(#3297,#3303,#3304,#3305));
#3297 = ORIENTED_EDGE('',*,*,#3298,.T.);
#3298 = EDGE_CURVE('',#2171,#2868,#3299,.T.);
#3299 = LINE('',#3300,#3301);
#3300 = CARTESIAN_POINT('',(4.04,1.016,5.08));
#3301 = VECTOR('',#3302,1.);
#3302 = DIRECTION('',(1.,0.,0.));
#3303 = ORIENTED_EDGE('',*,*,#2875,.T.);
#3304 = ORIENTED_EDGE('',*,*,#1842,.F.);
#3305 = ORIENTED_EDGE('',*,*,#2178,.F.);
#3306 = PLANE('',#3307);
#3307 = AXIS2_PLACEMENT_3D('',#3308,#3309,#3310);
#3308 = CARTESIAN_POINT('',(4.04,1.016,5.08));
#3309 = DIRECTION('',(0.,0.707106781187,0.707106781187));
#3310 = DIRECTION('',(0.,0.707106781187,-0.707106781187));
#3311 = ADVANCED_FACE('',(#3312),#3323,.T.);
#3312 = FACE_BOUND('',#3313,.T.);
#3313 = EDGE_LOOP('',(#3314,#3315,#3316,#3322));
#3314 = ORIENTED_EDGE('',*,*,#1882,.T.);
#3315 = ORIENTED_EDGE('',*,*,#2603,.T.);
#3316 = ORIENTED_EDGE('',*,*,#3317,.F.);
#3317 = EDGE_CURVE('',#1907,#2604,#3318,.T.);
#3318 = LINE('',#3319,#3320);
#3319 = CARTESIAN_POINT('',(4.04,-1.27,0.254));
#3320 = VECTOR('',#3321,1.);
#3321 = DIRECTION('',(1.,0.,0.));
#3322 = ORIENTED_EDGE('',*,*,#1906,.F.);
#3323 = PLANE('',#3324);
#3324 = AXIS2_PLACEMENT_3D('',#3325,#3326,#3327);
#3325 = CARTESIAN_POINT('',(4.04,-1.016,0.));
#3326 = DIRECTION('',(-0.,-0.707106781187,-0.707106781187));
#3327 = DIRECTION('',(0.,-0.707106781187,0.707106781187));
#3328 = ADVANCED_FACE('',(#3329),#3340,.T.);
#3329 = FACE_BOUND('',#3330,.T.);
#3330 = EDGE_LOOP('',(#3331,#3337,#3338,#3339));
#3331 = ORIENTED_EDGE('',*,*,#3332,.T.);
#3332 = EDGE_CURVE('',#2163,#2860,#3333,.T.);
#3333 = LINE('',#3334,#3335);
#3334 = CARTESIAN_POINT('',(4.04,-1.016,5.08));
#3335 = VECTOR('',#3336,1.);
#3336 = DIRECTION('',(1.,0.,0.));
#3337 = ORIENTED_EDGE('',*,*,#2867,.T.);
#3338 = ORIENTED_EDGE('',*,*,#3298,.F.);
#3339 = ORIENTED_EDGE('',*,*,#2170,.F.);
#3340 = PLANE('',#3341);
#3341 = AXIS2_PLACEMENT_3D('',#3342,#3343,#3344);
#3342 = CARTESIAN_POINT('',(4.04,-1.016,5.08));
#3343 = DIRECTION('',(0.,0.,1.));
#3344 = DIRECTION('',(0.,1.,0.));
#3345 = ADVANCED_FACE('',(#3346),#3357,.T.);
#3346 = FACE_BOUND('',#3347,.T.);
#3347 = EDGE_LOOP('',(#3348,#3349,#3350,#3356));
#3348 = ORIENTED_EDGE('',*,*,#3317,.T.);
#3349 = ORIENTED_EDGE('',*,*,#2611,.T.);
#3350 = ORIENTED_EDGE('',*,*,#3351,.F.);
#3351 = EDGE_CURVE('',#1915,#2612,#3352,.T.);
#3352 = LINE('',#3353,#3354);
#3353 = CARTESIAN_POINT('',(4.04,-1.524,0.));
#3354 = VECTOR('',#3355,1.);
#3355 = DIRECTION('',(1.,0.,0.));
#3356 = ORIENTED_EDGE('',*,*,#1914,.F.);
#3357 = PLANE('',#3358);
#3358 = AXIS2_PLACEMENT_3D('',#3359,#3360,#3361);
#3359 = CARTESIAN_POINT('',(4.04,-1.27,0.254));
#3360 = DIRECTION('',(0.,0.707106781187,-0.707106781187));
#3361 = DIRECTION('',(0.,-0.707106781187,-0.707106781187));
#3362 = ADVANCED_FACE('',(#3363),#3374,.T.);
#3363 = FACE_BOUND('',#3364,.T.);
#3364 = EDGE_LOOP('',(#3365,#3371,#3372,#3373));
#3365 = ORIENTED_EDGE('',*,*,#3366,.T.);
#3366 = EDGE_CURVE('',#2155,#2852,#3367,.T.);
#3367 = LINE('',#3368,#3369);
#3368 = CARTESIAN_POINT('',(4.04,-1.27,4.826));
#3369 = VECTOR('',#3370,1.);
#3370 = DIRECTION('',(1.,0.,0.));
#3371 = ORIENTED_EDGE('',*,*,#2859,.T.);
#3372 = ORIENTED_EDGE('',*,*,#3332,.F.);
#3373 = ORIENTED_EDGE('',*,*,#2162,.F.);
#3374 = PLANE('',#3375);
#3375 = AXIS2_PLACEMENT_3D('',#3376,#3377,#3378);
#3376 = CARTESIAN_POINT('',(4.04,-1.27,4.826));
#3377 = DIRECTION('',(0.,-0.707106781187,0.707106781187));
#3378 = DIRECTION('',(0.,0.707106781187,0.707106781187));
#3379 = ADVANCED_FACE('',(#3380),#3391,.T.);
#3380 = FACE_BOUND('',#3381,.T.);
#3381 = EDGE_LOOP('',(#3382,#3383,#3384,#3390));
#3382 = ORIENTED_EDGE('',*,*,#3351,.T.);
#3383 = ORIENTED_EDGE('',*,*,#2619,.T.);
#3384 = ORIENTED_EDGE('',*,*,#3385,.F.);
#3385 = EDGE_CURVE('',#1923,#2620,#3386,.T.);
#3386 = LINE('',#3387,#3388);
#3387 = CARTESIAN_POINT('',(4.04,-3.556,0.));
#3388 = VECTOR('',#3389,1.);
#3389 = DIRECTION('',(1.,0.,0.));
#3390 = ORIENTED_EDGE('',*,*,#1922,.F.);
#3391 = PLANE('',#3392);
#3392 = AXIS2_PLACEMENT_3D('',#3393,#3394,#3395);
#3393 = CARTESIAN_POINT('',(4.04,-1.524,0.));
#3394 = DIRECTION('',(-0.,-0.,-1.));
#3395 = DIRECTION('',(0.,-1.,0.));
#3396 = ADVANCED_FACE('',(#3397),#3408,.T.);
#3397 = FACE_BOUND('',#3398,.T.);
#3398 = EDGE_LOOP('',(#3399,#3405,#3406,#3407));
#3399 = ORIENTED_EDGE('',*,*,#3400,.T.);
#3400 = EDGE_CURVE('',#2147,#2844,#3401,.T.);
#3401 = LINE('',#3402,#3403);
#3402 = CARTESIAN_POINT('',(4.04,-1.524,5.08));
#3403 = VECTOR('',#3404,1.);
#3404 = DIRECTION('',(1.,0.,0.));
#3405 = ORIENTED_EDGE('',*,*,#2851,.T.);
#3406 = ORIENTED_EDGE('',*,*,#3366,.F.);
#3407 = ORIENTED_EDGE('',*,*,#2154,.F.);
#3408 = PLANE('',#3409);
#3409 = AXIS2_PLACEMENT_3D('',#3410,#3411,#3412);
#3410 = CARTESIAN_POINT('',(4.04,-1.524,5.08));
#3411 = DIRECTION('',(0.,0.707106781187,0.707106781187));
#3412 = DIRECTION('',(0.,0.707106781187,-0.707106781187));
#3413 = ADVANCED_FACE('',(#3414),#3425,.T.);
#3414 = FACE_BOUND('',#3415,.T.);
#3415 = EDGE_LOOP('',(#3416,#3417,#3418,#3424));
#3416 = ORIENTED_EDGE('',*,*,#3385,.T.);
#3417 = ORIENTED_EDGE('',*,*,#2627,.T.);
#3418 = ORIENTED_EDGE('',*,*,#3419,.F.);
#3419 = EDGE_CURVE('',#1931,#2628,#3420,.T.);
#3420 = LINE('',#3421,#3422);
#3421 = CARTESIAN_POINT('',(4.04,-3.81,0.254));
#3422 = VECTOR('',#3423,1.);
#3423 = DIRECTION('',(1.,0.,0.));
#3424 = ORIENTED_EDGE('',*,*,#1930,.F.);
#3425 = PLANE('',#3426);
#3426 = AXIS2_PLACEMENT_3D('',#3427,#3428,#3429);
#3427 = CARTESIAN_POINT('',(4.04,-3.556,0.));
#3428 = DIRECTION('',(-0.,-0.707106781187,-0.707106781187));
#3429 = DIRECTION('',(0.,-0.707106781187,0.707106781187));
#3430 = ADVANCED_FACE('',(#3431),#3442,.T.);
#3431 = FACE_BOUND('',#3432,.T.);
#3432 = EDGE_LOOP('',(#3433,#3439,#3440,#3441));
#3433 = ORIENTED_EDGE('',*,*,#3434,.T.);
#3434 = EDGE_CURVE('',#2139,#2836,#3435,.T.);
#3435 = LINE('',#3436,#3437);
#3436 = CARTESIAN_POINT('',(4.04,-3.556,5.08));
#3437 = VECTOR('',#3438,1.);
#3438 = DIRECTION('',(1.,0.,0.));
#3439 = ORIENTED_EDGE('',*,*,#2843,.T.);
#3440 = ORIENTED_EDGE('',*,*,#3400,.F.);
#3441 = ORIENTED_EDGE('',*,*,#2146,.F.);
#3442 = PLANE('',#3443);
#3443 = AXIS2_PLACEMENT_3D('',#3444,#3445,#3446);
#3444 = CARTESIAN_POINT('',(4.04,-3.556,5.08));
#3445 = DIRECTION('',(0.,0.,1.));
#3446 = DIRECTION('',(0.,1.,0.));
#3447 = ADVANCED_FACE('',(#3448),#3459,.T.);
#3448 = FACE_BOUND('',#3449,.T.);
#3449 = EDGE_LOOP('',(#3450,#3451,#3452,#3458));
#3450 = ORIENTED_EDGE('',*,*,#3419,.T.);
#3451 = ORIENTED_EDGE('',*,*,#2635,.T.);
#3452 = ORIENTED_EDGE('',*,*,#3453,.F.);
#3453 = EDGE_CURVE('',#1939,#2636,#3454,.T.);
#3454 = LINE('',#3455,#3456);
#3455 = CARTESIAN_POINT('',(4.04,-4.064,0.));
#3456 = VECTOR('',#3457,1.);
#3457 = DIRECTION('',(1.,0.,0.));
#3458 = ORIENTED_EDGE('',*,*,#1938,.F.);
#3459 = PLANE('',#3460);
#3460 = AXIS2_PLACEMENT_3D('',#3461,#3462,#3463);
#3461 = CARTESIAN_POINT('',(4.04,-3.81,0.254));
#3462 = DIRECTION('',(0.,0.707106781187,-0.707106781187));
#3463 = DIRECTION('',(0.,-0.707106781187,-0.707106781187));
#3464 = ADVANCED_FACE('',(#3465),#3476,.T.);
#3465 = FACE_BOUND('',#3466,.T.);
#3466 = EDGE_LOOP('',(#3467,#3473,#3474,#3475));
#3467 = ORIENTED_EDGE('',*,*,#3468,.T.);
#3468 = EDGE_CURVE('',#2131,#2828,#3469,.T.);
#3469 = LINE('',#3470,#3471);
#3470 = CARTESIAN_POINT('',(4.04,-3.81,4.826));
#3471 = VECTOR('',#3472,1.);
#3472 = DIRECTION('',(1.,0.,0.));
#3473 = ORIENTED_EDGE('',*,*,#2835,.T.);
#3474 = ORIENTED_EDGE('',*,*,#3434,.F.);
#3475 = ORIENTED_EDGE('',*,*,#2138,.F.);
#3476 = PLANE('',#3477);
#3477 = AXIS2_PLACEMENT_3D('',#3478,#3479,#3480);
#3478 = CARTESIAN_POINT('',(4.04,-3.81,4.826));
#3479 = DIRECTION('',(0.,-0.707106781187,0.707106781187));
#3480 = DIRECTION('',(0.,0.707106781187,0.707106781187));
#3481 = ADVANCED_FACE('',(#3482),#3493,.T.);
#3482 = FACE_BOUND('',#3483,.T.);
#3483 = EDGE_LOOP('',(#3484,#3485,#3486,#3492));
#3484 = ORIENTED_EDGE('',*,*,#3453,.T.);
#3485 = ORIENTED_EDGE('',*,*,#2643,.T.);
#3486 = ORIENTED_EDGE('',*,*,#3487,.F.);
#3487 = EDGE_CURVE('',#1947,#2644,#3488,.T.);
#3488 = LINE('',#3489,#3490);
#3489 = CARTESIAN_POINT('',(4.04,-6.096,0.));
#3490 = VECTOR('',#3491,1.);
#3491 = DIRECTION('',(1.,0.,0.));
#3492 = ORIENTED_EDGE('',*,*,#1946,.F.);
#3493 = PLANE('',#3494);
#3494 = AXIS2_PLACEMENT_3D('',#3495,#3496,#3497);
#3495 = CARTESIAN_POINT('',(4.04,-4.064,0.));
#3496 = DIRECTION('',(-0.,-0.,-1.));
#3497 = DIRECTION('',(0.,-1.,0.));
#3498 = ADVANCED_FACE('',(#3499),#3510,.T.);
#3499 = FACE_BOUND('',#3500,.T.);
#3500 = EDGE_LOOP('',(#3501,#3507,#3508,#3509));
#3501 = ORIENTED_EDGE('',*,*,#3502,.T.);
#3502 = EDGE_CURVE('',#2123,#2820,#3503,.T.);
#3503 = LINE('',#3504,#3505);
#3504 = CARTESIAN_POINT('',(4.04,-4.064,5.08));
#3505 = VECTOR('',#3506,1.);
#3506 = DIRECTION('',(1.,0.,0.));
#3507 = ORIENTED_EDGE('',*,*,#2827,.T.);
#3508 = ORIENTED_EDGE('',*,*,#3468,.F.);
#3509 = ORIENTED_EDGE('',*,*,#2130,.F.);
#3510 = PLANE('',#3511);
#3511 = AXIS2_PLACEMENT_3D('',#3512,#3513,#3514);
#3512 = CARTESIAN_POINT('',(4.04,-4.064,5.08));
#3513 = DIRECTION('',(0.,0.707106781187,0.707106781187));
#3514 = DIRECTION('',(0.,0.707106781187,-0.707106781187));
#3515 = ADVANCED_FACE('',(#3516),#3527,.T.);
#3516 = FACE_BOUND('',#3517,.T.);
#3517 = EDGE_LOOP('',(#3518,#3519,#3520,#3526));
#3518 = ORIENTED_EDGE('',*,*,#3487,.T.);
#3519 = ORIENTED_EDGE('',*,*,#2651,.T.);
#3520 = ORIENTED_EDGE('',*,*,#3521,.F.);
#3521 = EDGE_CURVE('',#1955,#2652,#3522,.T.);
#3522 = LINE('',#3523,#3524);
#3523 = CARTESIAN_POINT('',(4.04,-6.35,0.254));
#3524 = VECTOR('',#3525,1.);
#3525 = DIRECTION('',(1.,0.,0.));
#3526 = ORIENTED_EDGE('',*,*,#1954,.F.);
#3527 = PLANE('',#3528);
#3528 = AXIS2_PLACEMENT_3D('',#3529,#3530,#3531);
#3529 = CARTESIAN_POINT('',(4.04,-6.096,0.));
#3530 = DIRECTION('',(-0.,-0.707106781187,-0.707106781187));
#3531 = DIRECTION('',(0.,-0.707106781187,0.707106781187));
#3532 = ADVANCED_FACE('',(#3533),#3544,.T.);
#3533 = FACE_BOUND('',#3534,.T.);
#3534 = EDGE_LOOP('',(#3535,#3541,#3542,#3543));
#3535 = ORIENTED_EDGE('',*,*,#3536,.T.);
#3536 = EDGE_CURVE('',#2115,#2812,#3537,.T.);
#3537 = LINE('',#3538,#3539);
#3538 = CARTESIAN_POINT('',(4.04,-6.096,5.08));
#3539 = VECTOR('',#3540,1.);
#3540 = DIRECTION('',(1.,0.,0.));
#3541 = ORIENTED_EDGE('',*,*,#2819,.T.);
#3542 = ORIENTED_EDGE('',*,*,#3502,.F.);
#3543 = ORIENTED_EDGE('',*,*,#2122,.F.);
#3544 = PLANE('',#3545);
#3545 = AXIS2_PLACEMENT_3D('',#3546,#3547,#3548);
#3546 = CARTESIAN_POINT('',(4.04,-6.096,5.08));
#3547 = DIRECTION('',(0.,0.,1.));
#3548 = DIRECTION('',(0.,1.,0.));
#3549 = ADVANCED_FACE('',(#3550),#3561,.T.);
#3550 = FACE_BOUND('',#3551,.T.);
#3551 = EDGE_LOOP('',(#3552,#3553,#3554,#3560));
#3552 = ORIENTED_EDGE('',*,*,#3521,.T.);
#3553 = ORIENTED_EDGE('',*,*,#2659,.T.);
#3554 = ORIENTED_EDGE('',*,*,#3555,.F.);
#3555 = EDGE_CURVE('',#1963,#2660,#3556,.T.);
#3556 = LINE('',#3557,#3558);
#3557 = CARTESIAN_POINT('',(4.04,-6.604,0.));
#3558 = VECTOR('',#3559,1.);
#3559 = DIRECTION('',(1.,0.,0.));
#3560 = ORIENTED_EDGE('',*,*,#1962,.F.);
#3561 = PLANE('',#3562);
#3562 = AXIS2_PLACEMENT_3D('',#3563,#3564,#3565);
#3563 = CARTESIAN_POINT('',(4.04,-6.35,0.254));
#3564 = DIRECTION('',(0.,0.707106781187,-0.707106781187));
#3565 = DIRECTION('',(0.,-0.707106781187,-0.707106781187));
#3566 = ADVANCED_FACE('',(#3567),#3578,.T.);
#3567 = FACE_BOUND('',#3568,.T.);
#3568 = EDGE_LOOP('',(#3569,#3575,#3576,#3577));
#3569 = ORIENTED_EDGE('',*,*,#3570,.T.);
#3570 = EDGE_CURVE('',#2107,#2804,#3571,.T.);
#3571 = LINE('',#3572,#3573);
#3572 = CARTESIAN_POINT('',(4.04,-6.35,4.826));
#3573 = VECTOR('',#3574,1.);
#3574 = DIRECTION('',(1.,0.,0.));
#3575 = ORIENTED_EDGE('',*,*,#2811,.T.);
#3576 = ORIENTED_EDGE('',*,*,#3536,.F.);
#3577 = ORIENTED_EDGE('',*,*,#2114,.F.);
#3578 = PLANE('',#3579);
#3579 = AXIS2_PLACEMENT_3D('',#3580,#3581,#3582);
#3580 = CARTESIAN_POINT('',(4.04,-6.35,4.826));
#3581 = DIRECTION('',(0.,-0.707106781187,0.707106781187));
#3582 = DIRECTION('',(0.,0.707106781187,0.707106781187));
#3583 = ADVANCED_FACE('',(#3584),#3595,.T.);
#3584 = FACE_BOUND('',#3585,.T.);
#3585 = EDGE_LOOP('',(#3586,#3587,#3588,#3594));
#3586 = ORIENTED_EDGE('',*,*,#3555,.T.);
#3587 = ORIENTED_EDGE('',*,*,#2667,.T.);
#3588 = ORIENTED_EDGE('',*,*,#3589,.F.);
#3589 = EDGE_CURVE('',#1971,#2668,#3590,.T.);
#3590 = LINE('',#3591,#3592);
#3591 = CARTESIAN_POINT('',(4.04,-8.636,0.));
#3592 = VECTOR('',#3593,1.);
#3593 = DIRECTION('',(1.,0.,0.));
#3594 = ORIENTED_EDGE('',*,*,#1970,.F.);
#3595 = PLANE('',#3596);
#3596 = AXIS2_PLACEMENT_3D('',#3597,#3598,#3599);
#3597 = CARTESIAN_POINT('',(4.04,-6.604,0.));
#3598 = DIRECTION('',(-0.,-0.,-1.));
#3599 = DIRECTION('',(0.,-1.,0.));
#3600 = ADVANCED_FACE('',(#3601),#3612,.T.);
#3601 = FACE_BOUND('',#3602,.T.);
#3602 = EDGE_LOOP('',(#3603,#3609,#3610,#3611));
#3603 = ORIENTED_EDGE('',*,*,#3604,.T.);
#3604 = EDGE_CURVE('',#2099,#2796,#3605,.T.);
#3605 = LINE('',#3606,#3607);
#3606 = CARTESIAN_POINT('',(4.04,-6.604,5.08));
#3607 = VECTOR('',#3608,1.);
#3608 = DIRECTION('',(1.,0.,0.));
#3609 = ORIENTED_EDGE('',*,*,#2803,.T.);
#3610 = ORIENTED_EDGE('',*,*,#3570,.F.);
#3611 = ORIENTED_EDGE('',*,*,#2106,.F.);
#3612 = PLANE('',#3613);
#3613 = AXIS2_PLACEMENT_3D('',#3614,#3615,#3616);
#3614 = CARTESIAN_POINT('',(4.04,-6.604,5.08));
#3615 = DIRECTION('',(0.,0.707106781187,0.707106781187));
#3616 = DIRECTION('',(0.,0.707106781187,-0.707106781187));
#3617 = ADVANCED_FACE('',(#3618),#3629,.T.);
#3618 = FACE_BOUND('',#3619,.T.);
#3619 = EDGE_LOOP('',(#3620,#3621,#3622,#3628));
#3620 = ORIENTED_EDGE('',*,*,#3589,.T.);
#3621 = ORIENTED_EDGE('',*,*,#2675,.T.);
#3622 = ORIENTED_EDGE('',*,*,#3623,.F.);
#3623 = EDGE_CURVE('',#1979,#2676,#3624,.T.);
#3624 = LINE('',#3625,#3626);
#3625 = CARTESIAN_POINT('',(4.04,-8.89,0.254));
#3626 = VECTOR('',#3627,1.);
#3627 = DIRECTION('',(1.,0.,0.));
#3628 = ORIENTED_EDGE('',*,*,#1978,.F.);
#3629 = PLANE('',#3630);
#3630 = AXIS2_PLACEMENT_3D('',#3631,#3632,#3633);
#3631 = CARTESIAN_POINT('',(4.04,-8.636,0.));
#3632 = DIRECTION('',(-0.,-0.707106781187,-0.707106781187));
#3633 = DIRECTION('',(0.,-0.707106781187,0.707106781187));
#3634 = ADVANCED_FACE('',(#3635),#3646,.T.);
#3635 = FACE_BOUND('',#3636,.T.);
#3636 = EDGE_LOOP('',(#3637,#3643,#3644,#3645));
#3637 = ORIENTED_EDGE('',*,*,#3638,.T.);
#3638 = EDGE_CURVE('',#2091,#2788,#3639,.T.);
#3639 = LINE('',#3640,#3641);
#3640 = CARTESIAN_POINT('',(4.04,-8.636,5.08));
#3641 = VECTOR('',#3642,1.);
#3642 = DIRECTION('',(1.,0.,0.));
#3643 = ORIENTED_EDGE('',*,*,#2795,.T.);
#3644 = ORIENTED_EDGE('',*,*,#3604,.F.);
#3645 = ORIENTED_EDGE('',*,*,#2098,.F.);
#3646 = PLANE('',#3647);
#3647 = AXIS2_PLACEMENT_3D('',#3648,#3649,#3650);
#3648 = CARTESIAN_POINT('',(4.04,-8.636,5.08));
#3649 = DIRECTION('',(0.,0.,1.));
#3650 = DIRECTION('',(0.,1.,0.));
#3651 = ADVANCED_FACE('',(#3652),#3663,.T.);
#3652 = FACE_BOUND('',#3653,.T.);
#3653 = EDGE_LOOP('',(#3654,#3655,#3656,#3662));
#3654 = ORIENTED_EDGE('',*,*,#3623,.T.);
#3655 = ORIENTED_EDGE('',*,*,#2683,.T.);
#3656 = ORIENTED_EDGE('',*,*,#3657,.F.);
#3657 = EDGE_CURVE('',#1987,#2684,#3658,.T.);
#3658 = LINE('',#3659,#3660);
#3659 = CARTESIAN_POINT('',(4.04,-9.144,0.));
#3660 = VECTOR('',#3661,1.);
#3661 = DIRECTION('',(1.,0.,0.));
#3662 = ORIENTED_EDGE('',*,*,#1986,.F.);
#3663 = PLANE('',#3664);
#3664 = AXIS2_PLACEMENT_3D('',#3665,#3666,#3667);
#3665 = CARTESIAN_POINT('',(4.04,-8.89,0.254));
#3666 = DIRECTION('',(0.,0.707106781187,-0.707106781187));
#3667 = DIRECTION('',(0.,-0.707106781187,-0.707106781187));
#3668 = ADVANCED_FACE('',(#3669),#3680,.T.);
#3669 = FACE_BOUND('',#3670,.T.);
#3670 = EDGE_LOOP('',(#3671,#3677,#3678,#3679));
#3671 = ORIENTED_EDGE('',*,*,#3672,.T.);
#3672 = EDGE_CURVE('',#2083,#2780,#3673,.T.);
#3673 = LINE('',#3674,#3675);
#3674 = CARTESIAN_POINT('',(4.04,-8.89,4.826));
#3675 = VECTOR('',#3676,1.);
#3676 = DIRECTION('',(1.,0.,0.));
#3677 = ORIENTED_EDGE('',*,*,#2787,.T.);
#3678 = ORIENTED_EDGE('',*,*,#3638,.F.);
#3679 = ORIENTED_EDGE('',*,*,#2090,.F.);
#3680 = PLANE('',#3681);
#3681 = AXIS2_PLACEMENT_3D('',#3682,#3683,#3684);
#3682 = CARTESIAN_POINT('',(4.04,-8.89,4.826));
#3683 = DIRECTION('',(0.,-0.707106781187,0.707106781187));
#3684 = DIRECTION('',(0.,0.707106781187,0.707106781187));
#3685 = ADVANCED_FACE('',(#3686),#3697,.T.);
#3686 = FACE_BOUND('',#3687,.T.);
#3687 = EDGE_LOOP('',(#3688,#3689,#3690,#3696));
#3688 = ORIENTED_EDGE('',*,*,#3657,.T.);
#3689 = ORIENTED_EDGE('',*,*,#2691,.T.);
#3690 = ORIENTED_EDGE('',*,*,#3691,.F.);
#3691 = EDGE_CURVE('',#1995,#2692,#3692,.T.);
#3692 = LINE('',#3693,#3694);
#3693 = CARTESIAN_POINT('',(4.04,-11.176,0.));
#3694 = VECTOR('',#3695,1.);
#3695 = DIRECTION('',(1.,0.,0.));
#3696 = ORIENTED_EDGE('',*,*,#1994,.F.);
#3697 = PLANE('',#3698);
#3698 = AXIS2_PLACEMENT_3D('',#3699,#3700,#3701);
#3699 = CARTESIAN_POINT('',(4.04,-9.144,0.));
#3700 = DIRECTION('',(-0.,-0.,-1.));
#3701 = DIRECTION('',(0.,-1.,0.));
#3702 = ADVANCED_FACE('',(#3703),#3714,.T.);
#3703 = FACE_BOUND('',#3704,.T.);
#3704 = EDGE_LOOP('',(#3705,#3711,#3712,#3713));
#3705 = ORIENTED_EDGE('',*,*,#3706,.T.);
#3706 = EDGE_CURVE('',#2075,#2772,#3707,.T.);
#3707 = LINE('',#3708,#3709);
#3708 = CARTESIAN_POINT('',(4.04,-9.144,5.08));
#3709 = VECTOR('',#3710,1.);
#3710 = DIRECTION('',(1.,0.,0.));
#3711 = ORIENTED_EDGE('',*,*,#2779,.T.);
#3712 = ORIENTED_EDGE('',*,*,#3672,.F.);
#3713 = ORIENTED_EDGE('',*,*,#2082,.F.);
#3714 = PLANE('',#3715);
#3715 = AXIS2_PLACEMENT_3D('',#3716,#3717,#3718);
#3716 = CARTESIAN_POINT('',(4.04,-9.144,5.08));
#3717 = DIRECTION('',(0.,0.707106781187,0.707106781187));
#3718 = DIRECTION('',(0.,0.707106781187,-0.707106781187));
#3719 = ADVANCED_FACE('',(#3720),#3731,.T.);
#3720 = FACE_BOUND('',#3721,.T.);
#3721 = EDGE_LOOP('',(#3722,#3723,#3724,#3730));
#3722 = ORIENTED_EDGE('',*,*,#3691,.T.);
#3723 = ORIENTED_EDGE('',*,*,#2699,.T.);
#3724 = ORIENTED_EDGE('',*,*,#3725,.F.);
#3725 = EDGE_CURVE('',#2003,#2700,#3726,.T.);
#3726 = LINE('',#3727,#3728);
#3727 = CARTESIAN_POINT('',(4.04,-11.43,0.254));
#3728 = VECTOR('',#3729,1.);
#3729 = DIRECTION('',(1.,0.,0.));
#3730 = ORIENTED_EDGE('',*,*,#2002,.F.);
#3731 = PLANE('',#3732);
#3732 = AXIS2_PLACEMENT_3D('',#3733,#3734,#3735);
#3733 = CARTESIAN_POINT('',(4.04,-11.176,0.));
#3734 = DIRECTION('',(-0.,-0.707106781187,-0.707106781187));
#3735 = DIRECTION('',(0.,-0.707106781187,0.707106781187));
#3736 = ADVANCED_FACE('',(#3737),#3748,.T.);
#3737 = FACE_BOUND('',#3738,.T.);
#3738 = EDGE_LOOP('',(#3739,#3745,#3746,#3747));
#3739 = ORIENTED_EDGE('',*,*,#3740,.T.);
#3740 = EDGE_CURVE('',#2067,#2764,#3741,.T.);
#3741 = LINE('',#3742,#3743);
#3742 = CARTESIAN_POINT('',(4.04,-11.176,5.08));
#3743 = VECTOR('',#3744,1.);
#3744 = DIRECTION('',(1.,0.,0.));
#3745 = ORIENTED_EDGE('',*,*,#2771,.T.);
#3746 = ORIENTED_EDGE('',*,*,#3706,.F.);
#3747 = ORIENTED_EDGE('',*,*,#2074,.F.);
#3748 = PLANE('',#3749);
#3749 = AXIS2_PLACEMENT_3D('',#3750,#3751,#3752);
#3750 = CARTESIAN_POINT('',(4.04,-11.176,5.08));
#3751 = DIRECTION('',(0.,0.,1.));
#3752 = DIRECTION('',(0.,1.,0.));
#3753 = ADVANCED_FACE('',(#3754),#3765,.T.);
#3754 = FACE_BOUND('',#3755,.T.);
#3755 = EDGE_LOOP('',(#3756,#3757,#3758,#3764));
#3756 = ORIENTED_EDGE('',*,*,#3725,.T.);
#3757 = ORIENTED_EDGE('',*,*,#2707,.T.);
#3758 = ORIENTED_EDGE('',*,*,#3759,.F.);
#3759 = EDGE_CURVE('',#2011,#2708,#3760,.T.);
#3760 = LINE('',#3761,#3762);
#3761 = CARTESIAN_POINT('',(4.04,-11.684,0.));
#3762 = VECTOR('',#3763,1.);
#3763 = DIRECTION('',(1.,0.,0.));
#3764 = ORIENTED_EDGE('',*,*,#2010,.F.);
#3765 = PLANE('',#3766);
#3766 = AXIS2_PLACEMENT_3D('',#3767,#3768,#3769);
#3767 = CARTESIAN_POINT('',(4.04,-11.43,0.254));
#3768 = DIRECTION('',(0.,0.707106781187,-0.707106781187));
#3769 = DIRECTION('',(0.,-0.707106781187,-0.707106781187));
#3770 = ADVANCED_FACE('',(#3771),#3782,.T.);
#3771 = FACE_BOUND('',#3772,.T.);
#3772 = EDGE_LOOP('',(#3773,#3779,#3780,#3781));
#3773 = ORIENTED_EDGE('',*,*,#3774,.T.);
#3774 = EDGE_CURVE('',#2059,#2756,#3775,.T.);
#3775 = LINE('',#3776,#3777);
#3776 = CARTESIAN_POINT('',(4.04,-11.43,4.826));
#3777 = VECTOR('',#3778,1.);
#3778 = DIRECTION('',(1.,0.,0.));
#3779 = ORIENTED_EDGE('',*,*,#2763,.T.);
#3780 = ORIENTED_EDGE('',*,*,#3740,.F.);
#3781 = ORIENTED_EDGE('',*,*,#2066,.F.);
#3782 = PLANE('',#3783);
#3783 = AXIS2_PLACEMENT_3D('',#3784,#3785,#3786);
#3784 = CARTESIAN_POINT('',(4.04,-11.43,4.826));
#3785 = DIRECTION('',(0.,-0.707106781187,0.707106781187));
#3786 = DIRECTION('',(0.,0.707106781187,0.707106781187));
#3787 = ADVANCED_FACE('',(#3788),#3799,.T.);
#3788 = FACE_BOUND('',#3789,.T.);
#3789 = EDGE_LOOP('',(#3790,#3791,#3792,#3798));
#3790 = ORIENTED_EDGE('',*,*,#3759,.T.);
#3791 = ORIENTED_EDGE('',*,*,#2715,.T.);
#3792 = ORIENTED_EDGE('',*,*,#3793,.F.);
#3793 = EDGE_CURVE('',#2019,#2716,#3794,.T.);
#3794 = LINE('',#3795,#3796);
#3795 = CARTESIAN_POINT('',(4.04,-13.716,0.));
#3796 = VECTOR('',#3797,1.);
#3797 = DIRECTION('',(1.,0.,0.));
#3798 = ORIENTED_EDGE('',*,*,#2018,.F.);
#3799 = PLANE('',#3800);
#3800 = AXIS2_PLACEMENT_3D('',#3801,#3802,#3803);
#3801 = CARTESIAN_POINT('',(4.04,-11.684,0.));
#3802 = DIRECTION('',(-0.,-0.,-1.));
#3803 = DIRECTION('',(0.,-1.,0.));
#3804 = ADVANCED_FACE('',(#3805),#3816,.T.);
#3805 = FACE_BOUND('',#3806,.T.);
#3806 = EDGE_LOOP('',(#3807,#3813,#3814,#3815));
#3807 = ORIENTED_EDGE('',*,*,#3808,.T.);
#3808 = EDGE_CURVE('',#2051,#2748,#3809,.T.);
#3809 = LINE('',#3810,#3811);
#3810 = CARTESIAN_POINT('',(4.04,-11.684,5.08));
#3811 = VECTOR('',#3812,1.);
#3812 = DIRECTION('',(1.,0.,0.));
#3813 = ORIENTED_EDGE('',*,*,#2755,.T.);
#3814 = ORIENTED_EDGE('',*,*,#3774,.F.);
#3815 = ORIENTED_EDGE('',*,*,#2058,.F.);
#3816 = PLANE('',#3817);
#3817 = AXIS2_PLACEMENT_3D('',#3818,#3819,#3820);
#3818 = CARTESIAN_POINT('',(4.04,-11.684,5.08));
#3819 = DIRECTION('',(0.,0.707106781187,0.707106781187));
#3820 = DIRECTION('',(0.,0.707106781187,-0.707106781187));
#3821 = ADVANCED_FACE('',(#3822),#3833,.T.);
#3822 = FACE_BOUND('',#3823,.T.);
#3823 = EDGE_LOOP('',(#3824,#3825,#3826,#3832));
#3824 = ORIENTED_EDGE('',*,*,#3793,.T.);
#3825 = ORIENTED_EDGE('',*,*,#2723,.T.);
#3826 = ORIENTED_EDGE('',*,*,#3827,.F.);
#3827 = EDGE_CURVE('',#2027,#2724,#3828,.T.);
#3828 = LINE('',#3829,#3830);
#3829 = CARTESIAN_POINT('',(4.04,-13.97,0.254));
#3830 = VECTOR('',#3831,1.);
#3831 = DIRECTION('',(1.,0.,0.));
#3832 = ORIENTED_EDGE('',*,*,#2026,.F.);
#3833 = PLANE('',#3834);
#3834 = AXIS2_PLACEMENT_3D('',#3835,#3836,#3837);
#3835 = CARTESIAN_POINT('',(4.04,-13.716,0.));
#3836 = DIRECTION('',(-0.,-0.707106781187,-0.707106781187));
#3837 = DIRECTION('',(0.,-0.707106781187,0.707106781187));
#3838 = ADVANCED_FACE('',(#3839),#3850,.T.);
#3839 = FACE_BOUND('',#3840,.T.);
#3840 = EDGE_LOOP('',(#3841,#3847,#3848,#3849));
#3841 = ORIENTED_EDGE('',*,*,#3842,.T.);
#3842 = EDGE_CURVE('',#2043,#2740,#3843,.T.);
#3843 = LINE('',#3844,#3845);
#3844 = CARTESIAN_POINT('',(4.04,-13.716,5.08));
#3845 = VECTOR('',#3846,1.);
#3846 = DIRECTION('',(1.,0.,0.));
#3847 = ORIENTED_EDGE('',*,*,#2747,.T.);
#3848 = ORIENTED_EDGE('',*,*,#3808,.F.);
#3849 = ORIENTED_EDGE('',*,*,#2050,.F.);
#3850 = PLANE('',#3851);
#3851 = AXIS2_PLACEMENT_3D('',#3852,#3853,#3854);
#3852 = CARTESIAN_POINT('',(4.04,-13.716,5.08));
#3853 = DIRECTION('',(0.,0.,1.));
#3854 = DIRECTION('',(0.,1.,0.));
#3855 = ADVANCED_FACE('',(#3856),#3867,.T.);
#3856 = FACE_BOUND('',#3857,.T.);
#3857 = EDGE_LOOP('',(#3858,#3859,#3860,#3866));
#3858 = ORIENTED_EDGE('',*,*,#3827,.T.);
#3859 = ORIENTED_EDGE('',*,*,#2731,.T.);
#3860 = ORIENTED_EDGE('',*,*,#3861,.F.);
#3861 = EDGE_CURVE('',#2035,#2732,#3862,.T.);
#3862 = LINE('',#3863,#3864);
#3863 = CARTESIAN_POINT('',(4.04,-13.97,4.826));
#3864 = VECTOR('',#3865,1.);
#3865 = DIRECTION('',(1.,0.,0.));
#3866 = ORIENTED_EDGE('',*,*,#2034,.F.);
#3867 = PLANE('',#3868);
#3868 = AXIS2_PLACEMENT_3D('',#3869,#3870,#3871);
#3869 = CARTESIAN_POINT('',(4.04,-13.97,0.254));
#3870 = DIRECTION('',(0.,-1.,0.));
#3871 = DIRECTION('',(0.,0.,1.));
#3872 = ADVANCED_FACE('',(#3873),#3879,.T.);
#3873 = FACE_BOUND('',#3874,.T.);
#3874 = EDGE_LOOP('',(#3875,#3876,#3877,#3878));
#3875 = ORIENTED_EDGE('',*,*,#3861,.T.);
#3876 = ORIENTED_EDGE('',*,*,#2739,.T.);
#3877 = ORIENTED_EDGE('',*,*,#3842,.F.);
#3878 = ORIENTED_EDGE('',*,*,#2042,.F.);
#3879 = PLANE('',#3880);
#3880 = AXIS2_PLACEMENT_3D('',#3881,#3882,#3883);
#3881 = CARTESIAN_POINT('',(4.04,-13.97,4.826));
#3882 = DIRECTION('',(0.,-0.707106781187,0.707106781187));
#3883 = DIRECTION('',(0.,0.707106781187,0.707106781187));
#3884 = ADVANCED_FACE('',(#3885),#3910,.T.);
#3885 = FACE_BOUND('',#3886,.T.);
#3886 = EDGE_LOOP('',(#3887,#3895,#3903,#3909));
#3887 = ORIENTED_EDGE('',*,*,#3888,.F.);
#3888 = EDGE_CURVE('',#3889,#2190,#3891,.T.);
#3889 = VERTEX_POINT('',#3890);
#3890 = CARTESIAN_POINT('',(0.32,-9.84,4.13));
#3891 = LINE('',#3892,#3893);
#3892 = CARTESIAN_POINT('',(-0.32,-9.84,4.13));
#3893 = VECTOR('',#3894,1.);
#3894 = DIRECTION('',(1.,0.,6.885104028683E-17));
#3895 = ORIENTED_EDGE('',*,*,#3896,.T.);
#3896 = EDGE_CURVE('',#3889,#3897,#3899,.T.);
#3897 = VERTEX_POINT('',#3898);
#3898 = CARTESIAN_POINT('',(0.32,-10.48,4.13));
#3899 = LINE('',#3900,#3901);
#3900 = CARTESIAN_POINT('',(0.32,-9.84,4.13));
#3901 = VECTOR('',#3902,1.);
#3902 = DIRECTION('',(0.,-1.,0.));
#3903 = ORIENTED_EDGE('',*,*,#3904,.T.);
#3904 = EDGE_CURVE('',#3897,#2188,#3905,.T.);
#3905 = LINE('',#3906,#3907);
#3906 = CARTESIAN_POINT('',(-0.32,-10.48,4.13));
#3907 = VECTOR('',#3908,1.);
#3908 = DIRECTION('',(1.,0.,6.885104028683E-17));
#3909 = ORIENTED_EDGE('',*,*,#2187,.T.);
#3910 = PLANE('',#3911);
#3911 = AXIS2_PLACEMENT_3D('',#3912,#3913,#3914);
#3912 = CARTESIAN_POINT('',(-0.32,-9.84,4.13));
#3913 = DIRECTION('',(-6.885104028683E-17,0.,1.));
#3914 = DIRECTION('',(1.,0.,6.885104028683E-17));
#3915 = ADVANCED_FACE('',(#3916),#3959,.T.);
#3916 = FACE_BOUND('',#3917,.T.);
#3917 = EDGE_LOOP('',(#3918,#3927,#3928,#3929,#3937,#3945,#3953));
#3918 = ORIENTED_EDGE('',*,*,#3919,.T.);
#3919 = EDGE_CURVE('',#3920,#3889,#3922,.T.);
#3920 = VERTEX_POINT('',#3921);
#3921 = CARTESIAN_POINT('',(-0.32,-9.84,3.49));
#3922 = CIRCLE('',#3923,0.64);
#3923 = AXIS2_PLACEMENT_3D('',#3924,#3925,#3926);
#3924 = CARTESIAN_POINT('',(0.32,-9.84,3.49));
#3925 = DIRECTION('',(0.,1.,0.));
#3926 = DIRECTION('',(0.,0.,-1.));
#3927 = ORIENTED_EDGE('',*,*,#3888,.T.);
#3928 = ORIENTED_EDGE('',*,*,#2213,.T.);
#3929 = ORIENTED_EDGE('',*,*,#3930,.T.);
#3930 = EDGE_CURVE('',#2206,#3931,#3933,.T.);
#3931 = VERTEX_POINT('',#3932);
#3932 = CARTESIAN_POINT('',(0.32,-9.84,3.49));
#3933 = LINE('',#3934,#3935);
#3934 = CARTESIAN_POINT('',(12.58,-9.84,3.49));
#3935 = VECTOR('',#3936,1.);
#3936 = DIRECTION('',(-1.,0.,0.));
#3937 = ORIENTED_EDGE('',*,*,#3938,.T.);
#3938 = EDGE_CURVE('',#3931,#3939,#3941,.T.);
#3939 = VERTEX_POINT('',#3940);
#3940 = CARTESIAN_POINT('',(0.32,-9.84,-2.84));
#3941 = LINE('',#3942,#3943);
#3942 = CARTESIAN_POINT('',(0.32,-9.84,3.49));
#3943 = VECTOR('',#3944,1.);
#3944 = DIRECTION('',(0.,0.,-1.));
#3945 = ORIENTED_EDGE('',*,*,#3946,.T.);
#3946 = EDGE_CURVE('',#3939,#3947,#3949,.T.);
#3947 = VERTEX_POINT('',#3948);
#3948 = CARTESIAN_POINT('',(-0.32,-9.84,-2.84));
#3949 = LINE('',#3950,#3951);
#3950 = CARTESIAN_POINT('',(0.32,-9.84,-2.84));
#3951 = VECTOR('',#3952,1.);
#3952 = DIRECTION('',(-1.,0.,0.));
#3953 = ORIENTED_EDGE('',*,*,#3954,.T.);
#3954 = EDGE_CURVE('',#3947,#3920,#3955,.T.);
#3955 = LINE('',#3956,#3957);
#3956 = CARTESIAN_POINT('',(-0.32,-9.84,-3.));
#3957 = VECTOR('',#3958,1.);
#3958 = DIRECTION('',(0.,0.,1.));
#3959 = PLANE('',#3960);
#3960 = AXIS2_PLACEMENT_3D('',#3961,#3962,#3963);
#3961 = CARTESIAN_POINT('',(4.143794308537,-9.84,2.551205691463));
#3962 = DIRECTION('',(0.,1.,0.));
#3963 = DIRECTION('',(0.,-0.,1.));
#3964 = ADVANCED_FACE('',(#3965),#3983,.T.);
#3965 = FACE_BOUND('',#3966,.T.);
#3966 = EDGE_LOOP('',(#3967,#3968,#3969,#3977));
#3967 = ORIENTED_EDGE('',*,*,#3930,.F.);
#3968 = ORIENTED_EDGE('',*,*,#2205,.T.);
#3969 = ORIENTED_EDGE('',*,*,#3970,.T.);
#3970 = EDGE_CURVE('',#2198,#3971,#3973,.T.);
#3971 = VERTEX_POINT('',#3972);
#3972 = CARTESIAN_POINT('',(0.32,-10.48,3.49));
#3973 = LINE('',#3974,#3975);
#3974 = CARTESIAN_POINT('',(12.58,-10.48,3.49));
#3975 = VECTOR('',#3976,1.);
#3976 = DIRECTION('',(-1.,0.,0.));
#3977 = ORIENTED_EDGE('',*,*,#3978,.F.);
#3978 = EDGE_CURVE('',#3931,#3971,#3979,.T.);
#3979 = LINE('',#3980,#3981);
#3980 = CARTESIAN_POINT('',(0.32,-9.84,3.49));
#3981 = VECTOR('',#3982,1.);
#3982 = DIRECTION('',(0.,-1.,0.));
#3983 = PLANE('',#3984);
#3984 = AXIS2_PLACEMENT_3D('',#3985,#3986,#3987);
#3985 = CARTESIAN_POINT('',(12.58,-9.84,3.49));
#3986 = DIRECTION('',(-0.,-0.,-1.));
#3987 = DIRECTION('',(-1.,0.,0.));
#3988 = ADVANCED_FACE('',(#3989),#4025,.F.);
#3989 = FACE_BOUND('',#3990,.F.);
#3990 = EDGE_LOOP('',(#3991,#4000,#4001,#4002,#4003,#4011,#4019));
#3991 = ORIENTED_EDGE('',*,*,#3992,.T.);
#3992 = EDGE_CURVE('',#3993,#3897,#3995,.T.);
#3993 = VERTEX_POINT('',#3994);
#3994 = CARTESIAN_POINT('',(-0.32,-10.48,3.49));
#3995 = CIRCLE('',#3996,0.64);
#3996 = AXIS2_PLACEMENT_3D('',#3997,#3998,#3999);
#3997 = CARTESIAN_POINT('',(0.32,-10.48,3.49));
#3998 = DIRECTION('',(0.,1.,0.));
#3999 = DIRECTION('',(0.,0.,-1.));
#4000 = ORIENTED_EDGE('',*,*,#3904,.T.);
#4001 = ORIENTED_EDGE('',*,*,#2197,.T.);
#4002 = ORIENTED_EDGE('',*,*,#3970,.T.);
#4003 = ORIENTED_EDGE('',*,*,#4004,.T.);
#4004 = EDGE_CURVE('',#3971,#4005,#4007,.T.);
#4005 = VERTEX_POINT('',#4006);
#4006 = CARTESIAN_POINT('',(0.32,-10.48,-2.84));
#4007 = LINE('',#4008,#4009);
#4008 = CARTESIAN_POINT('',(0.32,-10.48,3.49));
#4009 = VECTOR('',#4010,1.);
#4010 = DIRECTION('',(0.,0.,-1.));
#4011 = ORIENTED_EDGE('',*,*,#4012,.T.);
#4012 = EDGE_CURVE('',#4005,#4013,#4015,.T.);
#4013 = VERTEX_POINT('',#4014);
#4014 = CARTESIAN_POINT('',(-0.32,-10.48,-2.84));
#4015 = LINE('',#4016,#4017);
#4016 = CARTESIAN_POINT('',(0.32,-10.48,-2.84));
#4017 = VECTOR('',#4018,1.);
#4018 = DIRECTION('',(-1.,0.,0.));
#4019 = ORIENTED_EDGE('',*,*,#4020,.T.);
#4020 = EDGE_CURVE('',#4013,#3993,#4021,.T.);
#4021 = LINE('',#4022,#4023);
#4022 = CARTESIAN_POINT('',(-0.32,-10.48,-3.));
#4023 = VECTOR('',#4024,1.);
#4024 = DIRECTION('',(0.,0.,1.));
#4025 = PLANE('',#4026);
#4026 = AXIS2_PLACEMENT_3D('',#4027,#4028,#4029);
#4027 = CARTESIAN_POINT('',(4.143794308537,-10.48,2.551205691463));
#4028 = DIRECTION('',(0.,1.,0.));
#4029 = DIRECTION('',(0.,-0.,1.));
#4030 = ADVANCED_FACE('',(#4031),#4081,.T.);
#4031 = FACE_BOUND('',#4032,.T.);
#4032 = EDGE_LOOP('',(#4033,#4044,#4050,#4051,#4059,#4067,#4075));
#4033 = ORIENTED_EDGE('',*,*,#4034,.T.);
#4034 = EDGE_CURVE('',#4035,#4037,#4039,.T.);
#4035 = VERTEX_POINT('',#4036);
#4036 = CARTESIAN_POINT('',(-0.32,-7.3,3.49));
#4037 = VERTEX_POINT('',#4038);
#4038 = CARTESIAN_POINT('',(0.32,-7.3,4.13));
#4039 = CIRCLE('',#4040,0.64);
#4040 = AXIS2_PLACEMENT_3D('',#4041,#4042,#4043);
#4041 = CARTESIAN_POINT('',(0.32,-7.3,3.49));
#4042 = DIRECTION('',(0.,1.,0.));
#4043 = DIRECTION('',(0.,0.,-1.));
#4044 = ORIENTED_EDGE('',*,*,#4045,.T.);
#4045 = EDGE_CURVE('',#4037,#2222,#4046,.T.);
#4046 = LINE('',#4047,#4048);
#4047 = CARTESIAN_POINT('',(-0.32,-7.3,4.13));
#4048 = VECTOR('',#4049,1.);
#4049 = DIRECTION('',(1.,0.,6.885104028683E-17));
#4050 = ORIENTED_EDGE('',*,*,#2221,.T.);
#4051 = ORIENTED_EDGE('',*,*,#4052,.T.);
#4052 = EDGE_CURVE('',#2224,#4053,#4055,.T.);
#4053 = VERTEX_POINT('',#4054);
#4054 = CARTESIAN_POINT('',(0.32,-7.3,3.49));
#4055 = LINE('',#4056,#4057);
#4056 = CARTESIAN_POINT('',(12.58,-7.3,3.49));
#4057 = VECTOR('',#4058,1.);
#4058 = DIRECTION('',(-1.,0.,0.));
#4059 = ORIENTED_EDGE('',*,*,#4060,.T.);
#4060 = EDGE_CURVE('',#4053,#4061,#4063,.T.);
#4061 = VERTEX_POINT('',#4062);
#4062 = CARTESIAN_POINT('',(0.32,-7.3,-2.84));
#4063 = LINE('',#4064,#4065);
#4064 = CARTESIAN_POINT('',(0.32,-7.3,3.49));
#4065 = VECTOR('',#4066,1.);
#4066 = DIRECTION('',(0.,0.,-1.));
#4067 = ORIENTED_EDGE('',*,*,#4068,.T.);
#4068 = EDGE_CURVE('',#4061,#4069,#4071,.T.);
#4069 = VERTEX_POINT('',#4070);
#4070 = CARTESIAN_POINT('',(-0.32,-7.3,-2.84));
#4071 = LINE('',#4072,#4073);
#4072 = CARTESIAN_POINT('',(0.32,-7.3,-2.84));
#4073 = VECTOR('',#4074,1.);
#4074 = DIRECTION('',(-1.,0.,0.));
#4075 = ORIENTED_EDGE('',*,*,#4076,.T.);
#4076 = EDGE_CURVE('',#4069,#4035,#4077,.T.);
#4077 = LINE('',#4078,#4079);
#4078 = CARTESIAN_POINT('',(-0.32,-7.3,-3.));
#4079 = VECTOR('',#4080,1.);
#4080 = DIRECTION('',(0.,0.,1.));
#4081 = PLANE('',#4082);
#4082 = AXIS2_PLACEMENT_3D('',#4083,#4084,#4085);
#4083 = CARTESIAN_POINT('',(4.143794308537,-7.3,2.551205691463));
#4084 = DIRECTION('',(0.,1.,0.));
#4085 = DIRECTION('',(0.,-0.,1.));
#4086 = ADVANCED_FACE('',(#4087),#4105,.T.);
#4087 = FACE_BOUND('',#4088,.T.);
#4088 = EDGE_LOOP('',(#4089,#4090,#4091,#4099));
#4089 = ORIENTED_EDGE('',*,*,#4052,.F.);
#4090 = ORIENTED_EDGE('',*,*,#2247,.T.);
#4091 = ORIENTED_EDGE('',*,*,#4092,.T.);
#4092 = EDGE_CURVE('',#2240,#4093,#4095,.T.);
#4093 = VERTEX_POINT('',#4094);
#4094 = CARTESIAN_POINT('',(0.32,-7.94,3.49));
#4095 = LINE('',#4096,#4097);
#4096 = CARTESIAN_POINT('',(12.58,-7.94,3.49));
#4097 = VECTOR('',#4098,1.);
#4098 = DIRECTION('',(-1.,0.,0.));
#4099 = ORIENTED_EDGE('',*,*,#4100,.F.);
#4100 = EDGE_CURVE('',#4053,#4093,#4101,.T.);
#4101 = LINE('',#4102,#4103);
#4102 = CARTESIAN_POINT('',(0.32,-7.3,3.49));
#4103 = VECTOR('',#4104,1.);
#4104 = DIRECTION('',(0.,-1.,0.));
#4105 = PLANE('',#4106);
#4106 = AXIS2_PLACEMENT_3D('',#4107,#4108,#4109);
#4107 = CARTESIAN_POINT('',(12.58,-7.3,3.49));
#4108 = DIRECTION('',(-0.,-0.,-1.));
#4109 = DIRECTION('',(-1.,0.,0.));
#4110 = ADVANCED_FACE('',(#4111),#4154,.F.);
#4111 = FACE_BOUND('',#4112,.F.);
#4112 = EDGE_LOOP('',(#4113,#4124,#4130,#4131,#4132,#4140,#4148));
#4113 = ORIENTED_EDGE('',*,*,#4114,.T.);
#4114 = EDGE_CURVE('',#4115,#4117,#4119,.T.);
#4115 = VERTEX_POINT('',#4116);
#4116 = CARTESIAN_POINT('',(-0.32,-7.94,3.49));
#4117 = VERTEX_POINT('',#4118);
#4118 = CARTESIAN_POINT('',(0.32,-7.94,4.13));
#4119 = CIRCLE('',#4120,0.64);
#4120 = AXIS2_PLACEMENT_3D('',#4121,#4122,#4123);
#4121 = CARTESIAN_POINT('',(0.32,-7.94,3.49));
#4122 = DIRECTION('',(0.,1.,0.));
#4123 = DIRECTION('',(0.,0.,-1.));
#4124 = ORIENTED_EDGE('',*,*,#4125,.T.);
#4125 = EDGE_CURVE('',#4117,#2232,#4126,.T.);
#4126 = LINE('',#4127,#4128);
#4127 = CARTESIAN_POINT('',(-0.32,-7.94,4.13));
#4128 = VECTOR('',#4129,1.);
#4129 = DIRECTION('',(1.,0.,6.885104028683E-17));
#4130 = ORIENTED_EDGE('',*,*,#2239,.T.);
#4131 = ORIENTED_EDGE('',*,*,#4092,.T.);
#4132 = ORIENTED_EDGE('',*,*,#4133,.T.);
#4133 = EDGE_CURVE('',#4093,#4134,#4136,.T.);
#4134 = VERTEX_POINT('',#4135);
#4135 = CARTESIAN_POINT('',(0.32,-7.94,-2.84));
#4136 = LINE('',#4137,#4138);
#4137 = CARTESIAN_POINT('',(0.32,-7.94,3.49));
#4138 = VECTOR('',#4139,1.);
#4139 = DIRECTION('',(0.,0.,-1.));
#4140 = ORIENTED_EDGE('',*,*,#4141,.T.);
#4141 = EDGE_CURVE('',#4134,#4142,#4144,.T.);
#4142 = VERTEX_POINT('',#4143);
#4143 = CARTESIAN_POINT('',(-0.32,-7.94,-2.84));
#4144 = LINE('',#4145,#4146);
#4145 = CARTESIAN_POINT('',(0.32,-7.94,-2.84));
#4146 = VECTOR('',#4147,1.);
#4147 = DIRECTION('',(-1.,0.,0.));
#4148 = ORIENTED_EDGE('',*,*,#4149,.T.);
#4149 = EDGE_CURVE('',#4142,#4115,#4150,.T.);
#4150 = LINE('',#4151,#4152);
#4151 = CARTESIAN_POINT('',(-0.32,-7.94,-3.));
#4152 = VECTOR('',#4153,1.);
#4153 = DIRECTION('',(0.,0.,1.));
#4154 = PLANE('',#4155);
#4155 = AXIS2_PLACEMENT_3D('',#4156,#4157,#4158);
#4156 = CARTESIAN_POINT('',(4.143794308537,-7.94,2.551205691463));
#4157 = DIRECTION('',(0.,1.,0.));
#4158 = DIRECTION('',(0.,-0.,1.));
#4159 = ADVANCED_FACE('',(#4160),#4171,.T.);
#4160 = FACE_BOUND('',#4161,.T.);
#4161 = EDGE_LOOP('',(#4162,#4163,#4169,#4170));
#4162 = ORIENTED_EDGE('',*,*,#4045,.F.);
#4163 = ORIENTED_EDGE('',*,*,#4164,.T.);
#4164 = EDGE_CURVE('',#4037,#4117,#4165,.T.);
#4165 = LINE('',#4166,#4167);
#4166 = CARTESIAN_POINT('',(0.32,-7.3,4.13));
#4167 = VECTOR('',#4168,1.);
#4168 = DIRECTION('',(0.,-1.,0.));
#4169 = ORIENTED_EDGE('',*,*,#4125,.T.);
#4170 = ORIENTED_EDGE('',*,*,#2231,.T.);
#4171 = PLANE('',#4172);
#4172 = AXIS2_PLACEMENT_3D('',#4173,#4174,#4175);
#4173 = CARTESIAN_POINT('',(-0.32,-7.3,4.13));
#4174 = DIRECTION('',(-6.885104028683E-17,0.,1.));
#4175 = DIRECTION('',(1.,0.,6.885104028683E-17));
#4176 = ADVANCED_FACE('',(#4177),#4202,.T.);
#4177 = FACE_BOUND('',#4178,.T.);
#4178 = EDGE_LOOP('',(#4179,#4187,#4195,#4201));
#4179 = ORIENTED_EDGE('',*,*,#4180,.F.);
#4180 = EDGE_CURVE('',#4181,#2258,#4183,.T.);
#4181 = VERTEX_POINT('',#4182);
#4182 = CARTESIAN_POINT('',(0.32,-2.22,4.13));
#4183 = LINE('',#4184,#4185);
#4184 = CARTESIAN_POINT('',(-0.32,-2.22,4.13));
#4185 = VECTOR('',#4186,1.);
#4186 = DIRECTION('',(1.,0.,6.885104028683E-17));
#4187 = ORIENTED_EDGE('',*,*,#4188,.T.);
#4188 = EDGE_CURVE('',#4181,#4189,#4191,.T.);
#4189 = VERTEX_POINT('',#4190);
#4190 = CARTESIAN_POINT('',(0.32,-2.86,4.13));
#4191 = LINE('',#4192,#4193);
#4192 = CARTESIAN_POINT('',(0.32,-2.22,4.13));
#4193 = VECTOR('',#4194,1.);
#4194 = DIRECTION('',(0.,-1.,0.));
#4195 = ORIENTED_EDGE('',*,*,#4196,.T.);
#4196 = EDGE_CURVE('',#4189,#2256,#4197,.T.);
#4197 = LINE('',#4198,#4199);
#4198 = CARTESIAN_POINT('',(-0.32,-2.86,4.13));
#4199 = VECTOR('',#4200,1.);
#4200 = DIRECTION('',(1.,0.,6.885104028683E-17));
#4201 = ORIENTED_EDGE('',*,*,#2255,.T.);
#4202 = PLANE('',#4203);
#4203 = AXIS2_PLACEMENT_3D('',#4204,#4205,#4206);
#4204 = CARTESIAN_POINT('',(-0.32,-2.22,4.13));
#4205 = DIRECTION('',(-6.885104028683E-17,0.,1.));
#4206 = DIRECTION('',(1.,0.,6.885104028683E-17));
#4207 = ADVANCED_FACE('',(#4208),#4251,.T.);
#4208 = FACE_BOUND('',#4209,.T.);
#4209 = EDGE_LOOP('',(#4210,#4219,#4220,#4221,#4229,#4237,#4245));
#4210 = ORIENTED_EDGE('',*,*,#4211,.T.);
#4211 = EDGE_CURVE('',#4212,#4181,#4214,.T.);
#4212 = VERTEX_POINT('',#4213);
#4213 = CARTESIAN_POINT('',(-0.32,-2.22,3.49));
#4214 = CIRCLE('',#4215,0.64);
#4215 = AXIS2_PLACEMENT_3D('',#4216,#4217,#4218);
#4216 = CARTESIAN_POINT('',(0.32,-2.22,3.49));
#4217 = DIRECTION('',(0.,1.,0.));
#4218 = DIRECTION('',(0.,0.,-1.));
#4219 = ORIENTED_EDGE('',*,*,#4180,.T.);
#4220 = ORIENTED_EDGE('',*,*,#2281,.T.);
#4221 = ORIENTED_EDGE('',*,*,#4222,.T.);
#4222 = EDGE_CURVE('',#2274,#4223,#4225,.T.);
#4223 = VERTEX_POINT('',#4224);
#4224 = CARTESIAN_POINT('',(0.32,-2.22,3.49));
#4225 = LINE('',#4226,#4227);
#4226 = CARTESIAN_POINT('',(12.58,-2.22,3.49));
#4227 = VECTOR('',#4228,1.);
#4228 = DIRECTION('',(-1.,0.,0.));
#4229 = ORIENTED_EDGE('',*,*,#4230,.T.);
#4230 = EDGE_CURVE('',#4223,#4231,#4233,.T.);
#4231 = VERTEX_POINT('',#4232);
#4232 = CARTESIAN_POINT('',(0.32,-2.22,-2.84));
#4233 = LINE('',#4234,#4235);
#4234 = CARTESIAN_POINT('',(0.32,-2.22,3.49));
#4235 = VECTOR('',#4236,1.);
#4236 = DIRECTION('',(0.,0.,-1.));
#4237 = ORIENTED_EDGE('',*,*,#4238,.T.);
#4238 = EDGE_CURVE('',#4231,#4239,#4241,.T.);
#4239 = VERTEX_POINT('',#4240);
#4240 = CARTESIAN_POINT('',(-0.32,-2.22,-2.84));
#4241 = LINE('',#4242,#4243);
#4242 = CARTESIAN_POINT('',(0.32,-2.22,-2.84));
#4243 = VECTOR('',#4244,1.);
#4244 = DIRECTION('',(-1.,0.,0.));
#4245 = ORIENTED_EDGE('',*,*,#4246,.T.);
#4246 = EDGE_CURVE('',#4239,#4212,#4247,.T.);
#4247 = LINE('',#4248,#4249);
#4248 = CARTESIAN_POINT('',(-0.32,-2.22,-3.));
#4249 = VECTOR('',#4250,1.);
#4250 = DIRECTION('',(0.,0.,1.));
#4251 = PLANE('',#4252);
#4252 = AXIS2_PLACEMENT_3D('',#4253,#4254,#4255);
#4253 = CARTESIAN_POINT('',(4.143794308537,-2.22,2.551205691463));
#4254 = DIRECTION('',(0.,1.,0.));
#4255 = DIRECTION('',(0.,-0.,1.));
#4256 = ADVANCED_FACE('',(#4257),#4275,.T.);
#4257 = FACE_BOUND('',#4258,.T.);
#4258 = EDGE_LOOP('',(#4259,#4260,#4261,#4269));
#4259 = ORIENTED_EDGE('',*,*,#4222,.F.);
#4260 = ORIENTED_EDGE('',*,*,#2273,.T.);
#4261 = ORIENTED_EDGE('',*,*,#4262,.T.);
#4262 = EDGE_CURVE('',#2266,#4263,#4265,.T.);
#4263 = VERTEX_POINT('',#4264);
#4264 = CARTESIAN_POINT('',(0.32,-2.86,3.49));
#4265 = LINE('',#4266,#4267);
#4266 = CARTESIAN_POINT('',(12.58,-2.86,3.49));
#4267 = VECTOR('',#4268,1.);
#4268 = DIRECTION('',(-1.,0.,0.));
#4269 = ORIENTED_EDGE('',*,*,#4270,.F.);
#4270 = EDGE_CURVE('',#4223,#4263,#4271,.T.);
#4271 = LINE('',#4272,#4273);
#4272 = CARTESIAN_POINT('',(0.32,-2.22,3.49));
#4273 = VECTOR('',#4274,1.);
#4274 = DIRECTION('',(0.,-1.,0.));
#4275 = PLANE('',#4276);
#4276 = AXIS2_PLACEMENT_3D('',#4277,#4278,#4279);
#4277 = CARTESIAN_POINT('',(12.58,-2.22,3.49));
#4278 = DIRECTION('',(-0.,-0.,-1.));
#4279 = DIRECTION('',(-1.,0.,0.));
#4280 = ADVANCED_FACE('',(#4281),#4317,.F.);
#4281 = FACE_BOUND('',#4282,.F.);
#4282 = EDGE_LOOP('',(#4283,#4292,#4293,#4294,#4295,#4303,#4311));
#4283 = ORIENTED_EDGE('',*,*,#4284,.T.);
#4284 = EDGE_CURVE('',#4285,#4189,#4287,.T.);
#4285 = VERTEX_POINT('',#4286);
#4286 = CARTESIAN_POINT('',(-0.32,-2.86,3.49));
#4287 = CIRCLE('',#4288,0.64);
#4288 = AXIS2_PLACEMENT_3D('',#4289,#4290,#4291);
#4289 = CARTESIAN_POINT('',(0.32,-2.86,3.49));
#4290 = DIRECTION('',(0.,1.,0.));
#4291 = DIRECTION('',(0.,0.,-1.));
#4292 = ORIENTED_EDGE('',*,*,#4196,.T.);
#4293 = ORIENTED_EDGE('',*,*,#2265,.T.);
#4294 = ORIENTED_EDGE('',*,*,#4262,.T.);
#4295 = ORIENTED_EDGE('',*,*,#4296,.T.);
#4296 = EDGE_CURVE('',#4263,#4297,#4299,.T.);
#4297 = VERTEX_POINT('',#4298);
#4298 = CARTESIAN_POINT('',(0.32,-2.86,-2.84));
#4299 = LINE('',#4300,#4301);
#4300 = CARTESIAN_POINT('',(0.32,-2.86,3.49));
#4301 = VECTOR('',#4302,1.);
#4302 = DIRECTION('',(0.,0.,-1.));
#4303 = ORIENTED_EDGE('',*,*,#4304,.T.);
#4304 = EDGE_CURVE('',#4297,#4305,#4307,.T.);
#4305 = VERTEX_POINT('',#4306);
#4306 = CARTESIAN_POINT('',(-0.32,-2.86,-2.84));
#4307 = LINE('',#4308,#4309);
#4308 = CARTESIAN_POINT('',(0.32,-2.86,-2.84));
#4309 = VECTOR('',#4310,1.);
#4310 = DIRECTION('',(-1.,0.,0.));
#4311 = ORIENTED_EDGE('',*,*,#4312,.T.);
#4312 = EDGE_CURVE('',#4305,#4285,#4313,.T.);
#4313 = LINE('',#4314,#4315);
#4314 = CARTESIAN_POINT('',(-0.32,-2.86,-3.));
#4315 = VECTOR('',#4316,1.);
#4316 = DIRECTION('',(0.,0.,1.));
#4317 = PLANE('',#4318);
#4318 = AXIS2_PLACEMENT_3D('',#4319,#4320,#4321);
#4319 = CARTESIAN_POINT('',(4.143794308537,-2.86,2.551205691463));
#4320 = DIRECTION('',(0.,1.,0.));
#4321 = DIRECTION('',(0.,-0.,1.));
#4322 = ADVANCED_FACE('',(#4323),#4373,.T.);
#4323 = FACE_BOUND('',#4324,.T.);
#4324 = EDGE_LOOP('',(#4325,#4336,#4342,#4343,#4351,#4359,#4367));
#4325 = ORIENTED_EDGE('',*,*,#4326,.T.);
#4326 = EDGE_CURVE('',#4327,#4329,#4331,.T.);
#4327 = VERTEX_POINT('',#4328);
#4328 = CARTESIAN_POINT('',(-0.32,-4.76,3.49));
#4329 = VERTEX_POINT('',#4330);
#4330 = CARTESIAN_POINT('',(0.32,-4.76,4.13));
#4331 = CIRCLE('',#4332,0.64);
#4332 = AXIS2_PLACEMENT_3D('',#4333,#4334,#4335);
#4333 = CARTESIAN_POINT('',(0.32,-4.76,3.49));
#4334 = DIRECTION('',(0.,1.,0.));
#4335 = DIRECTION('',(0.,0.,-1.));
#4336 = ORIENTED_EDGE('',*,*,#4337,.T.);
#4337 = EDGE_CURVE('',#4329,#2290,#4338,.T.);
#4338 = LINE('',#4339,#4340);
#4339 = CARTESIAN_POINT('',(-0.32,-4.76,4.13));
#4340 = VECTOR('',#4341,1.);
#4341 = DIRECTION('',(1.,0.,6.885104028683E-17));
#4342 = ORIENTED_EDGE('',*,*,#2289,.T.);
#4343 = ORIENTED_EDGE('',*,*,#4344,.T.);
#4344 = EDGE_CURVE('',#2292,#4345,#4347,.T.);
#4345 = VERTEX_POINT('',#4346);
#4346 = CARTESIAN_POINT('',(0.32,-4.76,3.49));
#4347 = LINE('',#4348,#4349);
#4348 = CARTESIAN_POINT('',(12.58,-4.76,3.49));
#4349 = VECTOR('',#4350,1.);
#4350 = DIRECTION('',(-1.,0.,0.));
#4351 = ORIENTED_EDGE('',*,*,#4352,.T.);
#4352 = EDGE_CURVE('',#4345,#4353,#4355,.T.);
#4353 = VERTEX_POINT('',#4354);
#4354 = CARTESIAN_POINT('',(0.32,-4.76,-2.84));
#4355 = LINE('',#4356,#4357);
#4356 = CARTESIAN_POINT('',(0.32,-4.76,3.49));
#4357 = VECTOR('',#4358,1.);
#4358 = DIRECTION('',(0.,0.,-1.));
#4359 = ORIENTED_EDGE('',*,*,#4360,.T.);
#4360 = EDGE_CURVE('',#4353,#4361,#4363,.T.);
#4361 = VERTEX_POINT('',#4362);
#4362 = CARTESIAN_POINT('',(-0.32,-4.76,-2.84));
#4363 = LINE('',#4364,#4365);
#4364 = CARTESIAN_POINT('',(0.32,-4.76,-2.84));
#4365 = VECTOR('',#4366,1.);
#4366 = DIRECTION('',(-1.,0.,0.));
#4367 = ORIENTED_EDGE('',*,*,#4368,.T.);
#4368 = EDGE_CURVE('',#4361,#4327,#4369,.T.);
#4369 = LINE('',#4370,#4371);
#4370 = CARTESIAN_POINT('',(-0.32,-4.76,-3.));
#4371 = VECTOR('',#4372,1.);
#4372 = DIRECTION('',(0.,0.,1.));
#4373 = PLANE('',#4374);
#4374 = AXIS2_PLACEMENT_3D('',#4375,#4376,#4377);
#4375 = CARTESIAN_POINT('',(4.143794308537,-4.76,2.551205691463));
#4376 = DIRECTION('',(0.,1.,0.));
#4377 = DIRECTION('',(0.,-0.,1.));
#4378 = ADVANCED_FACE('',(#4379),#4397,.T.);
#4379 = FACE_BOUND('',#4380,.T.);
#4380 = EDGE_LOOP('',(#4381,#4382,#4383,#4391));
#4381 = ORIENTED_EDGE('',*,*,#4344,.F.);
#4382 = ORIENTED_EDGE('',*,*,#2315,.T.);
#4383 = ORIENTED_EDGE('',*,*,#4384,.T.);
#4384 = EDGE_CURVE('',#2308,#4385,#4387,.T.);
#4385 = VERTEX_POINT('',#4386);
#4386 = CARTESIAN_POINT('',(0.32,-5.4,3.49));
#4387 = LINE('',#4388,#4389);
#4388 = CARTESIAN_POINT('',(12.58,-5.4,3.49));
#4389 = VECTOR('',#4390,1.);
#4390 = DIRECTION('',(-1.,0.,0.));
#4391 = ORIENTED_EDGE('',*,*,#4392,.F.);
#4392 = EDGE_CURVE('',#4345,#4385,#4393,.T.);
#4393 = LINE('',#4394,#4395);
#4394 = CARTESIAN_POINT('',(0.32,-4.76,3.49));
#4395 = VECTOR('',#4396,1.);
#4396 = DIRECTION('',(0.,-1.,0.));
#4397 = PLANE('',#4398);
#4398 = AXIS2_PLACEMENT_3D('',#4399,#4400,#4401);
#4399 = CARTESIAN_POINT('',(12.58,-4.76,3.49));
#4400 = DIRECTION('',(-0.,-0.,-1.));
#4401 = DIRECTION('',(-1.,0.,0.));
#4402 = ADVANCED_FACE('',(#4403),#4446,.F.);
#4403 = FACE_BOUND('',#4404,.F.);
#4404 = EDGE_LOOP('',(#4405,#4416,#4422,#4423,#4424,#4432,#4440));
#4405 = ORIENTED_EDGE('',*,*,#4406,.T.);
#4406 = EDGE_CURVE('',#4407,#4409,#4411,.T.);
#4407 = VERTEX_POINT('',#4408);
#4408 = CARTESIAN_POINT('',(-0.32,-5.4,3.49));
#4409 = VERTEX_POINT('',#4410);
#4410 = CARTESIAN_POINT('',(0.32,-5.4,4.13));
#4411 = CIRCLE('',#4412,0.64);
#4412 = AXIS2_PLACEMENT_3D('',#4413,#4414,#4415);
#4413 = CARTESIAN_POINT('',(0.32,-5.4,3.49));
#4414 = DIRECTION('',(0.,1.,0.));
#4415 = DIRECTION('',(0.,0.,-1.));
#4416 = ORIENTED_EDGE('',*,*,#4417,.T.);
#4417 = EDGE_CURVE('',#4409,#2300,#4418,.T.);
#4418 = LINE('',#4419,#4420);
#4419 = CARTESIAN_POINT('',(-0.32,-5.4,4.13));
#4420 = VECTOR('',#4421,1.);
#4421 = DIRECTION('',(1.,0.,6.885104028683E-17));
#4422 = ORIENTED_EDGE('',*,*,#2307,.T.);
#4423 = ORIENTED_EDGE('',*,*,#4384,.T.);
#4424 = ORIENTED_EDGE('',*,*,#4425,.T.);
#4425 = EDGE_CURVE('',#4385,#4426,#4428,.T.);
#4426 = VERTEX_POINT('',#4427);
#4427 = CARTESIAN_POINT('',(0.32,-5.4,-2.84));
#4428 = LINE('',#4429,#4430);
#4429 = CARTESIAN_POINT('',(0.32,-5.4,3.49));
#4430 = VECTOR('',#4431,1.);
#4431 = DIRECTION('',(0.,0.,-1.));
#4432 = ORIENTED_EDGE('',*,*,#4433,.T.);
#4433 = EDGE_CURVE('',#4426,#4434,#4436,.T.);
#4434 = VERTEX_POINT('',#4435);
#4435 = CARTESIAN_POINT('',(-0.32,-5.4,-2.84));
#4436 = LINE('',#4437,#4438);
#4437 = CARTESIAN_POINT('',(0.32,-5.4,-2.84));
#4438 = VECTOR('',#4439,1.);
#4439 = DIRECTION('',(-1.,0.,0.));
#4440 = ORIENTED_EDGE('',*,*,#4441,.T.);
#4441 = EDGE_CURVE('',#4434,#4407,#4442,.T.);
#4442 = LINE('',#4443,#4444);
#4443 = CARTESIAN_POINT('',(-0.32,-5.4,-3.));
#4444 = VECTOR('',#4445,1.);
#4445 = DIRECTION('',(0.,0.,1.));
#4446 = PLANE('',#4447);
#4447 = AXIS2_PLACEMENT_3D('',#4448,#4449,#4450);
#4448 = CARTESIAN_POINT('',(4.143794308537,-5.4,2.551205691463));
#4449 = DIRECTION('',(0.,1.,0.));
#4450 = DIRECTION('',(0.,-0.,1.));
#4451 = ADVANCED_FACE('',(#4452),#4463,.T.);
#4452 = FACE_BOUND('',#4453,.T.);
#4453 = EDGE_LOOP('',(#4454,#4455,#4461,#4462));
#4454 = ORIENTED_EDGE('',*,*,#4337,.F.);
#4455 = ORIENTED_EDGE('',*,*,#4456,.T.);
#4456 = EDGE_CURVE('',#4329,#4409,#4457,.T.);
#4457 = LINE('',#4458,#4459);
#4458 = CARTESIAN_POINT('',(0.32,-4.76,4.13));
#4459 = VECTOR('',#4460,1.);
#4460 = DIRECTION('',(0.,-1.,0.));
#4461 = ORIENTED_EDGE('',*,*,#4417,.T.);
#4462 = ORIENTED_EDGE('',*,*,#2299,.T.);
#4463 = PLANE('',#4464);
#4464 = AXIS2_PLACEMENT_3D('',#4465,#4466,#4467);
#4465 = CARTESIAN_POINT('',(-0.32,-4.76,4.13));
#4466 = DIRECTION('',(-6.885104028683E-17,0.,1.));
#4467 = DIRECTION('',(1.,0.,6.885104028683E-17));
#4468 = ADVANCED_FACE('',(#4469),#4494,.T.);
#4469 = FACE_BOUND('',#4470,.T.);
#4470 = EDGE_LOOP('',(#4471,#4479,#4480,#4488));
#4471 = ORIENTED_EDGE('',*,*,#4472,.F.);
#4472 = EDGE_CURVE('',#2324,#4473,#4475,.T.);
#4473 = VERTEX_POINT('',#4474);
#4474 = CARTESIAN_POINT('',(0.32,-12.38,3.49));
#4475 = LINE('',#4476,#4477);
#4476 = CARTESIAN_POINT('',(12.58,-12.38,3.49));
#4477 = VECTOR('',#4478,1.);
#4478 = DIRECTION('',(-1.,0.,0.));
#4479 = ORIENTED_EDGE('',*,*,#2323,.T.);
#4480 = ORIENTED_EDGE('',*,*,#4481,.T.);
#4481 = EDGE_CURVE('',#2326,#4482,#4484,.T.);
#4482 = VERTEX_POINT('',#4483);
#4483 = CARTESIAN_POINT('',(0.32,-13.02,3.49));
#4484 = LINE('',#4485,#4486);
#4485 = CARTESIAN_POINT('',(12.58,-13.02,3.49));
#4486 = VECTOR('',#4487,1.);
#4487 = DIRECTION('',(-1.,0.,0.));
#4488 = ORIENTED_EDGE('',*,*,#4489,.F.);
#4489 = EDGE_CURVE('',#4473,#4482,#4490,.T.);
#4490 = LINE('',#4491,#4492);
#4491 = CARTESIAN_POINT('',(0.32,-12.38,3.49));
#4492 = VECTOR('',#4493,1.);
#4493 = DIRECTION('',(0.,-1.,0.));
#4494 = PLANE('',#4495);
#4495 = AXIS2_PLACEMENT_3D('',#4496,#4497,#4498);
#4496 = CARTESIAN_POINT('',(12.58,-12.38,3.49));
#4497 = DIRECTION('',(-0.,-0.,-1.));
#4498 = DIRECTION('',(-1.,0.,0.));
#4499 = ADVANCED_FACE('',(#4500),#4543,.F.);
#4500 = FACE_BOUND('',#4501,.F.);
#4501 = EDGE_LOOP('',(#4502,#4513,#4519,#4520,#4521,#4529,#4537));
#4502 = ORIENTED_EDGE('',*,*,#4503,.T.);
#4503 = EDGE_CURVE('',#4504,#4506,#4508,.T.);
#4504 = VERTEX_POINT('',#4505);
#4505 = CARTESIAN_POINT('',(-0.32,-13.02,3.49));
#4506 = VERTEX_POINT('',#4507);
#4507 = CARTESIAN_POINT('',(0.32,-13.02,4.13));
#4508 = CIRCLE('',#4509,0.64);
#4509 = AXIS2_PLACEMENT_3D('',#4510,#4511,#4512);
#4510 = CARTESIAN_POINT('',(0.32,-13.02,3.49));
#4511 = DIRECTION('',(0.,1.,0.));
#4512 = DIRECTION('',(0.,0.,-1.));
#4513 = ORIENTED_EDGE('',*,*,#4514,.T.);
#4514 = EDGE_CURVE('',#4506,#2342,#4515,.T.);
#4515 = LINE('',#4516,#4517);
#4516 = CARTESIAN_POINT('',(-0.32,-13.02,4.13));
#4517 = VECTOR('',#4518,1.);
#4518 = DIRECTION('',(1.,0.,6.885104028683E-17));
#4519 = ORIENTED_EDGE('',*,*,#2349,.T.);
#4520 = ORIENTED_EDGE('',*,*,#4481,.T.);
#4521 = ORIENTED_EDGE('',*,*,#4522,.T.);
#4522 = EDGE_CURVE('',#4482,#4523,#4525,.T.);
#4523 = VERTEX_POINT('',#4524);
#4524 = CARTESIAN_POINT('',(0.32,-13.02,-2.84));
#4525 = LINE('',#4526,#4527);
#4526 = CARTESIAN_POINT('',(0.32,-13.02,3.49));
#4527 = VECTOR('',#4528,1.);
#4528 = DIRECTION('',(0.,0.,-1.));
#4529 = ORIENTED_EDGE('',*,*,#4530,.T.);
#4530 = EDGE_CURVE('',#4523,#4531,#4533,.T.);
#4531 = VERTEX_POINT('',#4532);
#4532 = CARTESIAN_POINT('',(-0.32,-13.02,-2.84));
#4533 = LINE('',#4534,#4535);
#4534 = CARTESIAN_POINT('',(0.32,-13.02,-2.84));
#4535 = VECTOR('',#4536,1.);
#4536 = DIRECTION('',(-1.,0.,0.));
#4537 = ORIENTED_EDGE('',*,*,#4538,.T.);
#4538 = EDGE_CURVE('',#4531,#4504,#4539,.T.);
#4539 = LINE('',#4540,#4541);
#4540 = CARTESIAN_POINT('',(-0.32,-13.02,-3.));
#4541 = VECTOR('',#4542,1.);
#4542 = DIRECTION('',(0.,0.,1.));
#4543 = PLANE('',#4544);
#4544 = AXIS2_PLACEMENT_3D('',#4545,#4546,#4547);
#4545 = CARTESIAN_POINT('',(4.143794308537,-13.02,2.551205691463));
#4546 = DIRECTION('',(0.,1.,0.));
#4547 = DIRECTION('',(0.,-0.,1.));
#4548 = ADVANCED_FACE('',(#4549),#4567,.T.);
#4549 = FACE_BOUND('',#4550,.T.);
#4550 = EDGE_LOOP('',(#4551,#4559,#4565,#4566));
#4551 = ORIENTED_EDGE('',*,*,#4552,.F.);
#4552 = EDGE_CURVE('',#4553,#2334,#4555,.T.);
#4553 = VERTEX_POINT('',#4554);
#4554 = CARTESIAN_POINT('',(0.32,-12.38,4.13));
#4555 = LINE('',#4556,#4557);
#4556 = CARTESIAN_POINT('',(-0.32,-12.38,4.13));
#4557 = VECTOR('',#4558,1.);
#4558 = DIRECTION('',(1.,0.,6.885104028683E-17));
#4559 = ORIENTED_EDGE('',*,*,#4560,.T.);
#4560 = EDGE_CURVE('',#4553,#4506,#4561,.T.);
#4561 = LINE('',#4562,#4563);
#4562 = CARTESIAN_POINT('',(0.32,-12.38,4.13));
#4563 = VECTOR('',#4564,1.);
#4564 = DIRECTION('',(0.,-1.,0.));
#4565 = ORIENTED_EDGE('',*,*,#4514,.T.);
#4566 = ORIENTED_EDGE('',*,*,#2341,.T.);
#4567 = PLANE('',#4568);
#4568 = AXIS2_PLACEMENT_3D('',#4569,#4570,#4571);
#4569 = CARTESIAN_POINT('',(-0.32,-12.38,4.13));
#4570 = DIRECTION('',(-6.885104028683E-17,0.,1.));
#4571 = DIRECTION('',(1.,0.,6.885104028683E-17));
#4572 = ADVANCED_FACE('',(#4573),#4609,.T.);
#4573 = FACE_BOUND('',#4574,.T.);
#4574 = EDGE_LOOP('',(#4575,#4584,#4585,#4586,#4587,#4595,#4603));
#4575 = ORIENTED_EDGE('',*,*,#4576,.T.);
#4576 = EDGE_CURVE('',#4577,#4553,#4579,.T.);
#4577 = VERTEX_POINT('',#4578);
#4578 = CARTESIAN_POINT('',(-0.32,-12.38,3.49));
#4579 = CIRCLE('',#4580,0.64);
#4580 = AXIS2_PLACEMENT_3D('',#4581,#4582,#4583);
#4581 = CARTESIAN_POINT('',(0.32,-12.38,3.49));
#4582 = DIRECTION('',(0.,1.,0.));
#4583 = DIRECTION('',(0.,0.,-1.));
#4584 = ORIENTED_EDGE('',*,*,#4552,.T.);
#4585 = ORIENTED_EDGE('',*,*,#2333,.T.);
#4586 = ORIENTED_EDGE('',*,*,#4472,.T.);
#4587 = ORIENTED_EDGE('',*,*,#4588,.T.);
#4588 = EDGE_CURVE('',#4473,#4589,#4591,.T.);
#4589 = VERTEX_POINT('',#4590);
#4590 = CARTESIAN_POINT('',(0.32,-12.38,-2.84));
#4591 = LINE('',#4592,#4593);
#4592 = CARTESIAN_POINT('',(0.32,-12.38,3.49));
#4593 = VECTOR('',#4594,1.);
#4594 = DIRECTION('',(0.,0.,-1.));
#4595 = ORIENTED_EDGE('',*,*,#4596,.T.);
#4596 = EDGE_CURVE('',#4589,#4597,#4599,.T.);
#4597 = VERTEX_POINT('',#4598);
#4598 = CARTESIAN_POINT('',(-0.32,-12.38,-2.84));
#4599 = LINE('',#4600,#4601);
#4600 = CARTESIAN_POINT('',(0.32,-12.38,-2.84));
#4601 = VECTOR('',#4602,1.);
#4602 = DIRECTION('',(-1.,0.,0.));
#4603 = ORIENTED_EDGE('',*,*,#4604,.T.);
#4604 = EDGE_CURVE('',#4597,#4577,#4605,.T.);
#4605 = LINE('',#4606,#4607);
#4606 = CARTESIAN_POINT('',(-0.32,-12.38,-3.));
#4607 = VECTOR('',#4608,1.);
#4608 = DIRECTION('',(0.,0.,1.));
#4609 = PLANE('',#4610);
#4610 = AXIS2_PLACEMENT_3D('',#4611,#4612,#4613);
#4611 = CARTESIAN_POINT('',(4.143794308537,-12.38,2.551205691463));
#4612 = DIRECTION('',(0.,1.,0.));
#4613 = DIRECTION('',(0.,-0.,1.));
#4614 = ADVANCED_FACE('',(#4615),#4640,.T.);
#4615 = FACE_BOUND('',#4616,.T.);
#4616 = EDGE_LOOP('',(#4617,#4625,#4633,#4639));
#4617 = ORIENTED_EDGE('',*,*,#4618,.F.);
#4618 = EDGE_CURVE('',#4619,#2360,#4621,.T.);
#4619 = VERTEX_POINT('',#4620);
#4620 = CARTESIAN_POINT('',(2.86,-9.84,1.59));
#4621 = LINE('',#4622,#4623);
#4622 = CARTESIAN_POINT('',(2.22,-9.84,1.59));
#4623 = VECTOR('',#4624,1.);
#4624 = DIRECTION('',(1.,0.,2.143287692327E-17));
#4625 = ORIENTED_EDGE('',*,*,#4626,.T.);
#4626 = EDGE_CURVE('',#4619,#4627,#4629,.T.);
#4627 = VERTEX_POINT('',#4628);
#4628 = CARTESIAN_POINT('',(2.86,-10.48,1.59));
#4629 = LINE('',#4630,#4631);
#4630 = CARTESIAN_POINT('',(2.86,-9.84,1.59));
#4631 = VECTOR('',#4632,1.);
#4632 = DIRECTION('',(0.,-1.,0.));
#4633 = ORIENTED_EDGE('',*,*,#4634,.T.);
#4634 = EDGE_CURVE('',#4627,#2358,#4635,.T.);
#4635 = LINE('',#4636,#4637);
#4636 = CARTESIAN_POINT('',(2.22,-10.48,1.59));
#4637 = VECTOR('',#4638,1.);
#4638 = DIRECTION('',(1.,0.,2.143287692327E-17));
#4639 = ORIENTED_EDGE('',*,*,#2357,.T.);
#4640 = PLANE('',#4641);
#4641 = AXIS2_PLACEMENT_3D('',#4642,#4643,#4644);
#4642 = CARTESIAN_POINT('',(2.22,-9.84,1.59));
#4643 = DIRECTION('',(-2.143287692327E-17,0.,1.));
#4644 = DIRECTION('',(1.,0.,2.143287692327E-17));
#4645 = ADVANCED_FACE('',(#4646),#4689,.T.);
#4646 = FACE_BOUND('',#4647,.T.);
#4647 = EDGE_LOOP('',(#4648,#4657,#4658,#4659,#4667,#4675,#4683));
#4648 = ORIENTED_EDGE('',*,*,#4649,.T.);
#4649 = EDGE_CURVE('',#4650,#4619,#4652,.T.);
#4650 = VERTEX_POINT('',#4651);
#4651 = CARTESIAN_POINT('',(2.22,-9.84,0.95));
#4652 = CIRCLE('',#4653,0.64);
#4653 = AXIS2_PLACEMENT_3D('',#4654,#4655,#4656);
#4654 = CARTESIAN_POINT('',(2.86,-9.84,0.95));
#4655 = DIRECTION('',(0.,1.,0.));
#4656 = DIRECTION('',(0.,0.,-1.));
#4657 = ORIENTED_EDGE('',*,*,#4618,.T.);
#4658 = ORIENTED_EDGE('',*,*,#2383,.T.);
#4659 = ORIENTED_EDGE('',*,*,#4660,.T.);
#4660 = EDGE_CURVE('',#2376,#4661,#4663,.T.);
#4661 = VERTEX_POINT('',#4662);
#4662 = CARTESIAN_POINT('',(2.86,-9.84,0.95));
#4663 = LINE('',#4664,#4665);
#4664 = CARTESIAN_POINT('',(12.58,-9.84,0.95));
#4665 = VECTOR('',#4666,1.);
#4666 = DIRECTION('',(-1.,0.,0.));
#4667 = ORIENTED_EDGE('',*,*,#4668,.T.);
#4668 = EDGE_CURVE('',#4661,#4669,#4671,.T.);
#4669 = VERTEX_POINT('',#4670);
#4670 = CARTESIAN_POINT('',(2.86,-9.84,-2.84));
#4671 = LINE('',#4672,#4673);
#4672 = CARTESIAN_POINT('',(2.86,-9.84,0.95));
#4673 = VECTOR('',#4674,1.);
#4674 = DIRECTION('',(0.,0.,-1.));
#4675 = ORIENTED_EDGE('',*,*,#4676,.T.);
#4676 = EDGE_CURVE('',#4669,#4677,#4679,.T.);
#4677 = VERTEX_POINT('',#4678);
#4678 = CARTESIAN_POINT('',(2.22,-9.84,-2.84));
#4679 = LINE('',#4680,#4681);
#4680 = CARTESIAN_POINT('',(2.86,-9.84,-2.84));
#4681 = VECTOR('',#4682,1.);
#4682 = DIRECTION('',(-1.,0.,0.));
#4683 = ORIENTED_EDGE('',*,*,#4684,.T.);
#4684 = EDGE_CURVE('',#4677,#4650,#4685,.T.);
#4685 = LINE('',#4686,#4687);
#4686 = CARTESIAN_POINT('',(2.22,-9.84,-3.));
#4687 = VECTOR('',#4688,1.);
#4688 = DIRECTION('',(0.,0.,1.));
#4689 = PLANE('',#4690);
#4690 = AXIS2_PLACEMENT_3D('',#4691,#4692,#4693);
#4691 = CARTESIAN_POINT('',(6.115919732441,-9.84,0.579080267559));
#4692 = DIRECTION('',(1.223822766313E-33,1.,-1.161915124245E-33));
#4693 = DIRECTION('',(1.,-1.223822766313E-33,0.));
#4694 = ADVANCED_FACE('',(#4695),#4713,.T.);
#4695 = FACE_BOUND('',#4696,.T.);
#4696 = EDGE_LOOP('',(#4697,#4698,#4699,#4707));
#4697 = ORIENTED_EDGE('',*,*,#4660,.F.);
#4698 = ORIENTED_EDGE('',*,*,#2375,.T.);
#4699 = ORIENTED_EDGE('',*,*,#4700,.T.);
#4700 = EDGE_CURVE('',#2368,#4701,#4703,.T.);
#4701 = VERTEX_POINT('',#4702);
#4702 = CARTESIAN_POINT('',(2.86,-10.48,0.95));
#4703 = LINE('',#4704,#4705);
#4704 = CARTESIAN_POINT('',(12.58,-10.48,0.95));
#4705 = VECTOR('',#4706,1.);
#4706 = DIRECTION('',(-1.,0.,0.));
#4707 = ORIENTED_EDGE('',*,*,#4708,.F.);
#4708 = EDGE_CURVE('',#4661,#4701,#4709,.T.);
#4709 = LINE('',#4710,#4711);
#4710 = CARTESIAN_POINT('',(2.86,-9.84,0.95));
#4711 = VECTOR('',#4712,1.);
#4712 = DIRECTION('',(0.,-1.,0.));
#4713 = PLANE('',#4714);
#4714 = AXIS2_PLACEMENT_3D('',#4715,#4716,#4717);
#4715 = CARTESIAN_POINT('',(12.58,-9.84,0.95));
#4716 = DIRECTION('',(-0.,-0.,-1.));
#4717 = DIRECTION('',(-1.,0.,0.));
#4718 = ADVANCED_FACE('',(#4719),#4755,.F.);
#4719 = FACE_BOUND('',#4720,.F.);
#4720 = EDGE_LOOP('',(#4721,#4730,#4731,#4732,#4733,#4741,#4749));
#4721 = ORIENTED_EDGE('',*,*,#4722,.T.);
#4722 = EDGE_CURVE('',#4723,#4627,#4725,.T.);
#4723 = VERTEX_POINT('',#4724);
#4724 = CARTESIAN_POINT('',(2.22,-10.48,0.95));
#4725 = CIRCLE('',#4726,0.64);
#4726 = AXIS2_PLACEMENT_3D('',#4727,#4728,#4729);
#4727 = CARTESIAN_POINT('',(2.86,-10.48,0.95));
#4728 = DIRECTION('',(0.,1.,0.));
#4729 = DIRECTION('',(0.,0.,-1.));
#4730 = ORIENTED_EDGE('',*,*,#4634,.T.);
#4731 = ORIENTED_EDGE('',*,*,#2367,.T.);
#4732 = ORIENTED_EDGE('',*,*,#4700,.T.);
#4733 = ORIENTED_EDGE('',*,*,#4734,.T.);
#4734 = EDGE_CURVE('',#4701,#4735,#4737,.T.);
#4735 = VERTEX_POINT('',#4736);
#4736 = CARTESIAN_POINT('',(2.86,-10.48,-2.84));
#4737 = LINE('',#4738,#4739);
#4738 = CARTESIAN_POINT('',(2.86,-10.48,0.95));
#4739 = VECTOR('',#4740,1.);
#4740 = DIRECTION('',(0.,0.,-1.));
#4741 = ORIENTED_EDGE('',*,*,#4742,.T.);
#4742 = EDGE_CURVE('',#4735,#4743,#4745,.T.);
#4743 = VERTEX_POINT('',#4744);
#4744 = CARTESIAN_POINT('',(2.22,-10.48,-2.84));
#4745 = LINE('',#4746,#4747);
#4746 = CARTESIAN_POINT('',(2.86,-10.48,-2.84));
#4747 = VECTOR('',#4748,1.);
#4748 = DIRECTION('',(-1.,0.,0.));
#4749 = ORIENTED_EDGE('',*,*,#4750,.T.);
#4750 = EDGE_CURVE('',#4743,#4723,#4751,.T.);
#4751 = LINE('',#4752,#4753);
#4752 = CARTESIAN_POINT('',(2.22,-10.48,-3.));
#4753 = VECTOR('',#4754,1.);
#4754 = DIRECTION('',(0.,0.,1.));
#4755 = PLANE('',#4756);
#4756 = AXIS2_PLACEMENT_3D('',#4757,#4758,#4759);
#4757 = CARTESIAN_POINT('',(6.115919732441,-10.48,0.579080267559));
#4758 = DIRECTION('',(1.223822766313E-33,1.,-1.161915124245E-33));
#4759 = DIRECTION('',(1.,-1.223822766313E-33,0.));
#4760 = ADVANCED_FACE('',(#4761),#4786,.T.);
#4761 = FACE_BOUND('',#4762,.T.);
#4762 = EDGE_LOOP('',(#4763,#4771,#4779,#4785));
#4763 = ORIENTED_EDGE('',*,*,#4764,.F.);
#4764 = EDGE_CURVE('',#4765,#2394,#4767,.T.);
#4765 = VERTEX_POINT('',#4766);
#4766 = CARTESIAN_POINT('',(2.86,-7.3,1.59));
#4767 = LINE('',#4768,#4769);
#4768 = CARTESIAN_POINT('',(2.22,-7.3,1.59));
#4769 = VECTOR('',#4770,1.);
#4770 = DIRECTION('',(1.,0.,2.143287692327E-17));
#4771 = ORIENTED_EDGE('',*,*,#4772,.T.);
#4772 = EDGE_CURVE('',#4765,#4773,#4775,.T.);
#4773 = VERTEX_POINT('',#4774);
#4774 = CARTESIAN_POINT('',(2.86,-7.94,1.59));
#4775 = LINE('',#4776,#4777);
#4776 = CARTESIAN_POINT('',(2.86,-7.3,1.59));
#4777 = VECTOR('',#4778,1.);
#4778 = DIRECTION('',(0.,-1.,0.));
#4779 = ORIENTED_EDGE('',*,*,#4780,.T.);
#4780 = EDGE_CURVE('',#4773,#2392,#4781,.T.);
#4781 = LINE('',#4782,#4783);
#4782 = CARTESIAN_POINT('',(2.22,-7.94,1.59));
#4783 = VECTOR('',#4784,1.);
#4784 = DIRECTION('',(1.,0.,2.143287692327E-17));
#4785 = ORIENTED_EDGE('',*,*,#2391,.T.);
#4786 = PLANE('',#4787);
#4787 = AXIS2_PLACEMENT_3D('',#4788,#4789,#4790);
#4788 = CARTESIAN_POINT('',(2.22,-7.3,1.59));
#4789 = DIRECTION('',(-2.143287692327E-17,0.,1.));
#4790 = DIRECTION('',(1.,0.,2.143287692327E-17));
#4791 = ADVANCED_FACE('',(#4792),#4835,.T.);
#4792 = FACE_BOUND('',#4793,.T.);
#4793 = EDGE_LOOP('',(#4794,#4803,#4804,#4805,#4813,#4821,#4829));
#4794 = ORIENTED_EDGE('',*,*,#4795,.T.);
#4795 = EDGE_CURVE('',#4796,#4765,#4798,.T.);
#4796 = VERTEX_POINT('',#4797);
#4797 = CARTESIAN_POINT('',(2.22,-7.3,0.95));
#4798 = CIRCLE('',#4799,0.64);
#4799 = AXIS2_PLACEMENT_3D('',#4800,#4801,#4802);
#4800 = CARTESIAN_POINT('',(2.86,-7.3,0.95));
#4801 = DIRECTION('',(0.,1.,0.));
#4802 = DIRECTION('',(0.,0.,-1.));
#4803 = ORIENTED_EDGE('',*,*,#4764,.T.);
#4804 = ORIENTED_EDGE('',*,*,#2417,.T.);
#4805 = ORIENTED_EDGE('',*,*,#4806,.T.);
#4806 = EDGE_CURVE('',#2410,#4807,#4809,.T.);
#4807 = VERTEX_POINT('',#4808);
#4808 = CARTESIAN_POINT('',(2.86,-7.3,0.95));
#4809 = LINE('',#4810,#4811);
#4810 = CARTESIAN_POINT('',(12.58,-7.3,0.95));
#4811 = VECTOR('',#4812,1.);
#4812 = DIRECTION('',(-1.,0.,0.));
#4813 = ORIENTED_EDGE('',*,*,#4814,.T.);
#4814 = EDGE_CURVE('',#4807,#4815,#4817,.T.);
#4815 = VERTEX_POINT('',#4816);
#4816 = CARTESIAN_POINT('',(2.86,-7.3,-2.84));
#4817 = LINE('',#4818,#4819);
#4818 = CARTESIAN_POINT('',(2.86,-7.3,0.95));
#4819 = VECTOR('',#4820,1.);
#4820 = DIRECTION('',(0.,0.,-1.));
#4821 = ORIENTED_EDGE('',*,*,#4822,.T.);
#4822 = EDGE_CURVE('',#4815,#4823,#4825,.T.);
#4823 = VERTEX_POINT('',#4824);
#4824 = CARTESIAN_POINT('',(2.22,-7.3,-2.84));
#4825 = LINE('',#4826,#4827);
#4826 = CARTESIAN_POINT('',(2.86,-7.3,-2.84));
#4827 = VECTOR('',#4828,1.);
#4828 = DIRECTION('',(-1.,0.,0.));
#4829 = ORIENTED_EDGE('',*,*,#4830,.T.);
#4830 = EDGE_CURVE('',#4823,#4796,#4831,.T.);
#4831 = LINE('',#4832,#4833);
#4832 = CARTESIAN_POINT('',(2.22,-7.3,-3.));
#4833 = VECTOR('',#4834,1.);
#4834 = DIRECTION('',(0.,0.,1.));
#4835 = PLANE('',#4836);
#4836 = AXIS2_PLACEMENT_3D('',#4837,#4838,#4839);
#4837 = CARTESIAN_POINT('',(6.115919732441,-7.3,0.579080267559));
#4838 = DIRECTION('',(1.223822766313E-33,1.,-1.161915124245E-33));
#4839 = DIRECTION('',(1.,-1.223822766313E-33,0.));
#4840 = ADVANCED_FACE('',(#4841),#4859,.T.);
#4841 = FACE_BOUND('',#4842,.T.);
#4842 = EDGE_LOOP('',(#4843,#4844,#4845,#4853));
#4843 = ORIENTED_EDGE('',*,*,#4806,.F.);
#4844 = ORIENTED_EDGE('',*,*,#2409,.T.);
#4845 = ORIENTED_EDGE('',*,*,#4846,.T.);
#4846 = EDGE_CURVE('',#2402,#4847,#4849,.T.);
#4847 = VERTEX_POINT('',#4848);
#4848 = CARTESIAN_POINT('',(2.86,-7.94,0.95));
#4849 = LINE('',#4850,#4851);
#4850 = CARTESIAN_POINT('',(12.58,-7.94,0.95));
#4851 = VECTOR('',#4852,1.);
#4852 = DIRECTION('',(-1.,0.,0.));
#4853 = ORIENTED_EDGE('',*,*,#4854,.F.);
#4854 = EDGE_CURVE('',#4807,#4847,#4855,.T.);
#4855 = LINE('',#4856,#4857);
#4856 = CARTESIAN_POINT('',(2.86,-7.3,0.95));
#4857 = VECTOR('',#4858,1.);
#4858 = DIRECTION('',(0.,-1.,0.));
#4859 = PLANE('',#4860);
#4860 = AXIS2_PLACEMENT_3D('',#4861,#4862,#4863);
#4861 = CARTESIAN_POINT('',(12.58,-7.3,0.95));
#4862 = DIRECTION('',(-0.,-0.,-1.));
#4863 = DIRECTION('',(-1.,0.,0.));
#4864 = ADVANCED_FACE('',(#4865),#4901,.F.);
#4865 = FACE_BOUND('',#4866,.F.);
#4866 = EDGE_LOOP('',(#4867,#4876,#4877,#4878,#4879,#4887,#4895));
#4867 = ORIENTED_EDGE('',*,*,#4868,.T.);
#4868 = EDGE_CURVE('',#4869,#4773,#4871,.T.);
#4869 = VERTEX_POINT('',#4870);
#4870 = CARTESIAN_POINT('',(2.22,-7.94,0.95));
#4871 = CIRCLE('',#4872,0.64);
#4872 = AXIS2_PLACEMENT_3D('',#4873,#4874,#4875);
#4873 = CARTESIAN_POINT('',(2.86,-7.94,0.95));
#4874 = DIRECTION('',(0.,1.,0.));
#4875 = DIRECTION('',(0.,0.,-1.));
#4876 = ORIENTED_EDGE('',*,*,#4780,.T.);
#4877 = ORIENTED_EDGE('',*,*,#2401,.T.);
#4878 = ORIENTED_EDGE('',*,*,#4846,.T.);
#4879 = ORIENTED_EDGE('',*,*,#4880,.T.);
#4880 = EDGE_CURVE('',#4847,#4881,#4883,.T.);
#4881 = VERTEX_POINT('',#4882);
#4882 = CARTESIAN_POINT('',(2.86,-7.94,-2.84));
#4883 = LINE('',#4884,#4885);
#4884 = CARTESIAN_POINT('',(2.86,-7.94,0.95));
#4885 = VECTOR('',#4886,1.);
#4886 = DIRECTION('',(0.,0.,-1.));
#4887 = ORIENTED_EDGE('',*,*,#4888,.T.);
#4888 = EDGE_CURVE('',#4881,#4889,#4891,.T.);
#4889 = VERTEX_POINT('',#4890);
#4890 = CARTESIAN_POINT('',(2.22,-7.94,-2.84));
#4891 = LINE('',#4892,#4893);
#4892 = CARTESIAN_POINT('',(2.86,-7.94,-2.84));
#4893 = VECTOR('',#4894,1.);
#4894 = DIRECTION('',(-1.,0.,0.));
#4895 = ORIENTED_EDGE('',*,*,#4896,.T.);
#4896 = EDGE_CURVE('',#4889,#4869,#4897,.T.);
#4897 = LINE('',#4898,#4899);
#4898 = CARTESIAN_POINT('',(2.22,-7.94,-3.));
#4899 = VECTOR('',#4900,1.);
#4900 = DIRECTION('',(0.,0.,1.));
#4901 = PLANE('',#4902);
#4902 = AXIS2_PLACEMENT_3D('',#4903,#4904,#4905);
#4903 = CARTESIAN_POINT('',(6.115919732441,-7.94,0.579080267559));
#4904 = DIRECTION('',(1.223822766313E-33,1.,-1.161915124245E-33));
#4905 = DIRECTION('',(1.,-1.223822766313E-33,0.));
#4906 = ADVANCED_FACE('',(#4907),#4932,.T.);
#4907 = FACE_BOUND('',#4908,.T.);
#4908 = EDGE_LOOP('',(#4909,#4917,#4925,#4931));
#4909 = ORIENTED_EDGE('',*,*,#4910,.F.);
#4910 = EDGE_CURVE('',#4911,#2428,#4913,.T.);
#4911 = VERTEX_POINT('',#4912);
#4912 = CARTESIAN_POINT('',(2.86,-2.22,1.59));
#4913 = LINE('',#4914,#4915);
#4914 = CARTESIAN_POINT('',(2.22,-2.22,1.59));
#4915 = VECTOR('',#4916,1.);
#4916 = DIRECTION('',(1.,0.,2.143287692327E-17));
#4917 = ORIENTED_EDGE('',*,*,#4918,.T.);
#4918 = EDGE_CURVE('',#4911,#4919,#4921,.T.);
#4919 = VERTEX_POINT('',#4920);
#4920 = CARTESIAN_POINT('',(2.86,-2.86,1.59));
#4921 = LINE('',#4922,#4923);
#4922 = CARTESIAN_POINT('',(2.86,-2.22,1.59));
#4923 = VECTOR('',#4924,1.);
#4924 = DIRECTION('',(0.,-1.,0.));
#4925 = ORIENTED_EDGE('',*,*,#4926,.T.);
#4926 = EDGE_CURVE('',#4919,#2426,#4927,.T.);
#4927 = LINE('',#4928,#4929);
#4928 = CARTESIAN_POINT('',(2.22,-2.86,1.59));
#4929 = VECTOR('',#4930,1.);
#4930 = DIRECTION('',(1.,0.,2.143287692327E-17));
#4931 = ORIENTED_EDGE('',*,*,#2425,.T.);
#4932 = PLANE('',#4933);
#4933 = AXIS2_PLACEMENT_3D('',#4934,#4935,#4936);
#4934 = CARTESIAN_POINT('',(2.22,-2.22,1.59));
#4935 = DIRECTION('',(-2.143287692327E-17,0.,1.));
#4936 = DIRECTION('',(1.,0.,2.143287692327E-17));
#4937 = ADVANCED_FACE('',(#4938),#4981,.T.);
#4938 = FACE_BOUND('',#4939,.T.);
#4939 = EDGE_LOOP('',(#4940,#4949,#4950,#4951,#4959,#4967,#4975));
#4940 = ORIENTED_EDGE('',*,*,#4941,.T.);
#4941 = EDGE_CURVE('',#4942,#4911,#4944,.T.);
#4942 = VERTEX_POINT('',#4943);
#4943 = CARTESIAN_POINT('',(2.22,-2.22,0.95));
#4944 = CIRCLE('',#4945,0.64);
#4945 = AXIS2_PLACEMENT_3D('',#4946,#4947,#4948);
#4946 = CARTESIAN_POINT('',(2.86,-2.22,0.95));
#4947 = DIRECTION('',(0.,1.,0.));
#4948 = DIRECTION('',(0.,0.,-1.));
#4949 = ORIENTED_EDGE('',*,*,#4910,.T.);
#4950 = ORIENTED_EDGE('',*,*,#2451,.T.);
#4951 = ORIENTED_EDGE('',*,*,#4952,.T.);
#4952 = EDGE_CURVE('',#2444,#4953,#4955,.T.);
#4953 = VERTEX_POINT('',#4954);
#4954 = CARTESIAN_POINT('',(2.86,-2.22,0.95));
#4955 = LINE('',#4956,#4957);
#4956 = CARTESIAN_POINT('',(12.58,-2.22,0.95));
#4957 = VECTOR('',#4958,1.);
#4958 = DIRECTION('',(-1.,0.,0.));
#4959 = ORIENTED_EDGE('',*,*,#4960,.T.);
#4960 = EDGE_CURVE('',#4953,#4961,#4963,.T.);
#4961 = VERTEX_POINT('',#4962);
#4962 = CARTESIAN_POINT('',(2.86,-2.22,-2.84));
#4963 = LINE('',#4964,#4965);
#4964 = CARTESIAN_POINT('',(2.86,-2.22,0.95));
#4965 = VECTOR('',#4966,1.);
#4966 = DIRECTION('',(0.,0.,-1.));
#4967 = ORIENTED_EDGE('',*,*,#4968,.T.);
#4968 = EDGE_CURVE('',#4961,#4969,#4971,.T.);
#4969 = VERTEX_POINT('',#4970);
#4970 = CARTESIAN_POINT('',(2.22,-2.22,-2.84));
#4971 = LINE('',#4972,#4973);
#4972 = CARTESIAN_POINT('',(2.86,-2.22,-2.84));
#4973 = VECTOR('',#4974,1.);
#4974 = DIRECTION('',(-1.,0.,0.));
#4975 = ORIENTED_EDGE('',*,*,#4976,.T.);
#4976 = EDGE_CURVE('',#4969,#4942,#4977,.T.);
#4977 = LINE('',#4978,#4979);
#4978 = CARTESIAN_POINT('',(2.22,-2.22,-3.));
#4979 = VECTOR('',#4980,1.);
#4980 = DIRECTION('',(0.,0.,1.));
#4981 = PLANE('',#4982);
#4982 = AXIS2_PLACEMENT_3D('',#4983,#4984,#4985);
#4983 = CARTESIAN_POINT('',(6.115919732441,-2.22,0.579080267559));
#4984 = DIRECTION('',(1.223822766313E-33,1.,-1.161915124245E-33));
#4985 = DIRECTION('',(1.,-1.223822766313E-33,0.));
#4986 = ADVANCED_FACE('',(#4987),#5005,.T.);
#4987 = FACE_BOUND('',#4988,.T.);
#4988 = EDGE_LOOP('',(#4989,#4990,#4991,#4999));
#4989 = ORIENTED_EDGE('',*,*,#4952,.F.);
#4990 = ORIENTED_EDGE('',*,*,#2443,.T.);
#4991 = ORIENTED_EDGE('',*,*,#4992,.T.);
#4992 = EDGE_CURVE('',#2436,#4993,#4995,.T.);
#4993 = VERTEX_POINT('',#4994);
#4994 = CARTESIAN_POINT('',(2.86,-2.86,0.95));
#4995 = LINE('',#4996,#4997);
#4996 = CARTESIAN_POINT('',(12.58,-2.86,0.95));
#4997 = VECTOR('',#4998,1.);
#4998 = DIRECTION('',(-1.,0.,0.));
#4999 = ORIENTED_EDGE('',*,*,#5000,.F.);
#5000 = EDGE_CURVE('',#4953,#4993,#5001,.T.);
#5001 = LINE('',#5002,#5003);
#5002 = CARTESIAN_POINT('',(2.86,-2.22,0.95));
#5003 = VECTOR('',#5004,1.);
#5004 = DIRECTION('',(0.,-1.,0.));
#5005 = PLANE('',#5006);
#5006 = AXIS2_PLACEMENT_3D('',#5007,#5008,#5009);
#5007 = CARTESIAN_POINT('',(12.58,-2.22,0.95));
#5008 = DIRECTION('',(-0.,-0.,-1.));
#5009 = DIRECTION('',(-1.,0.,0.));
#5010 = ADVANCED_FACE('',(#5011),#5047,.F.);
#5011 = FACE_BOUND('',#5012,.F.);
#5012 = EDGE_LOOP('',(#5013,#5022,#5023,#5024,#5025,#5033,#5041));
#5013 = ORIENTED_EDGE('',*,*,#5014,.T.);
#5014 = EDGE_CURVE('',#5015,#4919,#5017,.T.);
#5015 = VERTEX_POINT('',#5016);
#5016 = CARTESIAN_POINT('',(2.22,-2.86,0.95));
#5017 = CIRCLE('',#5018,0.64);
#5018 = AXIS2_PLACEMENT_3D('',#5019,#5020,#5021);
#5019 = CARTESIAN_POINT('',(2.86,-2.86,0.95));
#5020 = DIRECTION('',(0.,1.,0.));
#5021 = DIRECTION('',(0.,0.,-1.));
#5022 = ORIENTED_EDGE('',*,*,#4926,.T.);
#5023 = ORIENTED_EDGE('',*,*,#2435,.T.);
#5024 = ORIENTED_EDGE('',*,*,#4992,.T.);
#5025 = ORIENTED_EDGE('',*,*,#5026,.T.);
#5026 = EDGE_CURVE('',#4993,#5027,#5029,.T.);
#5027 = VERTEX_POINT('',#5028);
#5028 = CARTESIAN_POINT('',(2.86,-2.86,-2.84));
#5029 = LINE('',#5030,#5031);
#5030 = CARTESIAN_POINT('',(2.86,-2.86,0.95));
#5031 = VECTOR('',#5032,1.);
#5032 = DIRECTION('',(0.,0.,-1.));
#5033 = ORIENTED_EDGE('',*,*,#5034,.T.);
#5034 = EDGE_CURVE('',#5027,#5035,#5037,.T.);
#5035 = VERTEX_POINT('',#5036);
#5036 = CARTESIAN_POINT('',(2.22,-2.86,-2.84));
#5037 = LINE('',#5038,#5039);
#5038 = CARTESIAN_POINT('',(2.86,-2.86,-2.84));
#5039 = VECTOR('',#5040,1.);
#5040 = DIRECTION('',(-1.,0.,0.));
#5041 = ORIENTED_EDGE('',*,*,#5042,.T.);
#5042 = EDGE_CURVE('',#5035,#5015,#5043,.T.);
#5043 = LINE('',#5044,#5045);
#5044 = CARTESIAN_POINT('',(2.22,-2.86,-3.));
#5045 = VECTOR('',#5046,1.);
#5046 = DIRECTION('',(0.,0.,1.));
#5047 = PLANE('',#5048);
#5048 = AXIS2_PLACEMENT_3D('',#5049,#5050,#5051);
#5049 = CARTESIAN_POINT('',(6.115919732441,-2.86,0.579080267559));
#5050 = DIRECTION('',(1.223822766313E-33,1.,-1.161915124245E-33));
#5051 = DIRECTION('',(1.,-1.223822766313E-33,0.));
#5052 = ADVANCED_FACE('',(#5053),#5103,.T.);
#5053 = FACE_BOUND('',#5054,.T.);
#5054 = EDGE_LOOP('',(#5055,#5066,#5072,#5073,#5081,#5089,#5097));
#5055 = ORIENTED_EDGE('',*,*,#5056,.T.);
#5056 = EDGE_CURVE('',#5057,#5059,#5061,.T.);
#5057 = VERTEX_POINT('',#5058);
#5058 = CARTESIAN_POINT('',(2.22,-4.76,0.95));
#5059 = VERTEX_POINT('',#5060);
#5060 = CARTESIAN_POINT('',(2.86,-4.76,1.59));
#5061 = CIRCLE('',#5062,0.64);
#5062 = AXIS2_PLACEMENT_3D('',#5063,#5064,#5065);
#5063 = CARTESIAN_POINT('',(2.86,-4.76,0.95));
#5064 = DIRECTION('',(0.,1.,0.));
#5065 = DIRECTION('',(0.,0.,-1.));
#5066 = ORIENTED_EDGE('',*,*,#5067,.T.);
#5067 = EDGE_CURVE('',#5059,#2460,#5068,.T.);
#5068 = LINE('',#5069,#5070);
#5069 = CARTESIAN_POINT('',(2.22,-4.76,1.59));
#5070 = VECTOR('',#5071,1.);
#5071 = DIRECTION('',(1.,0.,2.143287692327E-17));
#5072 = ORIENTED_EDGE('',*,*,#2459,.T.);
#5073 = ORIENTED_EDGE('',*,*,#5074,.T.);
#5074 = EDGE_CURVE('',#2462,#5075,#5077,.T.);
#5075 = VERTEX_POINT('',#5076);
#5076 = CARTESIAN_POINT('',(2.86,-4.76,0.95));
#5077 = LINE('',#5078,#5079);
#5078 = CARTESIAN_POINT('',(12.58,-4.76,0.95));
#5079 = VECTOR('',#5080,1.);
#5080 = DIRECTION('',(-1.,0.,0.));
#5081 = ORIENTED_EDGE('',*,*,#5082,.T.);
#5082 = EDGE_CURVE('',#5075,#5083,#5085,.T.);
#5083 = VERTEX_POINT('',#5084);
#5084 = CARTESIAN_POINT('',(2.86,-4.76,-2.84));
#5085 = LINE('',#5086,#5087);
#5086 = CARTESIAN_POINT('',(2.86,-4.76,0.95));
#5087 = VECTOR('',#5088,1.);
#5088 = DIRECTION('',(0.,0.,-1.));
#5089 = ORIENTED_EDGE('',*,*,#5090,.T.);
#5090 = EDGE_CURVE('',#5083,#5091,#5093,.T.);
#5091 = VERTEX_POINT('',#5092);
#5092 = CARTESIAN_POINT('',(2.22,-4.76,-2.84));
#5093 = LINE('',#5094,#5095);
#5094 = CARTESIAN_POINT('',(2.86,-4.76,-2.84));
#5095 = VECTOR('',#5096,1.);
#5096 = DIRECTION('',(-1.,0.,0.));
#5097 = ORIENTED_EDGE('',*,*,#5098,.T.);
#5098 = EDGE_CURVE('',#5091,#5057,#5099,.T.);
#5099 = LINE('',#5100,#5101);
#5100 = CARTESIAN_POINT('',(2.22,-4.76,-3.));
#5101 = VECTOR('',#5102,1.);
#5102 = DIRECTION('',(0.,0.,1.));
#5103 = PLANE('',#5104);
#5104 = AXIS2_PLACEMENT_3D('',#5105,#5106,#5107);
#5105 = CARTESIAN_POINT('',(6.115919732441,-4.76,0.579080267559));
#5106 = DIRECTION('',(1.223822766313E-33,1.,-1.161915124245E-33));
#5107 = DIRECTION('',(1.,-1.223822766313E-33,0.));
#5108 = ADVANCED_FACE('',(#5109),#5127,.T.);
#5109 = FACE_BOUND('',#5110,.T.);
#5110 = EDGE_LOOP('',(#5111,#5112,#5113,#5121));
#5111 = ORIENTED_EDGE('',*,*,#5074,.F.);
#5112 = ORIENTED_EDGE('',*,*,#2485,.T.);
#5113 = ORIENTED_EDGE('',*,*,#5114,.T.);
#5114 = EDGE_CURVE('',#2478,#5115,#5117,.T.);
#5115 = VERTEX_POINT('',#5116);
#5116 = CARTESIAN_POINT('',(2.86,-5.4,0.95));
#5117 = LINE('',#5118,#5119);
#5118 = CARTESIAN_POINT('',(12.58,-5.4,0.95));
#5119 = VECTOR('',#5120,1.);
#5120 = DIRECTION('',(-1.,0.,0.));
#5121 = ORIENTED_EDGE('',*,*,#5122,.F.);
#5122 = EDGE_CURVE('',#5075,#5115,#5123,.T.);
#5123 = LINE('',#5124,#5125);
#5124 = CARTESIAN_POINT('',(2.86,-4.76,0.95));
#5125 = VECTOR('',#5126,1.);
#5126 = DIRECTION('',(0.,-1.,0.));
#5127 = PLANE('',#5128);
#5128 = AXIS2_PLACEMENT_3D('',#5129,#5130,#5131);
#5129 = CARTESIAN_POINT('',(12.58,-4.76,0.95));
#5130 = DIRECTION('',(-0.,-0.,-1.));
#5131 = DIRECTION('',(-1.,0.,0.));
#5132 = ADVANCED_FACE('',(#5133),#5176,.F.);
#5133 = FACE_BOUND('',#5134,.F.);
#5134 = EDGE_LOOP('',(#5135,#5146,#5152,#5153,#5154,#5162,#5170));
#5135 = ORIENTED_EDGE('',*,*,#5136,.T.);
#5136 = EDGE_CURVE('',#5137,#5139,#5141,.T.);
#5137 = VERTEX_POINT('',#5138);
#5138 = CARTESIAN_POINT('',(2.22,-5.4,0.95));
#5139 = VERTEX_POINT('',#5140);
#5140 = CARTESIAN_POINT('',(2.86,-5.4,1.59));
#5141 = CIRCLE('',#5142,0.64);
#5142 = AXIS2_PLACEMENT_3D('',#5143,#5144,#5145);
#5143 = CARTESIAN_POINT('',(2.86,-5.4,0.95));
#5144 = DIRECTION('',(0.,1.,0.));
#5145 = DIRECTION('',(0.,0.,-1.));
#5146 = ORIENTED_EDGE('',*,*,#5147,.T.);
#5147 = EDGE_CURVE('',#5139,#2470,#5148,.T.);
#5148 = LINE('',#5149,#5150);
#5149 = CARTESIAN_POINT('',(2.22,-5.4,1.59));
#5150 = VECTOR('',#5151,1.);
#5151 = DIRECTION('',(1.,0.,2.143287692327E-17));
#5152 = ORIENTED_EDGE('',*,*,#2477,.T.);
#5153 = ORIENTED_EDGE('',*,*,#5114,.T.);
#5154 = ORIENTED_EDGE('',*,*,#5155,.T.);
#5155 = EDGE_CURVE('',#5115,#5156,#5158,.T.);
#5156 = VERTEX_POINT('',#5157);
#5157 = CARTESIAN_POINT('',(2.86,-5.4,-2.84));
#5158 = LINE('',#5159,#5160);
#5159 = CARTESIAN_POINT('',(2.86,-5.4,0.95));
#5160 = VECTOR('',#5161,1.);
#5161 = DIRECTION('',(0.,0.,-1.));
#5162 = ORIENTED_EDGE('',*,*,#5163,.T.);
#5163 = EDGE_CURVE('',#5156,#5164,#5166,.T.);
#5164 = VERTEX_POINT('',#5165);
#5165 = CARTESIAN_POINT('',(2.22,-5.4,-2.84));
#5166 = LINE('',#5167,#5168);
#5167 = CARTESIAN_POINT('',(2.86,-5.4,-2.84));
#5168 = VECTOR('',#5169,1.);
#5169 = DIRECTION('',(-1.,0.,0.));
#5170 = ORIENTED_EDGE('',*,*,#5171,.T.);
#5171 = EDGE_CURVE('',#5164,#5137,#5172,.T.);
#5172 = LINE('',#5173,#5174);
#5173 = CARTESIAN_POINT('',(2.22,-5.4,-3.));
#5174 = VECTOR('',#5175,1.);
#5175 = DIRECTION('',(0.,0.,1.));
#5176 = PLANE('',#5177);
#5177 = AXIS2_PLACEMENT_3D('',#5178,#5179,#5180);
#5178 = CARTESIAN_POINT('',(6.115919732441,-5.4,0.579080267559));
#5179 = DIRECTION('',(1.223822766313E-33,1.,-1.161915124245E-33));
#5180 = DIRECTION('',(1.,-1.223822766313E-33,0.));
#5181 = ADVANCED_FACE('',(#5182),#5193,.T.);
#5182 = FACE_BOUND('',#5183,.T.);
#5183 = EDGE_LOOP('',(#5184,#5185,#5191,#5192));
#5184 = ORIENTED_EDGE('',*,*,#5067,.F.);
#5185 = ORIENTED_EDGE('',*,*,#5186,.T.);
#5186 = EDGE_CURVE('',#5059,#5139,#5187,.T.);
#5187 = LINE('',#5188,#5189);
#5188 = CARTESIAN_POINT('',(2.86,-4.76,1.59));
#5189 = VECTOR('',#5190,1.);
#5190 = DIRECTION('',(0.,-1.,0.));
#5191 = ORIENTED_EDGE('',*,*,#5147,.T.);
#5192 = ORIENTED_EDGE('',*,*,#2469,.T.);
#5193 = PLANE('',#5194);
#5194 = AXIS2_PLACEMENT_3D('',#5195,#5196,#5197);
#5195 = CARTESIAN_POINT('',(2.22,-4.76,1.59));
#5196 = DIRECTION('',(-2.143287692327E-17,0.,1.));
#5197 = DIRECTION('',(1.,0.,2.143287692327E-17));
#5198 = ADVANCED_FACE('',(#5199),#5249,.T.);
#5199 = FACE_BOUND('',#5200,.T.);
#5200 = EDGE_LOOP('',(#5201,#5212,#5218,#5219,#5227,#5235,#5243));
#5201 = ORIENTED_EDGE('',*,*,#5202,.T.);
#5202 = EDGE_CURVE('',#5203,#5205,#5207,.T.);
#5203 = VERTEX_POINT('',#5204);
#5204 = CARTESIAN_POINT('',(2.22,-12.38,0.95));
#5205 = VERTEX_POINT('',#5206);
#5206 = CARTESIAN_POINT('',(2.86,-12.38,1.59));
#5207 = CIRCLE('',#5208,0.64);
#5208 = AXIS2_PLACEMENT_3D('',#5209,#5210,#5211);
#5209 = CARTESIAN_POINT('',(2.86,-12.38,0.95));
#5210 = DIRECTION('',(0.,1.,0.));
#5211 = DIRECTION('',(0.,0.,-1.));
#5212 = ORIENTED_EDGE('',*,*,#5213,.T.);
#5213 = EDGE_CURVE('',#5205,#2494,#5214,.T.);
#5214 = LINE('',#5215,#5216);
#5215 = CARTESIAN_POINT('',(2.22,-12.38,1.59));
#5216 = VECTOR('',#5217,1.);
#5217 = DIRECTION('',(1.,0.,2.143287692327E-17));
#5218 = ORIENTED_EDGE('',*,*,#2493,.T.);
#5219 = ORIENTED_EDGE('',*,*,#5220,.T.);
#5220 = EDGE_CURVE('',#2496,#5221,#5223,.T.);
#5221 = VERTEX_POINT('',#5222);
#5222 = CARTESIAN_POINT('',(2.86,-12.38,0.95));
#5223 = LINE('',#5224,#5225);
#5224 = CARTESIAN_POINT('',(12.58,-12.38,0.95));
#5225 = VECTOR('',#5226,1.);
#5226 = DIRECTION('',(-1.,0.,0.));
#5227 = ORIENTED_EDGE('',*,*,#5228,.T.);
#5228 = EDGE_CURVE('',#5221,#5229,#5231,.T.);
#5229 = VERTEX_POINT('',#5230);
#5230 = CARTESIAN_POINT('',(2.86,-12.38,-2.84));
#5231 = LINE('',#5232,#5233);
#5232 = CARTESIAN_POINT('',(2.86,-12.38,0.95));
#5233 = VECTOR('',#5234,1.);
#5234 = DIRECTION('',(0.,0.,-1.));
#5235 = ORIENTED_EDGE('',*,*,#5236,.T.);
#5236 = EDGE_CURVE('',#5229,#5237,#5239,.T.);
#5237 = VERTEX_POINT('',#5238);
#5238 = CARTESIAN_POINT('',(2.22,-12.38,-2.84));
#5239 = LINE('',#5240,#5241);
#5240 = CARTESIAN_POINT('',(2.86,-12.38,-2.84));
#5241 = VECTOR('',#5242,1.);
#5242 = DIRECTION('',(-1.,0.,0.));
#5243 = ORIENTED_EDGE('',*,*,#5244,.T.);
#5244 = EDGE_CURVE('',#5237,#5203,#5245,.T.);
#5245 = LINE('',#5246,#5247);
#5246 = CARTESIAN_POINT('',(2.22,-12.38,-3.));
#5247 = VECTOR('',#5248,1.);
#5248 = DIRECTION('',(0.,0.,1.));
#5249 = PLANE('',#5250);
#5250 = AXIS2_PLACEMENT_3D('',#5251,#5252,#5253);
#5251 = CARTESIAN_POINT('',(6.115919732441,-12.38,0.579080267559));
#5252 = DIRECTION('',(1.223822766313E-33,1.,-1.161915124245E-33));
#5253 = DIRECTION('',(1.,-1.223822766313E-33,0.));
#5254 = ADVANCED_FACE('',(#5255),#5273,.T.);
#5255 = FACE_BOUND('',#5256,.T.);
#5256 = EDGE_LOOP('',(#5257,#5258,#5259,#5267));
#5257 = ORIENTED_EDGE('',*,*,#5220,.F.);
#5258 = ORIENTED_EDGE('',*,*,#2519,.T.);
#5259 = ORIENTED_EDGE('',*,*,#5260,.T.);
#5260 = EDGE_CURVE('',#2512,#5261,#5263,.T.);
#5261 = VERTEX_POINT('',#5262);
#5262 = CARTESIAN_POINT('',(2.86,-13.02,0.95));
#5263 = LINE('',#5264,#5265);
#5264 = CARTESIAN_POINT('',(12.58,-13.02,0.95));
#5265 = VECTOR('',#5266,1.);
#5266 = DIRECTION('',(-1.,0.,0.));
#5267 = ORIENTED_EDGE('',*,*,#5268,.F.);
#5268 = EDGE_CURVE('',#5221,#5261,#5269,.T.);
#5269 = LINE('',#5270,#5271);
#5270 = CARTESIAN_POINT('',(2.86,-12.38,0.95));
#5271 = VECTOR('',#5272,1.);
#5272 = DIRECTION('',(0.,-1.,0.));
#5273 = PLANE('',#5274);
#5274 = AXIS2_PLACEMENT_3D('',#5275,#5276,#5277);
#5275 = CARTESIAN_POINT('',(12.58,-12.38,0.95));
#5276 = DIRECTION('',(-0.,-0.,-1.));
#5277 = DIRECTION('',(-1.,0.,0.));
#5278 = ADVANCED_FACE('',(#5279),#5322,.F.);
#5279 = FACE_BOUND('',#5280,.F.);
#5280 = EDGE_LOOP('',(#5281,#5292,#5298,#5299,#5300,#5308,#5316));
#5281 = ORIENTED_EDGE('',*,*,#5282,.T.);
#5282 = EDGE_CURVE('',#5283,#5285,#5287,.T.);
#5283 = VERTEX_POINT('',#5284);
#5284 = CARTESIAN_POINT('',(2.22,-13.02,0.95));
#5285 = VERTEX_POINT('',#5286);
#5286 = CARTESIAN_POINT('',(2.86,-13.02,1.59));
#5287 = CIRCLE('',#5288,0.64);
#5288 = AXIS2_PLACEMENT_3D('',#5289,#5290,#5291);
#5289 = CARTESIAN_POINT('',(2.86,-13.02,0.95));
#5290 = DIRECTION('',(0.,1.,0.));
#5291 = DIRECTION('',(0.,0.,-1.));
#5292 = ORIENTED_EDGE('',*,*,#5293,.T.);
#5293 = EDGE_CURVE('',#5285,#2504,#5294,.T.);
#5294 = LINE('',#5295,#5296);
#5295 = CARTESIAN_POINT('',(2.22,-13.02,1.59));
#5296 = VECTOR('',#5297,1.);
#5297 = DIRECTION('',(1.,0.,2.143287692327E-17));
#5298 = ORIENTED_EDGE('',*,*,#2511,.T.);
#5299 = ORIENTED_EDGE('',*,*,#5260,.T.);
#5300 = ORIENTED_EDGE('',*,*,#5301,.T.);
#5301 = EDGE_CURVE('',#5261,#5302,#5304,.T.);
#5302 = VERTEX_POINT('',#5303);
#5303 = CARTESIAN_POINT('',(2.86,-13.02,-2.84));
#5304 = LINE('',#5305,#5306);
#5305 = CARTESIAN_POINT('',(2.86,-13.02,0.95));
#5306 = VECTOR('',#5307,1.);
#5307 = DIRECTION('',(0.,0.,-1.));
#5308 = ORIENTED_EDGE('',*,*,#5309,.T.);
#5309 = EDGE_CURVE('',#5302,#5310,#5312,.T.);
#5310 = VERTEX_POINT('',#5311);
#5311 = CARTESIAN_POINT('',(2.22,-13.02,-2.84));
#5312 = LINE('',#5313,#5314);
#5313 = CARTESIAN_POINT('',(2.86,-13.02,-2.84));
#5314 = VECTOR('',#5315,1.);
#5315 = DIRECTION('',(-1.,0.,0.));
#5316 = ORIENTED_EDGE('',*,*,#5317,.T.);
#5317 = EDGE_CURVE('',#5310,#5283,#5318,.T.);
#5318 = LINE('',#5319,#5320);
#5319 = CARTESIAN_POINT('',(2.22,-13.02,-3.));
#5320 = VECTOR('',#5321,1.);
#5321 = DIRECTION('',(0.,0.,1.));
#5322 = PLANE('',#5323);
#5323 = AXIS2_PLACEMENT_3D('',#5324,#5325,#5326);
#5324 = CARTESIAN_POINT('',(6.115919732441,-13.02,0.579080267559));
#5325 = DIRECTION('',(1.223822766313E-33,1.,-1.161915124245E-33));
#5326 = DIRECTION('',(1.,-1.223822766313E-33,0.));
#5327 = ADVANCED_FACE('',(#5328),#5339,.T.);
#5328 = FACE_BOUND('',#5329,.T.);
#5329 = EDGE_LOOP('',(#5330,#5331,#5337,#5338));
#5330 = ORIENTED_EDGE('',*,*,#5213,.F.);
#5331 = ORIENTED_EDGE('',*,*,#5332,.T.);
#5332 = EDGE_CURVE('',#5205,#5285,#5333,.T.);
#5333 = LINE('',#5334,#5335);
#5334 = CARTESIAN_POINT('',(2.86,-12.38,1.59));
#5335 = VECTOR('',#5336,1.);
#5336 = DIRECTION('',(0.,-1.,0.));
#5337 = ORIENTED_EDGE('',*,*,#5293,.T.);
#5338 = ORIENTED_EDGE('',*,*,#2503,.T.);
#5339 = PLANE('',#5340);
#5340 = AXIS2_PLACEMENT_3D('',#5341,#5342,#5343);
#5341 = CARTESIAN_POINT('',(2.22,-12.38,1.59));
#5342 = DIRECTION('',(-2.143287692327E-17,0.,1.));
#5343 = DIRECTION('',(1.,0.,2.143287692327E-17));
#5344 = ADVANCED_FACE('',(#5345),#5395,.T.);
#5345 = FACE_BOUND('',#5346,.T.);
#5346 = EDGE_LOOP('',(#5347,#5358,#5364,#5365,#5373,#5381,#5389));
#5347 = ORIENTED_EDGE('',*,*,#5348,.T.);
#5348 = EDGE_CURVE('',#5349,#5351,#5353,.T.);
#5349 = VERTEX_POINT('',#5350);
#5350 = CARTESIAN_POINT('',(-0.32,0.32,3.49));
#5351 = VERTEX_POINT('',#5352);
#5352 = CARTESIAN_POINT('',(0.32,0.32,4.13));
#5353 = CIRCLE('',#5354,0.64);
#5354 = AXIS2_PLACEMENT_3D('',#5355,#5356,#5357);
#5355 = CARTESIAN_POINT('',(0.32,0.32,3.49));
#5356 = DIRECTION('',(0.,1.,0.));
#5357 = DIRECTION('',(0.,0.,-1.));
#5358 = ORIENTED_EDGE('',*,*,#5359,.T.);
#5359 = EDGE_CURVE('',#5351,#2528,#5360,.T.);
#5360 = LINE('',#5361,#5362);
#5361 = CARTESIAN_POINT('',(-0.32,0.32,4.13));
#5362 = VECTOR('',#5363,1.);
#5363 = DIRECTION('',(1.,0.,6.885104028683E-17));
#5364 = ORIENTED_EDGE('',*,*,#2527,.T.);
#5365 = ORIENTED_EDGE('',*,*,#5366,.T.);
#5366 = EDGE_CURVE('',#2530,#5367,#5369,.T.);
#5367 = VERTEX_POINT('',#5368);
#5368 = CARTESIAN_POINT('',(0.32,0.32,3.49));
#5369 = LINE('',#5370,#5371);
#5370 = CARTESIAN_POINT('',(12.58,0.32,3.49));
#5371 = VECTOR('',#5372,1.);
#5372 = DIRECTION('',(-1.,0.,0.));
#5373 = ORIENTED_EDGE('',*,*,#5374,.T.);
#5374 = EDGE_CURVE('',#5367,#5375,#5377,.T.);
#5375 = VERTEX_POINT('',#5376);
#5376 = CARTESIAN_POINT('',(0.32,0.32,-2.84));
#5377 = LINE('',#5378,#5379);
#5378 = CARTESIAN_POINT('',(0.32,0.32,3.49));
#5379 = VECTOR('',#5380,1.);
#5380 = DIRECTION('',(0.,0.,-1.));
#5381 = ORIENTED_EDGE('',*,*,#5382,.T.);
#5382 = EDGE_CURVE('',#5375,#5383,#5385,.T.);
#5383 = VERTEX_POINT('',#5384);
#5384 = CARTESIAN_POINT('',(-0.32,0.32,-2.84));
#5385 = LINE('',#5386,#5387);
#5386 = CARTESIAN_POINT('',(0.32,0.32,-2.84));
#5387 = VECTOR('',#5388,1.);
#5388 = DIRECTION('',(-1.,0.,0.));
#5389 = ORIENTED_EDGE('',*,*,#5390,.T.);
#5390 = EDGE_CURVE('',#5383,#5349,#5391,.T.);
#5391 = LINE('',#5392,#5393);
#5392 = CARTESIAN_POINT('',(-0.32,0.32,-3.));
#5393 = VECTOR('',#5394,1.);
#5394 = DIRECTION('',(0.,0.,1.));
#5395 = PLANE('',#5396);
#5396 = AXIS2_PLACEMENT_3D('',#5397,#5398,#5399);
#5397 = CARTESIAN_POINT('',(4.143794308537,0.32,2.551205691463));
#5398 = DIRECTION('',(0.,1.,0.));
#5399 = DIRECTION('',(0.,-0.,1.));
#5400 = ADVANCED_FACE('',(#5401),#5419,.T.);
#5401 = FACE_BOUND('',#5402,.T.);
#5402 = EDGE_LOOP('',(#5403,#5404,#5405,#5413));
#5403 = ORIENTED_EDGE('',*,*,#5366,.F.);
#5404 = ORIENTED_EDGE('',*,*,#2553,.T.);
#5405 = ORIENTED_EDGE('',*,*,#5406,.T.);
#5406 = EDGE_CURVE('',#2546,#5407,#5409,.T.);
#5407 = VERTEX_POINT('',#5408);
#5408 = CARTESIAN_POINT('',(0.32,-0.32,3.49));
#5409 = LINE('',#5410,#5411);
#5410 = CARTESIAN_POINT('',(12.58,-0.32,3.49));
#5411 = VECTOR('',#5412,1.);
#5412 = DIRECTION('',(-1.,0.,0.));
#5413 = ORIENTED_EDGE('',*,*,#5414,.F.);
#5414 = EDGE_CURVE('',#5367,#5407,#5415,.T.);
#5415 = LINE('',#5416,#5417);
#5416 = CARTESIAN_POINT('',(0.32,0.32,3.49));
#5417 = VECTOR('',#5418,1.);
#5418 = DIRECTION('',(0.,-1.,0.));
#5419 = PLANE('',#5420);
#5420 = AXIS2_PLACEMENT_3D('',#5421,#5422,#5423);
#5421 = CARTESIAN_POINT('',(12.58,0.32,3.49));
#5422 = DIRECTION('',(-0.,-0.,-1.));
#5423 = DIRECTION('',(-1.,0.,0.));
#5424 = ADVANCED_FACE('',(#5425),#5468,.F.);
#5425 = FACE_BOUND('',#5426,.F.);
#5426 = EDGE_LOOP('',(#5427,#5438,#5444,#5445,#5446,#5454,#5462));
#5427 = ORIENTED_EDGE('',*,*,#5428,.T.);
#5428 = EDGE_CURVE('',#5429,#5431,#5433,.T.);
#5429 = VERTEX_POINT('',#5430);
#5430 = CARTESIAN_POINT('',(-0.32,-0.32,3.49));
#5431 = VERTEX_POINT('',#5432);
#5432 = CARTESIAN_POINT('',(0.32,-0.32,4.13));
#5433 = CIRCLE('',#5434,0.64);
#5434 = AXIS2_PLACEMENT_3D('',#5435,#5436,#5437);
#5435 = CARTESIAN_POINT('',(0.32,-0.32,3.49));
#5436 = DIRECTION('',(0.,1.,0.));
#5437 = DIRECTION('',(0.,0.,-1.));
#5438 = ORIENTED_EDGE('',*,*,#5439,.T.);
#5439 = EDGE_CURVE('',#5431,#2538,#5440,.T.);
#5440 = LINE('',#5441,#5442);
#5441 = CARTESIAN_POINT('',(-0.32,-0.32,4.13));
#5442 = VECTOR('',#5443,1.);
#5443 = DIRECTION('',(1.,0.,6.885104028683E-17));
#5444 = ORIENTED_EDGE('',*,*,#2545,.T.);
#5445 = ORIENTED_EDGE('',*,*,#5406,.T.);
#5446 = ORIENTED_EDGE('',*,*,#5447,.T.);
#5447 = EDGE_CURVE('',#5407,#5448,#5450,.T.);
#5448 = VERTEX_POINT('',#5449);
#5449 = CARTESIAN_POINT('',(0.32,-0.32,-2.84));
#5450 = LINE('',#5451,#5452);
#5451 = CARTESIAN_POINT('',(0.32,-0.32,3.49));
#5452 = VECTOR('',#5453,1.);
#5453 = DIRECTION('',(0.,0.,-1.));
#5454 = ORIENTED_EDGE('',*,*,#5455,.T.);
#5455 = EDGE_CURVE('',#5448,#5456,#5458,.T.);
#5456 = VERTEX_POINT('',#5457);
#5457 = CARTESIAN_POINT('',(-0.32,-0.32,-2.84));
#5458 = LINE('',#5459,#5460);
#5459 = CARTESIAN_POINT('',(0.32,-0.32,-2.84));
#5460 = VECTOR('',#5461,1.);
#5461 = DIRECTION('',(-1.,0.,0.));
#5462 = ORIENTED_EDGE('',*,*,#5463,.T.);
#5463 = EDGE_CURVE('',#5456,#5429,#5464,.T.);
#5464 = LINE('',#5465,#5466);
#5465 = CARTESIAN_POINT('',(-0.32,-0.32,-3.));
#5466 = VECTOR('',#5467,1.);
#5467 = DIRECTION('',(0.,0.,1.));
#5468 = PLANE('',#5469);
#5469 = AXIS2_PLACEMENT_3D('',#5470,#5471,#5472);
#5470 = CARTESIAN_POINT('',(4.143794308537,-0.32,2.551205691463));
#5471 = DIRECTION('',(0.,1.,0.));
#5472 = DIRECTION('',(0.,-0.,1.));
#5473 = ADVANCED_FACE('',(#5474),#5485,.T.);
#5474 = FACE_BOUND('',#5475,.T.);
#5475 = EDGE_LOOP('',(#5476,#5477,#5483,#5484));
#5476 = ORIENTED_EDGE('',*,*,#5359,.F.);
#5477 = ORIENTED_EDGE('',*,*,#5478,.T.);
#5478 = EDGE_CURVE('',#5351,#5431,#5479,.T.);
#5479 = LINE('',#5480,#5481);
#5480 = CARTESIAN_POINT('',(0.32,0.32,4.13));
#5481 = VECTOR('',#5482,1.);
#5482 = DIRECTION('',(0.,-1.,0.));
#5483 = ORIENTED_EDGE('',*,*,#5439,.T.);
#5484 = ORIENTED_EDGE('',*,*,#2537,.T.);
#5485 = PLANE('',#5486);
#5486 = AXIS2_PLACEMENT_3D('',#5487,#5488,#5489);
#5487 = CARTESIAN_POINT('',(-0.32,0.32,4.13));
#5488 = DIRECTION('',(-6.885104028683E-17,0.,1.));
#5489 = DIRECTION('',(1.,0.,6.885104028683E-17));
#5490 = ADVANCED_FACE('',(#5491),#5516,.T.);
#5491 = FACE_BOUND('',#5492,.T.);
#5492 = EDGE_LOOP('',(#5493,#5501,#5509,#5515));
#5493 = ORIENTED_EDGE('',*,*,#5494,.F.);
#5494 = EDGE_CURVE('',#5495,#2564,#5497,.T.);
#5495 = VERTEX_POINT('',#5496);
#5496 = CARTESIAN_POINT('',(2.86,0.32,1.59));
#5497 = LINE('',#5498,#5499);
#5498 = CARTESIAN_POINT('',(2.22,0.32,1.59));
#5499 = VECTOR('',#5500,1.);
#5500 = DIRECTION('',(1.,0.,2.143287692327E-17));
#5501 = ORIENTED_EDGE('',*,*,#5502,.T.);
#5502 = EDGE_CURVE('',#5495,#5503,#5505,.T.);
#5503 = VERTEX_POINT('',#5504);
#5504 = CARTESIAN_POINT('',(2.86,-0.32,1.59));
#5505 = LINE('',#5506,#5507);
#5506 = CARTESIAN_POINT('',(2.86,0.32,1.59));
#5507 = VECTOR('',#5508,1.);
#5508 = DIRECTION('',(0.,-1.,0.));
#5509 = ORIENTED_EDGE('',*,*,#5510,.T.);
#5510 = EDGE_CURVE('',#5503,#2562,#5511,.T.);
#5511 = LINE('',#5512,#5513);
#5512 = CARTESIAN_POINT('',(2.22,-0.32,1.59));
#5513 = VECTOR('',#5514,1.);
#5514 = DIRECTION('',(1.,0.,2.143287692327E-17));
#5515 = ORIENTED_EDGE('',*,*,#2561,.T.);
#5516 = PLANE('',#5517);
#5517 = AXIS2_PLACEMENT_3D('',#5518,#5519,#5520);
#5518 = CARTESIAN_POINT('',(2.22,0.32,1.59));
#5519 = DIRECTION('',(-2.143287692327E-17,0.,1.));
#5520 = DIRECTION('',(1.,0.,2.143287692327E-17));
#5521 = ADVANCED_FACE('',(#5522),#5565,.T.);
#5522 = FACE_BOUND('',#5523,.T.);
#5523 = EDGE_LOOP('',(#5524,#5533,#5534,#5535,#5543,#5551,#5559));
#5524 = ORIENTED_EDGE('',*,*,#5525,.T.);
#5525 = EDGE_CURVE('',#5526,#5495,#5528,.T.);
#5526 = VERTEX_POINT('',#5527);
#5527 = CARTESIAN_POINT('',(2.22,0.32,0.95));
#5528 = CIRCLE('',#5529,0.64);
#5529 = AXIS2_PLACEMENT_3D('',#5530,#5531,#5532);
#5530 = CARTESIAN_POINT('',(2.86,0.32,0.95));
#5531 = DIRECTION('',(0.,1.,0.));
#5532 = DIRECTION('',(0.,0.,-1.));
#5533 = ORIENTED_EDGE('',*,*,#5494,.T.);
#5534 = ORIENTED_EDGE('',*,*,#2587,.T.);
#5535 = ORIENTED_EDGE('',*,*,#5536,.T.);
#5536 = EDGE_CURVE('',#2580,#5537,#5539,.T.);
#5537 = VERTEX_POINT('',#5538);
#5538 = CARTESIAN_POINT('',(2.86,0.32,0.95));
#5539 = LINE('',#5540,#5541);
#5540 = CARTESIAN_POINT('',(12.58,0.32,0.95));
#5541 = VECTOR('',#5542,1.);
#5542 = DIRECTION('',(-1.,0.,0.));
#5543 = ORIENTED_EDGE('',*,*,#5544,.T.);
#5544 = EDGE_CURVE('',#5537,#5545,#5547,.T.);
#5545 = VERTEX_POINT('',#5546);
#5546 = CARTESIAN_POINT('',(2.86,0.32,-2.84));
#5547 = LINE('',#5548,#5549);
#5548 = CARTESIAN_POINT('',(2.86,0.32,0.95));
#5549 = VECTOR('',#5550,1.);
#5550 = DIRECTION('',(0.,0.,-1.));
#5551 = ORIENTED_EDGE('',*,*,#5552,.T.);
#5552 = EDGE_CURVE('',#5545,#5553,#5555,.T.);
#5553 = VERTEX_POINT('',#5554);
#5554 = CARTESIAN_POINT('',(2.22,0.32,-2.84));
#5555 = LINE('',#5556,#5557);
#5556 = CARTESIAN_POINT('',(2.86,0.32,-2.84));
#5557 = VECTOR('',#5558,1.);
#5558 = DIRECTION('',(-1.,0.,0.));
#5559 = ORIENTED_EDGE('',*,*,#5560,.T.);
#5560 = EDGE_CURVE('',#5553,#5526,#5561,.T.);
#5561 = LINE('',#5562,#5563);
#5562 = CARTESIAN_POINT('',(2.22,0.32,-3.));
#5563 = VECTOR('',#5564,1.);
#5564 = DIRECTION('',(0.,0.,1.));
#5565 = PLANE('',#5566);
#5566 = AXIS2_PLACEMENT_3D('',#5567,#5568,#5569);
#5567 = CARTESIAN_POINT('',(6.115919732441,0.32,0.579080267559));
#5568 = DIRECTION('',(1.223822766313E-33,1.,-1.161915124245E-33));
#5569 = DIRECTION('',(1.,-1.223822766313E-33,0.));
#5570 = ADVANCED_FACE('',(#5571),#5589,.T.);
#5571 = FACE_BOUND('',#5572,.T.);
#5572 = EDGE_LOOP('',(#5573,#5574,#5575,#5583));
#5573 = ORIENTED_EDGE('',*,*,#5536,.F.);
#5574 = ORIENTED_EDGE('',*,*,#2579,.T.);
#5575 = ORIENTED_EDGE('',*,*,#5576,.T.);
#5576 = EDGE_CURVE('',#2572,#5577,#5579,.T.);
#5577 = VERTEX_POINT('',#5578);
#5578 = CARTESIAN_POINT('',(2.86,-0.32,0.95));
#5579 = LINE('',#5580,#5581);
#5580 = CARTESIAN_POINT('',(12.58,-0.32,0.95));
#5581 = VECTOR('',#5582,1.);
#5582 = DIRECTION('',(-1.,0.,0.));
#5583 = ORIENTED_EDGE('',*,*,#5584,.F.);
#5584 = EDGE_CURVE('',#5537,#5577,#5585,.T.);
#5585 = LINE('',#5586,#5587);
#5586 = CARTESIAN_POINT('',(2.86,0.32,0.95));
#5587 = VECTOR('',#5588,1.);
#5588 = DIRECTION('',(0.,-1.,0.));
#5589 = PLANE('',#5590);
#5590 = AXIS2_PLACEMENT_3D('',#5591,#5592,#5593);
#5591 = CARTESIAN_POINT('',(12.58,0.32,0.95));
#5592 = DIRECTION('',(-0.,-0.,-1.));
#5593 = DIRECTION('',(-1.,0.,0.));
#5594 = ADVANCED_FACE('',(#5595),#5631,.F.);
#5595 = FACE_BOUND('',#5596,.F.);
#5596 = EDGE_LOOP('',(#5597,#5606,#5607,#5608,#5609,#5617,#5625));
#5597 = ORIENTED_EDGE('',*,*,#5598,.T.);
#5598 = EDGE_CURVE('',#5599,#5503,#5601,.T.);
#5599 = VERTEX_POINT('',#5600);
#5600 = CARTESIAN_POINT('',(2.22,-0.32,0.95));
#5601 = CIRCLE('',#5602,0.64);
#5602 = AXIS2_PLACEMENT_3D('',#5603,#5604,#5605);
#5603 = CARTESIAN_POINT('',(2.86,-0.32,0.95));
#5604 = DIRECTION('',(0.,1.,0.));
#5605 = DIRECTION('',(0.,0.,-1.));
#5606 = ORIENTED_EDGE('',*,*,#5510,.T.);
#5607 = ORIENTED_EDGE('',*,*,#2571,.T.);
#5608 = ORIENTED_EDGE('',*,*,#5576,.T.);
#5609 = ORIENTED_EDGE('',*,*,#5610,.T.);
#5610 = EDGE_CURVE('',#5577,#5611,#5613,.T.);
#5611 = VERTEX_POINT('',#5612);
#5612 = CARTESIAN_POINT('',(2.86,-0.32,-2.84));
#5613 = LINE('',#5614,#5615);
#5614 = CARTESIAN_POINT('',(2.86,-0.32,0.95));
#5615 = VECTOR('',#5616,1.);
#5616 = DIRECTION('',(0.,0.,-1.));
#5617 = ORIENTED_EDGE('',*,*,#5618,.T.);
#5618 = EDGE_CURVE('',#5611,#5619,#5621,.T.);
#5619 = VERTEX_POINT('',#5620);
#5620 = CARTESIAN_POINT('',(2.22,-0.32,-2.84));
#5621 = LINE('',#5622,#5623);
#5622 = CARTESIAN_POINT('',(2.86,-0.32,-2.84));
#5623 = VECTOR('',#5624,1.);
#5624 = DIRECTION('',(-1.,0.,0.));
#5625 = ORIENTED_EDGE('',*,*,#5626,.T.);
#5626 = EDGE_CURVE('',#5619,#5599,#5627,.T.);
#5627 = LINE('',#5628,#5629);
#5628 = CARTESIAN_POINT('',(2.22,-0.32,-3.));
#5629 = VECTOR('',#5630,1.);
#5630 = DIRECTION('',(0.,0.,1.));
#5631 = PLANE('',#5632);
#5632 = AXIS2_PLACEMENT_3D('',#5633,#5634,#5635);
#5633 = CARTESIAN_POINT('',(6.115919732441,-0.32,0.579080267559));
#5634 = DIRECTION('',(1.223822766313E-33,1.,-1.161915124245E-33));
#5635 = DIRECTION('',(1.,-1.223822766313E-33,0.));
#5636 = ADVANCED_FACE('',(#5637),#5662,.T.);
#5637 = FACE_BOUND('',#5638,.T.);
#5638 = EDGE_LOOP('',(#5639,#5647,#5648,#5656));
#5639 = ORIENTED_EDGE('',*,*,#5640,.F.);
#5640 = EDGE_CURVE('',#2887,#5641,#5643,.T.);
#5641 = VERTEX_POINT('',#5642);
#5642 = CARTESIAN_POINT('',(12.42,-9.84,4.13));
#5643 = LINE('',#5644,#5645);
#5644 = CARTESIAN_POINT('',(-0.32,-9.84,4.13));
#5645 = VECTOR('',#5646,1.);
#5646 = DIRECTION('',(1.,0.,6.885104028683E-17));
#5647 = ORIENTED_EDGE('',*,*,#2884,.F.);
#5648 = ORIENTED_EDGE('',*,*,#5649,.T.);
#5649 = EDGE_CURVE('',#2885,#5650,#5652,.T.);
#5650 = VERTEX_POINT('',#5651);
#5651 = CARTESIAN_POINT('',(12.42,-10.48,4.13));
#5652 = LINE('',#5653,#5654);
#5653 = CARTESIAN_POINT('',(-0.32,-10.48,4.13));
#5654 = VECTOR('',#5655,1.);
#5655 = DIRECTION('',(1.,0.,6.885104028683E-17));
#5656 = ORIENTED_EDGE('',*,*,#5657,.F.);
#5657 = EDGE_CURVE('',#5641,#5650,#5658,.T.);
#5658 = LINE('',#5659,#5660);
#5659 = CARTESIAN_POINT('',(12.42,-9.84,4.13));
#5660 = VECTOR('',#5661,1.);
#5661 = DIRECTION('',(0.,-1.,0.));
#5662 = PLANE('',#5663);
#5663 = AXIS2_PLACEMENT_3D('',#5664,#5665,#5666);
#5664 = CARTESIAN_POINT('',(-0.32,-9.84,4.13));
#5665 = DIRECTION('',(-6.885104028683E-17,0.,1.));
#5666 = DIRECTION('',(1.,0.,6.885104028683E-17));
#5667 = ADVANCED_FACE('',(#5668),#5686,.T.);
#5668 = FACE_BOUND('',#5669,.T.);
#5669 = EDGE_LOOP('',(#5670,#5671,#5672,#5680));
#5670 = ORIENTED_EDGE('',*,*,#2910,.F.);
#5671 = ORIENTED_EDGE('',*,*,#5640,.T.);
#5672 = ORIENTED_EDGE('',*,*,#5673,.T.);
#5673 = EDGE_CURVE('',#5641,#5674,#5676,.T.);
#5674 = VERTEX_POINT('',#5675);
#5675 = CARTESIAN_POINT('',(12.42,-9.84,3.49));
#5676 = LINE('',#5677,#5678);
#5677 = CARTESIAN_POINT('',(12.42,-9.84,4.13));
#5678 = VECTOR('',#5679,1.);
#5679 = DIRECTION('',(0.,0.,-1.));
#5680 = ORIENTED_EDGE('',*,*,#5681,.T.);
#5681 = EDGE_CURVE('',#5674,#2903,#5682,.T.);
#5682 = LINE('',#5683,#5684);
#5683 = CARTESIAN_POINT('',(12.58,-9.84,3.49));
#5684 = VECTOR('',#5685,1.);
#5685 = DIRECTION('',(-1.,0.,0.));
#5686 = PLANE('',#5687);
#5687 = AXIS2_PLACEMENT_3D('',#5688,#5689,#5690);
#5688 = CARTESIAN_POINT('',(4.143794308537,-9.84,2.551205691463));
#5689 = DIRECTION('',(0.,1.,0.));
#5690 = DIRECTION('',(0.,-0.,1.));
#5691 = ADVANCED_FACE('',(#5692),#5710,.T.);
#5692 = FACE_BOUND('',#5693,.T.);
#5693 = EDGE_LOOP('',(#5694,#5695,#5703,#5709));
#5694 = ORIENTED_EDGE('',*,*,#5681,.F.);
#5695 = ORIENTED_EDGE('',*,*,#5696,.T.);
#5696 = EDGE_CURVE('',#5674,#5697,#5699,.T.);
#5697 = VERTEX_POINT('',#5698);
#5698 = CARTESIAN_POINT('',(12.42,-10.48,3.49));
#5699 = LINE('',#5700,#5701);
#5700 = CARTESIAN_POINT('',(12.42,-9.84,3.49));
#5701 = VECTOR('',#5702,1.);
#5702 = DIRECTION('',(0.,-1.,0.));
#5703 = ORIENTED_EDGE('',*,*,#5704,.T.);
#5704 = EDGE_CURVE('',#5697,#2895,#5705,.T.);
#5705 = LINE('',#5706,#5707);
#5706 = CARTESIAN_POINT('',(12.58,-10.48,3.49));
#5707 = VECTOR('',#5708,1.);
#5708 = DIRECTION('',(-1.,0.,0.));
#5709 = ORIENTED_EDGE('',*,*,#2902,.F.);
#5710 = PLANE('',#5711);
#5711 = AXIS2_PLACEMENT_3D('',#5712,#5713,#5714);
#5712 = CARTESIAN_POINT('',(12.58,-9.84,3.49));
#5713 = DIRECTION('',(-0.,-0.,-1.));
#5714 = DIRECTION('',(-1.,0.,0.));
#5715 = ADVANCED_FACE('',(#5716),#5727,.F.);
#5716 = FACE_BOUND('',#5717,.F.);
#5717 = EDGE_LOOP('',(#5718,#5719,#5720,#5726));
#5718 = ORIENTED_EDGE('',*,*,#2894,.F.);
#5719 = ORIENTED_EDGE('',*,*,#5649,.T.);
#5720 = ORIENTED_EDGE('',*,*,#5721,.T.);
#5721 = EDGE_CURVE('',#5650,#5697,#5722,.T.);
#5722 = LINE('',#5723,#5724);
#5723 = CARTESIAN_POINT('',(12.42,-10.48,4.13));
#5724 = VECTOR('',#5725,1.);
#5725 = DIRECTION('',(0.,0.,-1.));
#5726 = ORIENTED_EDGE('',*,*,#5704,.T.);
#5727 = PLANE('',#5728);
#5728 = AXIS2_PLACEMENT_3D('',#5729,#5730,#5731);
#5729 = CARTESIAN_POINT('',(4.143794308537,-10.48,2.551205691463));
#5730 = DIRECTION('',(0.,1.,0.));
#5731 = DIRECTION('',(0.,-0.,1.));
#5732 = ADVANCED_FACE('',(#5733),#5758,.T.);
#5733 = FACE_BOUND('',#5734,.T.);
#5734 = EDGE_LOOP('',(#5735,#5736,#5744,#5752));
#5735 = ORIENTED_EDGE('',*,*,#2918,.F.);
#5736 = ORIENTED_EDGE('',*,*,#5737,.T.);
#5737 = EDGE_CURVE('',#2919,#5738,#5740,.T.);
#5738 = VERTEX_POINT('',#5739);
#5739 = CARTESIAN_POINT('',(12.42,-7.3,4.13));
#5740 = LINE('',#5741,#5742);
#5741 = CARTESIAN_POINT('',(-0.32,-7.3,4.13));
#5742 = VECTOR('',#5743,1.);
#5743 = DIRECTION('',(1.,0.,6.885104028683E-17));
#5744 = ORIENTED_EDGE('',*,*,#5745,.T.);
#5745 = EDGE_CURVE('',#5738,#5746,#5748,.T.);
#5746 = VERTEX_POINT('',#5747);
#5747 = CARTESIAN_POINT('',(12.42,-7.3,3.49));
#5748 = LINE('',#5749,#5750);
#5749 = CARTESIAN_POINT('',(12.42,-7.3,4.13));
#5750 = VECTOR('',#5751,1.);
#5751 = DIRECTION('',(0.,0.,-1.));
#5752 = ORIENTED_EDGE('',*,*,#5753,.T.);
#5753 = EDGE_CURVE('',#5746,#2921,#5754,.T.);
#5754 = LINE('',#5755,#5756);
#5755 = CARTESIAN_POINT('',(12.58,-7.3,3.49));
#5756 = VECTOR('',#5757,1.);
#5757 = DIRECTION('',(-1.,0.,0.));
#5758 = PLANE('',#5759);
#5759 = AXIS2_PLACEMENT_3D('',#5760,#5761,#5762);
#5760 = CARTESIAN_POINT('',(4.143794308537,-7.3,2.551205691463));
#5761 = DIRECTION('',(0.,1.,0.));
#5762 = DIRECTION('',(0.,-0.,1.));
#5763 = ADVANCED_FACE('',(#5764),#5782,.T.);
#5764 = FACE_BOUND('',#5765,.T.);
#5765 = EDGE_LOOP('',(#5766,#5767,#5775,#5781));
#5766 = ORIENTED_EDGE('',*,*,#5753,.F.);
#5767 = ORIENTED_EDGE('',*,*,#5768,.T.);
#5768 = EDGE_CURVE('',#5746,#5769,#5771,.T.);
#5769 = VERTEX_POINT('',#5770);
#5770 = CARTESIAN_POINT('',(12.42,-7.94,3.49));
#5771 = LINE('',#5772,#5773);
#5772 = CARTESIAN_POINT('',(12.42,-7.3,3.49));
#5773 = VECTOR('',#5774,1.);
#5774 = DIRECTION('',(0.,-1.,0.));
#5775 = ORIENTED_EDGE('',*,*,#5776,.T.);
#5776 = EDGE_CURVE('',#5769,#2937,#5777,.T.);
#5777 = LINE('',#5778,#5779);
#5778 = CARTESIAN_POINT('',(12.58,-7.94,3.49));
#5779 = VECTOR('',#5780,1.);
#5780 = DIRECTION('',(-1.,0.,0.));
#5781 = ORIENTED_EDGE('',*,*,#2944,.F.);
#5782 = PLANE('',#5783);
#5783 = AXIS2_PLACEMENT_3D('',#5784,#5785,#5786);
#5784 = CARTESIAN_POINT('',(12.58,-7.3,3.49));
#5785 = DIRECTION('',(-0.,-0.,-1.));
#5786 = DIRECTION('',(-1.,0.,0.));
#5787 = ADVANCED_FACE('',(#5788),#5806,.F.);
#5788 = FACE_BOUND('',#5789,.F.);
#5789 = EDGE_LOOP('',(#5790,#5791,#5799,#5805));
#5790 = ORIENTED_EDGE('',*,*,#2936,.F.);
#5791 = ORIENTED_EDGE('',*,*,#5792,.T.);
#5792 = EDGE_CURVE('',#2929,#5793,#5795,.T.);
#5793 = VERTEX_POINT('',#5794);
#5794 = CARTESIAN_POINT('',(12.42,-7.94,4.13));
#5795 = LINE('',#5796,#5797);
#5796 = CARTESIAN_POINT('',(-0.32,-7.94,4.13));
#5797 = VECTOR('',#5798,1.);
#5798 = DIRECTION('',(1.,0.,6.885104028683E-17));
#5799 = ORIENTED_EDGE('',*,*,#5800,.T.);
#5800 = EDGE_CURVE('',#5793,#5769,#5801,.T.);
#5801 = LINE('',#5802,#5803);
#5802 = CARTESIAN_POINT('',(12.42,-7.94,4.13));
#5803 = VECTOR('',#5804,1.);
#5804 = DIRECTION('',(0.,0.,-1.));
#5805 = ORIENTED_EDGE('',*,*,#5776,.T.);
#5806 = PLANE('',#5807);
#5807 = AXIS2_PLACEMENT_3D('',#5808,#5809,#5810);
#5808 = CARTESIAN_POINT('',(4.143794308537,-7.94,2.551205691463));
#5809 = DIRECTION('',(0.,1.,0.));
#5810 = DIRECTION('',(0.,-0.,1.));
#5811 = ADVANCED_FACE('',(#5812),#5823,.T.);
#5812 = FACE_BOUND('',#5813,.T.);
#5813 = EDGE_LOOP('',(#5814,#5815,#5816,#5817));
#5814 = ORIENTED_EDGE('',*,*,#5737,.F.);
#5815 = ORIENTED_EDGE('',*,*,#2928,.F.);
#5816 = ORIENTED_EDGE('',*,*,#5792,.T.);
#5817 = ORIENTED_EDGE('',*,*,#5818,.F.);
#5818 = EDGE_CURVE('',#5738,#5793,#5819,.T.);
#5819 = LINE('',#5820,#5821);
#5820 = CARTESIAN_POINT('',(12.42,-7.3,4.13));
#5821 = VECTOR('',#5822,1.);
#5822 = DIRECTION('',(0.,-1.,0.));
#5823 = PLANE('',#5824);
#5824 = AXIS2_PLACEMENT_3D('',#5825,#5826,#5827);
#5825 = CARTESIAN_POINT('',(-0.32,-7.3,4.13));
#5826 = DIRECTION('',(-6.885104028683E-17,0.,1.));
#5827 = DIRECTION('',(1.,0.,6.885104028683E-17));
#5828 = ADVANCED_FACE('',(#5829),#5854,.T.);
#5829 = FACE_BOUND('',#5830,.T.);
#5830 = EDGE_LOOP('',(#5831,#5839,#5840,#5848));
#5831 = ORIENTED_EDGE('',*,*,#5832,.F.);
#5832 = EDGE_CURVE('',#2955,#5833,#5835,.T.);
#5833 = VERTEX_POINT('',#5834);
#5834 = CARTESIAN_POINT('',(12.42,-2.22,4.13));
#5835 = LINE('',#5836,#5837);
#5836 = CARTESIAN_POINT('',(-0.32,-2.22,4.13));
#5837 = VECTOR('',#5838,1.);
#5838 = DIRECTION('',(1.,0.,6.885104028683E-17));
#5839 = ORIENTED_EDGE('',*,*,#2952,.F.);
#5840 = ORIENTED_EDGE('',*,*,#5841,.T.);
#5841 = EDGE_CURVE('',#2953,#5842,#5844,.T.);
#5842 = VERTEX_POINT('',#5843);
#5843 = CARTESIAN_POINT('',(12.42,-2.86,4.13));
#5844 = LINE('',#5845,#5846);
#5845 = CARTESIAN_POINT('',(-0.32,-2.86,4.13));
#5846 = VECTOR('',#5847,1.);
#5847 = DIRECTION('',(1.,0.,6.885104028683E-17));
#5848 = ORIENTED_EDGE('',*,*,#5849,.F.);
#5849 = EDGE_CURVE('',#5833,#5842,#5850,.T.);
#5850 = LINE('',#5851,#5852);
#5851 = CARTESIAN_POINT('',(12.42,-2.22,4.13));
#5852 = VECTOR('',#5853,1.);
#5853 = DIRECTION('',(0.,-1.,0.));
#5854 = PLANE('',#5855);
#5855 = AXIS2_PLACEMENT_3D('',#5856,#5857,#5858);
#5856 = CARTESIAN_POINT('',(-0.32,-2.22,4.13));
#5857 = DIRECTION('',(-6.885104028683E-17,0.,1.));
#5858 = DIRECTION('',(1.,0.,6.885104028683E-17));
#5859 = ADVANCED_FACE('',(#5860),#5878,.T.);
#5860 = FACE_BOUND('',#5861,.T.);
#5861 = EDGE_LOOP('',(#5862,#5863,#5864,#5872));
#5862 = ORIENTED_EDGE('',*,*,#2978,.F.);
#5863 = ORIENTED_EDGE('',*,*,#5832,.T.);
#5864 = ORIENTED_EDGE('',*,*,#5865,.T.);
#5865 = EDGE_CURVE('',#5833,#5866,#5868,.T.);
#5866 = VERTEX_POINT('',#5867);
#5867 = CARTESIAN_POINT('',(12.42,-2.22,3.49));
#5868 = LINE('',#5869,#5870);
#5869 = CARTESIAN_POINT('',(12.42,-2.22,4.13));
#5870 = VECTOR('',#5871,1.);
#5871 = DIRECTION('',(0.,0.,-1.));
#5872 = ORIENTED_EDGE('',*,*,#5873,.T.);
#5873 = EDGE_CURVE('',#5866,#2971,#5874,.T.);
#5874 = LINE('',#5875,#5876);
#5875 = CARTESIAN_POINT('',(12.58,-2.22,3.49));
#5876 = VECTOR('',#5877,1.);
#5877 = DIRECTION('',(-1.,0.,0.));
#5878 = PLANE('',#5879);
#5879 = AXIS2_PLACEMENT_3D('',#5880,#5881,#5882);
#5880 = CARTESIAN_POINT('',(4.143794308537,-2.22,2.551205691463));
#5881 = DIRECTION('',(0.,1.,0.));
#5882 = DIRECTION('',(0.,-0.,1.));
#5883 = ADVANCED_FACE('',(#5884),#5902,.T.);
#5884 = FACE_BOUND('',#5885,.T.);
#5885 = EDGE_LOOP('',(#5886,#5887,#5895,#5901));
#5886 = ORIENTED_EDGE('',*,*,#5873,.F.);
#5887 = ORIENTED_EDGE('',*,*,#5888,.T.);
#5888 = EDGE_CURVE('',#5866,#5889,#5891,.T.);
#5889 = VERTEX_POINT('',#5890);
#5890 = CARTESIAN_POINT('',(12.42,-2.86,3.49));
#5891 = LINE('',#5892,#5893);
#5892 = CARTESIAN_POINT('',(12.42,-2.22,3.49));
#5893 = VECTOR('',#5894,1.);
#5894 = DIRECTION('',(0.,-1.,0.));
#5895 = ORIENTED_EDGE('',*,*,#5896,.T.);
#5896 = EDGE_CURVE('',#5889,#2963,#5897,.T.);
#5897 = LINE('',#5898,#5899);
#5898 = CARTESIAN_POINT('',(12.58,-2.86,3.49));
#5899 = VECTOR('',#5900,1.);
#5900 = DIRECTION('',(-1.,0.,0.));
#5901 = ORIENTED_EDGE('',*,*,#2970,.F.);
#5902 = PLANE('',#5903);
#5903 = AXIS2_PLACEMENT_3D('',#5904,#5905,#5906);
#5904 = CARTESIAN_POINT('',(12.58,-2.22,3.49));
#5905 = DIRECTION('',(-0.,-0.,-1.));
#5906 = DIRECTION('',(-1.,0.,0.));
#5907 = ADVANCED_FACE('',(#5908),#5919,.F.);
#5908 = FACE_BOUND('',#5909,.F.);
#5909 = EDGE_LOOP('',(#5910,#5911,#5912,#5918));
#5910 = ORIENTED_EDGE('',*,*,#2962,.F.);
#5911 = ORIENTED_EDGE('',*,*,#5841,.T.);
#5912 = ORIENTED_EDGE('',*,*,#5913,.T.);
#5913 = EDGE_CURVE('',#5842,#5889,#5914,.T.);
#5914 = LINE('',#5915,#5916);
#5915 = CARTESIAN_POINT('',(12.42,-2.86,4.13));
#5916 = VECTOR('',#5917,1.);
#5917 = DIRECTION('',(0.,0.,-1.));
#5918 = ORIENTED_EDGE('',*,*,#5896,.T.);
#5919 = PLANE('',#5920);
#5920 = AXIS2_PLACEMENT_3D('',#5921,#5922,#5923);
#5921 = CARTESIAN_POINT('',(4.143794308537,-2.86,2.551205691463));
#5922 = DIRECTION('',(0.,1.,0.));
#5923 = DIRECTION('',(0.,-0.,1.));
#5924 = ADVANCED_FACE('',(#5925),#5950,.T.);
#5925 = FACE_BOUND('',#5926,.T.);
#5926 = EDGE_LOOP('',(#5927,#5928,#5936,#5944));
#5927 = ORIENTED_EDGE('',*,*,#2986,.F.);
#5928 = ORIENTED_EDGE('',*,*,#5929,.T.);
#5929 = EDGE_CURVE('',#2987,#5930,#5932,.T.);
#5930 = VERTEX_POINT('',#5931);
#5931 = CARTESIAN_POINT('',(12.42,-4.76,4.13));
#5932 = LINE('',#5933,#5934);
#5933 = CARTESIAN_POINT('',(-0.32,-4.76,4.13));
#5934 = VECTOR('',#5935,1.);
#5935 = DIRECTION('',(1.,0.,6.885104028683E-17));
#5936 = ORIENTED_EDGE('',*,*,#5937,.T.);
#5937 = EDGE_CURVE('',#5930,#5938,#5940,.T.);
#5938 = VERTEX_POINT('',#5939);
#5939 = CARTESIAN_POINT('',(12.42,-4.76,3.49));
#5940 = LINE('',#5941,#5942);
#5941 = CARTESIAN_POINT('',(12.42,-4.76,4.13));
#5942 = VECTOR('',#5943,1.);
#5943 = DIRECTION('',(0.,0.,-1.));
#5944 = ORIENTED_EDGE('',*,*,#5945,.T.);
#5945 = EDGE_CURVE('',#5938,#2989,#5946,.T.);
#5946 = LINE('',#5947,#5948);
#5947 = CARTESIAN_POINT('',(12.58,-4.76,3.49));
#5948 = VECTOR('',#5949,1.);
#5949 = DIRECTION('',(-1.,0.,0.));
#5950 = PLANE('',#5951);
#5951 = AXIS2_PLACEMENT_3D('',#5952,#5953,#5954);
#5952 = CARTESIAN_POINT('',(4.143794308537,-4.76,2.551205691463));
#5953 = DIRECTION('',(0.,1.,0.));
#5954 = DIRECTION('',(0.,-0.,1.));
#5955 = ADVANCED_FACE('',(#5956),#5974,.T.);
#5956 = FACE_BOUND('',#5957,.T.);
#5957 = EDGE_LOOP('',(#5958,#5959,#5967,#5973));
#5958 = ORIENTED_EDGE('',*,*,#5945,.F.);
#5959 = ORIENTED_EDGE('',*,*,#5960,.T.);
#5960 = EDGE_CURVE('',#5938,#5961,#5963,.T.);
#5961 = VERTEX_POINT('',#5962);
#5962 = CARTESIAN_POINT('',(12.42,-5.4,3.49));
#5963 = LINE('',#5964,#5965);
#5964 = CARTESIAN_POINT('',(12.42,-4.76,3.49));
#5965 = VECTOR('',#5966,1.);
#5966 = DIRECTION('',(0.,-1.,0.));
#5967 = ORIENTED_EDGE('',*,*,#5968,.T.);
#5968 = EDGE_CURVE('',#5961,#3005,#5969,.T.);
#5969 = LINE('',#5970,#5971);
#5970 = CARTESIAN_POINT('',(12.58,-5.4,3.49));
#5971 = VECTOR('',#5972,1.);
#5972 = DIRECTION('',(-1.,0.,0.));
#5973 = ORIENTED_EDGE('',*,*,#3012,.F.);
#5974 = PLANE('',#5975);
#5975 = AXIS2_PLACEMENT_3D('',#5976,#5977,#5978);
#5976 = CARTESIAN_POINT('',(12.58,-4.76,3.49));
#5977 = DIRECTION('',(-0.,-0.,-1.));
#5978 = DIRECTION('',(-1.,0.,0.));
#5979 = ADVANCED_FACE('',(#5980),#5998,.F.);
#5980 = FACE_BOUND('',#5981,.F.);
#5981 = EDGE_LOOP('',(#5982,#5983,#5991,#5997));
#5982 = ORIENTED_EDGE('',*,*,#3004,.F.);
#5983 = ORIENTED_EDGE('',*,*,#5984,.T.);
#5984 = EDGE_CURVE('',#2997,#5985,#5987,.T.);
#5985 = VERTEX_POINT('',#5986);
#5986 = CARTESIAN_POINT('',(12.42,-5.4,4.13));
#5987 = LINE('',#5988,#5989);
#5988 = CARTESIAN_POINT('',(-0.32,-5.4,4.13));
#5989 = VECTOR('',#5990,1.);
#5990 = DIRECTION('',(1.,0.,6.885104028683E-17));
#5991 = ORIENTED_EDGE('',*,*,#5992,.T.);
#5992 = EDGE_CURVE('',#5985,#5961,#5993,.T.);
#5993 = LINE('',#5994,#5995);
#5994 = CARTESIAN_POINT('',(12.42,-5.4,4.13));
#5995 = VECTOR('',#5996,1.);
#5996 = DIRECTION('',(0.,0.,-1.));
#5997 = ORIENTED_EDGE('',*,*,#5968,.T.);
#5998 = PLANE('',#5999);
#5999 = AXIS2_PLACEMENT_3D('',#6000,#6001,#6002);
#6000 = CARTESIAN_POINT('',(4.143794308537,-5.4,2.551205691463));
#6001 = DIRECTION('',(0.,1.,0.));
#6002 = DIRECTION('',(0.,-0.,1.));
#6003 = ADVANCED_FACE('',(#6004),#6015,.T.);
#6004 = FACE_BOUND('',#6005,.T.);
#6005 = EDGE_LOOP('',(#6006,#6007,#6008,#6009));
#6006 = ORIENTED_EDGE('',*,*,#5929,.F.);
#6007 = ORIENTED_EDGE('',*,*,#2996,.F.);
#6008 = ORIENTED_EDGE('',*,*,#5984,.T.);
#6009 = ORIENTED_EDGE('',*,*,#6010,.F.);
#6010 = EDGE_CURVE('',#5930,#5985,#6011,.T.);
#6011 = LINE('',#6012,#6013);
#6012 = CARTESIAN_POINT('',(12.42,-4.76,4.13));
#6013 = VECTOR('',#6014,1.);
#6014 = DIRECTION('',(0.,-1.,0.));
#6015 = PLANE('',#6016);
#6016 = AXIS2_PLACEMENT_3D('',#6017,#6018,#6019);
#6017 = CARTESIAN_POINT('',(-0.32,-4.76,4.13));
#6018 = DIRECTION('',(-6.885104028683E-17,0.,1.));
#6019 = DIRECTION('',(1.,0.,6.885104028683E-17));
#6020 = ADVANCED_FACE('',(#6021),#6046,.T.);
#6021 = FACE_BOUND('',#6022,.T.);
#6022 = EDGE_LOOP('',(#6023,#6031,#6039,#6045));
#6023 = ORIENTED_EDGE('',*,*,#6024,.F.);
#6024 = EDGE_CURVE('',#6025,#3021,#6027,.T.);
#6025 = VERTEX_POINT('',#6026);
#6026 = CARTESIAN_POINT('',(12.42,-12.38,3.49));
#6027 = LINE('',#6028,#6029);
#6028 = CARTESIAN_POINT('',(12.58,-12.38,3.49));
#6029 = VECTOR('',#6030,1.);
#6030 = DIRECTION('',(-1.,0.,0.));
#6031 = ORIENTED_EDGE('',*,*,#6032,.T.);
#6032 = EDGE_CURVE('',#6025,#6033,#6035,.T.);
#6033 = VERTEX_POINT('',#6034);
#6034 = CARTESIAN_POINT('',(12.42,-13.02,3.49));
#6035 = LINE('',#6036,#6037);
#6036 = CARTESIAN_POINT('',(12.42,-12.38,3.49));
#6037 = VECTOR('',#6038,1.);
#6038 = DIRECTION('',(0.,-1.,0.));
#6039 = ORIENTED_EDGE('',*,*,#6040,.T.);
#6040 = EDGE_CURVE('',#6033,#3023,#6041,.T.);
#6041 = LINE('',#6042,#6043);
#6042 = CARTESIAN_POINT('',(12.58,-13.02,3.49));
#6043 = VECTOR('',#6044,1.);
#6044 = DIRECTION('',(-1.,0.,0.));
#6045 = ORIENTED_EDGE('',*,*,#3020,.F.);
#6046 = PLANE('',#6047);
#6047 = AXIS2_PLACEMENT_3D('',#6048,#6049,#6050);
#6048 = CARTESIAN_POINT('',(12.58,-12.38,3.49));
#6049 = DIRECTION('',(-0.,-0.,-1.));
#6050 = DIRECTION('',(-1.,0.,0.));
#6051 = ADVANCED_FACE('',(#6052),#6070,.F.);
#6052 = FACE_BOUND('',#6053,.F.);
#6053 = EDGE_LOOP('',(#6054,#6055,#6063,#6069));
#6054 = ORIENTED_EDGE('',*,*,#3046,.F.);
#6055 = ORIENTED_EDGE('',*,*,#6056,.T.);
#6056 = EDGE_CURVE('',#3039,#6057,#6059,.T.);
#6057 = VERTEX_POINT('',#6058);
#6058 = CARTESIAN_POINT('',(12.42,-13.02,4.13));
#6059 = LINE('',#6060,#6061);
#6060 = CARTESIAN_POINT('',(-0.32,-13.02,4.13));
#6061 = VECTOR('',#6062,1.);
#6062 = DIRECTION('',(1.,0.,6.885104028683E-17));
#6063 = ORIENTED_EDGE('',*,*,#6064,.T.);
#6064 = EDGE_CURVE('',#6057,#6033,#6065,.T.);
#6065 = LINE('',#6066,#6067);
#6066 = CARTESIAN_POINT('',(12.42,-13.02,4.13));
#6067 = VECTOR('',#6068,1.);
#6068 = DIRECTION('',(0.,0.,-1.));
#6069 = ORIENTED_EDGE('',*,*,#6040,.T.);
#6070 = PLANE('',#6071);
#6071 = AXIS2_PLACEMENT_3D('',#6072,#6073,#6074);
#6072 = CARTESIAN_POINT('',(4.143794308537,-13.02,2.551205691463));
#6073 = DIRECTION('',(0.,1.,0.));
#6074 = DIRECTION('',(0.,-0.,1.));
#6075 = ADVANCED_FACE('',(#6076),#6094,.T.);
#6076 = FACE_BOUND('',#6077,.T.);
#6077 = EDGE_LOOP('',(#6078,#6086,#6087,#6088));
#6078 = ORIENTED_EDGE('',*,*,#6079,.F.);
#6079 = EDGE_CURVE('',#3031,#6080,#6082,.T.);
#6080 = VERTEX_POINT('',#6081);
#6081 = CARTESIAN_POINT('',(12.42,-12.38,4.13));
#6082 = LINE('',#6083,#6084);
#6083 = CARTESIAN_POINT('',(-0.32,-12.38,4.13));
#6084 = VECTOR('',#6085,1.);
#6085 = DIRECTION('',(1.,0.,6.885104028683E-17));
#6086 = ORIENTED_EDGE('',*,*,#3038,.F.);
#6087 = ORIENTED_EDGE('',*,*,#6056,.T.);
#6088 = ORIENTED_EDGE('',*,*,#6089,.F.);
#6089 = EDGE_CURVE('',#6080,#6057,#6090,.T.);
#6090 = LINE('',#6091,#6092);
#6091 = CARTESIAN_POINT('',(12.42,-12.38,4.13));
#6092 = VECTOR('',#6093,1.);
#6093 = DIRECTION('',(0.,-1.,0.));
#6094 = PLANE('',#6095);
#6095 = AXIS2_PLACEMENT_3D('',#6096,#6097,#6098);
#6096 = CARTESIAN_POINT('',(-0.32,-12.38,4.13));
#6097 = DIRECTION('',(-6.885104028683E-17,0.,1.));
#6098 = DIRECTION('',(1.,0.,6.885104028683E-17));
#6099 = ADVANCED_FACE('',(#6100),#6111,.T.);
#6100 = FACE_BOUND('',#6101,.T.);
#6101 = EDGE_LOOP('',(#6102,#6103,#6104,#6110));
#6102 = ORIENTED_EDGE('',*,*,#3030,.F.);
#6103 = ORIENTED_EDGE('',*,*,#6079,.T.);
#6104 = ORIENTED_EDGE('',*,*,#6105,.T.);
#6105 = EDGE_CURVE('',#6080,#6025,#6106,.T.);
#6106 = LINE('',#6107,#6108);
#6107 = CARTESIAN_POINT('',(12.42,-12.38,4.13));
#6108 = VECTOR('',#6109,1.);
#6109 = DIRECTION('',(0.,0.,-1.));
#6110 = ORIENTED_EDGE('',*,*,#6024,.T.);
#6111 = PLANE('',#6112);
#6112 = AXIS2_PLACEMENT_3D('',#6113,#6114,#6115);
#6113 = CARTESIAN_POINT('',(4.143794308537,-12.38,2.551205691463));
#6114 = DIRECTION('',(0.,1.,0.));
#6115 = DIRECTION('',(0.,-0.,1.));
#6116 = ADVANCED_FACE('',(#6117),#6142,.T.);
#6117 = FACE_BOUND('',#6118,.T.);
#6118 = EDGE_LOOP('',(#6119,#6127,#6128,#6136));
#6119 = ORIENTED_EDGE('',*,*,#6120,.F.);
#6120 = EDGE_CURVE('',#3057,#6121,#6123,.T.);
#6121 = VERTEX_POINT('',#6122);
#6122 = CARTESIAN_POINT('',(12.42,-9.84,1.59));
#6123 = LINE('',#6124,#6125);
#6124 = CARTESIAN_POINT('',(2.22,-9.84,1.59));
#6125 = VECTOR('',#6126,1.);
#6126 = DIRECTION('',(1.,0.,2.143287692327E-17));
#6127 = ORIENTED_EDGE('',*,*,#3054,.F.);
#6128 = ORIENTED_EDGE('',*,*,#6129,.T.);
#6129 = EDGE_CURVE('',#3055,#6130,#6132,.T.);
#6130 = VERTEX_POINT('',#6131);
#6131 = CARTESIAN_POINT('',(12.42,-10.48,1.59));
#6132 = LINE('',#6133,#6134);
#6133 = CARTESIAN_POINT('',(2.22,-10.48,1.59));
#6134 = VECTOR('',#6135,1.);
#6135 = DIRECTION('',(1.,0.,2.143287692327E-17));
#6136 = ORIENTED_EDGE('',*,*,#6137,.F.);
#6137 = EDGE_CURVE('',#6121,#6130,#6138,.T.);
#6138 = LINE('',#6139,#6140);
#6139 = CARTESIAN_POINT('',(12.42,-9.84,1.59));
#6140 = VECTOR('',#6141,1.);
#6141 = DIRECTION('',(0.,-1.,0.));
#6142 = PLANE('',#6143);
#6143 = AXIS2_PLACEMENT_3D('',#6144,#6145,#6146);
#6144 = CARTESIAN_POINT('',(2.22,-9.84,1.59));
#6145 = DIRECTION('',(-2.143287692327E-17,0.,1.));
#6146 = DIRECTION('',(1.,0.,2.143287692327E-17));
#6147 = ADVANCED_FACE('',(#6148),#6166,.T.);
#6148 = FACE_BOUND('',#6149,.T.);
#6149 = EDGE_LOOP('',(#6150,#6151,#6152,#6160));
#6150 = ORIENTED_EDGE('',*,*,#3080,.F.);
#6151 = ORIENTED_EDGE('',*,*,#6120,.T.);
#6152 = ORIENTED_EDGE('',*,*,#6153,.T.);
#6153 = EDGE_CURVE('',#6121,#6154,#6156,.T.);
#6154 = VERTEX_POINT('',#6155);
#6155 = CARTESIAN_POINT('',(12.42,-9.84,0.95));
#6156 = LINE('',#6157,#6158);
#6157 = CARTESIAN_POINT('',(12.42,-9.84,1.59));
#6158 = VECTOR('',#6159,1.);
#6159 = DIRECTION('',(0.,0.,-1.));
#6160 = ORIENTED_EDGE('',*,*,#6161,.T.);
#6161 = EDGE_CURVE('',#6154,#3073,#6162,.T.);
#6162 = LINE('',#6163,#6164);
#6163 = CARTESIAN_POINT('',(12.58,-9.84,0.95));
#6164 = VECTOR('',#6165,1.);
#6165 = DIRECTION('',(-1.,0.,0.));
#6166 = PLANE('',#6167);
#6167 = AXIS2_PLACEMENT_3D('',#6168,#6169,#6170);
#6168 = CARTESIAN_POINT('',(6.115919732441,-9.84,0.579080267559));
#6169 = DIRECTION('',(1.223822766313E-33,1.,-1.161915124245E-33));
#6170 = DIRECTION('',(1.,-1.223822766313E-33,0.));
#6171 = ADVANCED_FACE('',(#6172),#6190,.T.);
#6172 = FACE_BOUND('',#6173,.T.);
#6173 = EDGE_LOOP('',(#6174,#6175,#6183,#6189));
#6174 = ORIENTED_EDGE('',*,*,#6161,.F.);
#6175 = ORIENTED_EDGE('',*,*,#6176,.T.);
#6176 = EDGE_CURVE('',#6154,#6177,#6179,.T.);
#6177 = VERTEX_POINT('',#6178);
#6178 = CARTESIAN_POINT('',(12.42,-10.48,0.95));
#6179 = LINE('',#6180,#6181);
#6180 = CARTESIAN_POINT('',(12.42,-9.84,0.95));
#6181 = VECTOR('',#6182,1.);
#6182 = DIRECTION('',(0.,-1.,0.));
#6183 = ORIENTED_EDGE('',*,*,#6184,.T.);
#6184 = EDGE_CURVE('',#6177,#3065,#6185,.T.);
#6185 = LINE('',#6186,#6187);
#6186 = CARTESIAN_POINT('',(12.58,-10.48,0.95));
#6187 = VECTOR('',#6188,1.);
#6188 = DIRECTION('',(-1.,0.,0.));
#6189 = ORIENTED_EDGE('',*,*,#3072,.F.);
#6190 = PLANE('',#6191);
#6191 = AXIS2_PLACEMENT_3D('',#6192,#6193,#6194);
#6192 = CARTESIAN_POINT('',(12.58,-9.84,0.95));
#6193 = DIRECTION('',(-0.,-0.,-1.));
#6194 = DIRECTION('',(-1.,0.,0.));
#6195 = ADVANCED_FACE('',(#6196),#6207,.F.);
#6196 = FACE_BOUND('',#6197,.F.);
#6197 = EDGE_LOOP('',(#6198,#6199,#6200,#6206));
#6198 = ORIENTED_EDGE('',*,*,#3064,.F.);
#6199 = ORIENTED_EDGE('',*,*,#6129,.T.);
#6200 = ORIENTED_EDGE('',*,*,#6201,.T.);
#6201 = EDGE_CURVE('',#6130,#6177,#6202,.T.);
#6202 = LINE('',#6203,#6204);
#6203 = CARTESIAN_POINT('',(12.42,-10.48,1.59));
#6204 = VECTOR('',#6205,1.);
#6205 = DIRECTION('',(0.,0.,-1.));
#6206 = ORIENTED_EDGE('',*,*,#6184,.T.);
#6207 = PLANE('',#6208);
#6208 = AXIS2_PLACEMENT_3D('',#6209,#6210,#6211);
#6209 = CARTESIAN_POINT('',(6.115919732441,-10.48,0.579080267559));
#6210 = DIRECTION('',(1.223822766313E-33,1.,-1.161915124245E-33));
#6211 = DIRECTION('',(1.,-1.223822766313E-33,0.));
#6212 = ADVANCED_FACE('',(#6213),#6238,.T.);
#6213 = FACE_BOUND('',#6214,.T.);
#6214 = EDGE_LOOP('',(#6215,#6223,#6224,#6232));
#6215 = ORIENTED_EDGE('',*,*,#6216,.F.);
#6216 = EDGE_CURVE('',#3091,#6217,#6219,.T.);
#6217 = VERTEX_POINT('',#6218);
#6218 = CARTESIAN_POINT('',(12.42,-7.3,1.59));
#6219 = LINE('',#6220,#6221);
#6220 = CARTESIAN_POINT('',(2.22,-7.3,1.59));
#6221 = VECTOR('',#6222,1.);
#6222 = DIRECTION('',(1.,0.,2.143287692327E-17));
#6223 = ORIENTED_EDGE('',*,*,#3088,.F.);
#6224 = ORIENTED_EDGE('',*,*,#6225,.T.);
#6225 = EDGE_CURVE('',#3089,#6226,#6228,.T.);
#6226 = VERTEX_POINT('',#6227);
#6227 = CARTESIAN_POINT('',(12.42,-7.94,1.59));
#6228 = LINE('',#6229,#6230);
#6229 = CARTESIAN_POINT('',(2.22,-7.94,1.59));
#6230 = VECTOR('',#6231,1.);
#6231 = DIRECTION('',(1.,0.,2.143287692327E-17));
#6232 = ORIENTED_EDGE('',*,*,#6233,.F.);
#6233 = EDGE_CURVE('',#6217,#6226,#6234,.T.);
#6234 = LINE('',#6235,#6236);
#6235 = CARTESIAN_POINT('',(12.42,-7.3,1.59));
#6236 = VECTOR('',#6237,1.);
#6237 = DIRECTION('',(0.,-1.,0.));
#6238 = PLANE('',#6239);
#6239 = AXIS2_PLACEMENT_3D('',#6240,#6241,#6242);
#6240 = CARTESIAN_POINT('',(2.22,-7.3,1.59));
#6241 = DIRECTION('',(-2.143287692327E-17,0.,1.));
#6242 = DIRECTION('',(1.,0.,2.143287692327E-17));
#6243 = ADVANCED_FACE('',(#6244),#6262,.T.);
#6244 = FACE_BOUND('',#6245,.T.);
#6245 = EDGE_LOOP('',(#6246,#6247,#6248,#6256));
#6246 = ORIENTED_EDGE('',*,*,#3114,.F.);
#6247 = ORIENTED_EDGE('',*,*,#6216,.T.);
#6248 = ORIENTED_EDGE('',*,*,#6249,.T.);
#6249 = EDGE_CURVE('',#6217,#6250,#6252,.T.);
#6250 = VERTEX_POINT('',#6251);
#6251 = CARTESIAN_POINT('',(12.42,-7.3,0.95));
#6252 = LINE('',#6253,#6254);
#6253 = CARTESIAN_POINT('',(12.42,-7.3,1.59));
#6254 = VECTOR('',#6255,1.);
#6255 = DIRECTION('',(0.,0.,-1.));
#6256 = ORIENTED_EDGE('',*,*,#6257,.T.);
#6257 = EDGE_CURVE('',#6250,#3107,#6258,.T.);
#6258 = LINE('',#6259,#6260);
#6259 = CARTESIAN_POINT('',(12.58,-7.3,0.95));
#6260 = VECTOR('',#6261,1.);
#6261 = DIRECTION('',(-1.,0.,0.));
#6262 = PLANE('',#6263);
#6263 = AXIS2_PLACEMENT_3D('',#6264,#6265,#6266);
#6264 = CARTESIAN_POINT('',(6.115919732441,-7.3,0.579080267559));
#6265 = DIRECTION('',(1.223822766313E-33,1.,-1.161915124245E-33));
#6266 = DIRECTION('',(1.,-1.223822766313E-33,0.));
#6267 = ADVANCED_FACE('',(#6268),#6286,.T.);
#6268 = FACE_BOUND('',#6269,.T.);
#6269 = EDGE_LOOP('',(#6270,#6271,#6279,#6285));
#6270 = ORIENTED_EDGE('',*,*,#6257,.F.);
#6271 = ORIENTED_EDGE('',*,*,#6272,.T.);
#6272 = EDGE_CURVE('',#6250,#6273,#6275,.T.);
#6273 = VERTEX_POINT('',#6274);
#6274 = CARTESIAN_POINT('',(12.42,-7.94,0.95));
#6275 = LINE('',#6276,#6277);
#6276 = CARTESIAN_POINT('',(12.42,-7.3,0.95));
#6277 = VECTOR('',#6278,1.);
#6278 = DIRECTION('',(0.,-1.,0.));
#6279 = ORIENTED_EDGE('',*,*,#6280,.T.);
#6280 = EDGE_CURVE('',#6273,#3099,#6281,.T.);
#6281 = LINE('',#6282,#6283);
#6282 = CARTESIAN_POINT('',(12.58,-7.94,0.95));
#6283 = VECTOR('',#6284,1.);
#6284 = DIRECTION('',(-1.,0.,0.));
#6285 = ORIENTED_EDGE('',*,*,#3106,.F.);
#6286 = PLANE('',#6287);
#6287 = AXIS2_PLACEMENT_3D('',#6288,#6289,#6290);
#6288 = CARTESIAN_POINT('',(12.58,-7.3,0.95));
#6289 = DIRECTION('',(-0.,-0.,-1.));
#6290 = DIRECTION('',(-1.,0.,0.));
#6291 = ADVANCED_FACE('',(#6292),#6303,.F.);
#6292 = FACE_BOUND('',#6293,.F.);
#6293 = EDGE_LOOP('',(#6294,#6295,#6296,#6302));
#6294 = ORIENTED_EDGE('',*,*,#3098,.F.);
#6295 = ORIENTED_EDGE('',*,*,#6225,.T.);
#6296 = ORIENTED_EDGE('',*,*,#6297,.T.);
#6297 = EDGE_CURVE('',#6226,#6273,#6298,.T.);
#6298 = LINE('',#6299,#6300);
#6299 = CARTESIAN_POINT('',(12.42,-7.94,1.59));
#6300 = VECTOR('',#6301,1.);
#6301 = DIRECTION('',(0.,0.,-1.));
#6302 = ORIENTED_EDGE('',*,*,#6280,.T.);
#6303 = PLANE('',#6304);
#6304 = AXIS2_PLACEMENT_3D('',#6305,#6306,#6307);
#6305 = CARTESIAN_POINT('',(6.115919732441,-7.94,0.579080267559));
#6306 = DIRECTION('',(1.223822766313E-33,1.,-1.161915124245E-33));
#6307 = DIRECTION('',(1.,-1.223822766313E-33,0.));
#6308 = ADVANCED_FACE('',(#6309),#6334,.T.);
#6309 = FACE_BOUND('',#6310,.T.);
#6310 = EDGE_LOOP('',(#6311,#6319,#6320,#6328));
#6311 = ORIENTED_EDGE('',*,*,#6312,.F.);
#6312 = EDGE_CURVE('',#3125,#6313,#6315,.T.);
#6313 = VERTEX_POINT('',#6314);
#6314 = CARTESIAN_POINT('',(12.42,-2.22,1.59));
#6315 = LINE('',#6316,#6317);
#6316 = CARTESIAN_POINT('',(2.22,-2.22,1.59));
#6317 = VECTOR('',#6318,1.);
#6318 = DIRECTION('',(1.,0.,2.143287692327E-17));
#6319 = ORIENTED_EDGE('',*,*,#3122,.F.);
#6320 = ORIENTED_EDGE('',*,*,#6321,.T.);
#6321 = EDGE_CURVE('',#3123,#6322,#6324,.T.);
#6322 = VERTEX_POINT('',#6323);
#6323 = CARTESIAN_POINT('',(12.42,-2.86,1.59));
#6324 = LINE('',#6325,#6326);
#6325 = CARTESIAN_POINT('',(2.22,-2.86,1.59));
#6326 = VECTOR('',#6327,1.);
#6327 = DIRECTION('',(1.,0.,2.143287692327E-17));
#6328 = ORIENTED_EDGE('',*,*,#6329,.F.);
#6329 = EDGE_CURVE('',#6313,#6322,#6330,.T.);
#6330 = LINE('',#6331,#6332);
#6331 = CARTESIAN_POINT('',(12.42,-2.22,1.59));
#6332 = VECTOR('',#6333,1.);
#6333 = DIRECTION('',(0.,-1.,0.));
#6334 = PLANE('',#6335);
#6335 = AXIS2_PLACEMENT_3D('',#6336,#6337,#6338);
#6336 = CARTESIAN_POINT('',(2.22,-2.22,1.59));
#6337 = DIRECTION('',(-2.143287692327E-17,0.,1.));
#6338 = DIRECTION('',(1.,0.,2.143287692327E-17));
#6339 = ADVANCED_FACE('',(#6340),#6358,.T.);
#6340 = FACE_BOUND('',#6341,.T.);
#6341 = EDGE_LOOP('',(#6342,#6343,#6344,#6352));
#6342 = ORIENTED_EDGE('',*,*,#3148,.F.);
#6343 = ORIENTED_EDGE('',*,*,#6312,.T.);
#6344 = ORIENTED_EDGE('',*,*,#6345,.T.);
#6345 = EDGE_CURVE('',#6313,#6346,#6348,.T.);
#6346 = VERTEX_POINT('',#6347);
#6347 = CARTESIAN_POINT('',(12.42,-2.22,0.95));
#6348 = LINE('',#6349,#6350);
#6349 = CARTESIAN_POINT('',(12.42,-2.22,1.59));
#6350 = VECTOR('',#6351,1.);
#6351 = DIRECTION('',(0.,0.,-1.));
#6352 = ORIENTED_EDGE('',*,*,#6353,.T.);
#6353 = EDGE_CURVE('',#6346,#3141,#6354,.T.);
#6354 = LINE('',#6355,#6356);
#6355 = CARTESIAN_POINT('',(12.58,-2.22,0.95));
#6356 = VECTOR('',#6357,1.);
#6357 = DIRECTION('',(-1.,0.,0.));
#6358 = PLANE('',#6359);
#6359 = AXIS2_PLACEMENT_3D('',#6360,#6361,#6362);
#6360 = CARTESIAN_POINT('',(6.115919732441,-2.22,0.579080267559));
#6361 = DIRECTION('',(1.223822766313E-33,1.,-1.161915124245E-33));
#6362 = DIRECTION('',(1.,-1.223822766313E-33,0.));
#6363 = ADVANCED_FACE('',(#6364),#6382,.T.);
#6364 = FACE_BOUND('',#6365,.T.);
#6365 = EDGE_LOOP('',(#6366,#6367,#6375,#6381));
#6366 = ORIENTED_EDGE('',*,*,#6353,.F.);
#6367 = ORIENTED_EDGE('',*,*,#6368,.T.);
#6368 = EDGE_CURVE('',#6346,#6369,#6371,.T.);
#6369 = VERTEX_POINT('',#6370);
#6370 = CARTESIAN_POINT('',(12.42,-2.86,0.95));
#6371 = LINE('',#6372,#6373);
#6372 = CARTESIAN_POINT('',(12.42,-2.22,0.95));
#6373 = VECTOR('',#6374,1.);
#6374 = DIRECTION('',(0.,-1.,0.));
#6375 = ORIENTED_EDGE('',*,*,#6376,.T.);
#6376 = EDGE_CURVE('',#6369,#3133,#6377,.T.);
#6377 = LINE('',#6378,#6379);
#6378 = CARTESIAN_POINT('',(12.58,-2.86,0.95));
#6379 = VECTOR('',#6380,1.);
#6380 = DIRECTION('',(-1.,0.,0.));
#6381 = ORIENTED_EDGE('',*,*,#3140,.F.);
#6382 = PLANE('',#6383);
#6383 = AXIS2_PLACEMENT_3D('',#6384,#6385,#6386);
#6384 = CARTESIAN_POINT('',(12.58,-2.22,0.95));
#6385 = DIRECTION('',(-0.,-0.,-1.));
#6386 = DIRECTION('',(-1.,0.,0.));
#6387 = ADVANCED_FACE('',(#6388),#6399,.F.);
#6388 = FACE_BOUND('',#6389,.F.);
#6389 = EDGE_LOOP('',(#6390,#6391,#6392,#6398));
#6390 = ORIENTED_EDGE('',*,*,#3132,.F.);
#6391 = ORIENTED_EDGE('',*,*,#6321,.T.);
#6392 = ORIENTED_EDGE('',*,*,#6393,.T.);
#6393 = EDGE_CURVE('',#6322,#6369,#6394,.T.);
#6394 = LINE('',#6395,#6396);
#6395 = CARTESIAN_POINT('',(12.42,-2.86,1.59));
#6396 = VECTOR('',#6397,1.);
#6397 = DIRECTION('',(0.,0.,-1.));
#6398 = ORIENTED_EDGE('',*,*,#6376,.T.);
#6399 = PLANE('',#6400);
#6400 = AXIS2_PLACEMENT_3D('',#6401,#6402,#6403);
#6401 = CARTESIAN_POINT('',(6.115919732441,-2.86,0.579080267559));
#6402 = DIRECTION('',(1.223822766313E-33,1.,-1.161915124245E-33));
#6403 = DIRECTION('',(1.,-1.223822766313E-33,0.));
#6404 = ADVANCED_FACE('',(#6405),#6430,.T.);
#6405 = FACE_BOUND('',#6406,.T.);
#6406 = EDGE_LOOP('',(#6407,#6408,#6416,#6424));
#6407 = ORIENTED_EDGE('',*,*,#3156,.F.);
#6408 = ORIENTED_EDGE('',*,*,#6409,.T.);
#6409 = EDGE_CURVE('',#3157,#6410,#6412,.T.);
#6410 = VERTEX_POINT('',#6411);
#6411 = CARTESIAN_POINT('',(12.42,-4.76,1.59));
#6412 = LINE('',#6413,#6414);
#6413 = CARTESIAN_POINT('',(2.22,-4.76,1.59));
#6414 = VECTOR('',#6415,1.);
#6415 = DIRECTION('',(1.,0.,2.143287692327E-17));
#6416 = ORIENTED_EDGE('',*,*,#6417,.T.);
#6417 = EDGE_CURVE('',#6410,#6418,#6420,.T.);
#6418 = VERTEX_POINT('',#6419);
#6419 = CARTESIAN_POINT('',(12.42,-4.76,0.95));
#6420 = LINE('',#6421,#6422);
#6421 = CARTESIAN_POINT('',(12.42,-4.76,1.59));
#6422 = VECTOR('',#6423,1.);
#6423 = DIRECTION('',(0.,0.,-1.));
#6424 = ORIENTED_EDGE('',*,*,#6425,.T.);
#6425 = EDGE_CURVE('',#6418,#3159,#6426,.T.);
#6426 = LINE('',#6427,#6428);
#6427 = CARTESIAN_POINT('',(12.58,-4.76,0.95));
#6428 = VECTOR('',#6429,1.);
#6429 = DIRECTION('',(-1.,0.,0.));
#6430 = PLANE('',#6431);
#6431 = AXIS2_PLACEMENT_3D('',#6432,#6433,#6434);
#6432 = CARTESIAN_POINT('',(6.115919732441,-4.76,0.579080267559));
#6433 = DIRECTION('',(1.223822766313E-33,1.,-1.161915124245E-33));
#6434 = DIRECTION('',(1.,-1.223822766313E-33,0.));
#6435 = ADVANCED_FACE('',(#6436),#6454,.T.);
#6436 = FACE_BOUND('',#6437,.T.);
#6437 = EDGE_LOOP('',(#6438,#6439,#6447,#6453));
#6438 = ORIENTED_EDGE('',*,*,#6425,.F.);
#6439 = ORIENTED_EDGE('',*,*,#6440,.T.);
#6440 = EDGE_CURVE('',#6418,#6441,#6443,.T.);
#6441 = VERTEX_POINT('',#6442);
#6442 = CARTESIAN_POINT('',(12.42,-5.4,0.95));
#6443 = LINE('',#6444,#6445);
#6444 = CARTESIAN_POINT('',(12.42,-4.76,0.95));
#6445 = VECTOR('',#6446,1.);
#6446 = DIRECTION('',(0.,-1.,0.));
#6447 = ORIENTED_EDGE('',*,*,#6448,.T.);
#6448 = EDGE_CURVE('',#6441,#3175,#6449,.T.);
#6449 = LINE('',#6450,#6451);
#6450 = CARTESIAN_POINT('',(12.58,-5.4,0.95));
#6451 = VECTOR('',#6452,1.);
#6452 = DIRECTION('',(-1.,0.,0.));
#6453 = ORIENTED_EDGE('',*,*,#3182,.F.);
#6454 = PLANE('',#6455);
#6455 = AXIS2_PLACEMENT_3D('',#6456,#6457,#6458);
#6456 = CARTESIAN_POINT('',(12.58,-4.76,0.95));
#6457 = DIRECTION('',(-0.,-0.,-1.));
#6458 = DIRECTION('',(-1.,0.,0.));
#6459 = ADVANCED_FACE('',(#6460),#6478,.F.);
#6460 = FACE_BOUND('',#6461,.F.);
#6461 = EDGE_LOOP('',(#6462,#6463,#6471,#6477));
#6462 = ORIENTED_EDGE('',*,*,#3174,.F.);
#6463 = ORIENTED_EDGE('',*,*,#6464,.T.);
#6464 = EDGE_CURVE('',#3167,#6465,#6467,.T.);
#6465 = VERTEX_POINT('',#6466);
#6466 = CARTESIAN_POINT('',(12.42,-5.4,1.59));
#6467 = LINE('',#6468,#6469);
#6468 = CARTESIAN_POINT('',(2.22,-5.4,1.59));
#6469 = VECTOR('',#6470,1.);
#6470 = DIRECTION('',(1.,0.,2.143287692327E-17));
#6471 = ORIENTED_EDGE('',*,*,#6472,.T.);
#6472 = EDGE_CURVE('',#6465,#6441,#6473,.T.);
#6473 = LINE('',#6474,#6475);
#6474 = CARTESIAN_POINT('',(12.42,-5.4,1.59));
#6475 = VECTOR('',#6476,1.);
#6476 = DIRECTION('',(0.,0.,-1.));
#6477 = ORIENTED_EDGE('',*,*,#6448,.T.);
#6478 = PLANE('',#6479);
#6479 = AXIS2_PLACEMENT_3D('',#6480,#6481,#6482);
#6480 = CARTESIAN_POINT('',(6.115919732441,-5.4,0.579080267559));
#6481 = DIRECTION('',(1.223822766313E-33,1.,-1.161915124245E-33));
#6482 = DIRECTION('',(1.,-1.223822766313E-33,0.));
#6483 = ADVANCED_FACE('',(#6484),#6495,.T.);
#6484 = FACE_BOUND('',#6485,.T.);
#6485 = EDGE_LOOP('',(#6486,#6487,#6488,#6489));
#6486 = ORIENTED_EDGE('',*,*,#6409,.F.);
#6487 = ORIENTED_EDGE('',*,*,#3166,.F.);
#6488 = ORIENTED_EDGE('',*,*,#6464,.T.);
#6489 = ORIENTED_EDGE('',*,*,#6490,.F.);
#6490 = EDGE_CURVE('',#6410,#6465,#6491,.T.);
#6491 = LINE('',#6492,#6493);
#6492 = CARTESIAN_POINT('',(12.42,-4.76,1.59));
#6493 = VECTOR('',#6494,1.);
#6494 = DIRECTION('',(0.,-1.,0.));
#6495 = PLANE('',#6496);
#6496 = AXIS2_PLACEMENT_3D('',#6497,#6498,#6499);
#6497 = CARTESIAN_POINT('',(2.22,-4.76,1.59));
#6498 = DIRECTION('',(-2.143287692327E-17,0.,1.));
#6499 = DIRECTION('',(1.,0.,2.143287692327E-17));
#6500 = ADVANCED_FACE('',(#6501),#6526,.T.);
#6501 = FACE_BOUND('',#6502,.T.);
#6502 = EDGE_LOOP('',(#6503,#6504,#6512,#6520));
#6503 = ORIENTED_EDGE('',*,*,#3190,.F.);
#6504 = ORIENTED_EDGE('',*,*,#6505,.T.);
#6505 = EDGE_CURVE('',#3191,#6506,#6508,.T.);
#6506 = VERTEX_POINT('',#6507);
#6507 = CARTESIAN_POINT('',(12.42,-12.38,1.59));
#6508 = LINE('',#6509,#6510);
#6509 = CARTESIAN_POINT('',(2.22,-12.38,1.59));
#6510 = VECTOR('',#6511,1.);
#6511 = DIRECTION('',(1.,0.,2.143287692327E-17));
#6512 = ORIENTED_EDGE('',*,*,#6513,.T.);
#6513 = EDGE_CURVE('',#6506,#6514,#6516,.T.);
#6514 = VERTEX_POINT('',#6515);
#6515 = CARTESIAN_POINT('',(12.42,-12.38,0.95));
#6516 = LINE('',#6517,#6518);
#6517 = CARTESIAN_POINT('',(12.42,-12.38,1.59));
#6518 = VECTOR('',#6519,1.);
#6519 = DIRECTION('',(0.,0.,-1.));
#6520 = ORIENTED_EDGE('',*,*,#6521,.T.);
#6521 = EDGE_CURVE('',#6514,#3193,#6522,.T.);
#6522 = LINE('',#6523,#6524);
#6523 = CARTESIAN_POINT('',(12.58,-12.38,0.95));
#6524 = VECTOR('',#6525,1.);
#6525 = DIRECTION('',(-1.,0.,0.));
#6526 = PLANE('',#6527);
#6527 = AXIS2_PLACEMENT_3D('',#6528,#6529,#6530);
#6528 = CARTESIAN_POINT('',(6.115919732441,-12.38,0.579080267559));
#6529 = DIRECTION('',(1.223822766313E-33,1.,-1.161915124245E-33));
#6530 = DIRECTION('',(1.,-1.223822766313E-33,0.));
#6531 = ADVANCED_FACE('',(#6532),#6550,.T.);
#6532 = FACE_BOUND('',#6533,.T.);
#6533 = EDGE_LOOP('',(#6534,#6535,#6543,#6549));
#6534 = ORIENTED_EDGE('',*,*,#6521,.F.);
#6535 = ORIENTED_EDGE('',*,*,#6536,.T.);
#6536 = EDGE_CURVE('',#6514,#6537,#6539,.T.);
#6537 = VERTEX_POINT('',#6538);
#6538 = CARTESIAN_POINT('',(12.42,-13.02,0.95));
#6539 = LINE('',#6540,#6541);
#6540 = CARTESIAN_POINT('',(12.42,-12.38,0.95));
#6541 = VECTOR('',#6542,1.);
#6542 = DIRECTION('',(0.,-1.,0.));
#6543 = ORIENTED_EDGE('',*,*,#6544,.T.);
#6544 = EDGE_CURVE('',#6537,#3209,#6545,.T.);
#6545 = LINE('',#6546,#6547);
#6546 = CARTESIAN_POINT('',(12.58,-13.02,0.95));
#6547 = VECTOR('',#6548,1.);
#6548 = DIRECTION('',(-1.,0.,0.));
#6549 = ORIENTED_EDGE('',*,*,#3216,.F.);
#6550 = PLANE('',#6551);
#6551 = AXIS2_PLACEMENT_3D('',#6552,#6553,#6554);
#6552 = CARTESIAN_POINT('',(12.58,-12.38,0.95));
#6553 = DIRECTION('',(-0.,-0.,-1.));
#6554 = DIRECTION('',(-1.,0.,0.));
#6555 = ADVANCED_FACE('',(#6556),#6574,.F.);
#6556 = FACE_BOUND('',#6557,.F.);
#6557 = EDGE_LOOP('',(#6558,#6559,#6567,#6573));
#6558 = ORIENTED_EDGE('',*,*,#3208,.F.);
#6559 = ORIENTED_EDGE('',*,*,#6560,.T.);
#6560 = EDGE_CURVE('',#3201,#6561,#6563,.T.);
#6561 = VERTEX_POINT('',#6562);
#6562 = CARTESIAN_POINT('',(12.42,-13.02,1.59));
#6563 = LINE('',#6564,#6565);
#6564 = CARTESIAN_POINT('',(2.22,-13.02,1.59));
#6565 = VECTOR('',#6566,1.);
#6566 = DIRECTION('',(1.,0.,2.143287692327E-17));
#6567 = ORIENTED_EDGE('',*,*,#6568,.T.);
#6568 = EDGE_CURVE('',#6561,#6537,#6569,.T.);
#6569 = LINE('',#6570,#6571);
#6570 = CARTESIAN_POINT('',(12.42,-13.02,1.59));
#6571 = VECTOR('',#6572,1.);
#6572 = DIRECTION('',(0.,0.,-1.));
#6573 = ORIENTED_EDGE('',*,*,#6544,.T.);
#6574 = PLANE('',#6575);
#6575 = AXIS2_PLACEMENT_3D('',#6576,#6577,#6578);
#6576 = CARTESIAN_POINT('',(6.115919732441,-13.02,0.579080267559));
#6577 = DIRECTION('',(1.223822766313E-33,1.,-1.161915124245E-33));
#6578 = DIRECTION('',(1.,-1.223822766313E-33,0.));
#6579 = ADVANCED_FACE('',(#6580),#6591,.T.);
#6580 = FACE_BOUND('',#6581,.T.);
#6581 = EDGE_LOOP('',(#6582,#6583,#6584,#6585));
#6582 = ORIENTED_EDGE('',*,*,#6505,.F.);
#6583 = ORIENTED_EDGE('',*,*,#3200,.F.);
#6584 = ORIENTED_EDGE('',*,*,#6560,.T.);
#6585 = ORIENTED_EDGE('',*,*,#6586,.F.);
#6586 = EDGE_CURVE('',#6506,#6561,#6587,.T.);
#6587 = LINE('',#6588,#6589);
#6588 = CARTESIAN_POINT('',(12.42,-12.38,1.59));
#6589 = VECTOR('',#6590,1.);
#6590 = DIRECTION('',(0.,-1.,0.));
#6591 = PLANE('',#6592);
#6592 = AXIS2_PLACEMENT_3D('',#6593,#6594,#6595);
#6593 = CARTESIAN_POINT('',(2.22,-12.38,1.59));
#6594 = DIRECTION('',(-2.143287692327E-17,0.,1.));
#6595 = DIRECTION('',(1.,0.,2.143287692327E-17));
#6596 = ADVANCED_FACE('',(#6597),#6622,.T.);
#6597 = FACE_BOUND('',#6598,.T.);
#6598 = EDGE_LOOP('',(#6599,#6600,#6608,#6616));
#6599 = ORIENTED_EDGE('',*,*,#3224,.F.);
#6600 = ORIENTED_EDGE('',*,*,#6601,.T.);
#6601 = EDGE_CURVE('',#3225,#6602,#6604,.T.);
#6602 = VERTEX_POINT('',#6603);
#6603 = CARTESIAN_POINT('',(12.42,0.32,4.13));
#6604 = LINE('',#6605,#6606);
#6605 = CARTESIAN_POINT('',(-0.32,0.32,4.13));
#6606 = VECTOR('',#6607,1.);
#6607 = DIRECTION('',(1.,0.,6.885104028683E-17));
#6608 = ORIENTED_EDGE('',*,*,#6609,.T.);
#6609 = EDGE_CURVE('',#6602,#6610,#6612,.T.);
#6610 = VERTEX_POINT('',#6611);
#6611 = CARTESIAN_POINT('',(12.42,0.32,3.49));
#6612 = LINE('',#6613,#6614);
#6613 = CARTESIAN_POINT('',(12.42,0.32,4.13));
#6614 = VECTOR('',#6615,1.);
#6615 = DIRECTION('',(0.,0.,-1.));
#6616 = ORIENTED_EDGE('',*,*,#6617,.T.);
#6617 = EDGE_CURVE('',#6610,#3227,#6618,.T.);
#6618 = LINE('',#6619,#6620);
#6619 = CARTESIAN_POINT('',(12.58,0.32,3.49));
#6620 = VECTOR('',#6621,1.);
#6621 = DIRECTION('',(-1.,0.,0.));
#6622 = PLANE('',#6623);
#6623 = AXIS2_PLACEMENT_3D('',#6624,#6625,#6626);
#6624 = CARTESIAN_POINT('',(4.143794308537,0.32,2.551205691463));
#6625 = DIRECTION('',(0.,1.,0.));
#6626 = DIRECTION('',(0.,-0.,1.));
#6627 = ADVANCED_FACE('',(#6628),#6646,.T.);
#6628 = FACE_BOUND('',#6629,.T.);
#6629 = EDGE_LOOP('',(#6630,#6631,#6639,#6645));
#6630 = ORIENTED_EDGE('',*,*,#6617,.F.);
#6631 = ORIENTED_EDGE('',*,*,#6632,.T.);
#6632 = EDGE_CURVE('',#6610,#6633,#6635,.T.);
#6633 = VERTEX_POINT('',#6634);
#6634 = CARTESIAN_POINT('',(12.42,-0.32,3.49));
#6635 = LINE('',#6636,#6637);
#6636 = CARTESIAN_POINT('',(12.42,0.32,3.49));
#6637 = VECTOR('',#6638,1.);
#6638 = DIRECTION('',(0.,-1.,0.));
#6639 = ORIENTED_EDGE('',*,*,#6640,.T.);
#6640 = EDGE_CURVE('',#6633,#3243,#6641,.T.);
#6641 = LINE('',#6642,#6643);
#6642 = CARTESIAN_POINT('',(12.58,-0.32,3.49));
#6643 = VECTOR('',#6644,1.);
#6644 = DIRECTION('',(-1.,0.,0.));
#6645 = ORIENTED_EDGE('',*,*,#3250,.F.);
#6646 = PLANE('',#6647);
#6647 = AXIS2_PLACEMENT_3D('',#6648,#6649,#6650);
#6648 = CARTESIAN_POINT('',(12.58,0.32,3.49));
#6649 = DIRECTION('',(-0.,-0.,-1.));
#6650 = DIRECTION('',(-1.,0.,0.));
#6651 = ADVANCED_FACE('',(#6652),#6670,.F.);
#6652 = FACE_BOUND('',#6653,.F.);
#6653 = EDGE_LOOP('',(#6654,#6655,#6663,#6669));
#6654 = ORIENTED_EDGE('',*,*,#3242,.F.);
#6655 = ORIENTED_EDGE('',*,*,#6656,.T.);
#6656 = EDGE_CURVE('',#3235,#6657,#6659,.T.);
#6657 = VERTEX_POINT('',#6658);
#6658 = CARTESIAN_POINT('',(12.42,-0.32,4.13));
#6659 = LINE('',#6660,#6661);
#6660 = CARTESIAN_POINT('',(-0.32,-0.32,4.13));
#6661 = VECTOR('',#6662,1.);
#6662 = DIRECTION('',(1.,0.,6.885104028683E-17));
#6663 = ORIENTED_EDGE('',*,*,#6664,.T.);
#6664 = EDGE_CURVE('',#6657,#6633,#6665,.T.);
#6665 = LINE('',#6666,#6667);
#6666 = CARTESIAN_POINT('',(12.42,-0.32,4.13));
#6667 = VECTOR('',#6668,1.);
#6668 = DIRECTION('',(0.,0.,-1.));
#6669 = ORIENTED_EDGE('',*,*,#6640,.T.);
#6670 = PLANE('',#6671);
#6671 = AXIS2_PLACEMENT_3D('',#6672,#6673,#6674);
#6672 = CARTESIAN_POINT('',(4.143794308537,-0.32,2.551205691463));
#6673 = DIRECTION('',(0.,1.,0.));
#6674 = DIRECTION('',(0.,-0.,1.));
#6675 = ADVANCED_FACE('',(#6676),#6687,.T.);
#6676 = FACE_BOUND('',#6677,.T.);
#6677 = EDGE_LOOP('',(#6678,#6679,#6680,#6681));
#6678 = ORIENTED_EDGE('',*,*,#6601,.F.);
#6679 = ORIENTED_EDGE('',*,*,#3234,.F.);
#6680 = ORIENTED_EDGE('',*,*,#6656,.T.);
#6681 = ORIENTED_EDGE('',*,*,#6682,.F.);
#6682 = EDGE_CURVE('',#6602,#6657,#6683,.T.);
#6683 = LINE('',#6684,#6685);
#6684 = CARTESIAN_POINT('',(12.42,0.32,4.13));
#6685 = VECTOR('',#6686,1.);
#6686 = DIRECTION('',(0.,-1.,0.));
#6687 = PLANE('',#6688);
#6688 = AXIS2_PLACEMENT_3D('',#6689,#6690,#6691);
#6689 = CARTESIAN_POINT('',(-0.32,0.32,4.13));
#6690 = DIRECTION('',(-6.885104028683E-17,0.,1.));
#6691 = DIRECTION('',(1.,0.,6.885104028683E-17));
#6692 = ADVANCED_FACE('',(#6693),#6718,.T.);
#6693 = FACE_BOUND('',#6694,.T.);
#6694 = EDGE_LOOP('',(#6695,#6703,#6704,#6712));
#6695 = ORIENTED_EDGE('',*,*,#6696,.F.);
#6696 = EDGE_CURVE('',#3261,#6697,#6699,.T.);
#6697 = VERTEX_POINT('',#6698);
#6698 = CARTESIAN_POINT('',(12.42,0.32,1.59));
#6699 = LINE('',#6700,#6701);
#6700 = CARTESIAN_POINT('',(2.22,0.32,1.59));
#6701 = VECTOR('',#6702,1.);
#6702 = DIRECTION('',(1.,0.,2.143287692327E-17));
#6703 = ORIENTED_EDGE('',*,*,#3258,.F.);
#6704 = ORIENTED_EDGE('',*,*,#6705,.T.);
#6705 = EDGE_CURVE('',#3259,#6706,#6708,.T.);
#6706 = VERTEX_POINT('',#6707);
#6707 = CARTESIAN_POINT('',(12.42,-0.32,1.59));
#6708 = LINE('',#6709,#6710);
#6709 = CARTESIAN_POINT('',(2.22,-0.32,1.59));
#6710 = VECTOR('',#6711,1.);
#6711 = DIRECTION('',(1.,0.,2.143287692327E-17));
#6712 = ORIENTED_EDGE('',*,*,#6713,.F.);
#6713 = EDGE_CURVE('',#6697,#6706,#6714,.T.);
#6714 = LINE('',#6715,#6716);
#6715 = CARTESIAN_POINT('',(12.42,0.32,1.59));
#6716 = VECTOR('',#6717,1.);
#6717 = DIRECTION('',(0.,-1.,0.));
#6718 = PLANE('',#6719);
#6719 = AXIS2_PLACEMENT_3D('',#6720,#6721,#6722);
#6720 = CARTESIAN_POINT('',(2.22,0.32,1.59));
#6721 = DIRECTION('',(-2.143287692327E-17,0.,1.));
#6722 = DIRECTION('',(1.,0.,2.143287692327E-17));
#6723 = ADVANCED_FACE('',(#6724),#6742,.T.);
#6724 = FACE_BOUND('',#6725,.T.);
#6725 = EDGE_LOOP('',(#6726,#6727,#6728,#6736));
#6726 = ORIENTED_EDGE('',*,*,#3284,.F.);
#6727 = ORIENTED_EDGE('',*,*,#6696,.T.);
#6728 = ORIENTED_EDGE('',*,*,#6729,.T.);
#6729 = EDGE_CURVE('',#6697,#6730,#6732,.T.);
#6730 = VERTEX_POINT('',#6731);
#6731 = CARTESIAN_POINT('',(12.42,0.32,0.95));
#6732 = LINE('',#6733,#6734);
#6733 = CARTESIAN_POINT('',(12.42,0.32,1.59));
#6734 = VECTOR('',#6735,1.);
#6735 = DIRECTION('',(0.,0.,-1.));
#6736 = ORIENTED_EDGE('',*,*,#6737,.T.);
#6737 = EDGE_CURVE('',#6730,#3277,#6738,.T.);
#6738 = LINE('',#6739,#6740);
#6739 = CARTESIAN_POINT('',(12.58,0.32,0.95));
#6740 = VECTOR('',#6741,1.);
#6741 = DIRECTION('',(-1.,0.,0.));
#6742 = PLANE('',#6743);
#6743 = AXIS2_PLACEMENT_3D('',#6744,#6745,#6746);
#6744 = CARTESIAN_POINT('',(6.115919732441,0.32,0.579080267559));
#6745 = DIRECTION('',(1.223822766313E-33,1.,-1.161915124245E-33));
#6746 = DIRECTION('',(1.,-1.223822766313E-33,0.));
#6747 = ADVANCED_FACE('',(#6748),#6766,.T.);
#6748 = FACE_BOUND('',#6749,.T.);
#6749 = EDGE_LOOP('',(#6750,#6751,#6759,#6765));
#6750 = ORIENTED_EDGE('',*,*,#6737,.F.);
#6751 = ORIENTED_EDGE('',*,*,#6752,.T.);
#6752 = EDGE_CURVE('',#6730,#6753,#6755,.T.);
#6753 = VERTEX_POINT('',#6754);
#6754 = CARTESIAN_POINT('',(12.42,-0.32,0.95));
#6755 = LINE('',#6756,#6757);
#6756 = CARTESIAN_POINT('',(12.42,0.32,0.95));
#6757 = VECTOR('',#6758,1.);
#6758 = DIRECTION('',(0.,-1.,0.));
#6759 = ORIENTED_EDGE('',*,*,#6760,.T.);
#6760 = EDGE_CURVE('',#6753,#3269,#6761,.T.);
#6761 = LINE('',#6762,#6763);
#6762 = CARTESIAN_POINT('',(12.58,-0.32,0.95));
#6763 = VECTOR('',#6764,1.);
#6764 = DIRECTION('',(-1.,0.,0.));
#6765 = ORIENTED_EDGE('',*,*,#3276,.F.);
#6766 = PLANE('',#6767);
#6767 = AXIS2_PLACEMENT_3D('',#6768,#6769,#6770);
#6768 = CARTESIAN_POINT('',(12.58,0.32,0.95));
#6769 = DIRECTION('',(-0.,-0.,-1.));
#6770 = DIRECTION('',(-1.,0.,0.));
#6771 = ADVANCED_FACE('',(#6772),#6783,.F.);
#6772 = FACE_BOUND('',#6773,.F.);
#6773 = EDGE_LOOP('',(#6774,#6775,#6776,#6782));
#6774 = ORIENTED_EDGE('',*,*,#3268,.F.);
#6775 = ORIENTED_EDGE('',*,*,#6705,.T.);
#6776 = ORIENTED_EDGE('',*,*,#6777,.T.);
#6777 = EDGE_CURVE('',#6706,#6753,#6778,.T.);
#6778 = LINE('',#6779,#6780);
#6779 = CARTESIAN_POINT('',(12.42,-0.32,1.59));
#6780 = VECTOR('',#6781,1.);
#6781 = DIRECTION('',(0.,0.,-1.));
#6782 = ORIENTED_EDGE('',*,*,#6760,.T.);
#6783 = PLANE('',#6784);
#6784 = AXIS2_PLACEMENT_3D('',#6785,#6786,#6787);
#6785 = CARTESIAN_POINT('',(6.115919732441,-0.32,0.579080267559));
#6786 = DIRECTION('',(1.223822766313E-33,1.,-1.161915124245E-33));
#6787 = DIRECTION('',(1.,-1.223822766313E-33,0.));
#6788 = ADVANCED_FACE('',(#6789),#6800,.T.);
#6789 = FACE_BOUND('',#6790,.T.);
#6790 = EDGE_LOOP('',(#6791,#6797,#6798,#6799));
#6791 = ORIENTED_EDGE('',*,*,#6792,.T.);
#6792 = EDGE_CURVE('',#3920,#3993,#6793,.T.);
#6793 = LINE('',#6794,#6795);
#6794 = CARTESIAN_POINT('',(-0.32,-9.84,3.49));
#6795 = VECTOR('',#6796,1.);
#6796 = DIRECTION('',(0.,-1.,0.));
#6797 = ORIENTED_EDGE('',*,*,#3992,.T.);
#6798 = ORIENTED_EDGE('',*,*,#3896,.F.);
#6799 = ORIENTED_EDGE('',*,*,#3919,.F.);
#6800 = CYLINDRICAL_SURFACE('',#6801,0.64);
#6801 = AXIS2_PLACEMENT_3D('',#6802,#6803,#6804);
#6802 = CARTESIAN_POINT('',(0.32,-9.84,3.49));
#6803 = DIRECTION('',(0.,-1.,0.));
#6804 = DIRECTION('',(-1.,0.,0.));
#6805 = ADVANCED_FACE('',(#6806),#6817,.T.);
#6806 = FACE_BOUND('',#6807,.T.);
#6807 = EDGE_LOOP('',(#6808,#6809,#6815,#6816));
#6808 = ORIENTED_EDGE('',*,*,#3954,.F.);
#6809 = ORIENTED_EDGE('',*,*,#6810,.T.);
#6810 = EDGE_CURVE('',#3947,#4013,#6811,.T.);
#6811 = LINE('',#6812,#6813);
#6812 = CARTESIAN_POINT('',(-0.32,-9.84,-2.84));
#6813 = VECTOR('',#6814,1.);
#6814 = DIRECTION('',(0.,-1.,0.));
#6815 = ORIENTED_EDGE('',*,*,#4020,.T.);
#6816 = ORIENTED_EDGE('',*,*,#6792,.F.);
#6817 = PLANE('',#6818);
#6818 = AXIS2_PLACEMENT_3D('',#6819,#6820,#6821);
#6819 = CARTESIAN_POINT('',(-0.32,-9.84,-3.));
#6820 = DIRECTION('',(-1.,0.,0.));
#6821 = DIRECTION('',(0.,0.,1.));
#6822 = ADVANCED_FACE('',(#6823),#6848,.T.);
#6823 = FACE_BOUND('',#6824,.F.);
#6824 = EDGE_LOOP('',(#6825,#6833,#6834,#6842));
#6825 = ORIENTED_EDGE('',*,*,#6826,.T.);
#6826 = EDGE_CURVE('',#6827,#3939,#6829,.T.);
#6827 = VERTEX_POINT('',#6828);
#6828 = CARTESIAN_POINT('',(0.16,-10.,-3.));
#6829 = LINE('',#6830,#6831);
#6830 = CARTESIAN_POINT('',(0.266666666667,-9.893333333333,
    -2.893333333333));
#6831 = VECTOR('',#6832,1.);
#6832 = DIRECTION('',(0.57735026919,0.57735026919,0.57735026919));
#6833 = ORIENTED_EDGE('',*,*,#3946,.T.);
#6834 = ORIENTED_EDGE('',*,*,#6835,.T.);
#6835 = EDGE_CURVE('',#3947,#6836,#6838,.T.);
#6836 = VERTEX_POINT('',#6837);
#6837 = CARTESIAN_POINT('',(-0.16,-10.,-3.));
#6838 = LINE('',#6839,#6840);
#6839 = CARTESIAN_POINT('',(-0.16,-10.,-3.));
#6840 = VECTOR('',#6841,1.);
#6841 = DIRECTION('',(0.57735026919,-0.57735026919,-0.57735026919));
#6842 = ORIENTED_EDGE('',*,*,#6843,.F.);
#6843 = EDGE_CURVE('',#6827,#6836,#6844,.T.);
#6844 = LINE('',#6845,#6846);
#6845 = CARTESIAN_POINT('',(0.32,-10.,-3.));
#6846 = VECTOR('',#6847,1.);
#6847 = DIRECTION('',(-1.,0.,0.));
#6848 = PLANE('',#6849);
#6849 = AXIS2_PLACEMENT_3D('',#6850,#6851,#6852);
#6850 = CARTESIAN_POINT('',(0.32,-9.92,-2.92));
#6851 = DIRECTION('',(-1.735167508357E-18,0.707106781187,-0.707106781187
    ));
#6852 = DIRECTION('',(1.,1.226948711654E-18,-1.226948711654E-18));
#6853 = ADVANCED_FACE('',(#6854),#6865,.T.);
#6854 = FACE_BOUND('',#6855,.T.);
#6855 = EDGE_LOOP('',(#6856,#6857,#6858,#6859));
#6856 = ORIENTED_EDGE('',*,*,#3938,.F.);
#6857 = ORIENTED_EDGE('',*,*,#3978,.T.);
#6858 = ORIENTED_EDGE('',*,*,#4004,.T.);
#6859 = ORIENTED_EDGE('',*,*,#6860,.F.);
#6860 = EDGE_CURVE('',#3939,#4005,#6861,.T.);
#6861 = LINE('',#6862,#6863);
#6862 = CARTESIAN_POINT('',(0.32,-9.84,-2.84));
#6863 = VECTOR('',#6864,1.);
#6864 = DIRECTION('',(0.,-1.,0.));
#6865 = PLANE('',#6866);
#6866 = AXIS2_PLACEMENT_3D('',#6867,#6868,#6869);
#6867 = CARTESIAN_POINT('',(0.32,-9.84,3.49));
#6868 = DIRECTION('',(1.,0.,0.));
#6869 = DIRECTION('',(0.,0.,-1.));
#6870 = ADVANCED_FACE('',(#6871),#6896,.F.);
#6871 = FACE_BOUND('',#6872,.F.);
#6872 = EDGE_LOOP('',(#6873,#6881,#6889,#6895));
#6873 = ORIENTED_EDGE('',*,*,#6874,.F.);
#6874 = EDGE_CURVE('',#6875,#4005,#6877,.T.);
#6875 = VERTEX_POINT('',#6876);
#6876 = CARTESIAN_POINT('',(0.16,-10.32,-3.));
#6877 = LINE('',#6878,#6879);
#6878 = CARTESIAN_POINT('',(0.16,-10.32,-3.));
#6879 = VECTOR('',#6880,1.);
#6880 = DIRECTION('',(0.57735026919,-0.57735026919,0.57735026919));
#6881 = ORIENTED_EDGE('',*,*,#6882,.T.);
#6882 = EDGE_CURVE('',#6875,#6883,#6885,.T.);
#6883 = VERTEX_POINT('',#6884);
#6884 = CARTESIAN_POINT('',(-0.16,-10.32,-3.));
#6885 = LINE('',#6886,#6887);
#6886 = CARTESIAN_POINT('',(0.32,-10.32,-3.));
#6887 = VECTOR('',#6888,1.);
#6888 = DIRECTION('',(-1.,0.,0.));
#6889 = ORIENTED_EDGE('',*,*,#6890,.T.);
#6890 = EDGE_CURVE('',#6883,#4013,#6891,.T.);
#6891 = LINE('',#6892,#6893);
#6892 = CARTESIAN_POINT('',(-5.333333333333E-02,-10.21333333333,
    -3.106666666667));
#6893 = VECTOR('',#6894,1.);
#6894 = DIRECTION('',(-0.57735026919,-0.57735026919,0.57735026919));
#6895 = ORIENTED_EDGE('',*,*,#4012,.F.);
#6896 = PLANE('',#6897);
#6897 = AXIS2_PLACEMENT_3D('',#6898,#6899,#6900);
#6898 = CARTESIAN_POINT('',(0.32,-10.4,-2.92));
#6899 = DIRECTION('',(1.735167508357E-18,0.707106781187,0.707106781187)
  );
#6900 = DIRECTION('',(-1.,1.226948711654E-18,1.226948711654E-18));
#6901 = ADVANCED_FACE('',(#6902),#6913,.T.);
#6902 = FACE_BOUND('',#6903,.T.);
#6903 = EDGE_LOOP('',(#6904,#6910,#6911,#6912));
#6904 = ORIENTED_EDGE('',*,*,#6905,.T.);
#6905 = EDGE_CURVE('',#4035,#4115,#6906,.T.);
#6906 = LINE('',#6907,#6908);
#6907 = CARTESIAN_POINT('',(-0.32,-7.3,3.49));
#6908 = VECTOR('',#6909,1.);
#6909 = DIRECTION('',(0.,-1.,0.));
#6910 = ORIENTED_EDGE('',*,*,#4114,.T.);
#6911 = ORIENTED_EDGE('',*,*,#4164,.F.);
#6912 = ORIENTED_EDGE('',*,*,#4034,.F.);
#6913 = CYLINDRICAL_SURFACE('',#6914,0.64);
#6914 = AXIS2_PLACEMENT_3D('',#6915,#6916,#6917);
#6915 = CARTESIAN_POINT('',(0.32,-7.3,3.49));
#6916 = DIRECTION('',(0.,-1.,0.));
#6917 = DIRECTION('',(-1.,0.,0.));
#6918 = ADVANCED_FACE('',(#6919),#6930,.T.);
#6919 = FACE_BOUND('',#6920,.T.);
#6920 = EDGE_LOOP('',(#6921,#6922,#6928,#6929));
#6921 = ORIENTED_EDGE('',*,*,#4076,.F.);
#6922 = ORIENTED_EDGE('',*,*,#6923,.T.);
#6923 = EDGE_CURVE('',#4069,#4142,#6924,.T.);
#6924 = LINE('',#6925,#6926);
#6925 = CARTESIAN_POINT('',(-0.32,-7.3,-2.84));
#6926 = VECTOR('',#6927,1.);
#6927 = DIRECTION('',(0.,-1.,0.));
#6928 = ORIENTED_EDGE('',*,*,#4149,.T.);
#6929 = ORIENTED_EDGE('',*,*,#6905,.F.);
#6930 = PLANE('',#6931);
#6931 = AXIS2_PLACEMENT_3D('',#6932,#6933,#6934);
#6932 = CARTESIAN_POINT('',(-0.32,-7.3,-3.));
#6933 = DIRECTION('',(-1.,0.,0.));
#6934 = DIRECTION('',(0.,0.,1.));
#6935 = ADVANCED_FACE('',(#6936),#6961,.T.);
#6936 = FACE_BOUND('',#6937,.F.);
#6937 = EDGE_LOOP('',(#6938,#6946,#6947,#6955));
#6938 = ORIENTED_EDGE('',*,*,#6939,.T.);
#6939 = EDGE_CURVE('',#6940,#4061,#6942,.T.);
#6940 = VERTEX_POINT('',#6941);
#6941 = CARTESIAN_POINT('',(0.16,-7.46,-3.));
#6942 = LINE('',#6943,#6944);
#6943 = CARTESIAN_POINT('',(0.266666666667,-7.353333333333,
    -2.893333333333));
#6944 = VECTOR('',#6945,1.);
#6945 = DIRECTION('',(0.57735026919,0.57735026919,0.57735026919));
#6946 = ORIENTED_EDGE('',*,*,#4068,.T.);
#6947 = ORIENTED_EDGE('',*,*,#6948,.T.);
#6948 = EDGE_CURVE('',#4069,#6949,#6951,.T.);
#6949 = VERTEX_POINT('',#6950);
#6950 = CARTESIAN_POINT('',(-0.16,-7.46,-3.));
#6951 = LINE('',#6952,#6953);
#6952 = CARTESIAN_POINT('',(-0.16,-7.46,-3.));
#6953 = VECTOR('',#6954,1.);
#6954 = DIRECTION('',(0.57735026919,-0.57735026919,-0.57735026919));
#6955 = ORIENTED_EDGE('',*,*,#6956,.F.);
#6956 = EDGE_CURVE('',#6940,#6949,#6957,.T.);
#6957 = LINE('',#6958,#6959);
#6958 = CARTESIAN_POINT('',(0.32,-7.46,-3.));
#6959 = VECTOR('',#6960,1.);
#6960 = DIRECTION('',(-1.,0.,0.));
#6961 = PLANE('',#6962);
#6962 = AXIS2_PLACEMENT_3D('',#6963,#6964,#6965);
#6963 = CARTESIAN_POINT('',(0.32,-7.38,-2.92));
#6964 = DIRECTION('',(-1.735167508357E-18,0.707106781187,-0.707106781187
    ));
#6965 = DIRECTION('',(1.,1.226948711654E-18,-1.226948711654E-18));
#6966 = ADVANCED_FACE('',(#6967),#6978,.T.);
#6967 = FACE_BOUND('',#6968,.T.);
#6968 = EDGE_LOOP('',(#6969,#6970,#6971,#6972));
#6969 = ORIENTED_EDGE('',*,*,#4060,.F.);
#6970 = ORIENTED_EDGE('',*,*,#4100,.T.);
#6971 = ORIENTED_EDGE('',*,*,#4133,.T.);
#6972 = ORIENTED_EDGE('',*,*,#6973,.F.);
#6973 = EDGE_CURVE('',#4061,#4134,#6974,.T.);
#6974 = LINE('',#6975,#6976);
#6975 = CARTESIAN_POINT('',(0.32,-7.3,-2.84));
#6976 = VECTOR('',#6977,1.);
#6977 = DIRECTION('',(0.,-1.,0.));
#6978 = PLANE('',#6979);
#6979 = AXIS2_PLACEMENT_3D('',#6980,#6981,#6982);
#6980 = CARTESIAN_POINT('',(0.32,-7.3,3.49));
#6981 = DIRECTION('',(1.,0.,0.));
#6982 = DIRECTION('',(0.,0.,-1.));
#6983 = ADVANCED_FACE('',(#6984),#7009,.F.);
#6984 = FACE_BOUND('',#6985,.F.);
#6985 = EDGE_LOOP('',(#6986,#6994,#7002,#7008));
#6986 = ORIENTED_EDGE('',*,*,#6987,.F.);
#6987 = EDGE_CURVE('',#6988,#4134,#6990,.T.);
#6988 = VERTEX_POINT('',#6989);
#6989 = CARTESIAN_POINT('',(0.16,-7.78,-3.));
#6990 = LINE('',#6991,#6992);
#6991 = CARTESIAN_POINT('',(0.16,-7.78,-3.));
#6992 = VECTOR('',#6993,1.);
#6993 = DIRECTION('',(0.57735026919,-0.57735026919,0.57735026919));
#6994 = ORIENTED_EDGE('',*,*,#6995,.T.);
#6995 = EDGE_CURVE('',#6988,#6996,#6998,.T.);
#6996 = VERTEX_POINT('',#6997);
#6997 = CARTESIAN_POINT('',(-0.16,-7.78,-3.));
#6998 = LINE('',#6999,#7000);
#6999 = CARTESIAN_POINT('',(0.32,-7.78,-3.));
#7000 = VECTOR('',#7001,1.);
#7001 = DIRECTION('',(-1.,0.,0.));
#7002 = ORIENTED_EDGE('',*,*,#7003,.T.);
#7003 = EDGE_CURVE('',#6996,#4142,#7004,.T.);
#7004 = LINE('',#7005,#7006);
#7005 = CARTESIAN_POINT('',(-5.333333333333E-02,-7.673333333333,
    -3.106666666667));
#7006 = VECTOR('',#7007,1.);
#7007 = DIRECTION('',(-0.57735026919,-0.57735026919,0.57735026919));
#7008 = ORIENTED_EDGE('',*,*,#4141,.F.);
#7009 = PLANE('',#7010);
#7010 = AXIS2_PLACEMENT_3D('',#7011,#7012,#7013);
#7011 = CARTESIAN_POINT('',(0.32,-7.86,-2.92));
#7012 = DIRECTION('',(1.735167508357E-18,0.707106781187,0.707106781187)
  );
#7013 = DIRECTION('',(-1.,1.226948711654E-18,1.226948711654E-18));
#7014 = ADVANCED_FACE('',(#7015),#7026,.T.);
#7015 = FACE_BOUND('',#7016,.T.);
#7016 = EDGE_LOOP('',(#7017,#7023,#7024,#7025));
#7017 = ORIENTED_EDGE('',*,*,#7018,.T.);
#7018 = EDGE_CURVE('',#4212,#4285,#7019,.T.);
#7019 = LINE('',#7020,#7021);
#7020 = CARTESIAN_POINT('',(-0.32,-2.22,3.49));
#7021 = VECTOR('',#7022,1.);
#7022 = DIRECTION('',(0.,-1.,0.));
#7023 = ORIENTED_EDGE('',*,*,#4284,.T.);
#7024 = ORIENTED_EDGE('',*,*,#4188,.F.);
#7025 = ORIENTED_EDGE('',*,*,#4211,.F.);
#7026 = CYLINDRICAL_SURFACE('',#7027,0.64);
#7027 = AXIS2_PLACEMENT_3D('',#7028,#7029,#7030);
#7028 = CARTESIAN_POINT('',(0.32,-2.22,3.49));
#7029 = DIRECTION('',(0.,-1.,0.));
#7030 = DIRECTION('',(-1.,0.,0.));
#7031 = ADVANCED_FACE('',(#7032),#7043,.T.);
#7032 = FACE_BOUND('',#7033,.T.);
#7033 = EDGE_LOOP('',(#7034,#7035,#7041,#7042));
#7034 = ORIENTED_EDGE('',*,*,#4246,.F.);
#7035 = ORIENTED_EDGE('',*,*,#7036,.T.);
#7036 = EDGE_CURVE('',#4239,#4305,#7037,.T.);
#7037 = LINE('',#7038,#7039);
#7038 = CARTESIAN_POINT('',(-0.32,-2.22,-2.84));
#7039 = VECTOR('',#7040,1.);
#7040 = DIRECTION('',(0.,-1.,0.));
#7041 = ORIENTED_EDGE('',*,*,#4312,.T.);
#7042 = ORIENTED_EDGE('',*,*,#7018,.F.);
#7043 = PLANE('',#7044);
#7044 = AXIS2_PLACEMENT_3D('',#7045,#7046,#7047);
#7045 = CARTESIAN_POINT('',(-0.32,-2.22,-3.));
#7046 = DIRECTION('',(-1.,0.,0.));
#7047 = DIRECTION('',(0.,0.,1.));
#7048 = ADVANCED_FACE('',(#7049),#7074,.T.);
#7049 = FACE_BOUND('',#7050,.F.);
#7050 = EDGE_LOOP('',(#7051,#7059,#7060,#7068));
#7051 = ORIENTED_EDGE('',*,*,#7052,.T.);
#7052 = EDGE_CURVE('',#7053,#4231,#7055,.T.);
#7053 = VERTEX_POINT('',#7054);
#7054 = CARTESIAN_POINT('',(0.16,-2.38,-3.));
#7055 = LINE('',#7056,#7057);
#7056 = CARTESIAN_POINT('',(0.266666666667,-2.273333333333,
    -2.893333333333));
#7057 = VECTOR('',#7058,1.);
#7058 = DIRECTION('',(0.57735026919,0.57735026919,0.57735026919));
#7059 = ORIENTED_EDGE('',*,*,#4238,.T.);
#7060 = ORIENTED_EDGE('',*,*,#7061,.T.);
#7061 = EDGE_CURVE('',#4239,#7062,#7064,.T.);
#7062 = VERTEX_POINT('',#7063);
#7063 = CARTESIAN_POINT('',(-0.16,-2.38,-3.));
#7064 = LINE('',#7065,#7066);
#7065 = CARTESIAN_POINT('',(-0.16,-2.38,-3.));
#7066 = VECTOR('',#7067,1.);
#7067 = DIRECTION('',(0.57735026919,-0.57735026919,-0.57735026919));
#7068 = ORIENTED_EDGE('',*,*,#7069,.F.);
#7069 = EDGE_CURVE('',#7053,#7062,#7070,.T.);
#7070 = LINE('',#7071,#7072);
#7071 = CARTESIAN_POINT('',(0.32,-2.38,-3.));
#7072 = VECTOR('',#7073,1.);
#7073 = DIRECTION('',(-1.,0.,0.));
#7074 = PLANE('',#7075);
#7075 = AXIS2_PLACEMENT_3D('',#7076,#7077,#7078);
#7076 = CARTESIAN_POINT('',(0.32,-2.3,-2.92));
#7077 = DIRECTION('',(-1.735167508357E-18,0.707106781187,-0.707106781187
    ));
#7078 = DIRECTION('',(1.,1.226948711654E-18,-1.226948711654E-18));
#7079 = ADVANCED_FACE('',(#7080),#7091,.T.);
#7080 = FACE_BOUND('',#7081,.T.);
#7081 = EDGE_LOOP('',(#7082,#7083,#7084,#7085));
#7082 = ORIENTED_EDGE('',*,*,#4230,.F.);
#7083 = ORIENTED_EDGE('',*,*,#4270,.T.);
#7084 = ORIENTED_EDGE('',*,*,#4296,.T.);
#7085 = ORIENTED_EDGE('',*,*,#7086,.F.);
#7086 = EDGE_CURVE('',#4231,#4297,#7087,.T.);
#7087 = LINE('',#7088,#7089);
#7088 = CARTESIAN_POINT('',(0.32,-2.22,-2.84));
#7089 = VECTOR('',#7090,1.);
#7090 = DIRECTION('',(0.,-1.,0.));
#7091 = PLANE('',#7092);
#7092 = AXIS2_PLACEMENT_3D('',#7093,#7094,#7095);
#7093 = CARTESIAN_POINT('',(0.32,-2.22,3.49));
#7094 = DIRECTION('',(1.,0.,0.));
#7095 = DIRECTION('',(0.,0.,-1.));
#7096 = ADVANCED_FACE('',(#7097),#7122,.F.);
#7097 = FACE_BOUND('',#7098,.F.);
#7098 = EDGE_LOOP('',(#7099,#7107,#7115,#7121));
#7099 = ORIENTED_EDGE('',*,*,#7100,.F.);
#7100 = EDGE_CURVE('',#7101,#4297,#7103,.T.);
#7101 = VERTEX_POINT('',#7102);
#7102 = CARTESIAN_POINT('',(0.16,-2.7,-3.));
#7103 = LINE('',#7104,#7105);
#7104 = CARTESIAN_POINT('',(0.16,-2.7,-3.));
#7105 = VECTOR('',#7106,1.);
#7106 = DIRECTION('',(0.57735026919,-0.57735026919,0.57735026919));
#7107 = ORIENTED_EDGE('',*,*,#7108,.T.);
#7108 = EDGE_CURVE('',#7101,#7109,#7111,.T.);
#7109 = VERTEX_POINT('',#7110);
#7110 = CARTESIAN_POINT('',(-0.16,-2.7,-3.));
#7111 = LINE('',#7112,#7113);
#7112 = CARTESIAN_POINT('',(0.32,-2.7,-3.));
#7113 = VECTOR('',#7114,1.);
#7114 = DIRECTION('',(-1.,0.,0.));
#7115 = ORIENTED_EDGE('',*,*,#7116,.T.);
#7116 = EDGE_CURVE('',#7109,#4305,#7117,.T.);
#7117 = LINE('',#7118,#7119);
#7118 = CARTESIAN_POINT('',(-5.333333333333E-02,-2.593333333333,
    -3.106666666667));
#7119 = VECTOR('',#7120,1.);
#7120 = DIRECTION('',(-0.57735026919,-0.57735026919,0.57735026919));
#7121 = ORIENTED_EDGE('',*,*,#4304,.F.);
#7122 = PLANE('',#7123);
#7123 = AXIS2_PLACEMENT_3D('',#7124,#7125,#7126);
#7124 = CARTESIAN_POINT('',(0.32,-2.78,-2.92));
#7125 = DIRECTION('',(1.735167508357E-18,0.707106781187,0.707106781187)
  );
#7126 = DIRECTION('',(-1.,1.226948711654E-18,1.226948711654E-18));
#7127 = ADVANCED_FACE('',(#7128),#7139,.T.);
#7128 = FACE_BOUND('',#7129,.T.);
#7129 = EDGE_LOOP('',(#7130,#7136,#7137,#7138));
#7130 = ORIENTED_EDGE('',*,*,#7131,.T.);
#7131 = EDGE_CURVE('',#4327,#4407,#7132,.T.);
#7132 = LINE('',#7133,#7134);
#7133 = CARTESIAN_POINT('',(-0.32,-4.76,3.49));
#7134 = VECTOR('',#7135,1.);
#7135 = DIRECTION('',(0.,-1.,0.));
#7136 = ORIENTED_EDGE('',*,*,#4406,.T.);
#7137 = ORIENTED_EDGE('',*,*,#4456,.F.);
#7138 = ORIENTED_EDGE('',*,*,#4326,.F.);
#7139 = CYLINDRICAL_SURFACE('',#7140,0.64);
#7140 = AXIS2_PLACEMENT_3D('',#7141,#7142,#7143);
#7141 = CARTESIAN_POINT('',(0.32,-4.76,3.49));
#7142 = DIRECTION('',(0.,-1.,0.));
#7143 = DIRECTION('',(-1.,0.,0.));
#7144 = ADVANCED_FACE('',(#7145),#7156,.T.);
#7145 = FACE_BOUND('',#7146,.T.);
#7146 = EDGE_LOOP('',(#7147,#7148,#7154,#7155));
#7147 = ORIENTED_EDGE('',*,*,#4368,.F.);
#7148 = ORIENTED_EDGE('',*,*,#7149,.T.);
#7149 = EDGE_CURVE('',#4361,#4434,#7150,.T.);
#7150 = LINE('',#7151,#7152);
#7151 = CARTESIAN_POINT('',(-0.32,-4.76,-2.84));
#7152 = VECTOR('',#7153,1.);
#7153 = DIRECTION('',(0.,-1.,0.));
#7154 = ORIENTED_EDGE('',*,*,#4441,.T.);
#7155 = ORIENTED_EDGE('',*,*,#7131,.F.);
#7156 = PLANE('',#7157);
#7157 = AXIS2_PLACEMENT_3D('',#7158,#7159,#7160);
#7158 = CARTESIAN_POINT('',(-0.32,-4.76,-3.));
#7159 = DIRECTION('',(-1.,0.,0.));
#7160 = DIRECTION('',(0.,0.,1.));
#7161 = ADVANCED_FACE('',(#7162),#7187,.T.);
#7162 = FACE_BOUND('',#7163,.F.);
#7163 = EDGE_LOOP('',(#7164,#7172,#7173,#7181));
#7164 = ORIENTED_EDGE('',*,*,#7165,.T.);
#7165 = EDGE_CURVE('',#7166,#4353,#7168,.T.);
#7166 = VERTEX_POINT('',#7167);
#7167 = CARTESIAN_POINT('',(0.16,-4.92,-3.));
#7168 = LINE('',#7169,#7170);
#7169 = CARTESIAN_POINT('',(0.266666666667,-4.813333333333,
    -2.893333333333));
#7170 = VECTOR('',#7171,1.);
#7171 = DIRECTION('',(0.57735026919,0.57735026919,0.57735026919));
#7172 = ORIENTED_EDGE('',*,*,#4360,.T.);
#7173 = ORIENTED_EDGE('',*,*,#7174,.T.);
#7174 = EDGE_CURVE('',#4361,#7175,#7177,.T.);
#7175 = VERTEX_POINT('',#7176);
#7176 = CARTESIAN_POINT('',(-0.16,-4.92,-3.));
#7177 = LINE('',#7178,#7179);
#7178 = CARTESIAN_POINT('',(-0.16,-4.92,-3.));
#7179 = VECTOR('',#7180,1.);
#7180 = DIRECTION('',(0.57735026919,-0.57735026919,-0.57735026919));
#7181 = ORIENTED_EDGE('',*,*,#7182,.F.);
#7182 = EDGE_CURVE('',#7166,#7175,#7183,.T.);
#7183 = LINE('',#7184,#7185);
#7184 = CARTESIAN_POINT('',(0.32,-4.92,-3.));
#7185 = VECTOR('',#7186,1.);
#7186 = DIRECTION('',(-1.,0.,0.));
#7187 = PLANE('',#7188);
#7188 = AXIS2_PLACEMENT_3D('',#7189,#7190,#7191);
#7189 = CARTESIAN_POINT('',(0.32,-4.84,-2.92));
#7190 = DIRECTION('',(-1.735167508357E-18,0.707106781187,-0.707106781187
    ));
#7191 = DIRECTION('',(1.,1.226948711654E-18,-1.226948711654E-18));
#7192 = ADVANCED_FACE('',(#7193),#7204,.T.);
#7193 = FACE_BOUND('',#7194,.T.);
#7194 = EDGE_LOOP('',(#7195,#7196,#7197,#7198));
#7195 = ORIENTED_EDGE('',*,*,#4352,.F.);
#7196 = ORIENTED_EDGE('',*,*,#4392,.T.);
#7197 = ORIENTED_EDGE('',*,*,#4425,.T.);
#7198 = ORIENTED_EDGE('',*,*,#7199,.F.);
#7199 = EDGE_CURVE('',#4353,#4426,#7200,.T.);
#7200 = LINE('',#7201,#7202);
#7201 = CARTESIAN_POINT('',(0.32,-4.76,-2.84));
#7202 = VECTOR('',#7203,1.);
#7203 = DIRECTION('',(0.,-1.,0.));
#7204 = PLANE('',#7205);
#7205 = AXIS2_PLACEMENT_3D('',#7206,#7207,#7208);
#7206 = CARTESIAN_POINT('',(0.32,-4.76,3.49));
#7207 = DIRECTION('',(1.,0.,0.));
#7208 = DIRECTION('',(0.,0.,-1.));
#7209 = ADVANCED_FACE('',(#7210),#7235,.F.);
#7210 = FACE_BOUND('',#7211,.F.);
#7211 = EDGE_LOOP('',(#7212,#7220,#7228,#7234));
#7212 = ORIENTED_EDGE('',*,*,#7213,.F.);
#7213 = EDGE_CURVE('',#7214,#4426,#7216,.T.);
#7214 = VERTEX_POINT('',#7215);
#7215 = CARTESIAN_POINT('',(0.16,-5.24,-3.));
#7216 = LINE('',#7217,#7218);
#7217 = CARTESIAN_POINT('',(0.16,-5.24,-3.));
#7218 = VECTOR('',#7219,1.);
#7219 = DIRECTION('',(0.57735026919,-0.57735026919,0.57735026919));
#7220 = ORIENTED_EDGE('',*,*,#7221,.T.);
#7221 = EDGE_CURVE('',#7214,#7222,#7224,.T.);
#7222 = VERTEX_POINT('',#7223);
#7223 = CARTESIAN_POINT('',(-0.16,-5.24,-3.));
#7224 = LINE('',#7225,#7226);
#7225 = CARTESIAN_POINT('',(0.32,-5.24,-3.));
#7226 = VECTOR('',#7227,1.);
#7227 = DIRECTION('',(-1.,0.,0.));
#7228 = ORIENTED_EDGE('',*,*,#7229,.T.);
#7229 = EDGE_CURVE('',#7222,#4434,#7230,.T.);
#7230 = LINE('',#7231,#7232);
#7231 = CARTESIAN_POINT('',(-5.333333333333E-02,-5.133333333333,
    -3.106666666667));
#7232 = VECTOR('',#7233,1.);
#7233 = DIRECTION('',(-0.57735026919,-0.57735026919,0.57735026919));
#7234 = ORIENTED_EDGE('',*,*,#4433,.F.);
#7235 = PLANE('',#7236);
#7236 = AXIS2_PLACEMENT_3D('',#7237,#7238,#7239);
#7237 = CARTESIAN_POINT('',(0.32,-5.32,-2.92));
#7238 = DIRECTION('',(1.735167508357E-18,0.707106781187,0.707106781187)
  );
#7239 = DIRECTION('',(-1.,1.226948711654E-18,1.226948711654E-18));
#7240 = ADVANCED_FACE('',(#7241),#7252,.T.);
#7241 = FACE_BOUND('',#7242,.T.);
#7242 = EDGE_LOOP('',(#7243,#7244,#7245,#7246));
#7243 = ORIENTED_EDGE('',*,*,#4588,.F.);
#7244 = ORIENTED_EDGE('',*,*,#4489,.T.);
#7245 = ORIENTED_EDGE('',*,*,#4522,.T.);
#7246 = ORIENTED_EDGE('',*,*,#7247,.F.);
#7247 = EDGE_CURVE('',#4589,#4523,#7248,.T.);
#7248 = LINE('',#7249,#7250);
#7249 = CARTESIAN_POINT('',(0.32,-12.38,-2.84));
#7250 = VECTOR('',#7251,1.);
#7251 = DIRECTION('',(0.,-1.,0.));
#7252 = PLANE('',#7253);
#7253 = AXIS2_PLACEMENT_3D('',#7254,#7255,#7256);
#7254 = CARTESIAN_POINT('',(0.32,-12.38,3.49));
#7255 = DIRECTION('',(1.,0.,0.));
#7256 = DIRECTION('',(0.,0.,-1.));
#7257 = ADVANCED_FACE('',(#7258),#7269,.T.);
#7258 = FACE_BOUND('',#7259,.T.);
#7259 = EDGE_LOOP('',(#7260,#7266,#7267,#7268));
#7260 = ORIENTED_EDGE('',*,*,#7261,.T.);
#7261 = EDGE_CURVE('',#4577,#4504,#7262,.T.);
#7262 = LINE('',#7263,#7264);
#7263 = CARTESIAN_POINT('',(-0.32,-12.38,3.49));
#7264 = VECTOR('',#7265,1.);
#7265 = DIRECTION('',(0.,-1.,0.));
#7266 = ORIENTED_EDGE('',*,*,#4503,.T.);
#7267 = ORIENTED_EDGE('',*,*,#4560,.F.);
#7268 = ORIENTED_EDGE('',*,*,#4576,.F.);
#7269 = CYLINDRICAL_SURFACE('',#7270,0.64);
#7270 = AXIS2_PLACEMENT_3D('',#7271,#7272,#7273);
#7271 = CARTESIAN_POINT('',(0.32,-12.38,3.49));
#7272 = DIRECTION('',(0.,-1.,0.));
#7273 = DIRECTION('',(-1.,0.,0.));
#7274 = ADVANCED_FACE('',(#7275),#7286,.T.);
#7275 = FACE_BOUND('',#7276,.T.);
#7276 = EDGE_LOOP('',(#7277,#7278,#7284,#7285));
#7277 = ORIENTED_EDGE('',*,*,#4604,.F.);
#7278 = ORIENTED_EDGE('',*,*,#7279,.T.);
#7279 = EDGE_CURVE('',#4597,#4531,#7280,.T.);
#7280 = LINE('',#7281,#7282);
#7281 = CARTESIAN_POINT('',(-0.32,-12.38,-2.84));
#7282 = VECTOR('',#7283,1.);
#7283 = DIRECTION('',(0.,-1.,0.));
#7284 = ORIENTED_EDGE('',*,*,#4538,.T.);
#7285 = ORIENTED_EDGE('',*,*,#7261,.F.);
#7286 = PLANE('',#7287);
#7287 = AXIS2_PLACEMENT_3D('',#7288,#7289,#7290);
#7288 = CARTESIAN_POINT('',(-0.32,-12.38,-3.));
#7289 = DIRECTION('',(-1.,0.,0.));
#7290 = DIRECTION('',(0.,0.,1.));
#7291 = ADVANCED_FACE('',(#7292),#7317,.F.);
#7292 = FACE_BOUND('',#7293,.F.);
#7293 = EDGE_LOOP('',(#7294,#7302,#7310,#7316));
#7294 = ORIENTED_EDGE('',*,*,#7295,.F.);
#7295 = EDGE_CURVE('',#7296,#4523,#7298,.T.);
#7296 = VERTEX_POINT('',#7297);
#7297 = CARTESIAN_POINT('',(0.16,-12.86,-3.));
#7298 = LINE('',#7299,#7300);
#7299 = CARTESIAN_POINT('',(0.16,-12.86,-3.));
#7300 = VECTOR('',#7301,1.);
#7301 = DIRECTION('',(0.57735026919,-0.57735026919,0.57735026919));
#7302 = ORIENTED_EDGE('',*,*,#7303,.T.);
#7303 = EDGE_CURVE('',#7296,#7304,#7306,.T.);
#7304 = VERTEX_POINT('',#7305);
#7305 = CARTESIAN_POINT('',(-0.16,-12.86,-3.));
#7306 = LINE('',#7307,#7308);
#7307 = CARTESIAN_POINT('',(0.32,-12.86,-3.));
#7308 = VECTOR('',#7309,1.);
#7309 = DIRECTION('',(-1.,0.,0.));
#7310 = ORIENTED_EDGE('',*,*,#7311,.T.);
#7311 = EDGE_CURVE('',#7304,#4531,#7312,.T.);
#7312 = LINE('',#7313,#7314);
#7313 = CARTESIAN_POINT('',(-5.333333333333E-02,-12.75333333333,
    -3.106666666667));
#7314 = VECTOR('',#7315,1.);
#7315 = DIRECTION('',(-0.57735026919,-0.57735026919,0.57735026919));
#7316 = ORIENTED_EDGE('',*,*,#4530,.F.);
#7317 = PLANE('',#7318);
#7318 = AXIS2_PLACEMENT_3D('',#7319,#7320,#7321);
#7319 = CARTESIAN_POINT('',(0.32,-12.94,-2.92));
#7320 = DIRECTION('',(1.735167508357E-18,0.707106781187,0.707106781187)
  );
#7321 = DIRECTION('',(-1.,1.226948711654E-18,1.226948711654E-18));
#7322 = ADVANCED_FACE('',(#7323),#7348,.T.);
#7323 = FACE_BOUND('',#7324,.F.);
#7324 = EDGE_LOOP('',(#7325,#7333,#7334,#7342));
#7325 = ORIENTED_EDGE('',*,*,#7326,.T.);
#7326 = EDGE_CURVE('',#7327,#4589,#7329,.T.);
#7327 = VERTEX_POINT('',#7328);
#7328 = CARTESIAN_POINT('',(0.16,-12.54,-3.));
#7329 = LINE('',#7330,#7331);
#7330 = CARTESIAN_POINT('',(0.266666666667,-12.43333333333,
    -2.893333333333));
#7331 = VECTOR('',#7332,1.);
#7332 = DIRECTION('',(0.57735026919,0.57735026919,0.57735026919));
#7333 = ORIENTED_EDGE('',*,*,#4596,.T.);
#7334 = ORIENTED_EDGE('',*,*,#7335,.T.);
#7335 = EDGE_CURVE('',#4597,#7336,#7338,.T.);
#7336 = VERTEX_POINT('',#7337);
#7337 = CARTESIAN_POINT('',(-0.16,-12.54,-3.));
#7338 = LINE('',#7339,#7340);
#7339 = CARTESIAN_POINT('',(-0.16,-12.54,-3.));
#7340 = VECTOR('',#7341,1.);
#7341 = DIRECTION('',(0.57735026919,-0.57735026919,-0.57735026919));
#7342 = ORIENTED_EDGE('',*,*,#7343,.F.);
#7343 = EDGE_CURVE('',#7327,#7336,#7344,.T.);
#7344 = LINE('',#7345,#7346);
#7345 = CARTESIAN_POINT('',(0.32,-12.54,-3.));
#7346 = VECTOR('',#7347,1.);
#7347 = DIRECTION('',(-1.,0.,0.));
#7348 = PLANE('',#7349);
#7349 = AXIS2_PLACEMENT_3D('',#7350,#7351,#7352);
#7350 = CARTESIAN_POINT('',(0.32,-12.46,-2.92));
#7351 = DIRECTION('',(-1.735167508357E-18,0.707106781187,-0.707106781187
    ));
#7352 = DIRECTION('',(1.,1.226948711654E-18,-1.226948711654E-18));
#7353 = ADVANCED_FACE('',(#7354),#7365,.T.);
#7354 = FACE_BOUND('',#7355,.T.);
#7355 = EDGE_LOOP('',(#7356,#7362,#7363,#7364));
#7356 = ORIENTED_EDGE('',*,*,#7357,.T.);
#7357 = EDGE_CURVE('',#4650,#4723,#7358,.T.);
#7358 = LINE('',#7359,#7360);
#7359 = CARTESIAN_POINT('',(2.22,-9.84,0.95));
#7360 = VECTOR('',#7361,1.);
#7361 = DIRECTION('',(0.,-1.,0.));
#7362 = ORIENTED_EDGE('',*,*,#4722,.T.);
#7363 = ORIENTED_EDGE('',*,*,#4626,.F.);
#7364 = ORIENTED_EDGE('',*,*,#4649,.F.);
#7365 = CYLINDRICAL_SURFACE('',#7366,0.64);
#7366 = AXIS2_PLACEMENT_3D('',#7367,#7368,#7369);
#7367 = CARTESIAN_POINT('',(2.86,-9.84,0.95));
#7368 = DIRECTION('',(0.,-1.,0.));
#7369 = DIRECTION('',(-1.,0.,0.));
#7370 = ADVANCED_FACE('',(#7371),#7382,.T.);
#7371 = FACE_BOUND('',#7372,.T.);
#7372 = EDGE_LOOP('',(#7373,#7374,#7380,#7381));
#7373 = ORIENTED_EDGE('',*,*,#4684,.F.);
#7374 = ORIENTED_EDGE('',*,*,#7375,.T.);
#7375 = EDGE_CURVE('',#4677,#4743,#7376,.T.);
#7376 = LINE('',#7377,#7378);
#7377 = CARTESIAN_POINT('',(2.22,-9.84,-2.84));
#7378 = VECTOR('',#7379,1.);
#7379 = DIRECTION('',(0.,-1.,0.));
#7380 = ORIENTED_EDGE('',*,*,#4750,.T.);
#7381 = ORIENTED_EDGE('',*,*,#7357,.F.);
#7382 = PLANE('',#7383);
#7383 = AXIS2_PLACEMENT_3D('',#7384,#7385,#7386);
#7384 = CARTESIAN_POINT('',(2.22,-9.84,-3.));
#7385 = DIRECTION('',(-1.,0.,0.));
#7386 = DIRECTION('',(0.,0.,1.));
#7387 = ADVANCED_FACE('',(#7388),#7413,.T.);
#7388 = FACE_BOUND('',#7389,.F.);
#7389 = EDGE_LOOP('',(#7390,#7398,#7399,#7407));
#7390 = ORIENTED_EDGE('',*,*,#7391,.T.);
#7391 = EDGE_CURVE('',#7392,#4669,#7394,.T.);
#7392 = VERTEX_POINT('',#7393);
#7393 = CARTESIAN_POINT('',(2.7,-10.,-3.));
#7394 = LINE('',#7395,#7396);
#7395 = CARTESIAN_POINT('',(2.806666666667,-9.893333333333,
    -2.893333333333));
#7396 = VECTOR('',#7397,1.);
#7397 = DIRECTION('',(0.57735026919,0.57735026919,0.57735026919));
#7398 = ORIENTED_EDGE('',*,*,#4676,.T.);
#7399 = ORIENTED_EDGE('',*,*,#7400,.T.);
#7400 = EDGE_CURVE('',#4677,#7401,#7403,.T.);
#7401 = VERTEX_POINT('',#7402);
#7402 = CARTESIAN_POINT('',(2.38,-10.,-3.));
#7403 = LINE('',#7404,#7405);
#7404 = CARTESIAN_POINT('',(2.38,-10.,-3.));
#7405 = VECTOR('',#7406,1.);
#7406 = DIRECTION('',(0.57735026919,-0.57735026919,-0.57735026919));
#7407 = ORIENTED_EDGE('',*,*,#7408,.F.);
#7408 = EDGE_CURVE('',#7392,#7401,#7409,.T.);
#7409 = LINE('',#7410,#7411);
#7410 = CARTESIAN_POINT('',(2.86,-10.,-3.));
#7411 = VECTOR('',#7412,1.);
#7412 = DIRECTION('',(-1.,0.,0.));
#7413 = PLANE('',#7414);
#7414 = AXIS2_PLACEMENT_3D('',#7415,#7416,#7417);
#7415 = CARTESIAN_POINT('',(2.86,-9.92,-2.92));
#7416 = DIRECTION('',(-1.735167508357E-18,0.707106781187,-0.707106781187
    ));
#7417 = DIRECTION('',(1.,1.226948711654E-18,-1.226948711654E-18));
#7418 = ADVANCED_FACE('',(#7419),#7430,.T.);
#7419 = FACE_BOUND('',#7420,.T.);
#7420 = EDGE_LOOP('',(#7421,#7422,#7423,#7424));
#7421 = ORIENTED_EDGE('',*,*,#4668,.F.);
#7422 = ORIENTED_EDGE('',*,*,#4708,.T.);
#7423 = ORIENTED_EDGE('',*,*,#4734,.T.);
#7424 = ORIENTED_EDGE('',*,*,#7425,.F.);
#7425 = EDGE_CURVE('',#4669,#4735,#7426,.T.);
#7426 = LINE('',#7427,#7428);
#7427 = CARTESIAN_POINT('',(2.86,-9.84,-2.84));
#7428 = VECTOR('',#7429,1.);
#7429 = DIRECTION('',(0.,-1.,0.));
#7430 = PLANE('',#7431);
#7431 = AXIS2_PLACEMENT_3D('',#7432,#7433,#7434);
#7432 = CARTESIAN_POINT('',(2.86,-9.84,0.95));
#7433 = DIRECTION('',(1.,0.,0.));
#7434 = DIRECTION('',(0.,0.,-1.));
#7435 = ADVANCED_FACE('',(#7436),#7461,.F.);
#7436 = FACE_BOUND('',#7437,.F.);
#7437 = EDGE_LOOP('',(#7438,#7446,#7454,#7460));
#7438 = ORIENTED_EDGE('',*,*,#7439,.F.);
#7439 = EDGE_CURVE('',#7440,#4735,#7442,.T.);
#7440 = VERTEX_POINT('',#7441);
#7441 = CARTESIAN_POINT('',(2.7,-10.32,-3.));
#7442 = LINE('',#7443,#7444);
#7443 = CARTESIAN_POINT('',(2.7,-10.32,-3.));
#7444 = VECTOR('',#7445,1.);
#7445 = DIRECTION('',(0.57735026919,-0.57735026919,0.57735026919));
#7446 = ORIENTED_EDGE('',*,*,#7447,.T.);
#7447 = EDGE_CURVE('',#7440,#7448,#7450,.T.);
#7448 = VERTEX_POINT('',#7449);
#7449 = CARTESIAN_POINT('',(2.38,-10.32,-3.));
#7450 = LINE('',#7451,#7452);
#7451 = CARTESIAN_POINT('',(2.86,-10.32,-3.));
#7452 = VECTOR('',#7453,1.);
#7453 = DIRECTION('',(-1.,0.,0.));
#7454 = ORIENTED_EDGE('',*,*,#7455,.T.);
#7455 = EDGE_CURVE('',#7448,#4743,#7456,.T.);
#7456 = LINE('',#7457,#7458);
#7457 = CARTESIAN_POINT('',(2.486666666667,-10.21333333333,
    -3.106666666667));
#7458 = VECTOR('',#7459,1.);
#7459 = DIRECTION('',(-0.57735026919,-0.57735026919,0.57735026919));
#7460 = ORIENTED_EDGE('',*,*,#4742,.F.);
#7461 = PLANE('',#7462);
#7462 = AXIS2_PLACEMENT_3D('',#7463,#7464,#7465);
#7463 = CARTESIAN_POINT('',(2.86,-10.4,-2.92));
#7464 = DIRECTION('',(1.735167508357E-18,0.707106781187,0.707106781187)
  );
#7465 = DIRECTION('',(-1.,1.226948711654E-18,1.226948711654E-18));
#7466 = ADVANCED_FACE('',(#7467),#7478,.T.);
#7467 = FACE_BOUND('',#7468,.T.);
#7468 = EDGE_LOOP('',(#7469,#7475,#7476,#7477));
#7469 = ORIENTED_EDGE('',*,*,#7470,.T.);
#7470 = EDGE_CURVE('',#4796,#4869,#7471,.T.);
#7471 = LINE('',#7472,#7473);
#7472 = CARTESIAN_POINT('',(2.22,-7.3,0.95));
#7473 = VECTOR('',#7474,1.);
#7474 = DIRECTION('',(0.,-1.,0.));
#7475 = ORIENTED_EDGE('',*,*,#4868,.T.);
#7476 = ORIENTED_EDGE('',*,*,#4772,.F.);
#7477 = ORIENTED_EDGE('',*,*,#4795,.F.);
#7478 = CYLINDRICAL_SURFACE('',#7479,0.64);
#7479 = AXIS2_PLACEMENT_3D('',#7480,#7481,#7482);
#7480 = CARTESIAN_POINT('',(2.86,-7.3,0.95));
#7481 = DIRECTION('',(0.,-1.,0.));
#7482 = DIRECTION('',(-1.,0.,0.));
#7483 = ADVANCED_FACE('',(#7484),#7495,.T.);
#7484 = FACE_BOUND('',#7485,.T.);
#7485 = EDGE_LOOP('',(#7486,#7487,#7493,#7494));
#7486 = ORIENTED_EDGE('',*,*,#4830,.F.);
#7487 = ORIENTED_EDGE('',*,*,#7488,.T.);
#7488 = EDGE_CURVE('',#4823,#4889,#7489,.T.);
#7489 = LINE('',#7490,#7491);
#7490 = CARTESIAN_POINT('',(2.22,-7.3,-2.84));
#7491 = VECTOR('',#7492,1.);
#7492 = DIRECTION('',(0.,-1.,0.));
#7493 = ORIENTED_EDGE('',*,*,#4896,.T.);
#7494 = ORIENTED_EDGE('',*,*,#7470,.F.);
#7495 = PLANE('',#7496);
#7496 = AXIS2_PLACEMENT_3D('',#7497,#7498,#7499);
#7497 = CARTESIAN_POINT('',(2.22,-7.3,-3.));
#7498 = DIRECTION('',(-1.,0.,0.));
#7499 = DIRECTION('',(0.,0.,1.));
#7500 = ADVANCED_FACE('',(#7501),#7526,.T.);
#7501 = FACE_BOUND('',#7502,.F.);
#7502 = EDGE_LOOP('',(#7503,#7511,#7512,#7520));
#7503 = ORIENTED_EDGE('',*,*,#7504,.T.);
#7504 = EDGE_CURVE('',#7505,#4815,#7507,.T.);
#7505 = VERTEX_POINT('',#7506);
#7506 = CARTESIAN_POINT('',(2.7,-7.46,-3.));
#7507 = LINE('',#7508,#7509);
#7508 = CARTESIAN_POINT('',(2.806666666667,-7.353333333333,
    -2.893333333333));
#7509 = VECTOR('',#7510,1.);
#7510 = DIRECTION('',(0.57735026919,0.57735026919,0.57735026919));
#7511 = ORIENTED_EDGE('',*,*,#4822,.T.);
#7512 = ORIENTED_EDGE('',*,*,#7513,.T.);
#7513 = EDGE_CURVE('',#4823,#7514,#7516,.T.);
#7514 = VERTEX_POINT('',#7515);
#7515 = CARTESIAN_POINT('',(2.38,-7.46,-3.));
#7516 = LINE('',#7517,#7518);
#7517 = CARTESIAN_POINT('',(2.38,-7.46,-3.));
#7518 = VECTOR('',#7519,1.);
#7519 = DIRECTION('',(0.57735026919,-0.57735026919,-0.57735026919));
#7520 = ORIENTED_EDGE('',*,*,#7521,.F.);
#7521 = EDGE_CURVE('',#7505,#7514,#7522,.T.);
#7522 = LINE('',#7523,#7524);
#7523 = CARTESIAN_POINT('',(2.86,-7.46,-3.));
#7524 = VECTOR('',#7525,1.);
#7525 = DIRECTION('',(-1.,0.,0.));
#7526 = PLANE('',#7527);
#7527 = AXIS2_PLACEMENT_3D('',#7528,#7529,#7530);
#7528 = CARTESIAN_POINT('',(2.86,-7.38,-2.92));
#7529 = DIRECTION('',(-1.735167508357E-18,0.707106781187,-0.707106781187
    ));
#7530 = DIRECTION('',(1.,1.226948711654E-18,-1.226948711654E-18));
#7531 = ADVANCED_FACE('',(#7532),#7543,.T.);
#7532 = FACE_BOUND('',#7533,.T.);
#7533 = EDGE_LOOP('',(#7534,#7535,#7536,#7537));
#7534 = ORIENTED_EDGE('',*,*,#4814,.F.);
#7535 = ORIENTED_EDGE('',*,*,#4854,.T.);
#7536 = ORIENTED_EDGE('',*,*,#4880,.T.);
#7537 = ORIENTED_EDGE('',*,*,#7538,.F.);
#7538 = EDGE_CURVE('',#4815,#4881,#7539,.T.);
#7539 = LINE('',#7540,#7541);
#7540 = CARTESIAN_POINT('',(2.86,-7.3,-2.84));
#7541 = VECTOR('',#7542,1.);
#7542 = DIRECTION('',(0.,-1.,0.));
#7543 = PLANE('',#7544);
#7544 = AXIS2_PLACEMENT_3D('',#7545,#7546,#7547);
#7545 = CARTESIAN_POINT('',(2.86,-7.3,0.95));
#7546 = DIRECTION('',(1.,0.,0.));
#7547 = DIRECTION('',(0.,0.,-1.));
#7548 = ADVANCED_FACE('',(#7549),#7574,.F.);
#7549 = FACE_BOUND('',#7550,.F.);
#7550 = EDGE_LOOP('',(#7551,#7559,#7567,#7573));
#7551 = ORIENTED_EDGE('',*,*,#7552,.F.);
#7552 = EDGE_CURVE('',#7553,#4881,#7555,.T.);
#7553 = VERTEX_POINT('',#7554);
#7554 = CARTESIAN_POINT('',(2.7,-7.78,-3.));
#7555 = LINE('',#7556,#7557);
#7556 = CARTESIAN_POINT('',(2.7,-7.78,-3.));
#7557 = VECTOR('',#7558,1.);
#7558 = DIRECTION('',(0.57735026919,-0.57735026919,0.57735026919));
#7559 = ORIENTED_EDGE('',*,*,#7560,.T.);
#7560 = EDGE_CURVE('',#7553,#7561,#7563,.T.);
#7561 = VERTEX_POINT('',#7562);
#7562 = CARTESIAN_POINT('',(2.38,-7.78,-3.));
#7563 = LINE('',#7564,#7565);
#7564 = CARTESIAN_POINT('',(2.86,-7.78,-3.));
#7565 = VECTOR('',#7566,1.);
#7566 = DIRECTION('',(-1.,0.,0.));
#7567 = ORIENTED_EDGE('',*,*,#7568,.T.);
#7568 = EDGE_CURVE('',#7561,#4889,#7569,.T.);
#7569 = LINE('',#7570,#7571);
#7570 = CARTESIAN_POINT('',(2.486666666667,-7.673333333333,
    -3.106666666667));
#7571 = VECTOR('',#7572,1.);
#7572 = DIRECTION('',(-0.57735026919,-0.57735026919,0.57735026919));
#7573 = ORIENTED_EDGE('',*,*,#4888,.F.);
#7574 = PLANE('',#7575);
#7575 = AXIS2_PLACEMENT_3D('',#7576,#7577,#7578);
#7576 = CARTESIAN_POINT('',(2.86,-7.86,-2.92));
#7577 = DIRECTION('',(1.735167508357E-18,0.707106781187,0.707106781187)
  );
#7578 = DIRECTION('',(-1.,1.226948711654E-18,1.226948711654E-18));
#7579 = ADVANCED_FACE('',(#7580),#7591,.T.);
#7580 = FACE_BOUND('',#7581,.T.);
#7581 = EDGE_LOOP('',(#7582,#7588,#7589,#7590));
#7582 = ORIENTED_EDGE('',*,*,#7583,.T.);
#7583 = EDGE_CURVE('',#4942,#5015,#7584,.T.);
#7584 = LINE('',#7585,#7586);
#7585 = CARTESIAN_POINT('',(2.22,-2.22,0.95));
#7586 = VECTOR('',#7587,1.);
#7587 = DIRECTION('',(0.,-1.,0.));
#7588 = ORIENTED_EDGE('',*,*,#5014,.T.);
#7589 = ORIENTED_EDGE('',*,*,#4918,.F.);
#7590 = ORIENTED_EDGE('',*,*,#4941,.F.);
#7591 = CYLINDRICAL_SURFACE('',#7592,0.64);
#7592 = AXIS2_PLACEMENT_3D('',#7593,#7594,#7595);
#7593 = CARTESIAN_POINT('',(2.86,-2.22,0.95));
#7594 = DIRECTION('',(0.,-1.,0.));
#7595 = DIRECTION('',(-1.,0.,0.));
#7596 = ADVANCED_FACE('',(#7597),#7608,.T.);
#7597 = FACE_BOUND('',#7598,.T.);
#7598 = EDGE_LOOP('',(#7599,#7600,#7606,#7607));
#7599 = ORIENTED_EDGE('',*,*,#4976,.F.);
#7600 = ORIENTED_EDGE('',*,*,#7601,.T.);
#7601 = EDGE_CURVE('',#4969,#5035,#7602,.T.);
#7602 = LINE('',#7603,#7604);
#7603 = CARTESIAN_POINT('',(2.22,-2.22,-2.84));
#7604 = VECTOR('',#7605,1.);
#7605 = DIRECTION('',(0.,-1.,0.));
#7606 = ORIENTED_EDGE('',*,*,#5042,.T.);
#7607 = ORIENTED_EDGE('',*,*,#7583,.F.);
#7608 = PLANE('',#7609);
#7609 = AXIS2_PLACEMENT_3D('',#7610,#7611,#7612);
#7610 = CARTESIAN_POINT('',(2.22,-2.22,-3.));
#7611 = DIRECTION('',(-1.,0.,0.));
#7612 = DIRECTION('',(0.,0.,1.));
#7613 = ADVANCED_FACE('',(#7614),#7639,.T.);
#7614 = FACE_BOUND('',#7615,.F.);
#7615 = EDGE_LOOP('',(#7616,#7624,#7625,#7633));
#7616 = ORIENTED_EDGE('',*,*,#7617,.T.);
#7617 = EDGE_CURVE('',#7618,#4961,#7620,.T.);
#7618 = VERTEX_POINT('',#7619);
#7619 = CARTESIAN_POINT('',(2.7,-2.38,-3.));
#7620 = LINE('',#7621,#7622);
#7621 = CARTESIAN_POINT('',(2.806666666667,-2.273333333333,
    -2.893333333333));
#7622 = VECTOR('',#7623,1.);
#7623 = DIRECTION('',(0.57735026919,0.57735026919,0.57735026919));
#7624 = ORIENTED_EDGE('',*,*,#4968,.T.);
#7625 = ORIENTED_EDGE('',*,*,#7626,.T.);
#7626 = EDGE_CURVE('',#4969,#7627,#7629,.T.);
#7627 = VERTEX_POINT('',#7628);
#7628 = CARTESIAN_POINT('',(2.38,-2.38,-3.));
#7629 = LINE('',#7630,#7631);
#7630 = CARTESIAN_POINT('',(2.38,-2.38,-3.));
#7631 = VECTOR('',#7632,1.);
#7632 = DIRECTION('',(0.57735026919,-0.57735026919,-0.57735026919));
#7633 = ORIENTED_EDGE('',*,*,#7634,.F.);
#7634 = EDGE_CURVE('',#7618,#7627,#7635,.T.);
#7635 = LINE('',#7636,#7637);
#7636 = CARTESIAN_POINT('',(2.86,-2.38,-3.));
#7637 = VECTOR('',#7638,1.);
#7638 = DIRECTION('',(-1.,0.,0.));
#7639 = PLANE('',#7640);
#7640 = AXIS2_PLACEMENT_3D('',#7641,#7642,#7643);
#7641 = CARTESIAN_POINT('',(2.86,-2.3,-2.92));
#7642 = DIRECTION('',(-1.735167508357E-18,0.707106781187,-0.707106781187
    ));
#7643 = DIRECTION('',(1.,1.226948711654E-18,-1.226948711654E-18));
#7644 = ADVANCED_FACE('',(#7645),#7656,.T.);
#7645 = FACE_BOUND('',#7646,.T.);
#7646 = EDGE_LOOP('',(#7647,#7648,#7649,#7650));
#7647 = ORIENTED_EDGE('',*,*,#4960,.F.);
#7648 = ORIENTED_EDGE('',*,*,#5000,.T.);
#7649 = ORIENTED_EDGE('',*,*,#5026,.T.);
#7650 = ORIENTED_EDGE('',*,*,#7651,.F.);
#7651 = EDGE_CURVE('',#4961,#5027,#7652,.T.);
#7652 = LINE('',#7653,#7654);
#7653 = CARTESIAN_POINT('',(2.86,-2.22,-2.84));
#7654 = VECTOR('',#7655,1.);
#7655 = DIRECTION('',(0.,-1.,0.));
#7656 = PLANE('',#7657);
#7657 = AXIS2_PLACEMENT_3D('',#7658,#7659,#7660);
#7658 = CARTESIAN_POINT('',(2.86,-2.22,0.95));
#7659 = DIRECTION('',(1.,0.,0.));
#7660 = DIRECTION('',(0.,0.,-1.));
#7661 = ADVANCED_FACE('',(#7662),#7687,.F.);
#7662 = FACE_BOUND('',#7663,.F.);
#7663 = EDGE_LOOP('',(#7664,#7672,#7680,#7686));
#7664 = ORIENTED_EDGE('',*,*,#7665,.F.);
#7665 = EDGE_CURVE('',#7666,#5027,#7668,.T.);
#7666 = VERTEX_POINT('',#7667);
#7667 = CARTESIAN_POINT('',(2.7,-2.7,-3.));
#7668 = LINE('',#7669,#7670);
#7669 = CARTESIAN_POINT('',(2.7,-2.7,-3.));
#7670 = VECTOR('',#7671,1.);
#7671 = DIRECTION('',(0.57735026919,-0.57735026919,0.57735026919));
#7672 = ORIENTED_EDGE('',*,*,#7673,.T.);
#7673 = EDGE_CURVE('',#7666,#7674,#7676,.T.);
#7674 = VERTEX_POINT('',#7675);
#7675 = CARTESIAN_POINT('',(2.38,-2.7,-3.));
#7676 = LINE('',#7677,#7678);
#7677 = CARTESIAN_POINT('',(2.86,-2.7,-3.));
#7678 = VECTOR('',#7679,1.);
#7679 = DIRECTION('',(-1.,0.,0.));
#7680 = ORIENTED_EDGE('',*,*,#7681,.T.);
#7681 = EDGE_CURVE('',#7674,#5035,#7682,.T.);
#7682 = LINE('',#7683,#7684);
#7683 = CARTESIAN_POINT('',(2.486666666667,-2.593333333333,
    -3.106666666667));
#7684 = VECTOR('',#7685,1.);
#7685 = DIRECTION('',(-0.57735026919,-0.57735026919,0.57735026919));
#7686 = ORIENTED_EDGE('',*,*,#5034,.F.);
#7687 = PLANE('',#7688);
#7688 = AXIS2_PLACEMENT_3D('',#7689,#7690,#7691);
#7689 = CARTESIAN_POINT('',(2.86,-2.78,-2.92));
#7690 = DIRECTION('',(1.735167508357E-18,0.707106781187,0.707106781187)
  );
#7691 = DIRECTION('',(-1.,1.226948711654E-18,1.226948711654E-18));
#7692 = ADVANCED_FACE('',(#7693),#7704,.T.);
#7693 = FACE_BOUND('',#7694,.T.);
#7694 = EDGE_LOOP('',(#7695,#7701,#7702,#7703));
#7695 = ORIENTED_EDGE('',*,*,#7696,.T.);
#7696 = EDGE_CURVE('',#5057,#5137,#7697,.T.);
#7697 = LINE('',#7698,#7699);
#7698 = CARTESIAN_POINT('',(2.22,-4.76,0.95));
#7699 = VECTOR('',#7700,1.);
#7700 = DIRECTION('',(0.,-1.,0.));
#7701 = ORIENTED_EDGE('',*,*,#5136,.T.);
#7702 = ORIENTED_EDGE('',*,*,#5186,.F.);
#7703 = ORIENTED_EDGE('',*,*,#5056,.F.);
#7704 = CYLINDRICAL_SURFACE('',#7705,0.64);
#7705 = AXIS2_PLACEMENT_3D('',#7706,#7707,#7708);
#7706 = CARTESIAN_POINT('',(2.86,-4.76,0.95));
#7707 = DIRECTION('',(0.,-1.,0.));
#7708 = DIRECTION('',(-1.,0.,0.));
#7709 = ADVANCED_FACE('',(#7710),#7721,.T.);
#7710 = FACE_BOUND('',#7711,.T.);
#7711 = EDGE_LOOP('',(#7712,#7713,#7719,#7720));
#7712 = ORIENTED_EDGE('',*,*,#5098,.F.);
#7713 = ORIENTED_EDGE('',*,*,#7714,.T.);
#7714 = EDGE_CURVE('',#5091,#5164,#7715,.T.);
#7715 = LINE('',#7716,#7717);
#7716 = CARTESIAN_POINT('',(2.22,-4.76,-2.84));
#7717 = VECTOR('',#7718,1.);
#7718 = DIRECTION('',(0.,-1.,0.));
#7719 = ORIENTED_EDGE('',*,*,#5171,.T.);
#7720 = ORIENTED_EDGE('',*,*,#7696,.F.);
#7721 = PLANE('',#7722);
#7722 = AXIS2_PLACEMENT_3D('',#7723,#7724,#7725);
#7723 = CARTESIAN_POINT('',(2.22,-4.76,-3.));
#7724 = DIRECTION('',(-1.,0.,0.));
#7725 = DIRECTION('',(0.,0.,1.));
#7726 = ADVANCED_FACE('',(#7727),#7752,.T.);
#7727 = FACE_BOUND('',#7728,.F.);
#7728 = EDGE_LOOP('',(#7729,#7737,#7738,#7746));
#7729 = ORIENTED_EDGE('',*,*,#7730,.T.);
#7730 = EDGE_CURVE('',#7731,#5083,#7733,.T.);
#7731 = VERTEX_POINT('',#7732);
#7732 = CARTESIAN_POINT('',(2.7,-4.92,-3.));
#7733 = LINE('',#7734,#7735);
#7734 = CARTESIAN_POINT('',(2.806666666667,-4.813333333333,
    -2.893333333333));
#7735 = VECTOR('',#7736,1.);
#7736 = DIRECTION('',(0.57735026919,0.57735026919,0.57735026919));
#7737 = ORIENTED_EDGE('',*,*,#5090,.T.);
#7738 = ORIENTED_EDGE('',*,*,#7739,.T.);
#7739 = EDGE_CURVE('',#5091,#7740,#7742,.T.);
#7740 = VERTEX_POINT('',#7741);
#7741 = CARTESIAN_POINT('',(2.38,-4.92,-3.));
#7742 = LINE('',#7743,#7744);
#7743 = CARTESIAN_POINT('',(2.38,-4.92,-3.));
#7744 = VECTOR('',#7745,1.);
#7745 = DIRECTION('',(0.57735026919,-0.57735026919,-0.57735026919));
#7746 = ORIENTED_EDGE('',*,*,#7747,.F.);
#7747 = EDGE_CURVE('',#7731,#7740,#7748,.T.);
#7748 = LINE('',#7749,#7750);
#7749 = CARTESIAN_POINT('',(2.86,-4.92,-3.));
#7750 = VECTOR('',#7751,1.);
#7751 = DIRECTION('',(-1.,0.,0.));
#7752 = PLANE('',#7753);
#7753 = AXIS2_PLACEMENT_3D('',#7754,#7755,#7756);
#7754 = CARTESIAN_POINT('',(2.86,-4.84,-2.92));
#7755 = DIRECTION('',(-1.735167508357E-18,0.707106781187,-0.707106781187
    ));
#7756 = DIRECTION('',(1.,1.226948711654E-18,-1.226948711654E-18));
#7757 = ADVANCED_FACE('',(#7758),#7769,.T.);
#7758 = FACE_BOUND('',#7759,.T.);
#7759 = EDGE_LOOP('',(#7760,#7761,#7762,#7763));
#7760 = ORIENTED_EDGE('',*,*,#5082,.F.);
#7761 = ORIENTED_EDGE('',*,*,#5122,.T.);
#7762 = ORIENTED_EDGE('',*,*,#5155,.T.);
#7763 = ORIENTED_EDGE('',*,*,#7764,.F.);
#7764 = EDGE_CURVE('',#5083,#5156,#7765,.T.);
#7765 = LINE('',#7766,#7767);
#7766 = CARTESIAN_POINT('',(2.86,-4.76,-2.84));
#7767 = VECTOR('',#7768,1.);
#7768 = DIRECTION('',(0.,-1.,0.));
#7769 = PLANE('',#7770);
#7770 = AXIS2_PLACEMENT_3D('',#7771,#7772,#7773);
#7771 = CARTESIAN_POINT('',(2.86,-4.76,0.95));
#7772 = DIRECTION('',(1.,0.,0.));
#7773 = DIRECTION('',(0.,0.,-1.));
#7774 = ADVANCED_FACE('',(#7775),#7800,.F.);
#7775 = FACE_BOUND('',#7776,.F.);
#7776 = EDGE_LOOP('',(#7777,#7785,#7793,#7799));
#7777 = ORIENTED_EDGE('',*,*,#7778,.F.);
#7778 = EDGE_CURVE('',#7779,#5156,#7781,.T.);
#7779 = VERTEX_POINT('',#7780);
#7780 = CARTESIAN_POINT('',(2.7,-5.24,-3.));
#7781 = LINE('',#7782,#7783);
#7782 = CARTESIAN_POINT('',(2.7,-5.24,-3.));
#7783 = VECTOR('',#7784,1.);
#7784 = DIRECTION('',(0.57735026919,-0.57735026919,0.57735026919));
#7785 = ORIENTED_EDGE('',*,*,#7786,.T.);
#7786 = EDGE_CURVE('',#7779,#7787,#7789,.T.);
#7787 = VERTEX_POINT('',#7788);
#7788 = CARTESIAN_POINT('',(2.38,-5.24,-3.));
#7789 = LINE('',#7790,#7791);
#7790 = CARTESIAN_POINT('',(2.86,-5.24,-3.));
#7791 = VECTOR('',#7792,1.);
#7792 = DIRECTION('',(-1.,0.,0.));
#7793 = ORIENTED_EDGE('',*,*,#7794,.T.);
#7794 = EDGE_CURVE('',#7787,#5164,#7795,.T.);
#7795 = LINE('',#7796,#7797);
#7796 = CARTESIAN_POINT('',(2.486666666667,-5.133333333333,
    -3.106666666667));
#7797 = VECTOR('',#7798,1.);
#7798 = DIRECTION('',(-0.57735026919,-0.57735026919,0.57735026919));
#7799 = ORIENTED_EDGE('',*,*,#5163,.F.);
#7800 = PLANE('',#7801);
#7801 = AXIS2_PLACEMENT_3D('',#7802,#7803,#7804);
#7802 = CARTESIAN_POINT('',(2.86,-5.32,-2.92));
#7803 = DIRECTION('',(1.735167508357E-18,0.707106781187,0.707106781187)
  );
#7804 = DIRECTION('',(-1.,1.226948711654E-18,1.226948711654E-18));
#7805 = ADVANCED_FACE('',(#7806),#7817,.T.);
#7806 = FACE_BOUND('',#7807,.T.);
#7807 = EDGE_LOOP('',(#7808,#7814,#7815,#7816));
#7808 = ORIENTED_EDGE('',*,*,#7809,.T.);
#7809 = EDGE_CURVE('',#5203,#5283,#7810,.T.);
#7810 = LINE('',#7811,#7812);
#7811 = CARTESIAN_POINT('',(2.22,-12.38,0.95));
#7812 = VECTOR('',#7813,1.);
#7813 = DIRECTION('',(0.,-1.,0.));
#7814 = ORIENTED_EDGE('',*,*,#5282,.T.);
#7815 = ORIENTED_EDGE('',*,*,#5332,.F.);
#7816 = ORIENTED_EDGE('',*,*,#5202,.F.);
#7817 = CYLINDRICAL_SURFACE('',#7818,0.64);
#7818 = AXIS2_PLACEMENT_3D('',#7819,#7820,#7821);
#7819 = CARTESIAN_POINT('',(2.86,-12.38,0.95));
#7820 = DIRECTION('',(0.,-1.,0.));
#7821 = DIRECTION('',(-1.,0.,0.));
#7822 = ADVANCED_FACE('',(#7823),#7834,.T.);
#7823 = FACE_BOUND('',#7824,.T.);
#7824 = EDGE_LOOP('',(#7825,#7826,#7832,#7833));
#7825 = ORIENTED_EDGE('',*,*,#5244,.F.);
#7826 = ORIENTED_EDGE('',*,*,#7827,.T.);
#7827 = EDGE_CURVE('',#5237,#5310,#7828,.T.);
#7828 = LINE('',#7829,#7830);
#7829 = CARTESIAN_POINT('',(2.22,-12.38,-2.84));
#7830 = VECTOR('',#7831,1.);
#7831 = DIRECTION('',(0.,-1.,0.));
#7832 = ORIENTED_EDGE('',*,*,#5317,.T.);
#7833 = ORIENTED_EDGE('',*,*,#7809,.F.);
#7834 = PLANE('',#7835);
#7835 = AXIS2_PLACEMENT_3D('',#7836,#7837,#7838);
#7836 = CARTESIAN_POINT('',(2.22,-12.38,-3.));
#7837 = DIRECTION('',(-1.,0.,0.));
#7838 = DIRECTION('',(0.,0.,1.));
#7839 = ADVANCED_FACE('',(#7840),#7865,.T.);
#7840 = FACE_BOUND('',#7841,.F.);
#7841 = EDGE_LOOP('',(#7842,#7850,#7851,#7859));
#7842 = ORIENTED_EDGE('',*,*,#7843,.T.);
#7843 = EDGE_CURVE('',#7844,#5229,#7846,.T.);
#7844 = VERTEX_POINT('',#7845);
#7845 = CARTESIAN_POINT('',(2.7,-12.54,-3.));
#7846 = LINE('',#7847,#7848);
#7847 = CARTESIAN_POINT('',(2.806666666667,-12.43333333333,
    -2.893333333333));
#7848 = VECTOR('',#7849,1.);
#7849 = DIRECTION('',(0.57735026919,0.57735026919,0.57735026919));
#7850 = ORIENTED_EDGE('',*,*,#5236,.T.);
#7851 = ORIENTED_EDGE('',*,*,#7852,.T.);
#7852 = EDGE_CURVE('',#5237,#7853,#7855,.T.);
#7853 = VERTEX_POINT('',#7854);
#7854 = CARTESIAN_POINT('',(2.38,-12.54,-3.));
#7855 = LINE('',#7856,#7857);
#7856 = CARTESIAN_POINT('',(2.38,-12.54,-3.));
#7857 = VECTOR('',#7858,1.);
#7858 = DIRECTION('',(0.57735026919,-0.57735026919,-0.57735026919));
#7859 = ORIENTED_EDGE('',*,*,#7860,.F.);
#7860 = EDGE_CURVE('',#7844,#7853,#7861,.T.);
#7861 = LINE('',#7862,#7863);
#7862 = CARTESIAN_POINT('',(2.86,-12.54,-3.));
#7863 = VECTOR('',#7864,1.);
#7864 = DIRECTION('',(-1.,0.,0.));
#7865 = PLANE('',#7866);
#7866 = AXIS2_PLACEMENT_3D('',#7867,#7868,#7869);
#7867 = CARTESIAN_POINT('',(2.86,-12.46,-2.92));
#7868 = DIRECTION('',(-1.735167508357E-18,0.707106781187,-0.707106781187
    ));
#7869 = DIRECTION('',(1.,1.226948711654E-18,-1.226948711654E-18));
#7870 = ADVANCED_FACE('',(#7871),#7882,.T.);
#7871 = FACE_BOUND('',#7872,.T.);
#7872 = EDGE_LOOP('',(#7873,#7874,#7875,#7876));
#7873 = ORIENTED_EDGE('',*,*,#5228,.F.);
#7874 = ORIENTED_EDGE('',*,*,#5268,.T.);
#7875 = ORIENTED_EDGE('',*,*,#5301,.T.);
#7876 = ORIENTED_EDGE('',*,*,#7877,.F.);
#7877 = EDGE_CURVE('',#5229,#5302,#7878,.T.);
#7878 = LINE('',#7879,#7880);
#7879 = CARTESIAN_POINT('',(2.86,-12.38,-2.84));
#7880 = VECTOR('',#7881,1.);
#7881 = DIRECTION('',(0.,-1.,0.));
#7882 = PLANE('',#7883);
#7883 = AXIS2_PLACEMENT_3D('',#7884,#7885,#7886);
#7884 = CARTESIAN_POINT('',(2.86,-12.38,0.95));
#7885 = DIRECTION('',(1.,0.,0.));
#7886 = DIRECTION('',(0.,0.,-1.));
#7887 = ADVANCED_FACE('',(#7888),#7913,.F.);
#7888 = FACE_BOUND('',#7889,.F.);
#7889 = EDGE_LOOP('',(#7890,#7898,#7906,#7912));
#7890 = ORIENTED_EDGE('',*,*,#7891,.F.);
#7891 = EDGE_CURVE('',#7892,#5302,#7894,.T.);
#7892 = VERTEX_POINT('',#7893);
#7893 = CARTESIAN_POINT('',(2.7,-12.86,-3.));
#7894 = LINE('',#7895,#7896);
#7895 = CARTESIAN_POINT('',(2.7,-12.86,-3.));
#7896 = VECTOR('',#7897,1.);
#7897 = DIRECTION('',(0.57735026919,-0.57735026919,0.57735026919));
#7898 = ORIENTED_EDGE('',*,*,#7899,.T.);
#7899 = EDGE_CURVE('',#7892,#7900,#7902,.T.);
#7900 = VERTEX_POINT('',#7901);
#7901 = CARTESIAN_POINT('',(2.38,-12.86,-3.));
#7902 = LINE('',#7903,#7904);
#7903 = CARTESIAN_POINT('',(2.86,-12.86,-3.));
#7904 = VECTOR('',#7905,1.);
#7905 = DIRECTION('',(-1.,0.,0.));
#7906 = ORIENTED_EDGE('',*,*,#7907,.T.);
#7907 = EDGE_CURVE('',#7900,#5310,#7908,.T.);
#7908 = LINE('',#7909,#7910);
#7909 = CARTESIAN_POINT('',(2.486666666667,-12.75333333333,
    -3.106666666667));
#7910 = VECTOR('',#7911,1.);
#7911 = DIRECTION('',(-0.57735026919,-0.57735026919,0.57735026919));
#7912 = ORIENTED_EDGE('',*,*,#5309,.F.);
#7913 = PLANE('',#7914);
#7914 = AXIS2_PLACEMENT_3D('',#7915,#7916,#7917);
#7915 = CARTESIAN_POINT('',(2.86,-12.94,-2.92));
#7916 = DIRECTION('',(1.735167508357E-18,0.707106781187,0.707106781187)
  );
#7917 = DIRECTION('',(-1.,1.226948711654E-18,1.226948711654E-18));
#7918 = ADVANCED_FACE('',(#7919),#7930,.T.);
#7919 = FACE_BOUND('',#7920,.T.);
#7920 = EDGE_LOOP('',(#7921,#7927,#7928,#7929));
#7921 = ORIENTED_EDGE('',*,*,#7922,.T.);
#7922 = EDGE_CURVE('',#5349,#5429,#7923,.T.);
#7923 = LINE('',#7924,#7925);
#7924 = CARTESIAN_POINT('',(-0.32,0.32,3.49));
#7925 = VECTOR('',#7926,1.);
#7926 = DIRECTION('',(0.,-1.,0.));
#7927 = ORIENTED_EDGE('',*,*,#5428,.T.);
#7928 = ORIENTED_EDGE('',*,*,#5478,.F.);
#7929 = ORIENTED_EDGE('',*,*,#5348,.F.);
#7930 = CYLINDRICAL_SURFACE('',#7931,0.64);
#7931 = AXIS2_PLACEMENT_3D('',#7932,#7933,#7934);
#7932 = CARTESIAN_POINT('',(0.32,0.32,3.49));
#7933 = DIRECTION('',(0.,-1.,0.));
#7934 = DIRECTION('',(-1.,0.,0.));
#7935 = ADVANCED_FACE('',(#7936),#7947,.T.);
#7936 = FACE_BOUND('',#7937,.T.);
#7937 = EDGE_LOOP('',(#7938,#7939,#7945,#7946));
#7938 = ORIENTED_EDGE('',*,*,#5390,.F.);
#7939 = ORIENTED_EDGE('',*,*,#7940,.T.);
#7940 = EDGE_CURVE('',#5383,#5456,#7941,.T.);
#7941 = LINE('',#7942,#7943);
#7942 = CARTESIAN_POINT('',(-0.32,0.32,-2.84));
#7943 = VECTOR('',#7944,1.);
#7944 = DIRECTION('',(0.,-1.,0.));
#7945 = ORIENTED_EDGE('',*,*,#5463,.T.);
#7946 = ORIENTED_EDGE('',*,*,#7922,.F.);
#7947 = PLANE('',#7948);
#7948 = AXIS2_PLACEMENT_3D('',#7949,#7950,#7951);
#7949 = CARTESIAN_POINT('',(-0.32,0.32,-3.));
#7950 = DIRECTION('',(-1.,0.,0.));
#7951 = DIRECTION('',(0.,0.,1.));
#7952 = ADVANCED_FACE('',(#7953),#7978,.T.);
#7953 = FACE_BOUND('',#7954,.F.);
#7954 = EDGE_LOOP('',(#7955,#7963,#7964,#7972));
#7955 = ORIENTED_EDGE('',*,*,#7956,.T.);
#7956 = EDGE_CURVE('',#7957,#5375,#7959,.T.);
#7957 = VERTEX_POINT('',#7958);
#7958 = CARTESIAN_POINT('',(0.16,0.16,-3.));
#7959 = LINE('',#7960,#7961);
#7960 = CARTESIAN_POINT('',(0.266666666667,0.266666666667,
    -2.893333333333));
#7961 = VECTOR('',#7962,1.);
#7962 = DIRECTION('',(0.57735026919,0.57735026919,0.57735026919));
#7963 = ORIENTED_EDGE('',*,*,#5382,.T.);
#7964 = ORIENTED_EDGE('',*,*,#7965,.T.);
#7965 = EDGE_CURVE('',#5383,#7966,#7968,.T.);
#7966 = VERTEX_POINT('',#7967);
#7967 = CARTESIAN_POINT('',(-0.16,0.16,-3.));
#7968 = LINE('',#7969,#7970);
#7969 = CARTESIAN_POINT('',(-0.16,0.16,-3.));
#7970 = VECTOR('',#7971,1.);
#7971 = DIRECTION('',(0.57735026919,-0.57735026919,-0.57735026919));
#7972 = ORIENTED_EDGE('',*,*,#7973,.F.);
#7973 = EDGE_CURVE('',#7957,#7966,#7974,.T.);
#7974 = LINE('',#7975,#7976);
#7975 = CARTESIAN_POINT('',(0.32,0.16,-3.));
#7976 = VECTOR('',#7977,1.);
#7977 = DIRECTION('',(-1.,0.,0.));
#7978 = PLANE('',#7979);
#7979 = AXIS2_PLACEMENT_3D('',#7980,#7981,#7982);
#7980 = CARTESIAN_POINT('',(0.32,0.24,-2.92));
#7981 = DIRECTION('',(-1.735167508357E-18,0.707106781187,-0.707106781187
    ));
#7982 = DIRECTION('',(1.,1.226948711654E-18,-1.226948711654E-18));
#7983 = ADVANCED_FACE('',(#7984),#7995,.T.);
#7984 = FACE_BOUND('',#7985,.T.);
#7985 = EDGE_LOOP('',(#7986,#7987,#7988,#7989));
#7986 = ORIENTED_EDGE('',*,*,#5374,.F.);
#7987 = ORIENTED_EDGE('',*,*,#5414,.T.);
#7988 = ORIENTED_EDGE('',*,*,#5447,.T.);
#7989 = ORIENTED_EDGE('',*,*,#7990,.F.);
#7990 = EDGE_CURVE('',#5375,#5448,#7991,.T.);
#7991 = LINE('',#7992,#7993);
#7992 = CARTESIAN_POINT('',(0.32,0.32,-2.84));
#7993 = VECTOR('',#7994,1.);
#7994 = DIRECTION('',(0.,-1.,0.));
#7995 = PLANE('',#7996);
#7996 = AXIS2_PLACEMENT_3D('',#7997,#7998,#7999);
#7997 = CARTESIAN_POINT('',(0.32,0.32,3.49));
#7998 = DIRECTION('',(1.,0.,0.));
#7999 = DIRECTION('',(0.,0.,-1.));
#8000 = ADVANCED_FACE('',(#8001),#8026,.F.);
#8001 = FACE_BOUND('',#8002,.F.);
#8002 = EDGE_LOOP('',(#8003,#8011,#8019,#8025));
#8003 = ORIENTED_EDGE('',*,*,#8004,.F.);
#8004 = EDGE_CURVE('',#8005,#5448,#8007,.T.);
#8005 = VERTEX_POINT('',#8006);
#8006 = CARTESIAN_POINT('',(0.16,-0.16,-3.));
#8007 = LINE('',#8008,#8009);
#8008 = CARTESIAN_POINT('',(0.16,-0.16,-3.));
#8009 = VECTOR('',#8010,1.);
#8010 = DIRECTION('',(0.57735026919,-0.57735026919,0.57735026919));
#8011 = ORIENTED_EDGE('',*,*,#8012,.T.);
#8012 = EDGE_CURVE('',#8005,#8013,#8015,.T.);
#8013 = VERTEX_POINT('',#8014);
#8014 = CARTESIAN_POINT('',(-0.16,-0.16,-3.));
#8015 = LINE('',#8016,#8017);
#8016 = CARTESIAN_POINT('',(0.32,-0.16,-3.));
#8017 = VECTOR('',#8018,1.);
#8018 = DIRECTION('',(-1.,0.,0.));
#8019 = ORIENTED_EDGE('',*,*,#8020,.T.);
#8020 = EDGE_CURVE('',#8013,#5456,#8021,.T.);
#8021 = LINE('',#8022,#8023);
#8022 = CARTESIAN_POINT('',(-5.333333333333E-02,-5.333333333333E-02,
    -3.106666666667));
#8023 = VECTOR('',#8024,1.);
#8024 = DIRECTION('',(-0.57735026919,-0.57735026919,0.57735026919));
#8025 = ORIENTED_EDGE('',*,*,#5455,.F.);
#8026 = PLANE('',#8027);
#8027 = AXIS2_PLACEMENT_3D('',#8028,#8029,#8030);
#8028 = CARTESIAN_POINT('',(0.32,-0.24,-2.92));
#8029 = DIRECTION('',(1.735167508357E-18,0.707106781187,0.707106781187)
  );
#8030 = DIRECTION('',(-1.,1.226948711654E-18,1.226948711654E-18));
#8031 = ADVANCED_FACE('',(#8032),#8043,.T.);
#8032 = FACE_BOUND('',#8033,.T.);
#8033 = EDGE_LOOP('',(#8034,#8040,#8041,#8042));
#8034 = ORIENTED_EDGE('',*,*,#8035,.T.);
#8035 = EDGE_CURVE('',#5526,#5599,#8036,.T.);
#8036 = LINE('',#8037,#8038);
#8037 = CARTESIAN_POINT('',(2.22,0.32,0.95));
#8038 = VECTOR('',#8039,1.);
#8039 = DIRECTION('',(0.,-1.,0.));
#8040 = ORIENTED_EDGE('',*,*,#5598,.T.);
#8041 = ORIENTED_EDGE('',*,*,#5502,.F.);
#8042 = ORIENTED_EDGE('',*,*,#5525,.F.);
#8043 = CYLINDRICAL_SURFACE('',#8044,0.64);
#8044 = AXIS2_PLACEMENT_3D('',#8045,#8046,#8047);
#8045 = CARTESIAN_POINT('',(2.86,0.32,0.95));
#8046 = DIRECTION('',(0.,-1.,0.));
#8047 = DIRECTION('',(-1.,0.,0.));
#8048 = ADVANCED_FACE('',(#8049),#8060,.T.);
#8049 = FACE_BOUND('',#8050,.T.);
#8050 = EDGE_LOOP('',(#8051,#8052,#8058,#8059));
#8051 = ORIENTED_EDGE('',*,*,#5560,.F.);
#8052 = ORIENTED_EDGE('',*,*,#8053,.T.);
#8053 = EDGE_CURVE('',#5553,#5619,#8054,.T.);
#8054 = LINE('',#8055,#8056);
#8055 = CARTESIAN_POINT('',(2.22,0.32,-2.84));
#8056 = VECTOR('',#8057,1.);
#8057 = DIRECTION('',(0.,-1.,0.));
#8058 = ORIENTED_EDGE('',*,*,#5626,.T.);
#8059 = ORIENTED_EDGE('',*,*,#8035,.F.);
#8060 = PLANE('',#8061);
#8061 = AXIS2_PLACEMENT_3D('',#8062,#8063,#8064);
#8062 = CARTESIAN_POINT('',(2.22,0.32,-3.));
#8063 = DIRECTION('',(-1.,0.,0.));
#8064 = DIRECTION('',(0.,0.,1.));
#8065 = ADVANCED_FACE('',(#8066),#8091,.T.);
#8066 = FACE_BOUND('',#8067,.F.);
#8067 = EDGE_LOOP('',(#8068,#8076,#8077,#8085));
#8068 = ORIENTED_EDGE('',*,*,#8069,.T.);
#8069 = EDGE_CURVE('',#8070,#5545,#8072,.T.);
#8070 = VERTEX_POINT('',#8071);
#8071 = CARTESIAN_POINT('',(2.7,0.16,-3.));
#8072 = LINE('',#8073,#8074);
#8073 = CARTESIAN_POINT('',(2.806666666667,0.266666666667,
    -2.893333333333));
#8074 = VECTOR('',#8075,1.);
#8075 = DIRECTION('',(0.57735026919,0.57735026919,0.57735026919));
#8076 = ORIENTED_EDGE('',*,*,#5552,.T.);
#8077 = ORIENTED_EDGE('',*,*,#8078,.T.);
#8078 = EDGE_CURVE('',#5553,#8079,#8081,.T.);
#8079 = VERTEX_POINT('',#8080);
#8080 = CARTESIAN_POINT('',(2.38,0.16,-3.));
#8081 = LINE('',#8082,#8083);
#8082 = CARTESIAN_POINT('',(2.38,0.16,-3.));
#8083 = VECTOR('',#8084,1.);
#8084 = DIRECTION('',(0.57735026919,-0.57735026919,-0.57735026919));
#8085 = ORIENTED_EDGE('',*,*,#8086,.F.);
#8086 = EDGE_CURVE('',#8070,#8079,#8087,.T.);
#8087 = LINE('',#8088,#8089);
#8088 = CARTESIAN_POINT('',(2.86,0.16,-3.));
#8089 = VECTOR('',#8090,1.);
#8090 = DIRECTION('',(-1.,0.,0.));
#8091 = PLANE('',#8092);
#8092 = AXIS2_PLACEMENT_3D('',#8093,#8094,#8095);
#8093 = CARTESIAN_POINT('',(2.86,0.24,-2.92));
#8094 = DIRECTION('',(-1.735167508357E-18,0.707106781187,-0.707106781187
    ));
#8095 = DIRECTION('',(1.,1.226948711654E-18,-1.226948711654E-18));
#8096 = ADVANCED_FACE('',(#8097),#8108,.T.);
#8097 = FACE_BOUND('',#8098,.T.);
#8098 = EDGE_LOOP('',(#8099,#8100,#8101,#8102));
#8099 = ORIENTED_EDGE('',*,*,#5544,.F.);
#8100 = ORIENTED_EDGE('',*,*,#5584,.T.);
#8101 = ORIENTED_EDGE('',*,*,#5610,.T.);
#8102 = ORIENTED_EDGE('',*,*,#8103,.F.);
#8103 = EDGE_CURVE('',#5545,#5611,#8104,.T.);
#8104 = LINE('',#8105,#8106);
#8105 = CARTESIAN_POINT('',(2.86,0.32,-2.84));
#8106 = VECTOR('',#8107,1.);
#8107 = DIRECTION('',(0.,-1.,0.));
#8108 = PLANE('',#8109);
#8109 = AXIS2_PLACEMENT_3D('',#8110,#8111,#8112);
#8110 = CARTESIAN_POINT('',(2.86,0.32,0.95));
#8111 = DIRECTION('',(1.,0.,0.));
#8112 = DIRECTION('',(0.,0.,-1.));
#8113 = ADVANCED_FACE('',(#8114),#8139,.F.);
#8114 = FACE_BOUND('',#8115,.F.);
#8115 = EDGE_LOOP('',(#8116,#8124,#8132,#8138));
#8116 = ORIENTED_EDGE('',*,*,#8117,.F.);
#8117 = EDGE_CURVE('',#8118,#5611,#8120,.T.);
#8118 = VERTEX_POINT('',#8119);
#8119 = CARTESIAN_POINT('',(2.7,-0.16,-3.));
#8120 = LINE('',#8121,#8122);
#8121 = CARTESIAN_POINT('',(2.7,-0.16,-3.));
#8122 = VECTOR('',#8123,1.);
#8123 = DIRECTION('',(0.57735026919,-0.57735026919,0.57735026919));
#8124 = ORIENTED_EDGE('',*,*,#8125,.T.);
#8125 = EDGE_CURVE('',#8118,#8126,#8128,.T.);
#8126 = VERTEX_POINT('',#8127);
#8127 = CARTESIAN_POINT('',(2.38,-0.16,-3.));
#8128 = LINE('',#8129,#8130);
#8129 = CARTESIAN_POINT('',(2.86,-0.16,-3.));
#8130 = VECTOR('',#8131,1.);
#8131 = DIRECTION('',(-1.,0.,0.));
#8132 = ORIENTED_EDGE('',*,*,#8133,.T.);
#8133 = EDGE_CURVE('',#8126,#5619,#8134,.T.);
#8134 = LINE('',#8135,#8136);
#8135 = CARTESIAN_POINT('',(2.486666666667,-5.333333333333E-02,
    -3.106666666667));
#8136 = VECTOR('',#8137,1.);
#8137 = DIRECTION('',(-0.57735026919,-0.57735026919,0.57735026919));
#8138 = ORIENTED_EDGE('',*,*,#5618,.F.);
#8139 = PLANE('',#8140);
#8140 = AXIS2_PLACEMENT_3D('',#8141,#8142,#8143);
#8141 = CARTESIAN_POINT('',(2.86,-0.24,-2.92));
#8142 = DIRECTION('',(1.735167508357E-18,0.707106781187,0.707106781187)
  );
#8143 = DIRECTION('',(-1.,1.226948711654E-18,1.226948711654E-18));
#8144 = ADVANCED_FACE('',(#8145),#8170,.T.);
#8145 = FACE_BOUND('',#8146,.T.);
#8146 = EDGE_LOOP('',(#8147,#8155,#8156,#8164));
#8147 = ORIENTED_EDGE('',*,*,#8148,.F.);
#8148 = EDGE_CURVE('',#5641,#8149,#8151,.T.);
#8149 = VERTEX_POINT('',#8150);
#8150 = CARTESIAN_POINT('',(12.58,-10.,3.97));
#8151 = LINE('',#8152,#8153);
#8152 = CARTESIAN_POINT('',(12.473333333333,-9.893333333333,
    4.076666666667));
#8153 = VECTOR('',#8154,1.);
#8154 = DIRECTION('',(0.57735026919,-0.57735026919,-0.57735026919));
#8155 = ORIENTED_EDGE('',*,*,#5657,.T.);
#8156 = ORIENTED_EDGE('',*,*,#8157,.T.);
#8157 = EDGE_CURVE('',#5650,#8158,#8160,.T.);
#8158 = VERTEX_POINT('',#8159);
#8159 = CARTESIAN_POINT('',(12.58,-10.32,3.97));
#8160 = LINE('',#8161,#8162);
#8161 = CARTESIAN_POINT('',(12.58,-10.32,3.97));
#8162 = VECTOR('',#8163,1.);
#8163 = DIRECTION('',(0.57735026919,0.57735026919,-0.57735026919));
#8164 = ORIENTED_EDGE('',*,*,#8165,.F.);
#8165 = EDGE_CURVE('',#8149,#8158,#8166,.T.);
#8166 = LINE('',#8167,#8168);
#8167 = CARTESIAN_POINT('',(12.58,-9.84,3.97));
#8168 = VECTOR('',#8169,1.);
#8169 = DIRECTION('',(0.,-1.,0.));
#8170 = PLANE('',#8171);
#8171 = AXIS2_PLACEMENT_3D('',#8172,#8173,#8174);
#8172 = CARTESIAN_POINT('',(12.5,-9.84,4.05));
#8173 = DIRECTION('',(0.707106781187,0.,0.707106781187));
#8174 = DIRECTION('',(0.,-1.,0.));
#8175 = ADVANCED_FACE('',(#8176),#8194,.T.);
#8176 = FACE_BOUND('',#8177,.F.);
#8177 = EDGE_LOOP('',(#8178,#8179,#8180,#8188));
#8178 = ORIENTED_EDGE('',*,*,#8148,.F.);
#8179 = ORIENTED_EDGE('',*,*,#5673,.T.);
#8180 = ORIENTED_EDGE('',*,*,#8181,.T.);
#8181 = EDGE_CURVE('',#5674,#8182,#8184,.T.);
#8182 = VERTEX_POINT('',#8183);
#8183 = CARTESIAN_POINT('',(12.58,-10.,3.65));
#8184 = LINE('',#8185,#8186);
#8185 = CARTESIAN_POINT('',(12.58,-10.,3.65));
#8186 = VECTOR('',#8187,1.);
#8187 = DIRECTION('',(0.57735026919,-0.57735026919,0.57735026919));
#8188 = ORIENTED_EDGE('',*,*,#8189,.F.);
#8189 = EDGE_CURVE('',#8149,#8182,#8190,.T.);
#8190 = LINE('',#8191,#8192);
#8191 = CARTESIAN_POINT('',(12.58,-10.,4.13));
#8192 = VECTOR('',#8193,1.);
#8193 = DIRECTION('',(0.,0.,-1.));
#8194 = PLANE('',#8195);
#8195 = AXIS2_PLACEMENT_3D('',#8196,#8197,#8198);
#8196 = CARTESIAN_POINT('',(12.5,-9.92,4.13));
#8197 = DIRECTION('',(0.707106781187,0.707106781187,-1.735167508357E-18)
  );
#8198 = DIRECTION('',(1.226948711654E-18,1.226948711654E-18,1.));
#8199 = ADVANCED_FACE('',(#8200),#8218,.T.);
#8200 = FACE_BOUND('',#8201,.F.);
#8201 = EDGE_LOOP('',(#8202,#8203,#8204,#8212));
#8202 = ORIENTED_EDGE('',*,*,#8181,.F.);
#8203 = ORIENTED_EDGE('',*,*,#5696,.T.);
#8204 = ORIENTED_EDGE('',*,*,#8205,.T.);
#8205 = EDGE_CURVE('',#5697,#8206,#8208,.T.);
#8206 = VERTEX_POINT('',#8207);
#8207 = CARTESIAN_POINT('',(12.58,-10.32,3.65));
#8208 = LINE('',#8209,#8210);
#8209 = CARTESIAN_POINT('',(12.686666666667,-10.21333333333,
    3.756666666667));
#8210 = VECTOR('',#8211,1.);
#8211 = DIRECTION('',(0.57735026919,0.57735026919,0.57735026919));
#8212 = ORIENTED_EDGE('',*,*,#8213,.F.);
#8213 = EDGE_CURVE('',#8182,#8206,#8214,.T.);
#8214 = LINE('',#8215,#8216);
#8215 = CARTESIAN_POINT('',(12.58,-9.84,3.65));
#8216 = VECTOR('',#8217,1.);
#8217 = DIRECTION('',(0.,-1.,0.));
#8218 = PLANE('',#8219);
#8219 = AXIS2_PLACEMENT_3D('',#8220,#8221,#8222);
#8220 = CARTESIAN_POINT('',(12.5,-9.84,3.57));
#8221 = DIRECTION('',(0.707106781187,0.,-0.707106781187));
#8222 = DIRECTION('',(0.,1.,0.));
#8223 = ADVANCED_FACE('',(#8224),#8235,.F.);
#8224 = FACE_BOUND('',#8225,.T.);
#8225 = EDGE_LOOP('',(#8226,#8227,#8228,#8229));
#8226 = ORIENTED_EDGE('',*,*,#8157,.F.);
#8227 = ORIENTED_EDGE('',*,*,#5721,.T.);
#8228 = ORIENTED_EDGE('',*,*,#8205,.T.);
#8229 = ORIENTED_EDGE('',*,*,#8230,.F.);
#8230 = EDGE_CURVE('',#8158,#8206,#8231,.T.);
#8231 = LINE('',#8232,#8233);
#8232 = CARTESIAN_POINT('',(12.58,-10.32,4.13));
#8233 = VECTOR('',#8234,1.);
#8234 = DIRECTION('',(0.,0.,-1.));
#8235 = PLANE('',#8236);
#8236 = AXIS2_PLACEMENT_3D('',#8237,#8238,#8239);
#8237 = CARTESIAN_POINT('',(12.5,-10.4,4.13));
#8238 = DIRECTION('',(-0.707106781187,0.707106781187,1.735167508357E-18)
  );
#8239 = DIRECTION('',(1.226948711654E-18,-1.226948711654E-18,1.));
#8240 = ADVANCED_FACE('',(#8241),#8266,.T.);
#8241 = FACE_BOUND('',#8242,.F.);
#8242 = EDGE_LOOP('',(#8243,#8251,#8252,#8260));
#8243 = ORIENTED_EDGE('',*,*,#8244,.F.);
#8244 = EDGE_CURVE('',#5738,#8245,#8247,.T.);
#8245 = VERTEX_POINT('',#8246);
#8246 = CARTESIAN_POINT('',(12.58,-7.46,3.97));
#8247 = LINE('',#8248,#8249);
#8248 = CARTESIAN_POINT('',(12.473333333333,-7.353333333333,
    4.076666666667));
#8249 = VECTOR('',#8250,1.);
#8250 = DIRECTION('',(0.57735026919,-0.57735026919,-0.57735026919));
#8251 = ORIENTED_EDGE('',*,*,#5745,.T.);
#8252 = ORIENTED_EDGE('',*,*,#8253,.T.);
#8253 = EDGE_CURVE('',#5746,#8254,#8256,.T.);
#8254 = VERTEX_POINT('',#8255);
#8255 = CARTESIAN_POINT('',(12.58,-7.46,3.65));
#8256 = LINE('',#8257,#8258);
#8257 = CARTESIAN_POINT('',(12.58,-7.46,3.65));
#8258 = VECTOR('',#8259,1.);
#8259 = DIRECTION('',(0.57735026919,-0.57735026919,0.57735026919));
#8260 = ORIENTED_EDGE('',*,*,#8261,.F.);
#8261 = EDGE_CURVE('',#8245,#8254,#8262,.T.);
#8262 = LINE('',#8263,#8264);
#8263 = CARTESIAN_POINT('',(12.58,-7.46,4.13));
#8264 = VECTOR('',#8265,1.);
#8265 = DIRECTION('',(0.,0.,-1.));
#8266 = PLANE('',#8267);
#8267 = AXIS2_PLACEMENT_3D('',#8268,#8269,#8270);
#8268 = CARTESIAN_POINT('',(12.5,-7.38,4.13));
#8269 = DIRECTION('',(0.707106781187,0.707106781187,-1.735167508357E-18)
  );
#8270 = DIRECTION('',(1.226948711654E-18,1.226948711654E-18,1.));
#8271 = ADVANCED_FACE('',(#8272),#8290,.T.);
#8272 = FACE_BOUND('',#8273,.F.);
#8273 = EDGE_LOOP('',(#8274,#8275,#8276,#8284));
#8274 = ORIENTED_EDGE('',*,*,#8253,.F.);
#8275 = ORIENTED_EDGE('',*,*,#5768,.T.);
#8276 = ORIENTED_EDGE('',*,*,#8277,.T.);
#8277 = EDGE_CURVE('',#5769,#8278,#8280,.T.);
#8278 = VERTEX_POINT('',#8279);
#8279 = CARTESIAN_POINT('',(12.58,-7.78,3.65));
#8280 = LINE('',#8281,#8282);
#8281 = CARTESIAN_POINT('',(12.686666666667,-7.673333333333,
    3.756666666667));
#8282 = VECTOR('',#8283,1.);
#8283 = DIRECTION('',(0.57735026919,0.57735026919,0.57735026919));
#8284 = ORIENTED_EDGE('',*,*,#8285,.F.);
#8285 = EDGE_CURVE('',#8254,#8278,#8286,.T.);
#8286 = LINE('',#8287,#8288);
#8287 = CARTESIAN_POINT('',(12.58,-7.3,3.65));
#8288 = VECTOR('',#8289,1.);
#8289 = DIRECTION('',(0.,-1.,0.));
#8290 = PLANE('',#8291);
#8291 = AXIS2_PLACEMENT_3D('',#8292,#8293,#8294);
#8292 = CARTESIAN_POINT('',(12.5,-7.3,3.57));
#8293 = DIRECTION('',(0.707106781187,0.,-0.707106781187));
#8294 = DIRECTION('',(0.,1.,0.));
#8295 = ADVANCED_FACE('',(#8296),#8314,.F.);
#8296 = FACE_BOUND('',#8297,.T.);
#8297 = EDGE_LOOP('',(#8298,#8306,#8307,#8308));
#8298 = ORIENTED_EDGE('',*,*,#8299,.F.);
#8299 = EDGE_CURVE('',#5793,#8300,#8302,.T.);
#8300 = VERTEX_POINT('',#8301);
#8301 = CARTESIAN_POINT('',(12.58,-7.78,3.97));
#8302 = LINE('',#8303,#8304);
#8303 = CARTESIAN_POINT('',(12.58,-7.78,3.97));
#8304 = VECTOR('',#8305,1.);
#8305 = DIRECTION('',(0.57735026919,0.57735026919,-0.57735026919));
#8306 = ORIENTED_EDGE('',*,*,#5800,.T.);
#8307 = ORIENTED_EDGE('',*,*,#8277,.T.);
#8308 = ORIENTED_EDGE('',*,*,#8309,.F.);
#8309 = EDGE_CURVE('',#8300,#8278,#8310,.T.);
#8310 = LINE('',#8311,#8312);
#8311 = CARTESIAN_POINT('',(12.58,-7.78,4.13));
#8312 = VECTOR('',#8313,1.);
#8313 = DIRECTION('',(0.,0.,-1.));
#8314 = PLANE('',#8315);
#8315 = AXIS2_PLACEMENT_3D('',#8316,#8317,#8318);
#8316 = CARTESIAN_POINT('',(12.5,-7.86,4.13));
#8317 = DIRECTION('',(-0.707106781187,0.707106781187,1.735167508357E-18)
  );
#8318 = DIRECTION('',(1.226948711654E-18,-1.226948711654E-18,1.));
#8319 = ADVANCED_FACE('',(#8320),#8331,.T.);
#8320 = FACE_BOUND('',#8321,.T.);
#8321 = EDGE_LOOP('',(#8322,#8323,#8324,#8325));
#8322 = ORIENTED_EDGE('',*,*,#8244,.F.);
#8323 = ORIENTED_EDGE('',*,*,#5818,.T.);
#8324 = ORIENTED_EDGE('',*,*,#8299,.T.);
#8325 = ORIENTED_EDGE('',*,*,#8326,.F.);
#8326 = EDGE_CURVE('',#8245,#8300,#8327,.T.);
#8327 = LINE('',#8328,#8329);
#8328 = CARTESIAN_POINT('',(12.58,-7.3,3.97));
#8329 = VECTOR('',#8330,1.);
#8330 = DIRECTION('',(0.,-1.,0.));
#8331 = PLANE('',#8332);
#8332 = AXIS2_PLACEMENT_3D('',#8333,#8334,#8335);
#8333 = CARTESIAN_POINT('',(12.5,-7.3,4.05));
#8334 = DIRECTION('',(0.707106781187,0.,0.707106781187));
#8335 = DIRECTION('',(0.,-1.,0.));
#8336 = ADVANCED_FACE('',(#8337),#8362,.T.);
#8337 = FACE_BOUND('',#8338,.T.);
#8338 = EDGE_LOOP('',(#8339,#8347,#8348,#8356));
#8339 = ORIENTED_EDGE('',*,*,#8340,.F.);
#8340 = EDGE_CURVE('',#5833,#8341,#8343,.T.);
#8341 = VERTEX_POINT('',#8342);
#8342 = CARTESIAN_POINT('',(12.58,-2.38,3.97));
#8343 = LINE('',#8344,#8345);
#8344 = CARTESIAN_POINT('',(12.473333333333,-2.273333333333,
    4.076666666667));
#8345 = VECTOR('',#8346,1.);
#8346 = DIRECTION('',(0.57735026919,-0.57735026919,-0.57735026919));
#8347 = ORIENTED_EDGE('',*,*,#5849,.T.);
#8348 = ORIENTED_EDGE('',*,*,#8349,.T.);
#8349 = EDGE_CURVE('',#5842,#8350,#8352,.T.);
#8350 = VERTEX_POINT('',#8351);
#8351 = CARTESIAN_POINT('',(12.58,-2.7,3.97));
#8352 = LINE('',#8353,#8354);
#8353 = CARTESIAN_POINT('',(12.58,-2.7,3.97));
#8354 = VECTOR('',#8355,1.);
#8355 = DIRECTION('',(0.57735026919,0.57735026919,-0.57735026919));
#8356 = ORIENTED_EDGE('',*,*,#8357,.F.);
#8357 = EDGE_CURVE('',#8341,#8350,#8358,.T.);
#8358 = LINE('',#8359,#8360);
#8359 = CARTESIAN_POINT('',(12.58,-2.22,3.97));
#8360 = VECTOR('',#8361,1.);
#8361 = DIRECTION('',(0.,-1.,0.));
#8362 = PLANE('',#8363);
#8363 = AXIS2_PLACEMENT_3D('',#8364,#8365,#8366);
#8364 = CARTESIAN_POINT('',(12.5,-2.22,4.05));
#8365 = DIRECTION('',(0.707106781187,0.,0.707106781187));
#8366 = DIRECTION('',(0.,-1.,0.));
#8367 = ADVANCED_FACE('',(#8368),#8386,.T.);
#8368 = FACE_BOUND('',#8369,.F.);
#8369 = EDGE_LOOP('',(#8370,#8371,#8372,#8380));
#8370 = ORIENTED_EDGE('',*,*,#8340,.F.);
#8371 = ORIENTED_EDGE('',*,*,#5865,.T.);
#8372 = ORIENTED_EDGE('',*,*,#8373,.T.);
#8373 = EDGE_CURVE('',#5866,#8374,#8376,.T.);
#8374 = VERTEX_POINT('',#8375);
#8375 = CARTESIAN_POINT('',(12.58,-2.38,3.65));
#8376 = LINE('',#8377,#8378);
#8377 = CARTESIAN_POINT('',(12.58,-2.38,3.65));
#8378 = VECTOR('',#8379,1.);
#8379 = DIRECTION('',(0.57735026919,-0.57735026919,0.57735026919));
#8380 = ORIENTED_EDGE('',*,*,#8381,.F.);
#8381 = EDGE_CURVE('',#8341,#8374,#8382,.T.);
#8382 = LINE('',#8383,#8384);
#8383 = CARTESIAN_POINT('',(12.58,-2.38,4.13));
#8384 = VECTOR('',#8385,1.);
#8385 = DIRECTION('',(0.,0.,-1.));
#8386 = PLANE('',#8387);
#8387 = AXIS2_PLACEMENT_3D('',#8388,#8389,#8390);
#8388 = CARTESIAN_POINT('',(12.5,-2.3,4.13));
#8389 = DIRECTION('',(0.707106781187,0.707106781187,-1.735167508357E-18)
  );
#8390 = DIRECTION('',(1.226948711654E-18,1.226948711654E-18,1.));
#8391 = ADVANCED_FACE('',(#8392),#8410,.T.);
#8392 = FACE_BOUND('',#8393,.F.);
#8393 = EDGE_LOOP('',(#8394,#8395,#8396,#8404));
#8394 = ORIENTED_EDGE('',*,*,#8373,.F.);
#8395 = ORIENTED_EDGE('',*,*,#5888,.T.);
#8396 = ORIENTED_EDGE('',*,*,#8397,.T.);
#8397 = EDGE_CURVE('',#5889,#8398,#8400,.T.);
#8398 = VERTEX_POINT('',#8399);
#8399 = CARTESIAN_POINT('',(12.58,-2.7,3.65));
#8400 = LINE('',#8401,#8402);
#8401 = CARTESIAN_POINT('',(12.686666666667,-2.593333333333,
    3.756666666667));
#8402 = VECTOR('',#8403,1.);
#8403 = DIRECTION('',(0.57735026919,0.57735026919,0.57735026919));
#8404 = ORIENTED_EDGE('',*,*,#8405,.F.);
#8405 = EDGE_CURVE('',#8374,#8398,#8406,.T.);
#8406 = LINE('',#8407,#8408);
#8407 = CARTESIAN_POINT('',(12.58,-2.22,3.65));
#8408 = VECTOR('',#8409,1.);
#8409 = DIRECTION('',(0.,-1.,0.));
#8410 = PLANE('',#8411);
#8411 = AXIS2_PLACEMENT_3D('',#8412,#8413,#8414);
#8412 = CARTESIAN_POINT('',(12.5,-2.22,3.57));
#8413 = DIRECTION('',(0.707106781187,0.,-0.707106781187));
#8414 = DIRECTION('',(0.,1.,0.));
#8415 = ADVANCED_FACE('',(#8416),#8427,.F.);
#8416 = FACE_BOUND('',#8417,.T.);
#8417 = EDGE_LOOP('',(#8418,#8419,#8420,#8421));
#8418 = ORIENTED_EDGE('',*,*,#8349,.F.);
#8419 = ORIENTED_EDGE('',*,*,#5913,.T.);
#8420 = ORIENTED_EDGE('',*,*,#8397,.T.);
#8421 = ORIENTED_EDGE('',*,*,#8422,.F.);
#8422 = EDGE_CURVE('',#8350,#8398,#8423,.T.);
#8423 = LINE('',#8424,#8425);
#8424 = CARTESIAN_POINT('',(12.58,-2.7,4.13));
#8425 = VECTOR('',#8426,1.);
#8426 = DIRECTION('',(0.,0.,-1.));
#8427 = PLANE('',#8428);
#8428 = AXIS2_PLACEMENT_3D('',#8429,#8430,#8431);
#8429 = CARTESIAN_POINT('',(12.5,-2.78,4.13));
#8430 = DIRECTION('',(-0.707106781187,0.707106781187,1.735167508357E-18)
  );
#8431 = DIRECTION('',(1.226948711654E-18,-1.226948711654E-18,1.));
#8432 = ADVANCED_FACE('',(#8433),#8458,.T.);
#8433 = FACE_BOUND('',#8434,.F.);
#8434 = EDGE_LOOP('',(#8435,#8443,#8444,#8452));
#8435 = ORIENTED_EDGE('',*,*,#8436,.F.);
#8436 = EDGE_CURVE('',#5930,#8437,#8439,.T.);
#8437 = VERTEX_POINT('',#8438);
#8438 = CARTESIAN_POINT('',(12.58,-4.92,3.97));
#8439 = LINE('',#8440,#8441);
#8440 = CARTESIAN_POINT('',(12.473333333333,-4.813333333333,
    4.076666666667));
#8441 = VECTOR('',#8442,1.);
#8442 = DIRECTION('',(0.57735026919,-0.57735026919,-0.57735026919));
#8443 = ORIENTED_EDGE('',*,*,#5937,.T.);
#8444 = ORIENTED_EDGE('',*,*,#8445,.T.);
#8445 = EDGE_CURVE('',#5938,#8446,#8448,.T.);
#8446 = VERTEX_POINT('',#8447);
#8447 = CARTESIAN_POINT('',(12.58,-4.92,3.65));
#8448 = LINE('',#8449,#8450);
#8449 = CARTESIAN_POINT('',(12.58,-4.92,3.65));
#8450 = VECTOR('',#8451,1.);
#8451 = DIRECTION('',(0.57735026919,-0.57735026919,0.57735026919));
#8452 = ORIENTED_EDGE('',*,*,#8453,.F.);
#8453 = EDGE_CURVE('',#8437,#8446,#8454,.T.);
#8454 = LINE('',#8455,#8456);
#8455 = CARTESIAN_POINT('',(12.58,-4.92,4.13));
#8456 = VECTOR('',#8457,1.);
#8457 = DIRECTION('',(0.,0.,-1.));
#8458 = PLANE('',#8459);
#8459 = AXIS2_PLACEMENT_3D('',#8460,#8461,#8462);
#8460 = CARTESIAN_POINT('',(12.5,-4.84,4.13));
#8461 = DIRECTION('',(0.707106781187,0.707106781187,-1.735167508357E-18)
  );
#8462 = DIRECTION('',(1.226948711654E-18,1.226948711654E-18,1.));
#8463 = ADVANCED_FACE('',(#8464),#8482,.T.);
#8464 = FACE_BOUND('',#8465,.F.);
#8465 = EDGE_LOOP('',(#8466,#8467,#8468,#8476));
#8466 = ORIENTED_EDGE('',*,*,#8445,.F.);
#8467 = ORIENTED_EDGE('',*,*,#5960,.T.);
#8468 = ORIENTED_EDGE('',*,*,#8469,.T.);
#8469 = EDGE_CURVE('',#5961,#8470,#8472,.T.);
#8470 = VERTEX_POINT('',#8471);
#8471 = CARTESIAN_POINT('',(12.58,-5.24,3.65));
#8472 = LINE('',#8473,#8474);
#8473 = CARTESIAN_POINT('',(12.686666666667,-5.133333333333,
    3.756666666667));
#8474 = VECTOR('',#8475,1.);
#8475 = DIRECTION('',(0.57735026919,0.57735026919,0.57735026919));
#8476 = ORIENTED_EDGE('',*,*,#8477,.F.);
#8477 = EDGE_CURVE('',#8446,#8470,#8478,.T.);
#8478 = LINE('',#8479,#8480);
#8479 = CARTESIAN_POINT('',(12.58,-4.76,3.65));
#8480 = VECTOR('',#8481,1.);
#8481 = DIRECTION('',(0.,-1.,0.));
#8482 = PLANE('',#8483);
#8483 = AXIS2_PLACEMENT_3D('',#8484,#8485,#8486);
#8484 = CARTESIAN_POINT('',(12.5,-4.76,3.57));
#8485 = DIRECTION('',(0.707106781187,0.,-0.707106781187));
#8486 = DIRECTION('',(0.,1.,0.));
#8487 = ADVANCED_FACE('',(#8488),#8506,.F.);
#8488 = FACE_BOUND('',#8489,.T.);
#8489 = EDGE_LOOP('',(#8490,#8498,#8499,#8500));
#8490 = ORIENTED_EDGE('',*,*,#8491,.F.);
#8491 = EDGE_CURVE('',#5985,#8492,#8494,.T.);
#8492 = VERTEX_POINT('',#8493);
#8493 = CARTESIAN_POINT('',(12.58,-5.24,3.97));
#8494 = LINE('',#8495,#8496);
#8495 = CARTESIAN_POINT('',(12.58,-5.24,3.97));
#8496 = VECTOR('',#8497,1.);
#8497 = DIRECTION('',(0.57735026919,0.57735026919,-0.57735026919));
#8498 = ORIENTED_EDGE('',*,*,#5992,.T.);
#8499 = ORIENTED_EDGE('',*,*,#8469,.T.);
#8500 = ORIENTED_EDGE('',*,*,#8501,.F.);
#8501 = EDGE_CURVE('',#8492,#8470,#8502,.T.);
#8502 = LINE('',#8503,#8504);
#8503 = CARTESIAN_POINT('',(12.58,-5.24,4.13));
#8504 = VECTOR('',#8505,1.);
#8505 = DIRECTION('',(0.,0.,-1.));
#8506 = PLANE('',#8507);
#8507 = AXIS2_PLACEMENT_3D('',#8508,#8509,#8510);
#8508 = CARTESIAN_POINT('',(12.5,-5.32,4.13));
#8509 = DIRECTION('',(-0.707106781187,0.707106781187,1.735167508357E-18)
  );
#8510 = DIRECTION('',(1.226948711654E-18,-1.226948711654E-18,1.));
#8511 = ADVANCED_FACE('',(#8512),#8523,.T.);
#8512 = FACE_BOUND('',#8513,.T.);
#8513 = EDGE_LOOP('',(#8514,#8515,#8516,#8517));
#8514 = ORIENTED_EDGE('',*,*,#8436,.F.);
#8515 = ORIENTED_EDGE('',*,*,#6010,.T.);
#8516 = ORIENTED_EDGE('',*,*,#8491,.T.);
#8517 = ORIENTED_EDGE('',*,*,#8518,.F.);
#8518 = EDGE_CURVE('',#8437,#8492,#8519,.T.);
#8519 = LINE('',#8520,#8521);
#8520 = CARTESIAN_POINT('',(12.58,-4.76,3.97));
#8521 = VECTOR('',#8522,1.);
#8522 = DIRECTION('',(0.,-1.,0.));
#8523 = PLANE('',#8524);
#8524 = AXIS2_PLACEMENT_3D('',#8525,#8526,#8527);
#8525 = CARTESIAN_POINT('',(12.5,-4.76,4.05));
#8526 = DIRECTION('',(0.707106781187,0.,0.707106781187));
#8527 = DIRECTION('',(0.,-1.,0.));
#8528 = ADVANCED_FACE('',(#8529),#8554,.T.);
#8529 = FACE_BOUND('',#8530,.F.);
#8530 = EDGE_LOOP('',(#8531,#8539,#8540,#8548));
#8531 = ORIENTED_EDGE('',*,*,#8532,.F.);
#8532 = EDGE_CURVE('',#6025,#8533,#8535,.T.);
#8533 = VERTEX_POINT('',#8534);
#8534 = CARTESIAN_POINT('',(12.58,-12.54,3.65));
#8535 = LINE('',#8536,#8537);
#8536 = CARTESIAN_POINT('',(12.58,-12.54,3.65));
#8537 = VECTOR('',#8538,1.);
#8538 = DIRECTION('',(0.57735026919,-0.57735026919,0.57735026919));
#8539 = ORIENTED_EDGE('',*,*,#6032,.T.);
#8540 = ORIENTED_EDGE('',*,*,#8541,.T.);
#8541 = EDGE_CURVE('',#6033,#8542,#8544,.T.);
#8542 = VERTEX_POINT('',#8543);
#8543 = CARTESIAN_POINT('',(12.58,-12.86,3.65));
#8544 = LINE('',#8545,#8546);
#8545 = CARTESIAN_POINT('',(12.686666666667,-12.75333333333,
    3.756666666667));
#8546 = VECTOR('',#8547,1.);
#8547 = DIRECTION('',(0.57735026919,0.57735026919,0.57735026919));
#8548 = ORIENTED_EDGE('',*,*,#8549,.F.);
#8549 = EDGE_CURVE('',#8533,#8542,#8550,.T.);
#8550 = LINE('',#8551,#8552);
#8551 = CARTESIAN_POINT('',(12.58,-12.38,3.65));
#8552 = VECTOR('',#8553,1.);
#8553 = DIRECTION('',(0.,-1.,0.));
#8554 = PLANE('',#8555);
#8555 = AXIS2_PLACEMENT_3D('',#8556,#8557,#8558);
#8556 = CARTESIAN_POINT('',(12.5,-12.38,3.57));
#8557 = DIRECTION('',(0.707106781187,0.,-0.707106781187));
#8558 = DIRECTION('',(0.,1.,0.));
#8559 = ADVANCED_FACE('',(#8560),#8578,.F.);
#8560 = FACE_BOUND('',#8561,.T.);
#8561 = EDGE_LOOP('',(#8562,#8570,#8571,#8572));
#8562 = ORIENTED_EDGE('',*,*,#8563,.F.);
#8563 = EDGE_CURVE('',#6057,#8564,#8566,.T.);
#8564 = VERTEX_POINT('',#8565);
#8565 = CARTESIAN_POINT('',(12.58,-12.86,3.97));
#8566 = LINE('',#8567,#8568);
#8567 = CARTESIAN_POINT('',(12.58,-12.86,3.97));
#8568 = VECTOR('',#8569,1.);
#8569 = DIRECTION('',(0.57735026919,0.57735026919,-0.57735026919));
#8570 = ORIENTED_EDGE('',*,*,#6064,.T.);
#8571 = ORIENTED_EDGE('',*,*,#8541,.T.);
#8572 = ORIENTED_EDGE('',*,*,#8573,.F.);
#8573 = EDGE_CURVE('',#8564,#8542,#8574,.T.);
#8574 = LINE('',#8575,#8576);
#8575 = CARTESIAN_POINT('',(12.58,-12.86,4.13));
#8576 = VECTOR('',#8577,1.);
#8577 = DIRECTION('',(0.,0.,-1.));
#8578 = PLANE('',#8579);
#8579 = AXIS2_PLACEMENT_3D('',#8580,#8581,#8582);
#8580 = CARTESIAN_POINT('',(12.5,-12.94,4.13));
#8581 = DIRECTION('',(-0.707106781187,0.707106781187,1.735167508357E-18)
  );
#8582 = DIRECTION('',(1.226948711654E-18,-1.226948711654E-18,1.));
#8583 = ADVANCED_FACE('',(#8584),#8602,.T.);
#8584 = FACE_BOUND('',#8585,.T.);
#8585 = EDGE_LOOP('',(#8586,#8594,#8595,#8596));
#8586 = ORIENTED_EDGE('',*,*,#8587,.F.);
#8587 = EDGE_CURVE('',#6080,#8588,#8590,.T.);
#8588 = VERTEX_POINT('',#8589);
#8589 = CARTESIAN_POINT('',(12.58,-12.54,3.97));
#8590 = LINE('',#8591,#8592);
#8591 = CARTESIAN_POINT('',(12.473333333333,-12.43333333333,
    4.076666666667));
#8592 = VECTOR('',#8593,1.);
#8593 = DIRECTION('',(0.57735026919,-0.57735026919,-0.57735026919));
#8594 = ORIENTED_EDGE('',*,*,#6089,.T.);
#8595 = ORIENTED_EDGE('',*,*,#8563,.T.);
#8596 = ORIENTED_EDGE('',*,*,#8597,.F.);
#8597 = EDGE_CURVE('',#8588,#8564,#8598,.T.);
#8598 = LINE('',#8599,#8600);
#8599 = CARTESIAN_POINT('',(12.58,-12.38,3.97));
#8600 = VECTOR('',#8601,1.);
#8601 = DIRECTION('',(0.,-1.,0.));
#8602 = PLANE('',#8603);
#8603 = AXIS2_PLACEMENT_3D('',#8604,#8605,#8606);
#8604 = CARTESIAN_POINT('',(12.5,-12.38,4.05));
#8605 = DIRECTION('',(0.707106781187,0.,0.707106781187));
#8606 = DIRECTION('',(0.,-1.,0.));
#8607 = ADVANCED_FACE('',(#8608),#8619,.T.);
#8608 = FACE_BOUND('',#8609,.F.);
#8609 = EDGE_LOOP('',(#8610,#8611,#8612,#8613));
#8610 = ORIENTED_EDGE('',*,*,#8587,.F.);
#8611 = ORIENTED_EDGE('',*,*,#6105,.T.);
#8612 = ORIENTED_EDGE('',*,*,#8532,.T.);
#8613 = ORIENTED_EDGE('',*,*,#8614,.F.);
#8614 = EDGE_CURVE('',#8588,#8533,#8615,.T.);
#8615 = LINE('',#8616,#8617);
#8616 = CARTESIAN_POINT('',(12.58,-12.54,4.13));
#8617 = VECTOR('',#8618,1.);
#8618 = DIRECTION('',(0.,0.,-1.));
#8619 = PLANE('',#8620);
#8620 = AXIS2_PLACEMENT_3D('',#8621,#8622,#8623);
#8621 = CARTESIAN_POINT('',(12.5,-12.46,4.13));
#8622 = DIRECTION('',(0.707106781187,0.707106781187,-1.735167508357E-18)
  );
#8623 = DIRECTION('',(1.226948711654E-18,1.226948711654E-18,1.));
#8624 = ADVANCED_FACE('',(#8625),#8650,.T.);
#8625 = FACE_BOUND('',#8626,.T.);
#8626 = EDGE_LOOP('',(#8627,#8635,#8636,#8644));
#8627 = ORIENTED_EDGE('',*,*,#8628,.F.);
#8628 = EDGE_CURVE('',#6121,#8629,#8631,.T.);
#8629 = VERTEX_POINT('',#8630);
#8630 = CARTESIAN_POINT('',(12.58,-10.,1.43));
#8631 = LINE('',#8632,#8633);
#8632 = CARTESIAN_POINT('',(12.473333333333,-9.893333333333,
    1.536666666667));
#8633 = VECTOR('',#8634,1.);
#8634 = DIRECTION('',(0.57735026919,-0.57735026919,-0.57735026919));
#8635 = ORIENTED_EDGE('',*,*,#6137,.T.);
#8636 = ORIENTED_EDGE('',*,*,#8637,.T.);
#8637 = EDGE_CURVE('',#6130,#8638,#8640,.T.);
#8638 = VERTEX_POINT('',#8639);
#8639 = CARTESIAN_POINT('',(12.58,-10.32,1.43));
#8640 = LINE('',#8641,#8642);
#8641 = CARTESIAN_POINT('',(12.58,-10.32,1.43));
#8642 = VECTOR('',#8643,1.);
#8643 = DIRECTION('',(0.57735026919,0.57735026919,-0.57735026919));
#8644 = ORIENTED_EDGE('',*,*,#8645,.F.);
#8645 = EDGE_CURVE('',#8629,#8638,#8646,.T.);
#8646 = LINE('',#8647,#8648);
#8647 = CARTESIAN_POINT('',(12.58,-9.84,1.43));
#8648 = VECTOR('',#8649,1.);
#8649 = DIRECTION('',(0.,-1.,0.));
#8650 = PLANE('',#8651);
#8651 = AXIS2_PLACEMENT_3D('',#8652,#8653,#8654);
#8652 = CARTESIAN_POINT('',(12.5,-9.84,1.51));
#8653 = DIRECTION('',(0.707106781187,-1.735167508357E-18,0.707106781187)
  );
#8654 = DIRECTION('',(-1.226948711654E-18,-1.,-1.226948711654E-18));
#8655 = ADVANCED_FACE('',(#8656),#8674,.T.);
#8656 = FACE_BOUND('',#8657,.F.);
#8657 = EDGE_LOOP('',(#8658,#8659,#8660,#8668));
#8658 = ORIENTED_EDGE('',*,*,#8628,.F.);
#8659 = ORIENTED_EDGE('',*,*,#6153,.T.);
#8660 = ORIENTED_EDGE('',*,*,#8661,.T.);
#8661 = EDGE_CURVE('',#6154,#8662,#8664,.T.);
#8662 = VERTEX_POINT('',#8663);
#8663 = CARTESIAN_POINT('',(12.58,-10.,1.11));
#8664 = LINE('',#8665,#8666);
#8665 = CARTESIAN_POINT('',(12.58,-10.,1.11));
#8666 = VECTOR('',#8667,1.);
#8667 = DIRECTION('',(0.57735026919,-0.57735026919,0.57735026919));
#8668 = ORIENTED_EDGE('',*,*,#8669,.F.);
#8669 = EDGE_CURVE('',#8629,#8662,#8670,.T.);
#8670 = LINE('',#8671,#8672);
#8671 = CARTESIAN_POINT('',(12.58,-10.,1.59));
#8672 = VECTOR('',#8673,1.);
#8673 = DIRECTION('',(0.,0.,-1.));
#8674 = PLANE('',#8675);
#8675 = AXIS2_PLACEMENT_3D('',#8676,#8677,#8678);
#8676 = CARTESIAN_POINT('',(12.5,-9.92,1.59));
#8677 = DIRECTION('',(0.707106781187,0.707106781187,-1.735167508357E-18)
  );
#8678 = DIRECTION('',(1.226948711654E-18,1.226948711654E-18,1.));
#8679 = ADVANCED_FACE('',(#8680),#8698,.T.);
#8680 = FACE_BOUND('',#8681,.F.);
#8681 = EDGE_LOOP('',(#8682,#8683,#8684,#8692));
#8682 = ORIENTED_EDGE('',*,*,#8661,.F.);
#8683 = ORIENTED_EDGE('',*,*,#6176,.T.);
#8684 = ORIENTED_EDGE('',*,*,#8685,.T.);
#8685 = EDGE_CURVE('',#6177,#8686,#8688,.T.);
#8686 = VERTEX_POINT('',#8687);
#8687 = CARTESIAN_POINT('',(12.58,-10.32,1.11));
#8688 = LINE('',#8689,#8690);
#8689 = CARTESIAN_POINT('',(12.686666666667,-10.21333333333,
    1.216666666667));
#8690 = VECTOR('',#8691,1.);
#8691 = DIRECTION('',(0.57735026919,0.57735026919,0.57735026919));
#8692 = ORIENTED_EDGE('',*,*,#8693,.F.);
#8693 = EDGE_CURVE('',#8662,#8686,#8694,.T.);
#8694 = LINE('',#8695,#8696);
#8695 = CARTESIAN_POINT('',(12.58,-9.84,1.11));
#8696 = VECTOR('',#8697,1.);
#8697 = DIRECTION('',(0.,-1.,0.));
#8698 = PLANE('',#8699);
#8699 = AXIS2_PLACEMENT_3D('',#8700,#8701,#8702);
#8700 = CARTESIAN_POINT('',(12.5,-9.84,1.03));
#8701 = DIRECTION('',(0.707106781187,0.,-0.707106781187));
#8702 = DIRECTION('',(0.,1.,0.));
#8703 = ADVANCED_FACE('',(#8704),#8715,.F.);
#8704 = FACE_BOUND('',#8705,.T.);
#8705 = EDGE_LOOP('',(#8706,#8707,#8708,#8709));
#8706 = ORIENTED_EDGE('',*,*,#8637,.F.);
#8707 = ORIENTED_EDGE('',*,*,#6201,.T.);
#8708 = ORIENTED_EDGE('',*,*,#8685,.T.);
#8709 = ORIENTED_EDGE('',*,*,#8710,.F.);
#8710 = EDGE_CURVE('',#8638,#8686,#8711,.T.);
#8711 = LINE('',#8712,#8713);
#8712 = CARTESIAN_POINT('',(12.58,-10.32,1.59));
#8713 = VECTOR('',#8714,1.);
#8714 = DIRECTION('',(0.,0.,-1.));
#8715 = PLANE('',#8716);
#8716 = AXIS2_PLACEMENT_3D('',#8717,#8718,#8719);
#8717 = CARTESIAN_POINT('',(12.5,-10.4,1.59));
#8718 = DIRECTION('',(-0.707106781187,0.707106781187,1.735167508357E-18)
  );
#8719 = DIRECTION('',(1.226948711654E-18,-1.226948711654E-18,1.));
#8720 = ADVANCED_FACE('',(#8721),#8746,.T.);
#8721 = FACE_BOUND('',#8722,.T.);
#8722 = EDGE_LOOP('',(#8723,#8731,#8732,#8740));
#8723 = ORIENTED_EDGE('',*,*,#8724,.F.);
#8724 = EDGE_CURVE('',#6217,#8725,#8727,.T.);
#8725 = VERTEX_POINT('',#8726);
#8726 = CARTESIAN_POINT('',(12.58,-7.46,1.43));
#8727 = LINE('',#8728,#8729);
#8728 = CARTESIAN_POINT('',(12.473333333333,-7.353333333333,
    1.536666666667));
#8729 = VECTOR('',#8730,1.);
#8730 = DIRECTION('',(0.57735026919,-0.57735026919,-0.57735026919));
#8731 = ORIENTED_EDGE('',*,*,#6233,.T.);
#8732 = ORIENTED_EDGE('',*,*,#8733,.T.);
#8733 = EDGE_CURVE('',#6226,#8734,#8736,.T.);
#8734 = VERTEX_POINT('',#8735);
#8735 = CARTESIAN_POINT('',(12.58,-7.78,1.43));
#8736 = LINE('',#8737,#8738);
#8737 = CARTESIAN_POINT('',(12.58,-7.78,1.43));
#8738 = VECTOR('',#8739,1.);
#8739 = DIRECTION('',(0.57735026919,0.57735026919,-0.57735026919));
#8740 = ORIENTED_EDGE('',*,*,#8741,.F.);
#8741 = EDGE_CURVE('',#8725,#8734,#8742,.T.);
#8742 = LINE('',#8743,#8744);
#8743 = CARTESIAN_POINT('',(12.58,-7.3,1.43));
#8744 = VECTOR('',#8745,1.);
#8745 = DIRECTION('',(0.,-1.,0.));
#8746 = PLANE('',#8747);
#8747 = AXIS2_PLACEMENT_3D('',#8748,#8749,#8750);
#8748 = CARTESIAN_POINT('',(12.5,-7.3,1.51));
#8749 = DIRECTION('',(0.707106781187,-1.735167508357E-18,0.707106781187)
  );
#8750 = DIRECTION('',(-1.226948711654E-18,-1.,-1.226948711654E-18));
#8751 = ADVANCED_FACE('',(#8752),#8770,.T.);
#8752 = FACE_BOUND('',#8753,.F.);
#8753 = EDGE_LOOP('',(#8754,#8755,#8756,#8764));
#8754 = ORIENTED_EDGE('',*,*,#8724,.F.);
#8755 = ORIENTED_EDGE('',*,*,#6249,.T.);
#8756 = ORIENTED_EDGE('',*,*,#8757,.T.);
#8757 = EDGE_CURVE('',#6250,#8758,#8760,.T.);
#8758 = VERTEX_POINT('',#8759);
#8759 = CARTESIAN_POINT('',(12.58,-7.46,1.11));
#8760 = LINE('',#8761,#8762);
#8761 = CARTESIAN_POINT('',(12.58,-7.46,1.11));
#8762 = VECTOR('',#8763,1.);
#8763 = DIRECTION('',(0.57735026919,-0.57735026919,0.57735026919));
#8764 = ORIENTED_EDGE('',*,*,#8765,.F.);
#8765 = EDGE_CURVE('',#8725,#8758,#8766,.T.);
#8766 = LINE('',#8767,#8768);
#8767 = CARTESIAN_POINT('',(12.58,-7.46,1.59));
#8768 = VECTOR('',#8769,1.);
#8769 = DIRECTION('',(0.,0.,-1.));
#8770 = PLANE('',#8771);
#8771 = AXIS2_PLACEMENT_3D('',#8772,#8773,#8774);
#8772 = CARTESIAN_POINT('',(12.5,-7.38,1.59));
#8773 = DIRECTION('',(0.707106781187,0.707106781187,-1.735167508357E-18)
  );
#8774 = DIRECTION('',(1.226948711654E-18,1.226948711654E-18,1.));
#8775 = ADVANCED_FACE('',(#8776),#8794,.T.);
#8776 = FACE_BOUND('',#8777,.F.);
#8777 = EDGE_LOOP('',(#8778,#8779,#8780,#8788));
#8778 = ORIENTED_EDGE('',*,*,#8757,.F.);
#8779 = ORIENTED_EDGE('',*,*,#6272,.T.);
#8780 = ORIENTED_EDGE('',*,*,#8781,.T.);
#8781 = EDGE_CURVE('',#6273,#8782,#8784,.T.);
#8782 = VERTEX_POINT('',#8783);
#8783 = CARTESIAN_POINT('',(12.58,-7.78,1.11));
#8784 = LINE('',#8785,#8786);
#8785 = CARTESIAN_POINT('',(12.686666666667,-7.673333333333,
    1.216666666667));
#8786 = VECTOR('',#8787,1.);
#8787 = DIRECTION('',(0.57735026919,0.57735026919,0.57735026919));
#8788 = ORIENTED_EDGE('',*,*,#8789,.F.);
#8789 = EDGE_CURVE('',#8758,#8782,#8790,.T.);
#8790 = LINE('',#8791,#8792);
#8791 = CARTESIAN_POINT('',(12.58,-7.3,1.11));
#8792 = VECTOR('',#8793,1.);
#8793 = DIRECTION('',(0.,-1.,0.));
#8794 = PLANE('',#8795);
#8795 = AXIS2_PLACEMENT_3D('',#8796,#8797,#8798);
#8796 = CARTESIAN_POINT('',(12.5,-7.3,1.03));
#8797 = DIRECTION('',(0.707106781187,0.,-0.707106781187));
#8798 = DIRECTION('',(0.,1.,0.));
#8799 = ADVANCED_FACE('',(#8800),#8811,.F.);
#8800 = FACE_BOUND('',#8801,.T.);
#8801 = EDGE_LOOP('',(#8802,#8803,#8804,#8805));
#8802 = ORIENTED_EDGE('',*,*,#8733,.F.);
#8803 = ORIENTED_EDGE('',*,*,#6297,.T.);
#8804 = ORIENTED_EDGE('',*,*,#8781,.T.);
#8805 = ORIENTED_EDGE('',*,*,#8806,.F.);
#8806 = EDGE_CURVE('',#8734,#8782,#8807,.T.);
#8807 = LINE('',#8808,#8809);
#8808 = CARTESIAN_POINT('',(12.58,-7.78,1.59));
#8809 = VECTOR('',#8810,1.);
#8810 = DIRECTION('',(0.,0.,-1.));
#8811 = PLANE('',#8812);
#8812 = AXIS2_PLACEMENT_3D('',#8813,#8814,#8815);
#8813 = CARTESIAN_POINT('',(12.5,-7.86,1.59));
#8814 = DIRECTION('',(-0.707106781187,0.707106781187,1.735167508357E-18)
  );
#8815 = DIRECTION('',(1.226948711654E-18,-1.226948711654E-18,1.));
#8816 = ADVANCED_FACE('',(#8817),#8842,.T.);
#8817 = FACE_BOUND('',#8818,.T.);
#8818 = EDGE_LOOP('',(#8819,#8827,#8828,#8836));
#8819 = ORIENTED_EDGE('',*,*,#8820,.F.);
#8820 = EDGE_CURVE('',#6313,#8821,#8823,.T.);
#8821 = VERTEX_POINT('',#8822);
#8822 = CARTESIAN_POINT('',(12.58,-2.38,1.43));
#8823 = LINE('',#8824,#8825);
#8824 = CARTESIAN_POINT('',(12.473333333333,-2.273333333333,
    1.536666666667));
#8825 = VECTOR('',#8826,1.);
#8826 = DIRECTION('',(0.57735026919,-0.57735026919,-0.57735026919));
#8827 = ORIENTED_EDGE('',*,*,#6329,.T.);
#8828 = ORIENTED_EDGE('',*,*,#8829,.T.);
#8829 = EDGE_CURVE('',#6322,#8830,#8832,.T.);
#8830 = VERTEX_POINT('',#8831);
#8831 = CARTESIAN_POINT('',(12.58,-2.7,1.43));
#8832 = LINE('',#8833,#8834);
#8833 = CARTESIAN_POINT('',(12.58,-2.7,1.43));
#8834 = VECTOR('',#8835,1.);
#8835 = DIRECTION('',(0.57735026919,0.57735026919,-0.57735026919));
#8836 = ORIENTED_EDGE('',*,*,#8837,.F.);
#8837 = EDGE_CURVE('',#8821,#8830,#8838,.T.);
#8838 = LINE('',#8839,#8840);
#8839 = CARTESIAN_POINT('',(12.58,-2.22,1.43));
#8840 = VECTOR('',#8841,1.);
#8841 = DIRECTION('',(0.,-1.,0.));
#8842 = PLANE('',#8843);
#8843 = AXIS2_PLACEMENT_3D('',#8844,#8845,#8846);
#8844 = CARTESIAN_POINT('',(12.5,-2.22,1.51));
#8845 = DIRECTION('',(0.707106781187,-1.735167508357E-18,0.707106781187)
  );
#8846 = DIRECTION('',(-1.226948711654E-18,-1.,-1.226948711654E-18));
#8847 = ADVANCED_FACE('',(#8848),#8866,.T.);
#8848 = FACE_BOUND('',#8849,.F.);
#8849 = EDGE_LOOP('',(#8850,#8851,#8852,#8860));
#8850 = ORIENTED_EDGE('',*,*,#8820,.F.);
#8851 = ORIENTED_EDGE('',*,*,#6345,.T.);
#8852 = ORIENTED_EDGE('',*,*,#8853,.T.);
#8853 = EDGE_CURVE('',#6346,#8854,#8856,.T.);
#8854 = VERTEX_POINT('',#8855);
#8855 = CARTESIAN_POINT('',(12.58,-2.38,1.11));
#8856 = LINE('',#8857,#8858);
#8857 = CARTESIAN_POINT('',(12.58,-2.38,1.11));
#8858 = VECTOR('',#8859,1.);
#8859 = DIRECTION('',(0.57735026919,-0.57735026919,0.57735026919));
#8860 = ORIENTED_EDGE('',*,*,#8861,.F.);
#8861 = EDGE_CURVE('',#8821,#8854,#8862,.T.);
#8862 = LINE('',#8863,#8864);
#8863 = CARTESIAN_POINT('',(12.58,-2.38,1.59));
#8864 = VECTOR('',#8865,1.);
#8865 = DIRECTION('',(0.,0.,-1.));
#8866 = PLANE('',#8867);
#8867 = AXIS2_PLACEMENT_3D('',#8868,#8869,#8870);
#8868 = CARTESIAN_POINT('',(12.5,-2.3,1.59));
#8869 = DIRECTION('',(0.707106781187,0.707106781187,-1.735167508357E-18)
  );
#8870 = DIRECTION('',(1.226948711654E-18,1.226948711654E-18,1.));
#8871 = ADVANCED_FACE('',(#8872),#8890,.T.);
#8872 = FACE_BOUND('',#8873,.F.);
#8873 = EDGE_LOOP('',(#8874,#8875,#8876,#8884));
#8874 = ORIENTED_EDGE('',*,*,#8853,.F.);
#8875 = ORIENTED_EDGE('',*,*,#6368,.T.);
#8876 = ORIENTED_EDGE('',*,*,#8877,.T.);
#8877 = EDGE_CURVE('',#6369,#8878,#8880,.T.);
#8878 = VERTEX_POINT('',#8879);
#8879 = CARTESIAN_POINT('',(12.58,-2.7,1.11));
#8880 = LINE('',#8881,#8882);
#8881 = CARTESIAN_POINT('',(12.686666666667,-2.593333333333,
    1.216666666667));
#8882 = VECTOR('',#8883,1.);
#8883 = DIRECTION('',(0.57735026919,0.57735026919,0.57735026919));
#8884 = ORIENTED_EDGE('',*,*,#8885,.F.);
#8885 = EDGE_CURVE('',#8854,#8878,#8886,.T.);
#8886 = LINE('',#8887,#8888);
#8887 = CARTESIAN_POINT('',(12.58,-2.22,1.11));
#8888 = VECTOR('',#8889,1.);
#8889 = DIRECTION('',(0.,-1.,0.));
#8890 = PLANE('',#8891);
#8891 = AXIS2_PLACEMENT_3D('',#8892,#8893,#8894);
#8892 = CARTESIAN_POINT('',(12.5,-2.22,1.03));
#8893 = DIRECTION('',(0.707106781187,0.,-0.707106781187));
#8894 = DIRECTION('',(0.,1.,0.));
#8895 = ADVANCED_FACE('',(#8896),#8907,.F.);
#8896 = FACE_BOUND('',#8897,.T.);
#8897 = EDGE_LOOP('',(#8898,#8899,#8900,#8901));
#8898 = ORIENTED_EDGE('',*,*,#8829,.F.);
#8899 = ORIENTED_EDGE('',*,*,#6393,.T.);
#8900 = ORIENTED_EDGE('',*,*,#8877,.T.);
#8901 = ORIENTED_EDGE('',*,*,#8902,.F.);
#8902 = EDGE_CURVE('',#8830,#8878,#8903,.T.);
#8903 = LINE('',#8904,#8905);
#8904 = CARTESIAN_POINT('',(12.58,-2.7,1.59));
#8905 = VECTOR('',#8906,1.);
#8906 = DIRECTION('',(0.,0.,-1.));
#8907 = PLANE('',#8908);
#8908 = AXIS2_PLACEMENT_3D('',#8909,#8910,#8911);
#8909 = CARTESIAN_POINT('',(12.5,-2.78,1.59));
#8910 = DIRECTION('',(-0.707106781187,0.707106781187,1.735167508357E-18)
  );
#8911 = DIRECTION('',(1.226948711654E-18,-1.226948711654E-18,1.));
#8912 = ADVANCED_FACE('',(#8913),#8938,.T.);
#8913 = FACE_BOUND('',#8914,.F.);
#8914 = EDGE_LOOP('',(#8915,#8923,#8924,#8932));
#8915 = ORIENTED_EDGE('',*,*,#8916,.F.);
#8916 = EDGE_CURVE('',#6410,#8917,#8919,.T.);
#8917 = VERTEX_POINT('',#8918);
#8918 = CARTESIAN_POINT('',(12.58,-4.92,1.43));
#8919 = LINE('',#8920,#8921);
#8920 = CARTESIAN_POINT('',(12.473333333333,-4.813333333333,
    1.536666666667));
#8921 = VECTOR('',#8922,1.);
#8922 = DIRECTION('',(0.57735026919,-0.57735026919,-0.57735026919));
#8923 = ORIENTED_EDGE('',*,*,#6417,.T.);
#8924 = ORIENTED_EDGE('',*,*,#8925,.T.);
#8925 = EDGE_CURVE('',#6418,#8926,#8928,.T.);
#8926 = VERTEX_POINT('',#8927);
#8927 = CARTESIAN_POINT('',(12.58,-4.92,1.11));
#8928 = LINE('',#8929,#8930);
#8929 = CARTESIAN_POINT('',(12.58,-4.92,1.11));
#8930 = VECTOR('',#8931,1.);
#8931 = DIRECTION('',(0.57735026919,-0.57735026919,0.57735026919));
#8932 = ORIENTED_EDGE('',*,*,#8933,.F.);
#8933 = EDGE_CURVE('',#8917,#8926,#8934,.T.);
#8934 = LINE('',#8935,#8936);
#8935 = CARTESIAN_POINT('',(12.58,-4.92,1.59));
#8936 = VECTOR('',#8937,1.);
#8937 = DIRECTION('',(0.,0.,-1.));
#8938 = PLANE('',#8939);
#8939 = AXIS2_PLACEMENT_3D('',#8940,#8941,#8942);
#8940 = CARTESIAN_POINT('',(12.5,-4.84,1.59));
#8941 = DIRECTION('',(0.707106781187,0.707106781187,-1.735167508357E-18)
  );
#8942 = DIRECTION('',(1.226948711654E-18,1.226948711654E-18,1.));
#8943 = ADVANCED_FACE('',(#8944),#8962,.T.);
#8944 = FACE_BOUND('',#8945,.F.);
#8945 = EDGE_LOOP('',(#8946,#8947,#8948,#8956));
#8946 = ORIENTED_EDGE('',*,*,#8925,.F.);
#8947 = ORIENTED_EDGE('',*,*,#6440,.T.);
#8948 = ORIENTED_EDGE('',*,*,#8949,.T.);
#8949 = EDGE_CURVE('',#6441,#8950,#8952,.T.);
#8950 = VERTEX_POINT('',#8951);
#8951 = CARTESIAN_POINT('',(12.58,-5.24,1.11));
#8952 = LINE('',#8953,#8954);
#8953 = CARTESIAN_POINT('',(12.686666666667,-5.133333333333,
    1.216666666667));
#8954 = VECTOR('',#8955,1.);
#8955 = DIRECTION('',(0.57735026919,0.57735026919,0.57735026919));
#8956 = ORIENTED_EDGE('',*,*,#8957,.F.);
#8957 = EDGE_CURVE('',#8926,#8950,#8958,.T.);
#8958 = LINE('',#8959,#8960);
#8959 = CARTESIAN_POINT('',(12.58,-4.76,1.11));
#8960 = VECTOR('',#8961,1.);
#8961 = DIRECTION('',(0.,-1.,0.));
#8962 = PLANE('',#8963);
#8963 = AXIS2_PLACEMENT_3D('',#8964,#8965,#8966);
#8964 = CARTESIAN_POINT('',(12.5,-4.76,1.03));
#8965 = DIRECTION('',(0.707106781187,0.,-0.707106781187));
#8966 = DIRECTION('',(0.,1.,0.));
#8967 = ADVANCED_FACE('',(#8968),#8986,.F.);
#8968 = FACE_BOUND('',#8969,.T.);
#8969 = EDGE_LOOP('',(#8970,#8978,#8979,#8980));
#8970 = ORIENTED_EDGE('',*,*,#8971,.F.);
#8971 = EDGE_CURVE('',#6465,#8972,#8974,.T.);
#8972 = VERTEX_POINT('',#8973);
#8973 = CARTESIAN_POINT('',(12.58,-5.24,1.43));
#8974 = LINE('',#8975,#8976);
#8975 = CARTESIAN_POINT('',(12.58,-5.24,1.43));
#8976 = VECTOR('',#8977,1.);
#8977 = DIRECTION('',(0.57735026919,0.57735026919,-0.57735026919));
#8978 = ORIENTED_EDGE('',*,*,#6472,.T.);
#8979 = ORIENTED_EDGE('',*,*,#8949,.T.);
#8980 = ORIENTED_EDGE('',*,*,#8981,.F.);
#8981 = EDGE_CURVE('',#8972,#8950,#8982,.T.);
#8982 = LINE('',#8983,#8984);
#8983 = CARTESIAN_POINT('',(12.58,-5.24,1.59));
#8984 = VECTOR('',#8985,1.);
#8985 = DIRECTION('',(0.,0.,-1.));
#8986 = PLANE('',#8987);
#8987 = AXIS2_PLACEMENT_3D('',#8988,#8989,#8990);
#8988 = CARTESIAN_POINT('',(12.5,-5.32,1.59));
#8989 = DIRECTION('',(-0.707106781187,0.707106781187,1.735167508357E-18)
  );
#8990 = DIRECTION('',(1.226948711654E-18,-1.226948711654E-18,1.));
#8991 = ADVANCED_FACE('',(#8992),#9003,.T.);
#8992 = FACE_BOUND('',#8993,.T.);
#8993 = EDGE_LOOP('',(#8994,#8995,#8996,#8997));
#8994 = ORIENTED_EDGE('',*,*,#8916,.F.);
#8995 = ORIENTED_EDGE('',*,*,#6490,.T.);
#8996 = ORIENTED_EDGE('',*,*,#8971,.T.);
#8997 = ORIENTED_EDGE('',*,*,#8998,.F.);
#8998 = EDGE_CURVE('',#8917,#8972,#8999,.T.);
#8999 = LINE('',#9000,#9001);
#9000 = CARTESIAN_POINT('',(12.58,-4.76,1.43));
#9001 = VECTOR('',#9002,1.);
#9002 = DIRECTION('',(0.,-1.,0.));
#9003 = PLANE('',#9004);
#9004 = AXIS2_PLACEMENT_3D('',#9005,#9006,#9007);
#9005 = CARTESIAN_POINT('',(12.5,-4.76,1.51));
#9006 = DIRECTION('',(0.707106781187,-1.735167508357E-18,0.707106781187)
  );
#9007 = DIRECTION('',(-1.226948711654E-18,-1.,-1.226948711654E-18));
#9008 = ADVANCED_FACE('',(#9009),#9034,.T.);
#9009 = FACE_BOUND('',#9010,.F.);
#9010 = EDGE_LOOP('',(#9011,#9019,#9020,#9028));
#9011 = ORIENTED_EDGE('',*,*,#9012,.F.);
#9012 = EDGE_CURVE('',#6506,#9013,#9015,.T.);
#9013 = VERTEX_POINT('',#9014);
#9014 = CARTESIAN_POINT('',(12.58,-12.54,1.43));
#9015 = LINE('',#9016,#9017);
#9016 = CARTESIAN_POINT('',(12.473333333333,-12.43333333333,
    1.536666666667));
#9017 = VECTOR('',#9018,1.);
#9018 = DIRECTION('',(0.57735026919,-0.57735026919,-0.57735026919));
#9019 = ORIENTED_EDGE('',*,*,#6513,.T.);
#9020 = ORIENTED_EDGE('',*,*,#9021,.T.);
#9021 = EDGE_CURVE('',#6514,#9022,#9024,.T.);
#9022 = VERTEX_POINT('',#9023);
#9023 = CARTESIAN_POINT('',(12.58,-12.54,1.11));
#9024 = LINE('',#9025,#9026);
#9025 = CARTESIAN_POINT('',(12.58,-12.54,1.11));
#9026 = VECTOR('',#9027,1.);
#9027 = DIRECTION('',(0.57735026919,-0.57735026919,0.57735026919));
#9028 = ORIENTED_EDGE('',*,*,#9029,.F.);
#9029 = EDGE_CURVE('',#9013,#9022,#9030,.T.);
#9030 = LINE('',#9031,#9032);
#9031 = CARTESIAN_POINT('',(12.58,-12.54,1.59));
#9032 = VECTOR('',#9033,1.);
#9033 = DIRECTION('',(0.,0.,-1.));
#9034 = PLANE('',#9035);
#9035 = AXIS2_PLACEMENT_3D('',#9036,#9037,#9038);
#9036 = CARTESIAN_POINT('',(12.5,-12.46,1.59));
#9037 = DIRECTION('',(0.707106781187,0.707106781187,-1.735167508357E-18)
  );
#9038 = DIRECTION('',(1.226948711654E-18,1.226948711654E-18,1.));
#9039 = ADVANCED_FACE('',(#9040),#9058,.T.);
#9040 = FACE_BOUND('',#9041,.F.);
#9041 = EDGE_LOOP('',(#9042,#9043,#9044,#9052));
#9042 = ORIENTED_EDGE('',*,*,#9021,.F.);
#9043 = ORIENTED_EDGE('',*,*,#6536,.T.);
#9044 = ORIENTED_EDGE('',*,*,#9045,.T.);
#9045 = EDGE_CURVE('',#6537,#9046,#9048,.T.);
#9046 = VERTEX_POINT('',#9047);
#9047 = CARTESIAN_POINT('',(12.58,-12.86,1.11));
#9048 = LINE('',#9049,#9050);
#9049 = CARTESIAN_POINT('',(12.686666666667,-12.75333333333,
    1.216666666667));
#9050 = VECTOR('',#9051,1.);
#9051 = DIRECTION('',(0.57735026919,0.57735026919,0.57735026919));
#9052 = ORIENTED_EDGE('',*,*,#9053,.F.);
#9053 = EDGE_CURVE('',#9022,#9046,#9054,.T.);
#9054 = LINE('',#9055,#9056);
#9055 = CARTESIAN_POINT('',(12.58,-12.38,1.11));
#9056 = VECTOR('',#9057,1.);
#9057 = DIRECTION('',(0.,-1.,0.));
#9058 = PLANE('',#9059);
#9059 = AXIS2_PLACEMENT_3D('',#9060,#9061,#9062);
#9060 = CARTESIAN_POINT('',(12.5,-12.38,1.03));
#9061 = DIRECTION('',(0.707106781187,0.,-0.707106781187));
#9062 = DIRECTION('',(0.,1.,0.));
#9063 = ADVANCED_FACE('',(#9064),#9082,.F.);
#9064 = FACE_BOUND('',#9065,.T.);
#9065 = EDGE_LOOP('',(#9066,#9074,#9075,#9076));
#9066 = ORIENTED_EDGE('',*,*,#9067,.F.);
#9067 = EDGE_CURVE('',#6561,#9068,#9070,.T.);
#9068 = VERTEX_POINT('',#9069);
#9069 = CARTESIAN_POINT('',(12.58,-12.86,1.43));
#9070 = LINE('',#9071,#9072);
#9071 = CARTESIAN_POINT('',(12.58,-12.86,1.43));
#9072 = VECTOR('',#9073,1.);
#9073 = DIRECTION('',(0.57735026919,0.57735026919,-0.57735026919));
#9074 = ORIENTED_EDGE('',*,*,#6568,.T.);
#9075 = ORIENTED_EDGE('',*,*,#9045,.T.);
#9076 = ORIENTED_EDGE('',*,*,#9077,.F.);
#9077 = EDGE_CURVE('',#9068,#9046,#9078,.T.);
#9078 = LINE('',#9079,#9080);
#9079 = CARTESIAN_POINT('',(12.58,-12.86,1.59));
#9080 = VECTOR('',#9081,1.);
#9081 = DIRECTION('',(0.,0.,-1.));
#9082 = PLANE('',#9083);
#9083 = AXIS2_PLACEMENT_3D('',#9084,#9085,#9086);
#9084 = CARTESIAN_POINT('',(12.5,-12.94,1.59));
#9085 = DIRECTION('',(-0.707106781187,0.707106781187,1.735167508357E-18)
  );
#9086 = DIRECTION('',(1.226948711654E-18,-1.226948711654E-18,1.));
#9087 = ADVANCED_FACE('',(#9088),#9099,.T.);
#9088 = FACE_BOUND('',#9089,.T.);
#9089 = EDGE_LOOP('',(#9090,#9091,#9092,#9093));
#9090 = ORIENTED_EDGE('',*,*,#9012,.F.);
#9091 = ORIENTED_EDGE('',*,*,#6586,.T.);
#9092 = ORIENTED_EDGE('',*,*,#9067,.T.);
#9093 = ORIENTED_EDGE('',*,*,#9094,.F.);
#9094 = EDGE_CURVE('',#9013,#9068,#9095,.T.);
#9095 = LINE('',#9096,#9097);
#9096 = CARTESIAN_POINT('',(12.58,-12.38,1.43));
#9097 = VECTOR('',#9098,1.);
#9098 = DIRECTION('',(0.,-1.,0.));
#9099 = PLANE('',#9100);
#9100 = AXIS2_PLACEMENT_3D('',#9101,#9102,#9103);
#9101 = CARTESIAN_POINT('',(12.5,-12.38,1.51));
#9102 = DIRECTION('',(0.707106781187,-1.735167508357E-18,0.707106781187)
  );
#9103 = DIRECTION('',(-1.226948711654E-18,-1.,-1.226948711654E-18));
#9104 = ADVANCED_FACE('',(#9105),#9130,.T.);
#9105 = FACE_BOUND('',#9106,.F.);
#9106 = EDGE_LOOP('',(#9107,#9115,#9116,#9124));
#9107 = ORIENTED_EDGE('',*,*,#9108,.F.);
#9108 = EDGE_CURVE('',#6602,#9109,#9111,.T.);
#9109 = VERTEX_POINT('',#9110);
#9110 = CARTESIAN_POINT('',(12.58,0.16,3.97));
#9111 = LINE('',#9112,#9113);
#9112 = CARTESIAN_POINT('',(12.473333333333,0.266666666667,
    4.076666666667));
#9113 = VECTOR('',#9114,1.);
#9114 = DIRECTION('',(0.57735026919,-0.57735026919,-0.57735026919));
#9115 = ORIENTED_EDGE('',*,*,#6609,.T.);
#9116 = ORIENTED_EDGE('',*,*,#9117,.T.);
#9117 = EDGE_CURVE('',#6610,#9118,#9120,.T.);
#9118 = VERTEX_POINT('',#9119);
#9119 = CARTESIAN_POINT('',(12.58,0.16,3.65));
#9120 = LINE('',#9121,#9122);
#9121 = CARTESIAN_POINT('',(12.58,0.16,3.65));
#9122 = VECTOR('',#9123,1.);
#9123 = DIRECTION('',(0.57735026919,-0.57735026919,0.57735026919));
#9124 = ORIENTED_EDGE('',*,*,#9125,.F.);
#9125 = EDGE_CURVE('',#9109,#9118,#9126,.T.);
#9126 = LINE('',#9127,#9128);
#9127 = CARTESIAN_POINT('',(12.58,0.16,4.13));
#9128 = VECTOR('',#9129,1.);
#9129 = DIRECTION('',(0.,0.,-1.));
#9130 = PLANE('',#9131);
#9131 = AXIS2_PLACEMENT_3D('',#9132,#9133,#9134);
#9132 = CARTESIAN_POINT('',(12.5,0.24,4.13));
#9133 = DIRECTION('',(0.707106781187,0.707106781187,-1.735167508357E-18)
  );
#9134 = DIRECTION('',(1.226948711654E-18,1.226948711654E-18,1.));
#9135 = ADVANCED_FACE('',(#9136),#9154,.T.);
#9136 = FACE_BOUND('',#9137,.F.);
#9137 = EDGE_LOOP('',(#9138,#9139,#9140,#9148));
#9138 = ORIENTED_EDGE('',*,*,#9117,.F.);
#9139 = ORIENTED_EDGE('',*,*,#6632,.T.);
#9140 = ORIENTED_EDGE('',*,*,#9141,.T.);
#9141 = EDGE_CURVE('',#6633,#9142,#9144,.T.);
#9142 = VERTEX_POINT('',#9143);
#9143 = CARTESIAN_POINT('',(12.58,-0.16,3.65));
#9144 = LINE('',#9145,#9146);
#9145 = CARTESIAN_POINT('',(12.686666666667,-5.333333333334E-02,
    3.756666666667));
#9146 = VECTOR('',#9147,1.);
#9147 = DIRECTION('',(0.57735026919,0.57735026919,0.57735026919));
#9148 = ORIENTED_EDGE('',*,*,#9149,.F.);
#9149 = EDGE_CURVE('',#9118,#9142,#9150,.T.);
#9150 = LINE('',#9151,#9152);
#9151 = CARTESIAN_POINT('',(12.58,0.32,3.65));
#9152 = VECTOR('',#9153,1.);
#9153 = DIRECTION('',(0.,-1.,0.));
#9154 = PLANE('',#9155);
#9155 = AXIS2_PLACEMENT_3D('',#9156,#9157,#9158);
#9156 = CARTESIAN_POINT('',(12.5,0.32,3.57));
#9157 = DIRECTION('',(0.707106781187,0.,-0.707106781187));
#9158 = DIRECTION('',(0.,1.,0.));
#9159 = ADVANCED_FACE('',(#9160),#9178,.F.);
#9160 = FACE_BOUND('',#9161,.T.);
#9161 = EDGE_LOOP('',(#9162,#9170,#9171,#9172));
#9162 = ORIENTED_EDGE('',*,*,#9163,.F.);
#9163 = EDGE_CURVE('',#6657,#9164,#9166,.T.);
#9164 = VERTEX_POINT('',#9165);
#9165 = CARTESIAN_POINT('',(12.58,-0.16,3.97));
#9166 = LINE('',#9167,#9168);
#9167 = CARTESIAN_POINT('',(12.58,-0.16,3.97));
#9168 = VECTOR('',#9169,1.);
#9169 = DIRECTION('',(0.57735026919,0.57735026919,-0.57735026919));
#9170 = ORIENTED_EDGE('',*,*,#6664,.T.);
#9171 = ORIENTED_EDGE('',*,*,#9141,.T.);
#9172 = ORIENTED_EDGE('',*,*,#9173,.F.);
#9173 = EDGE_CURVE('',#9164,#9142,#9174,.T.);
#9174 = LINE('',#9175,#9176);
#9175 = CARTESIAN_POINT('',(12.58,-0.16,4.13));
#9176 = VECTOR('',#9177,1.);
#9177 = DIRECTION('',(0.,0.,-1.));
#9178 = PLANE('',#9179);
#9179 = AXIS2_PLACEMENT_3D('',#9180,#9181,#9182);
#9180 = CARTESIAN_POINT('',(12.5,-0.24,4.13));
#9181 = DIRECTION('',(-0.707106781187,0.707106781187,1.735167508357E-18)
  );
#9182 = DIRECTION('',(1.226948711654E-18,-1.226948711654E-18,1.));
#9183 = ADVANCED_FACE('',(#9184),#9195,.T.);
#9184 = FACE_BOUND('',#9185,.T.);
#9185 = EDGE_LOOP('',(#9186,#9187,#9188,#9189));
#9186 = ORIENTED_EDGE('',*,*,#9108,.F.);
#9187 = ORIENTED_EDGE('',*,*,#6682,.T.);
#9188 = ORIENTED_EDGE('',*,*,#9163,.T.);
#9189 = ORIENTED_EDGE('',*,*,#9190,.F.);
#9190 = EDGE_CURVE('',#9109,#9164,#9191,.T.);
#9191 = LINE('',#9192,#9193);
#9192 = CARTESIAN_POINT('',(12.58,0.32,3.97));
#9193 = VECTOR('',#9194,1.);
#9194 = DIRECTION('',(0.,-1.,0.));
#9195 = PLANE('',#9196);
#9196 = AXIS2_PLACEMENT_3D('',#9197,#9198,#9199);
#9197 = CARTESIAN_POINT('',(12.5,0.32,4.05));
#9198 = DIRECTION('',(0.707106781187,0.,0.707106781187));
#9199 = DIRECTION('',(0.,-1.,0.));
#9200 = ADVANCED_FACE('',(#9201),#9226,.T.);
#9201 = FACE_BOUND('',#9202,.T.);
#9202 = EDGE_LOOP('',(#9203,#9211,#9212,#9220));
#9203 = ORIENTED_EDGE('',*,*,#9204,.F.);
#9204 = EDGE_CURVE('',#6697,#9205,#9207,.T.);
#9205 = VERTEX_POINT('',#9206);
#9206 = CARTESIAN_POINT('',(12.58,0.16,1.43));
#9207 = LINE('',#9208,#9209);
#9208 = CARTESIAN_POINT('',(12.473333333333,0.266666666667,
    1.536666666667));
#9209 = VECTOR('',#9210,1.);
#9210 = DIRECTION('',(0.57735026919,-0.57735026919,-0.57735026919));
#9211 = ORIENTED_EDGE('',*,*,#6713,.T.);
#9212 = ORIENTED_EDGE('',*,*,#9213,.T.);
#9213 = EDGE_CURVE('',#6706,#9214,#9216,.T.);
#9214 = VERTEX_POINT('',#9215);
#9215 = CARTESIAN_POINT('',(12.58,-0.16,1.43));
#9216 = LINE('',#9217,#9218);
#9217 = CARTESIAN_POINT('',(12.58,-0.16,1.43));
#9218 = VECTOR('',#9219,1.);
#9219 = DIRECTION('',(0.57735026919,0.57735026919,-0.57735026919));
#9220 = ORIENTED_EDGE('',*,*,#9221,.F.);
#9221 = EDGE_CURVE('',#9205,#9214,#9222,.T.);
#9222 = LINE('',#9223,#9224);
#9223 = CARTESIAN_POINT('',(12.58,0.32,1.43));
#9224 = VECTOR('',#9225,1.);
#9225 = DIRECTION('',(0.,-1.,0.));
#9226 = PLANE('',#9227);
#9227 = AXIS2_PLACEMENT_3D('',#9228,#9229,#9230);
#9228 = CARTESIAN_POINT('',(12.5,0.32,1.51));
#9229 = DIRECTION('',(0.707106781187,-1.735167508357E-18,0.707106781187)
  );
#9230 = DIRECTION('',(-1.226948711654E-18,-1.,-1.226948711654E-18));
#9231 = ADVANCED_FACE('',(#9232),#9250,.T.);
#9232 = FACE_BOUND('',#9233,.F.);
#9233 = EDGE_LOOP('',(#9234,#9235,#9236,#9244));
#9234 = ORIENTED_EDGE('',*,*,#9204,.F.);
#9235 = ORIENTED_EDGE('',*,*,#6729,.T.);
#9236 = ORIENTED_EDGE('',*,*,#9237,.T.);
#9237 = EDGE_CURVE('',#6730,#9238,#9240,.T.);
#9238 = VERTEX_POINT('',#9239);
#9239 = CARTESIAN_POINT('',(12.58,0.16,1.11));
#9240 = LINE('',#9241,#9242);
#9241 = CARTESIAN_POINT('',(12.58,0.16,1.11));
#9242 = VECTOR('',#9243,1.);
#9243 = DIRECTION('',(0.57735026919,-0.57735026919,0.57735026919));
#9244 = ORIENTED_EDGE('',*,*,#9245,.F.);
#9245 = EDGE_CURVE('',#9205,#9238,#9246,.T.);
#9246 = LINE('',#9247,#9248);
#9247 = CARTESIAN_POINT('',(12.58,0.16,1.59));
#9248 = VECTOR('',#9249,1.);
#9249 = DIRECTION('',(0.,0.,-1.));
#9250 = PLANE('',#9251);
#9251 = AXIS2_PLACEMENT_3D('',#9252,#9253,#9254);
#9252 = CARTESIAN_POINT('',(12.5,0.24,1.59));
#9253 = DIRECTION('',(0.707106781187,0.707106781187,-1.735167508357E-18)
  );
#9254 = DIRECTION('',(1.226948711654E-18,1.226948711654E-18,1.));
#9255 = ADVANCED_FACE('',(#9256),#9274,.T.);
#9256 = FACE_BOUND('',#9257,.F.);
#9257 = EDGE_LOOP('',(#9258,#9259,#9260,#9268));
#9258 = ORIENTED_EDGE('',*,*,#9237,.F.);
#9259 = ORIENTED_EDGE('',*,*,#6752,.T.);
#9260 = ORIENTED_EDGE('',*,*,#9261,.T.);
#9261 = EDGE_CURVE('',#6753,#9262,#9264,.T.);
#9262 = VERTEX_POINT('',#9263);
#9263 = CARTESIAN_POINT('',(12.58,-0.16,1.11));
#9264 = LINE('',#9265,#9266);
#9265 = CARTESIAN_POINT('',(12.686666666667,-5.333333333333E-02,
    1.216666666667));
#9266 = VECTOR('',#9267,1.);
#9267 = DIRECTION('',(0.57735026919,0.57735026919,0.57735026919));
#9268 = ORIENTED_EDGE('',*,*,#9269,.F.);
#9269 = EDGE_CURVE('',#9238,#9262,#9270,.T.);
#9270 = LINE('',#9271,#9272);
#9271 = CARTESIAN_POINT('',(12.58,0.32,1.11));
#9272 = VECTOR('',#9273,1.);
#9273 = DIRECTION('',(0.,-1.,0.));
#9274 = PLANE('',#9275);
#9275 = AXIS2_PLACEMENT_3D('',#9276,#9277,#9278);
#9276 = CARTESIAN_POINT('',(12.5,0.32,1.03));
#9277 = DIRECTION('',(0.707106781187,0.,-0.707106781187));
#9278 = DIRECTION('',(0.,1.,0.));
#9279 = ADVANCED_FACE('',(#9280),#9291,.F.);
#9280 = FACE_BOUND('',#9281,.T.);
#9281 = EDGE_LOOP('',(#9282,#9283,#9284,#9285));
#9282 = ORIENTED_EDGE('',*,*,#9213,.F.);
#9283 = ORIENTED_EDGE('',*,*,#6777,.T.);
#9284 = ORIENTED_EDGE('',*,*,#9261,.T.);
#9285 = ORIENTED_EDGE('',*,*,#9286,.F.);
#9286 = EDGE_CURVE('',#9214,#9262,#9287,.T.);
#9287 = LINE('',#9288,#9289);
#9288 = CARTESIAN_POINT('',(12.58,-0.16,1.59));
#9289 = VECTOR('',#9290,1.);
#9290 = DIRECTION('',(0.,0.,-1.));
#9291 = PLANE('',#9292);
#9292 = AXIS2_PLACEMENT_3D('',#9293,#9294,#9295);
#9293 = CARTESIAN_POINT('',(12.5,-0.24,1.59));
#9294 = DIRECTION('',(-0.707106781187,0.707106781187,1.735167508357E-18)
  );
#9295 = DIRECTION('',(1.226948711654E-18,-1.226948711654E-18,1.));
#9296 = ADVANCED_FACE('',(#9297),#9308,.T.);
#9297 = FACE_BOUND('',#9298,.F.);
#9298 = EDGE_LOOP('',(#9299,#9300,#9301,#9302));
#9299 = ORIENTED_EDGE('',*,*,#6835,.F.);
#9300 = ORIENTED_EDGE('',*,*,#6810,.T.);
#9301 = ORIENTED_EDGE('',*,*,#6890,.F.);
#9302 = ORIENTED_EDGE('',*,*,#9303,.F.);
#9303 = EDGE_CURVE('',#6836,#6883,#9304,.T.);
#9304 = LINE('',#9305,#9306);
#9305 = CARTESIAN_POINT('',(-0.16,-9.84,-3.));
#9306 = VECTOR('',#9307,1.);
#9307 = DIRECTION('',(0.,-1.,0.));
#9308 = PLANE('',#9309);
#9309 = AXIS2_PLACEMENT_3D('',#9310,#9311,#9312);
#9310 = CARTESIAN_POINT('',(-0.24,-9.84,-2.92));
#9311 = DIRECTION('',(-0.707106781187,-1.735167508357E-18,
    -0.707106781187));
#9312 = DIRECTION('',(-1.226948711654E-18,1.,-1.226948711654E-18));
#9313 = ADVANCED_FACE('',(#9314),#9325,.T.);
#9314 = FACE_BOUND('',#9315,.F.);
#9315 = EDGE_LOOP('',(#9316,#9317,#9323,#9324));
#9316 = ORIENTED_EDGE('',*,*,#6826,.F.);
#9317 = ORIENTED_EDGE('',*,*,#9318,.T.);
#9318 = EDGE_CURVE('',#6827,#6875,#9319,.T.);
#9319 = LINE('',#9320,#9321);
#9320 = CARTESIAN_POINT('',(0.16,-9.84,-3.));
#9321 = VECTOR('',#9322,1.);
#9322 = DIRECTION('',(0.,-1.,0.));
#9323 = ORIENTED_EDGE('',*,*,#6874,.T.);
#9324 = ORIENTED_EDGE('',*,*,#6860,.F.);
#9325 = PLANE('',#9326);
#9326 = AXIS2_PLACEMENT_3D('',#9327,#9328,#9329);
#9327 = CARTESIAN_POINT('',(0.24,-9.84,-2.92));
#9328 = DIRECTION('',(0.707106781187,1.735167508357E-18,-0.707106781187)
  );
#9329 = DIRECTION('',(-1.226948711654E-18,1.,1.226948711654E-18));
#9330 = ADVANCED_FACE('',(#9331),#9337,.T.);
#9331 = FACE_BOUND('',#9332,.T.);
#9332 = EDGE_LOOP('',(#9333,#9334,#9335,#9336));
#9333 = ORIENTED_EDGE('',*,*,#9318,.T.);
#9334 = ORIENTED_EDGE('',*,*,#6882,.T.);
#9335 = ORIENTED_EDGE('',*,*,#9303,.F.);
#9336 = ORIENTED_EDGE('',*,*,#6843,.F.);
#9337 = PLANE('',#9338);
#9338 = AXIS2_PLACEMENT_3D('',#9339,#9340,#9341);
#9339 = CARTESIAN_POINT('',(0.32,-9.84,-3.));
#9340 = DIRECTION('',(-0.,-0.,-1.));
#9341 = DIRECTION('',(-1.,0.,0.));
#9342 = ADVANCED_FACE('',(#9343),#9354,.T.);
#9343 = FACE_BOUND('',#9344,.F.);
#9344 = EDGE_LOOP('',(#9345,#9346,#9347,#9348));
#9345 = ORIENTED_EDGE('',*,*,#6948,.F.);
#9346 = ORIENTED_EDGE('',*,*,#6923,.T.);
#9347 = ORIENTED_EDGE('',*,*,#7003,.F.);
#9348 = ORIENTED_EDGE('',*,*,#9349,.F.);
#9349 = EDGE_CURVE('',#6949,#6996,#9350,.T.);
#9350 = LINE('',#9351,#9352);
#9351 = CARTESIAN_POINT('',(-0.16,-7.3,-3.));
#9352 = VECTOR('',#9353,1.);
#9353 = DIRECTION('',(0.,-1.,0.));
#9354 = PLANE('',#9355);
#9355 = AXIS2_PLACEMENT_3D('',#9356,#9357,#9358);
#9356 = CARTESIAN_POINT('',(-0.24,-7.3,-2.92));
#9357 = DIRECTION('',(-0.707106781187,-1.735167508357E-18,
    -0.707106781187));
#9358 = DIRECTION('',(-1.226948711654E-18,1.,-1.226948711654E-18));
#9359 = ADVANCED_FACE('',(#9360),#9371,.T.);
#9360 = FACE_BOUND('',#9361,.F.);
#9361 = EDGE_LOOP('',(#9362,#9363,#9369,#9370));
#9362 = ORIENTED_EDGE('',*,*,#6939,.F.);
#9363 = ORIENTED_EDGE('',*,*,#9364,.T.);
#9364 = EDGE_CURVE('',#6940,#6988,#9365,.T.);
#9365 = LINE('',#9366,#9367);
#9366 = CARTESIAN_POINT('',(0.16,-7.3,-3.));
#9367 = VECTOR('',#9368,1.);
#9368 = DIRECTION('',(0.,-1.,0.));
#9369 = ORIENTED_EDGE('',*,*,#6987,.T.);
#9370 = ORIENTED_EDGE('',*,*,#6973,.F.);
#9371 = PLANE('',#9372);
#9372 = AXIS2_PLACEMENT_3D('',#9373,#9374,#9375);
#9373 = CARTESIAN_POINT('',(0.24,-7.3,-2.92));
#9374 = DIRECTION('',(0.707106781187,1.735167508357E-18,-0.707106781187)
  );
#9375 = DIRECTION('',(-1.226948711654E-18,1.,1.226948711654E-18));
#9376 = ADVANCED_FACE('',(#9377),#9383,.T.);
#9377 = FACE_BOUND('',#9378,.T.);
#9378 = EDGE_LOOP('',(#9379,#9380,#9381,#9382));
#9379 = ORIENTED_EDGE('',*,*,#9364,.T.);
#9380 = ORIENTED_EDGE('',*,*,#6995,.T.);
#9381 = ORIENTED_EDGE('',*,*,#9349,.F.);
#9382 = ORIENTED_EDGE('',*,*,#6956,.F.);
#9383 = PLANE('',#9384);
#9384 = AXIS2_PLACEMENT_3D('',#9385,#9386,#9387);
#9385 = CARTESIAN_POINT('',(0.32,-7.3,-3.));
#9386 = DIRECTION('',(-0.,-0.,-1.));
#9387 = DIRECTION('',(-1.,0.,0.));
#9388 = ADVANCED_FACE('',(#9389),#9400,.T.);
#9389 = FACE_BOUND('',#9390,.F.);
#9390 = EDGE_LOOP('',(#9391,#9392,#9393,#9394));
#9391 = ORIENTED_EDGE('',*,*,#7061,.F.);
#9392 = ORIENTED_EDGE('',*,*,#7036,.T.);
#9393 = ORIENTED_EDGE('',*,*,#7116,.F.);
#9394 = ORIENTED_EDGE('',*,*,#9395,.F.);
#9395 = EDGE_CURVE('',#7062,#7109,#9396,.T.);
#9396 = LINE('',#9397,#9398);
#9397 = CARTESIAN_POINT('',(-0.16,-2.22,-3.));
#9398 = VECTOR('',#9399,1.);
#9399 = DIRECTION('',(0.,-1.,0.));
#9400 = PLANE('',#9401);
#9401 = AXIS2_PLACEMENT_3D('',#9402,#9403,#9404);
#9402 = CARTESIAN_POINT('',(-0.24,-2.22,-2.92));
#9403 = DIRECTION('',(-0.707106781187,-1.735167508357E-18,
    -0.707106781187));
#9404 = DIRECTION('',(-1.226948711654E-18,1.,-1.226948711654E-18));
#9405 = ADVANCED_FACE('',(#9406),#9417,.T.);
#9406 = FACE_BOUND('',#9407,.F.);
#9407 = EDGE_LOOP('',(#9408,#9409,#9415,#9416));
#9408 = ORIENTED_EDGE('',*,*,#7052,.F.);
#9409 = ORIENTED_EDGE('',*,*,#9410,.T.);
#9410 = EDGE_CURVE('',#7053,#7101,#9411,.T.);
#9411 = LINE('',#9412,#9413);
#9412 = CARTESIAN_POINT('',(0.16,-2.22,-3.));
#9413 = VECTOR('',#9414,1.);
#9414 = DIRECTION('',(0.,-1.,0.));
#9415 = ORIENTED_EDGE('',*,*,#7100,.T.);
#9416 = ORIENTED_EDGE('',*,*,#7086,.F.);
#9417 = PLANE('',#9418);
#9418 = AXIS2_PLACEMENT_3D('',#9419,#9420,#9421);
#9419 = CARTESIAN_POINT('',(0.24,-2.22,-2.92));
#9420 = DIRECTION('',(0.707106781187,1.735167508357E-18,-0.707106781187)
  );
#9421 = DIRECTION('',(-1.226948711654E-18,1.,1.226948711654E-18));
#9422 = ADVANCED_FACE('',(#9423),#9429,.T.);
#9423 = FACE_BOUND('',#9424,.T.);
#9424 = EDGE_LOOP('',(#9425,#9426,#9427,#9428));
#9425 = ORIENTED_EDGE('',*,*,#9410,.T.);
#9426 = ORIENTED_EDGE('',*,*,#7108,.T.);
#9427 = ORIENTED_EDGE('',*,*,#9395,.F.);
#9428 = ORIENTED_EDGE('',*,*,#7069,.F.);
#9429 = PLANE('',#9430);
#9430 = AXIS2_PLACEMENT_3D('',#9431,#9432,#9433);
#9431 = CARTESIAN_POINT('',(0.32,-2.22,-3.));
#9432 = DIRECTION('',(-0.,-0.,-1.));
#9433 = DIRECTION('',(-1.,0.,0.));
#9434 = ADVANCED_FACE('',(#9435),#9446,.T.);
#9435 = FACE_BOUND('',#9436,.F.);
#9436 = EDGE_LOOP('',(#9437,#9438,#9439,#9440));
#9437 = ORIENTED_EDGE('',*,*,#7174,.F.);
#9438 = ORIENTED_EDGE('',*,*,#7149,.T.);
#9439 = ORIENTED_EDGE('',*,*,#7229,.F.);
#9440 = ORIENTED_EDGE('',*,*,#9441,.F.);
#9441 = EDGE_CURVE('',#7175,#7222,#9442,.T.);
#9442 = LINE('',#9443,#9444);
#9443 = CARTESIAN_POINT('',(-0.16,-4.76,-3.));
#9444 = VECTOR('',#9445,1.);
#9445 = DIRECTION('',(0.,-1.,0.));
#9446 = PLANE('',#9447);
#9447 = AXIS2_PLACEMENT_3D('',#9448,#9449,#9450);
#9448 = CARTESIAN_POINT('',(-0.24,-4.76,-2.92));
#9449 = DIRECTION('',(-0.707106781187,-1.735167508357E-18,
    -0.707106781187));
#9450 = DIRECTION('',(-1.226948711654E-18,1.,-1.226948711654E-18));
#9451 = ADVANCED_FACE('',(#9452),#9463,.T.);
#9452 = FACE_BOUND('',#9453,.F.);
#9453 = EDGE_LOOP('',(#9454,#9455,#9461,#9462));
#9454 = ORIENTED_EDGE('',*,*,#7165,.F.);
#9455 = ORIENTED_EDGE('',*,*,#9456,.T.);
#9456 = EDGE_CURVE('',#7166,#7214,#9457,.T.);
#9457 = LINE('',#9458,#9459);
#9458 = CARTESIAN_POINT('',(0.16,-4.76,-3.));
#9459 = VECTOR('',#9460,1.);
#9460 = DIRECTION('',(0.,-1.,0.));
#9461 = ORIENTED_EDGE('',*,*,#7213,.T.);
#9462 = ORIENTED_EDGE('',*,*,#7199,.F.);
#9463 = PLANE('',#9464);
#9464 = AXIS2_PLACEMENT_3D('',#9465,#9466,#9467);
#9465 = CARTESIAN_POINT('',(0.24,-4.76,-2.92));
#9466 = DIRECTION('',(0.707106781187,1.735167508357E-18,-0.707106781187)
  );
#9467 = DIRECTION('',(-1.226948711654E-18,1.,1.226948711654E-18));
#9468 = ADVANCED_FACE('',(#9469),#9475,.T.);
#9469 = FACE_BOUND('',#9470,.T.);
#9470 = EDGE_LOOP('',(#9471,#9472,#9473,#9474));
#9471 = ORIENTED_EDGE('',*,*,#9456,.T.);
#9472 = ORIENTED_EDGE('',*,*,#7221,.T.);
#9473 = ORIENTED_EDGE('',*,*,#9441,.F.);
#9474 = ORIENTED_EDGE('',*,*,#7182,.F.);
#9475 = PLANE('',#9476);
#9476 = AXIS2_PLACEMENT_3D('',#9477,#9478,#9479);
#9477 = CARTESIAN_POINT('',(0.32,-4.76,-3.));
#9478 = DIRECTION('',(-0.,-0.,-1.));
#9479 = DIRECTION('',(-1.,0.,0.));
#9480 = ADVANCED_FACE('',(#9481),#9492,.T.);
#9481 = FACE_BOUND('',#9482,.F.);
#9482 = EDGE_LOOP('',(#9483,#9484,#9490,#9491));
#9483 = ORIENTED_EDGE('',*,*,#7326,.F.);
#9484 = ORIENTED_EDGE('',*,*,#9485,.T.);
#9485 = EDGE_CURVE('',#7327,#7296,#9486,.T.);
#9486 = LINE('',#9487,#9488);
#9487 = CARTESIAN_POINT('',(0.16,-12.38,-3.));
#9488 = VECTOR('',#9489,1.);
#9489 = DIRECTION('',(0.,-1.,0.));
#9490 = ORIENTED_EDGE('',*,*,#7295,.T.);
#9491 = ORIENTED_EDGE('',*,*,#7247,.F.);
#9492 = PLANE('',#9493);
#9493 = AXIS2_PLACEMENT_3D('',#9494,#9495,#9496);
#9494 = CARTESIAN_POINT('',(0.24,-12.38,-2.92));
#9495 = DIRECTION('',(0.707106781187,1.735167508357E-18,-0.707106781187)
  );
#9496 = DIRECTION('',(-1.226948711654E-18,1.,1.226948711654E-18));
#9497 = ADVANCED_FACE('',(#9498),#9509,.T.);
#9498 = FACE_BOUND('',#9499,.F.);
#9499 = EDGE_LOOP('',(#9500,#9501,#9502,#9503));
#9500 = ORIENTED_EDGE('',*,*,#7335,.F.);
#9501 = ORIENTED_EDGE('',*,*,#7279,.T.);
#9502 = ORIENTED_EDGE('',*,*,#7311,.F.);
#9503 = ORIENTED_EDGE('',*,*,#9504,.F.);
#9504 = EDGE_CURVE('',#7336,#7304,#9505,.T.);
#9505 = LINE('',#9506,#9507);
#9506 = CARTESIAN_POINT('',(-0.16,-12.38,-3.));
#9507 = VECTOR('',#9508,1.);
#9508 = DIRECTION('',(0.,-1.,0.));
#9509 = PLANE('',#9510);
#9510 = AXIS2_PLACEMENT_3D('',#9511,#9512,#9513);
#9511 = CARTESIAN_POINT('',(-0.24,-12.38,-2.92));
#9512 = DIRECTION('',(-0.707106781187,-1.735167508357E-18,
    -0.707106781187));
#9513 = DIRECTION('',(-1.226948711654E-18,1.,-1.226948711654E-18));
#9514 = ADVANCED_FACE('',(#9515),#9521,.T.);
#9515 = FACE_BOUND('',#9516,.T.);
#9516 = EDGE_LOOP('',(#9517,#9518,#9519,#9520));
#9517 = ORIENTED_EDGE('',*,*,#9485,.T.);
#9518 = ORIENTED_EDGE('',*,*,#7303,.T.);
#9519 = ORIENTED_EDGE('',*,*,#9504,.F.);
#9520 = ORIENTED_EDGE('',*,*,#7343,.F.);
#9521 = PLANE('',#9522);
#9522 = AXIS2_PLACEMENT_3D('',#9523,#9524,#9525);
#9523 = CARTESIAN_POINT('',(0.32,-12.38,-3.));
#9524 = DIRECTION('',(-0.,-0.,-1.));
#9525 = DIRECTION('',(-1.,0.,0.));
#9526 = ADVANCED_FACE('',(#9527),#9538,.T.);
#9527 = FACE_BOUND('',#9528,.F.);
#9528 = EDGE_LOOP('',(#9529,#9530,#9531,#9532));
#9529 = ORIENTED_EDGE('',*,*,#7400,.F.);
#9530 = ORIENTED_EDGE('',*,*,#7375,.T.);
#9531 = ORIENTED_EDGE('',*,*,#7455,.F.);
#9532 = ORIENTED_EDGE('',*,*,#9533,.F.);
#9533 = EDGE_CURVE('',#7401,#7448,#9534,.T.);
#9534 = LINE('',#9535,#9536);
#9535 = CARTESIAN_POINT('',(2.38,-9.84,-3.));
#9536 = VECTOR('',#9537,1.);
#9537 = DIRECTION('',(0.,-1.,0.));
#9538 = PLANE('',#9539);
#9539 = AXIS2_PLACEMENT_3D('',#9540,#9541,#9542);
#9540 = CARTESIAN_POINT('',(2.3,-9.84,-2.92));
#9541 = DIRECTION('',(-0.707106781187,0.,-0.707106781187));
#9542 = DIRECTION('',(0.,1.,0.));
#9543 = ADVANCED_FACE('',(#9544),#9555,.T.);
#9544 = FACE_BOUND('',#9545,.F.);
#9545 = EDGE_LOOP('',(#9546,#9547,#9553,#9554));
#9546 = ORIENTED_EDGE('',*,*,#7391,.F.);
#9547 = ORIENTED_EDGE('',*,*,#9548,.T.);
#9548 = EDGE_CURVE('',#7392,#7440,#9549,.T.);
#9549 = LINE('',#9550,#9551);
#9550 = CARTESIAN_POINT('',(2.7,-9.84,-3.));
#9551 = VECTOR('',#9552,1.);
#9552 = DIRECTION('',(0.,-1.,0.));
#9553 = ORIENTED_EDGE('',*,*,#7439,.T.);
#9554 = ORIENTED_EDGE('',*,*,#7425,.F.);
#9555 = PLANE('',#9556);
#9556 = AXIS2_PLACEMENT_3D('',#9557,#9558,#9559);
#9557 = CARTESIAN_POINT('',(2.78,-9.84,-2.92));
#9558 = DIRECTION('',(0.707106781187,0.,-0.707106781187));
#9559 = DIRECTION('',(0.,1.,0.));
#9560 = ADVANCED_FACE('',(#9561),#9567,.T.);
#9561 = FACE_BOUND('',#9562,.T.);
#9562 = EDGE_LOOP('',(#9563,#9564,#9565,#9566));
#9563 = ORIENTED_EDGE('',*,*,#9548,.T.);
#9564 = ORIENTED_EDGE('',*,*,#7447,.T.);
#9565 = ORIENTED_EDGE('',*,*,#9533,.F.);
#9566 = ORIENTED_EDGE('',*,*,#7408,.F.);
#9567 = PLANE('',#9568);
#9568 = AXIS2_PLACEMENT_3D('',#9569,#9570,#9571);
#9569 = CARTESIAN_POINT('',(2.86,-9.84,-3.));
#9570 = DIRECTION('',(-0.,-0.,-1.));
#9571 = DIRECTION('',(-1.,0.,0.));
#9572 = ADVANCED_FACE('',(#9573),#9584,.T.);
#9573 = FACE_BOUND('',#9574,.F.);
#9574 = EDGE_LOOP('',(#9575,#9576,#9577,#9578));
#9575 = ORIENTED_EDGE('',*,*,#7513,.F.);
#9576 = ORIENTED_EDGE('',*,*,#7488,.T.);
#9577 = ORIENTED_EDGE('',*,*,#7568,.F.);
#9578 = ORIENTED_EDGE('',*,*,#9579,.F.);
#9579 = EDGE_CURVE('',#7514,#7561,#9580,.T.);
#9580 = LINE('',#9581,#9582);
#9581 = CARTESIAN_POINT('',(2.38,-7.3,-3.));
#9582 = VECTOR('',#9583,1.);
#9583 = DIRECTION('',(0.,-1.,0.));
#9584 = PLANE('',#9585);
#9585 = AXIS2_PLACEMENT_3D('',#9586,#9587,#9588);
#9586 = CARTESIAN_POINT('',(2.3,-7.3,-2.92));
#9587 = DIRECTION('',(-0.707106781187,0.,-0.707106781187));
#9588 = DIRECTION('',(0.,1.,0.));
#9589 = ADVANCED_FACE('',(#9590),#9601,.T.);
#9590 = FACE_BOUND('',#9591,.F.);
#9591 = EDGE_LOOP('',(#9592,#9593,#9599,#9600));
#9592 = ORIENTED_EDGE('',*,*,#7504,.F.);
#9593 = ORIENTED_EDGE('',*,*,#9594,.T.);
#9594 = EDGE_CURVE('',#7505,#7553,#9595,.T.);
#9595 = LINE('',#9596,#9597);
#9596 = CARTESIAN_POINT('',(2.7,-7.3,-3.));
#9597 = VECTOR('',#9598,1.);
#9598 = DIRECTION('',(0.,-1.,0.));
#9599 = ORIENTED_EDGE('',*,*,#7552,.T.);
#9600 = ORIENTED_EDGE('',*,*,#7538,.F.);
#9601 = PLANE('',#9602);
#9602 = AXIS2_PLACEMENT_3D('',#9603,#9604,#9605);
#9603 = CARTESIAN_POINT('',(2.78,-7.3,-2.92));
#9604 = DIRECTION('',(0.707106781187,0.,-0.707106781187));
#9605 = DIRECTION('',(0.,1.,0.));
#9606 = ADVANCED_FACE('',(#9607),#9613,.T.);
#9607 = FACE_BOUND('',#9608,.T.);
#9608 = EDGE_LOOP('',(#9609,#9610,#9611,#9612));
#9609 = ORIENTED_EDGE('',*,*,#9594,.T.);
#9610 = ORIENTED_EDGE('',*,*,#7560,.T.);
#9611 = ORIENTED_EDGE('',*,*,#9579,.F.);
#9612 = ORIENTED_EDGE('',*,*,#7521,.F.);
#9613 = PLANE('',#9614);
#9614 = AXIS2_PLACEMENT_3D('',#9615,#9616,#9617);
#9615 = CARTESIAN_POINT('',(2.86,-7.3,-3.));
#9616 = DIRECTION('',(-0.,-0.,-1.));
#9617 = DIRECTION('',(-1.,0.,0.));
#9618 = ADVANCED_FACE('',(#9619),#9630,.T.);
#9619 = FACE_BOUND('',#9620,.F.);
#9620 = EDGE_LOOP('',(#9621,#9622,#9623,#9624));
#9621 = ORIENTED_EDGE('',*,*,#7626,.F.);
#9622 = ORIENTED_EDGE('',*,*,#7601,.T.);
#9623 = ORIENTED_EDGE('',*,*,#7681,.F.);
#9624 = ORIENTED_EDGE('',*,*,#9625,.F.);
#9625 = EDGE_CURVE('',#7627,#7674,#9626,.T.);
#9626 = LINE('',#9627,#9628);
#9627 = CARTESIAN_POINT('',(2.38,-2.22,-3.));
#9628 = VECTOR('',#9629,1.);
#9629 = DIRECTION('',(0.,-1.,0.));
#9630 = PLANE('',#9631);
#9631 = AXIS2_PLACEMENT_3D('',#9632,#9633,#9634);
#9632 = CARTESIAN_POINT('',(2.3,-2.22,-2.92));
#9633 = DIRECTION('',(-0.707106781187,0.,-0.707106781187));
#9634 = DIRECTION('',(0.,1.,0.));
#9635 = ADVANCED_FACE('',(#9636),#9647,.T.);
#9636 = FACE_BOUND('',#9637,.F.);
#9637 = EDGE_LOOP('',(#9638,#9639,#9645,#9646));
#9638 = ORIENTED_EDGE('',*,*,#7617,.F.);
#9639 = ORIENTED_EDGE('',*,*,#9640,.T.);
#9640 = EDGE_CURVE('',#7618,#7666,#9641,.T.);
#9641 = LINE('',#9642,#9643);
#9642 = CARTESIAN_POINT('',(2.7,-2.22,-3.));
#9643 = VECTOR('',#9644,1.);
#9644 = DIRECTION('',(0.,-1.,0.));
#9645 = ORIENTED_EDGE('',*,*,#7665,.T.);
#9646 = ORIENTED_EDGE('',*,*,#7651,.F.);
#9647 = PLANE('',#9648);
#9648 = AXIS2_PLACEMENT_3D('',#9649,#9650,#9651);
#9649 = CARTESIAN_POINT('',(2.78,-2.22,-2.92));
#9650 = DIRECTION('',(0.707106781187,0.,-0.707106781187));
#9651 = DIRECTION('',(0.,1.,0.));
#9652 = ADVANCED_FACE('',(#9653),#9659,.T.);
#9653 = FACE_BOUND('',#9654,.T.);
#9654 = EDGE_LOOP('',(#9655,#9656,#9657,#9658));
#9655 = ORIENTED_EDGE('',*,*,#9640,.T.);
#9656 = ORIENTED_EDGE('',*,*,#7673,.T.);
#9657 = ORIENTED_EDGE('',*,*,#9625,.F.);
#9658 = ORIENTED_EDGE('',*,*,#7634,.F.);
#9659 = PLANE('',#9660);
#9660 = AXIS2_PLACEMENT_3D('',#9661,#9662,#9663);
#9661 = CARTESIAN_POINT('',(2.86,-2.22,-3.));
#9662 = DIRECTION('',(-0.,-0.,-1.));
#9663 = DIRECTION('',(-1.,0.,0.));
#9664 = ADVANCED_FACE('',(#9665),#9676,.T.);
#9665 = FACE_BOUND('',#9666,.F.);
#9666 = EDGE_LOOP('',(#9667,#9668,#9669,#9670));
#9667 = ORIENTED_EDGE('',*,*,#7739,.F.);
#9668 = ORIENTED_EDGE('',*,*,#7714,.T.);
#9669 = ORIENTED_EDGE('',*,*,#7794,.F.);
#9670 = ORIENTED_EDGE('',*,*,#9671,.F.);
#9671 = EDGE_CURVE('',#7740,#7787,#9672,.T.);
#9672 = LINE('',#9673,#9674);
#9673 = CARTESIAN_POINT('',(2.38,-4.76,-3.));
#9674 = VECTOR('',#9675,1.);
#9675 = DIRECTION('',(0.,-1.,0.));
#9676 = PLANE('',#9677);
#9677 = AXIS2_PLACEMENT_3D('',#9678,#9679,#9680);
#9678 = CARTESIAN_POINT('',(2.3,-4.76,-2.92));
#9679 = DIRECTION('',(-0.707106781187,0.,-0.707106781187));
#9680 = DIRECTION('',(0.,1.,0.));
#9681 = ADVANCED_FACE('',(#9682),#9693,.T.);
#9682 = FACE_BOUND('',#9683,.F.);
#9683 = EDGE_LOOP('',(#9684,#9685,#9691,#9692));
#9684 = ORIENTED_EDGE('',*,*,#7730,.F.);
#9685 = ORIENTED_EDGE('',*,*,#9686,.T.);
#9686 = EDGE_CURVE('',#7731,#7779,#9687,.T.);
#9687 = LINE('',#9688,#9689);
#9688 = CARTESIAN_POINT('',(2.7,-4.76,-3.));
#9689 = VECTOR('',#9690,1.);
#9690 = DIRECTION('',(0.,-1.,0.));
#9691 = ORIENTED_EDGE('',*,*,#7778,.T.);
#9692 = ORIENTED_EDGE('',*,*,#7764,.F.);
#9693 = PLANE('',#9694);
#9694 = AXIS2_PLACEMENT_3D('',#9695,#9696,#9697);
#9695 = CARTESIAN_POINT('',(2.78,-4.76,-2.92));
#9696 = DIRECTION('',(0.707106781187,0.,-0.707106781187));
#9697 = DIRECTION('',(0.,1.,0.));
#9698 = ADVANCED_FACE('',(#9699),#9705,.T.);
#9699 = FACE_BOUND('',#9700,.T.);
#9700 = EDGE_LOOP('',(#9701,#9702,#9703,#9704));
#9701 = ORIENTED_EDGE('',*,*,#9686,.T.);
#9702 = ORIENTED_EDGE('',*,*,#7786,.T.);
#9703 = ORIENTED_EDGE('',*,*,#9671,.F.);
#9704 = ORIENTED_EDGE('',*,*,#7747,.F.);
#9705 = PLANE('',#9706);
#9706 = AXIS2_PLACEMENT_3D('',#9707,#9708,#9709);
#9707 = CARTESIAN_POINT('',(2.86,-4.76,-3.));
#9708 = DIRECTION('',(-0.,-0.,-1.));
#9709 = DIRECTION('',(-1.,0.,0.));
#9710 = ADVANCED_FACE('',(#9711),#9722,.T.);
#9711 = FACE_BOUND('',#9712,.F.);
#9712 = EDGE_LOOP('',(#9713,#9714,#9715,#9716));
#9713 = ORIENTED_EDGE('',*,*,#7852,.F.);
#9714 = ORIENTED_EDGE('',*,*,#7827,.T.);
#9715 = ORIENTED_EDGE('',*,*,#7907,.F.);
#9716 = ORIENTED_EDGE('',*,*,#9717,.F.);
#9717 = EDGE_CURVE('',#7853,#7900,#9718,.T.);
#9718 = LINE('',#9719,#9720);
#9719 = CARTESIAN_POINT('',(2.38,-12.38,-3.));
#9720 = VECTOR('',#9721,1.);
#9721 = DIRECTION('',(0.,-1.,0.));
#9722 = PLANE('',#9723);
#9723 = AXIS2_PLACEMENT_3D('',#9724,#9725,#9726);
#9724 = CARTESIAN_POINT('',(2.3,-12.38,-2.92));
#9725 = DIRECTION('',(-0.707106781187,0.,-0.707106781187));
#9726 = DIRECTION('',(0.,1.,0.));
#9727 = ADVANCED_FACE('',(#9728),#9739,.T.);
#9728 = FACE_BOUND('',#9729,.F.);
#9729 = EDGE_LOOP('',(#9730,#9731,#9737,#9738));
#9730 = ORIENTED_EDGE('',*,*,#7843,.F.);
#9731 = ORIENTED_EDGE('',*,*,#9732,.T.);
#9732 = EDGE_CURVE('',#7844,#7892,#9733,.T.);
#9733 = LINE('',#9734,#9735);
#9734 = CARTESIAN_POINT('',(2.7,-12.38,-3.));
#9735 = VECTOR('',#9736,1.);
#9736 = DIRECTION('',(0.,-1.,0.));
#9737 = ORIENTED_EDGE('',*,*,#7891,.T.);
#9738 = ORIENTED_EDGE('',*,*,#7877,.F.);
#9739 = PLANE('',#9740);
#9740 = AXIS2_PLACEMENT_3D('',#9741,#9742,#9743);
#9741 = CARTESIAN_POINT('',(2.78,-12.38,-2.92));
#9742 = DIRECTION('',(0.707106781187,0.,-0.707106781187));
#9743 = DIRECTION('',(0.,1.,0.));
#9744 = ADVANCED_FACE('',(#9745),#9751,.T.);
#9745 = FACE_BOUND('',#9746,.T.);
#9746 = EDGE_LOOP('',(#9747,#9748,#9749,#9750));
#9747 = ORIENTED_EDGE('',*,*,#9732,.T.);
#9748 = ORIENTED_EDGE('',*,*,#7899,.T.);
#9749 = ORIENTED_EDGE('',*,*,#9717,.F.);
#9750 = ORIENTED_EDGE('',*,*,#7860,.F.);
#9751 = PLANE('',#9752);
#9752 = AXIS2_PLACEMENT_3D('',#9753,#9754,#9755);
#9753 = CARTESIAN_POINT('',(2.86,-12.38,-3.));
#9754 = DIRECTION('',(-0.,-0.,-1.));
#9755 = DIRECTION('',(-1.,0.,0.));
#9756 = ADVANCED_FACE('',(#9757),#9768,.T.);
#9757 = FACE_BOUND('',#9758,.F.);
#9758 = EDGE_LOOP('',(#9759,#9760,#9761,#9762));
#9759 = ORIENTED_EDGE('',*,*,#7965,.F.);
#9760 = ORIENTED_EDGE('',*,*,#7940,.T.);
#9761 = ORIENTED_EDGE('',*,*,#8020,.F.);
#9762 = ORIENTED_EDGE('',*,*,#9763,.F.);
#9763 = EDGE_CURVE('',#7966,#8013,#9764,.T.);
#9764 = LINE('',#9765,#9766);
#9765 = CARTESIAN_POINT('',(-0.16,0.32,-3.));
#9766 = VECTOR('',#9767,1.);
#9767 = DIRECTION('',(0.,-1.,0.));
#9768 = PLANE('',#9769);
#9769 = AXIS2_PLACEMENT_3D('',#9770,#9771,#9772);
#9770 = CARTESIAN_POINT('',(-0.24,0.32,-2.92));
#9771 = DIRECTION('',(-0.707106781187,-1.735167508357E-18,
    -0.707106781187));
#9772 = DIRECTION('',(-1.226948711654E-18,1.,-1.226948711654E-18));
#9773 = ADVANCED_FACE('',(#9774),#9785,.T.);
#9774 = FACE_BOUND('',#9775,.F.);
#9775 = EDGE_LOOP('',(#9776,#9777,#9783,#9784));
#9776 = ORIENTED_EDGE('',*,*,#7956,.F.);
#9777 = ORIENTED_EDGE('',*,*,#9778,.T.);
#9778 = EDGE_CURVE('',#7957,#8005,#9779,.T.);
#9779 = LINE('',#9780,#9781);
#9780 = CARTESIAN_POINT('',(0.16,0.32,-3.));
#9781 = VECTOR('',#9782,1.);
#9782 = DIRECTION('',(0.,-1.,0.));
#9783 = ORIENTED_EDGE('',*,*,#8004,.T.);
#9784 = ORIENTED_EDGE('',*,*,#7990,.F.);
#9785 = PLANE('',#9786);
#9786 = AXIS2_PLACEMENT_3D('',#9787,#9788,#9789);
#9787 = CARTESIAN_POINT('',(0.24,0.32,-2.92));
#9788 = DIRECTION('',(0.707106781187,1.735167508357E-18,-0.707106781187)
  );
#9789 = DIRECTION('',(-1.226948711654E-18,1.,1.226948711654E-18));
#9790 = ADVANCED_FACE('',(#9791),#9797,.T.);
#9791 = FACE_BOUND('',#9792,.T.);
#9792 = EDGE_LOOP('',(#9793,#9794,#9795,#9796));
#9793 = ORIENTED_EDGE('',*,*,#9778,.T.);
#9794 = ORIENTED_EDGE('',*,*,#8012,.T.);
#9795 = ORIENTED_EDGE('',*,*,#9763,.F.);
#9796 = ORIENTED_EDGE('',*,*,#7973,.F.);
#9797 = PLANE('',#9798);
#9798 = AXIS2_PLACEMENT_3D('',#9799,#9800,#9801);
#9799 = CARTESIAN_POINT('',(0.32,0.32,-3.));
#9800 = DIRECTION('',(-0.,-0.,-1.));
#9801 = DIRECTION('',(-1.,0.,0.));
#9802 = ADVANCED_FACE('',(#9803),#9814,.T.);
#9803 = FACE_BOUND('',#9804,.F.);
#9804 = EDGE_LOOP('',(#9805,#9806,#9807,#9808));
#9805 = ORIENTED_EDGE('',*,*,#8078,.F.);
#9806 = ORIENTED_EDGE('',*,*,#8053,.T.);
#9807 = ORIENTED_EDGE('',*,*,#8133,.F.);
#9808 = ORIENTED_EDGE('',*,*,#9809,.F.);
#9809 = EDGE_CURVE('',#8079,#8126,#9810,.T.);
#9810 = LINE('',#9811,#9812);
#9811 = CARTESIAN_POINT('',(2.38,0.32,-3.));
#9812 = VECTOR('',#9813,1.);
#9813 = DIRECTION('',(0.,-1.,0.));
#9814 = PLANE('',#9815);
#9815 = AXIS2_PLACEMENT_3D('',#9816,#9817,#9818);
#9816 = CARTESIAN_POINT('',(2.3,0.32,-2.92));
#9817 = DIRECTION('',(-0.707106781187,0.,-0.707106781187));
#9818 = DIRECTION('',(0.,1.,0.));
#9819 = ADVANCED_FACE('',(#9820),#9831,.T.);
#9820 = FACE_BOUND('',#9821,.F.);
#9821 = EDGE_LOOP('',(#9822,#9823,#9829,#9830));
#9822 = ORIENTED_EDGE('',*,*,#8069,.F.);
#9823 = ORIENTED_EDGE('',*,*,#9824,.T.);
#9824 = EDGE_CURVE('',#8070,#8118,#9825,.T.);
#9825 = LINE('',#9826,#9827);
#9826 = CARTESIAN_POINT('',(2.7,0.32,-3.));
#9827 = VECTOR('',#9828,1.);
#9828 = DIRECTION('',(0.,-1.,0.));
#9829 = ORIENTED_EDGE('',*,*,#8117,.T.);
#9830 = ORIENTED_EDGE('',*,*,#8103,.F.);
#9831 = PLANE('',#9832);
#9832 = AXIS2_PLACEMENT_3D('',#9833,#9834,#9835);
#9833 = CARTESIAN_POINT('',(2.78,0.32,-2.92));
#9834 = DIRECTION('',(0.707106781187,0.,-0.707106781187));
#9835 = DIRECTION('',(0.,1.,0.));
#9836 = ADVANCED_FACE('',(#9837),#9843,.T.);
#9837 = FACE_BOUND('',#9838,.T.);
#9838 = EDGE_LOOP('',(#9839,#9840,#9841,#9842));
#9839 = ORIENTED_EDGE('',*,*,#9824,.T.);
#9840 = ORIENTED_EDGE('',*,*,#8125,.T.);
#9841 = ORIENTED_EDGE('',*,*,#9809,.F.);
#9842 = ORIENTED_EDGE('',*,*,#8086,.F.);
#9843 = PLANE('',#9844);
#9844 = AXIS2_PLACEMENT_3D('',#9845,#9846,#9847);
#9845 = CARTESIAN_POINT('',(2.86,0.32,-3.));
#9846 = DIRECTION('',(-0.,-0.,-1.));
#9847 = DIRECTION('',(-1.,0.,0.));
#9848 = ADVANCED_FACE('',(#9849),#9855,.T.);
#9849 = FACE_BOUND('',#9850,.T.);
#9850 = EDGE_LOOP('',(#9851,#9852,#9853,#9854));
#9851 = ORIENTED_EDGE('',*,*,#8189,.F.);
#9852 = ORIENTED_EDGE('',*,*,#8165,.T.);
#9853 = ORIENTED_EDGE('',*,*,#8230,.T.);
#9854 = ORIENTED_EDGE('',*,*,#8213,.F.);
#9855 = PLANE('',#9856);
#9856 = AXIS2_PLACEMENT_3D('',#9857,#9858,#9859);
#9857 = CARTESIAN_POINT('',(12.58,-9.84,4.13));
#9858 = DIRECTION('',(1.,0.,0.));
#9859 = DIRECTION('',(0.,0.,-1.));
#9860 = ADVANCED_FACE('',(#9861),#9867,.T.);
#9861 = FACE_BOUND('',#9862,.T.);
#9862 = EDGE_LOOP('',(#9863,#9864,#9865,#9866));
#9863 = ORIENTED_EDGE('',*,*,#8261,.F.);
#9864 = ORIENTED_EDGE('',*,*,#8326,.T.);
#9865 = ORIENTED_EDGE('',*,*,#8309,.T.);
#9866 = ORIENTED_EDGE('',*,*,#8285,.F.);
#9867 = PLANE('',#9868);
#9868 = AXIS2_PLACEMENT_3D('',#9869,#9870,#9871);
#9869 = CARTESIAN_POINT('',(12.58,-7.3,4.13));
#9870 = DIRECTION('',(1.,0.,0.));
#9871 = DIRECTION('',(0.,0.,-1.));
#9872 = ADVANCED_FACE('',(#9873),#9879,.T.);
#9873 = FACE_BOUND('',#9874,.T.);
#9874 = EDGE_LOOP('',(#9875,#9876,#9877,#9878));
#9875 = ORIENTED_EDGE('',*,*,#8381,.F.);
#9876 = ORIENTED_EDGE('',*,*,#8357,.T.);
#9877 = ORIENTED_EDGE('',*,*,#8422,.T.);
#9878 = ORIENTED_EDGE('',*,*,#8405,.F.);
#9879 = PLANE('',#9880);
#9880 = AXIS2_PLACEMENT_3D('',#9881,#9882,#9883);
#9881 = CARTESIAN_POINT('',(12.58,-2.22,4.13));
#9882 = DIRECTION('',(1.,0.,0.));
#9883 = DIRECTION('',(0.,0.,-1.));
#9884 = ADVANCED_FACE('',(#9885),#9891,.T.);
#9885 = FACE_BOUND('',#9886,.T.);
#9886 = EDGE_LOOP('',(#9887,#9888,#9889,#9890));
#9887 = ORIENTED_EDGE('',*,*,#8453,.F.);
#9888 = ORIENTED_EDGE('',*,*,#8518,.T.);
#9889 = ORIENTED_EDGE('',*,*,#8501,.T.);
#9890 = ORIENTED_EDGE('',*,*,#8477,.F.);
#9891 = PLANE('',#9892);
#9892 = AXIS2_PLACEMENT_3D('',#9893,#9894,#9895);
#9893 = CARTESIAN_POINT('',(12.58,-4.76,4.13));
#9894 = DIRECTION('',(1.,0.,0.));
#9895 = DIRECTION('',(0.,0.,-1.));
#9896 = ADVANCED_FACE('',(#9897),#9903,.T.);
#9897 = FACE_BOUND('',#9898,.T.);
#9898 = EDGE_LOOP('',(#9899,#9900,#9901,#9902));
#9899 = ORIENTED_EDGE('',*,*,#8614,.F.);
#9900 = ORIENTED_EDGE('',*,*,#8597,.T.);
#9901 = ORIENTED_EDGE('',*,*,#8573,.T.);
#9902 = ORIENTED_EDGE('',*,*,#8549,.F.);
#9903 = PLANE('',#9904);
#9904 = AXIS2_PLACEMENT_3D('',#9905,#9906,#9907);
#9905 = CARTESIAN_POINT('',(12.58,-12.38,4.13));
#9906 = DIRECTION('',(1.,0.,0.));
#9907 = DIRECTION('',(0.,0.,-1.));
#9908 = ADVANCED_FACE('',(#9909),#9915,.T.);
#9909 = FACE_BOUND('',#9910,.T.);
#9910 = EDGE_LOOP('',(#9911,#9912,#9913,#9914));
#9911 = ORIENTED_EDGE('',*,*,#8645,.T.);
#9912 = ORIENTED_EDGE('',*,*,#8710,.T.);
#9913 = ORIENTED_EDGE('',*,*,#8693,.F.);
#9914 = ORIENTED_EDGE('',*,*,#8669,.F.);
#9915 = PLANE('',#9916);
#9916 = AXIS2_PLACEMENT_3D('',#9917,#9918,#9919);
#9917 = CARTESIAN_POINT('',(12.58,-9.84,1.59));
#9918 = DIRECTION('',(1.,0.,0.));
#9919 = DIRECTION('',(0.,0.,-1.));
#9920 = ADVANCED_FACE('',(#9921),#9927,.T.);
#9921 = FACE_BOUND('',#9922,.T.);
#9922 = EDGE_LOOP('',(#9923,#9924,#9925,#9926));
#9923 = ORIENTED_EDGE('',*,*,#8741,.T.);
#9924 = ORIENTED_EDGE('',*,*,#8806,.T.);
#9925 = ORIENTED_EDGE('',*,*,#8789,.F.);
#9926 = ORIENTED_EDGE('',*,*,#8765,.F.);
#9927 = PLANE('',#9928);
#9928 = AXIS2_PLACEMENT_3D('',#9929,#9930,#9931);
#9929 = CARTESIAN_POINT('',(12.58,-7.3,1.59));
#9930 = DIRECTION('',(1.,0.,0.));
#9931 = DIRECTION('',(0.,0.,-1.));
#9932 = ADVANCED_FACE('',(#9933),#9939,.T.);
#9933 = FACE_BOUND('',#9934,.T.);
#9934 = EDGE_LOOP('',(#9935,#9936,#9937,#9938));
#9935 = ORIENTED_EDGE('',*,*,#8837,.T.);
#9936 = ORIENTED_EDGE('',*,*,#8902,.T.);
#9937 = ORIENTED_EDGE('',*,*,#8885,.F.);
#9938 = ORIENTED_EDGE('',*,*,#8861,.F.);
#9939 = PLANE('',#9940);
#9940 = AXIS2_PLACEMENT_3D('',#9941,#9942,#9943);
#9941 = CARTESIAN_POINT('',(12.58,-2.22,1.59));
#9942 = DIRECTION('',(1.,0.,0.));
#9943 = DIRECTION('',(0.,0.,-1.));
#9944 = ADVANCED_FACE('',(#9945),#9951,.T.);
#9945 = FACE_BOUND('',#9946,.T.);
#9946 = EDGE_LOOP('',(#9947,#9948,#9949,#9950));
#9947 = ORIENTED_EDGE('',*,*,#8998,.T.);
#9948 = ORIENTED_EDGE('',*,*,#8981,.T.);
#9949 = ORIENTED_EDGE('',*,*,#8957,.F.);
#9950 = ORIENTED_EDGE('',*,*,#8933,.F.);
#9951 = PLANE('',#9952);
#9952 = AXIS2_PLACEMENT_3D('',#9953,#9954,#9955);
#9953 = CARTESIAN_POINT('',(12.58,-4.76,1.59));
#9954 = DIRECTION('',(1.,0.,0.));
#9955 = DIRECTION('',(0.,0.,-1.));
#9956 = ADVANCED_FACE('',(#9957),#9963,.T.);
#9957 = FACE_BOUND('',#9958,.T.);
#9958 = EDGE_LOOP('',(#9959,#9960,#9961,#9962));
#9959 = ORIENTED_EDGE('',*,*,#9094,.T.);
#9960 = ORIENTED_EDGE('',*,*,#9077,.T.);
#9961 = ORIENTED_EDGE('',*,*,#9053,.F.);
#9962 = ORIENTED_EDGE('',*,*,#9029,.F.);
#9963 = PLANE('',#9964);
#9964 = AXIS2_PLACEMENT_3D('',#9965,#9966,#9967);
#9965 = CARTESIAN_POINT('',(12.58,-12.38,1.59));
#9966 = DIRECTION('',(1.,0.,0.));
#9967 = DIRECTION('',(0.,0.,-1.));
#9968 = ADVANCED_FACE('',(#9969),#9975,.T.);
#9969 = FACE_BOUND('',#9970,.T.);
#9970 = EDGE_LOOP('',(#9971,#9972,#9973,#9974));
#9971 = ORIENTED_EDGE('',*,*,#9125,.F.);
#9972 = ORIENTED_EDGE('',*,*,#9190,.T.);
#9973 = ORIENTED_EDGE('',*,*,#9173,.T.);
#9974 = ORIENTED_EDGE('',*,*,#9149,.F.);
#9975 = PLANE('',#9976);
#9976 = AXIS2_PLACEMENT_3D('',#9977,#9978,#9979);
#9977 = CARTESIAN_POINT('',(12.58,0.32,4.13));
#9978 = DIRECTION('',(1.,0.,0.));
#9979 = DIRECTION('',(0.,0.,-1.));
#9980 = ADVANCED_FACE('',(#9981),#9987,.T.);
#9981 = FACE_BOUND('',#9982,.T.);
#9982 = EDGE_LOOP('',(#9983,#9984,#9985,#9986));
#9983 = ORIENTED_EDGE('',*,*,#9221,.T.);
#9984 = ORIENTED_EDGE('',*,*,#9286,.T.);
#9985 = ORIENTED_EDGE('',*,*,#9269,.F.);
#9986 = ORIENTED_EDGE('',*,*,#9245,.F.);
#9987 = PLANE('',#9988);
#9988 = AXIS2_PLACEMENT_3D('',#9989,#9990,#9991);
#9989 = CARTESIAN_POINT('',(12.58,0.32,1.59));
#9990 = DIRECTION('',(1.,0.,0.));
#9991 = DIRECTION('',(0.,0.,-1.));
#9992 = ( GEOMETRIC_REPRESENTATION_CONTEXT(3) 
GLOBAL_UNCERTAINTY_ASSIGNED_CONTEXT((#9996)) 
GLOBAL_UNIT_ASSIGNED_CONTEXT((#9993,#9994,#9995)) REPRESENTATION_CONTEXT
('Context #1','3D Context with UNIT and UNCERTAINTY') );
#9993 = ( LENGTH_UNIT() NAMED_UNIT(*) SI_UNIT(.MILLI.,.METRE.) );
#9994 = ( NAMED_UNIT(*) PLANE_ANGLE_UNIT() SI_UNIT($,.RADIAN.) );
#9995 = ( NAMED_UNIT(*) SI_UNIT($,.STERADIAN.) SOLID_ANGLE_UNIT() );
#9996 = UNCERTAINTY_MEASURE_WITH_UNIT(LENGTH_MEASURE(1.E-07),#9993,
  'distance_accuracy_value','confusion accuracy');
#9997 = CONTEXT_DEPENDENT_SHAPE_REPRESENTATION(#9998,#10000);
#9998 = ( REPRESENTATION_RELATIONSHIP('','',#1795,#1772) 
REPRESENTATION_RELATIONSHIP_WITH_TRANSFORMATION(#9999) 
SHAPE_REPRESENTATION_RELATIONSHIP() );
#9999 = ITEM_DEFINED_TRANSFORMATION('','',#11,#1773);
#10000 = PRODUCT_DEFINITION_SHAPE('Placement','Placement of an item',
  #10001);
#10001 = NEXT_ASSEMBLY_USAGE_OCCURRENCE('5','=>[0:1:1:7]','',#1767,#1790
  ,$);
#10002 = PRODUCT_RELATED_PRODUCT_CATEGORY('part',$,(#1792));
#10003 = SHAPE_DEFINITION_REPRESENTATION(#10004,#10010);
#10004 = PRODUCT_DEFINITION_SHAPE('','',#10005);
#10005 = PRODUCT_DEFINITION('design','',#10006,#10009);
#10006 = PRODUCT_DEFINITION_FORMATION('','',#10007);
#10007 = PRODUCT('kibot_omhnx48o_PCB','kibot_omhnx48o_PCB','',(#10008));
#10008 = PRODUCT_CONTEXT('',#2,'mechanical');
#10009 = PRODUCT_DEFINITION_CONTEXT('part definition',#2,'design');
#10010 = ADVANCED_BREP_SHAPE_REPRESENTATION('',(#11,#10011),#10769);
#10011 = MANIFOLD_SOLID_BREP('',#10012);
#10012 = CLOSED_SHELL('',(#10013,#10055,#10086,#10117,#10301,#10485,
    #10502,#10519,#10536,#10553,#10565,#10582,#10599,#10616,#10633,
    #10650,#10667,#10684,#10701,#10718,#10735,#10752));
#10013 = ADVANCED_FACE('',(#10014),#10050,.T.);
#10014 = FACE_BOUND('',#10015,.T.);
#10015 = EDGE_LOOP('',(#10016,#10026,#10035,#10043));
#10016 = ORIENTED_EDGE('',*,*,#10017,.T.);
#10017 = EDGE_CURVE('',#10018,#10020,#10022,.T.);
#10018 = VERTEX_POINT('',#10019);
#10019 = CARTESIAN_POINT('',(165.,-68.5,0.));
#10020 = VERTEX_POINT('',#10021);
#10021 = CARTESIAN_POINT('',(165.,-68.5,1.51));
#10022 = LINE('',#10023,#10024);
#10023 = CARTESIAN_POINT('',(165.,-68.5,0.));
#10024 = VECTOR('',#10025,1.);
#10025 = DIRECTION('',(0.,0.,1.));
#10026 = ORIENTED_EDGE('',*,*,#10027,.T.);
#10027 = EDGE_CURVE('',#10020,#10028,#10030,.T.);
#10028 = VERTEX_POINT('',#10029);
#10029 = CARTESIAN_POINT('',(166.,-69.5,1.51));
#10030 = CIRCLE('',#10031,0.999999252925);
#10031 = AXIS2_PLACEMENT_3D('',#10032,#10033,#10034);
#10032 = CARTESIAN_POINT('',(165.00000074707,-69.49999925292,1.51));
#10033 = DIRECTION('',(0.,0.,-1.));
#10034 = DIRECTION('',(-7.470757349539E-07,1.,0.));
#10035 = ORIENTED_EDGE('',*,*,#10036,.F.);
#10036 = EDGE_CURVE('',#10037,#10028,#10039,.T.);
#10037 = VERTEX_POINT('',#10038);
#10038 = CARTESIAN_POINT('',(166.,-69.5,0.));
#10039 = LINE('',#10040,#10041);
#10040 = CARTESIAN_POINT('',(166.,-69.5,0.));
#10041 = VECTOR('',#10042,1.);
#10042 = DIRECTION('',(0.,0.,1.));
#10043 = ORIENTED_EDGE('',*,*,#10044,.F.);
#10044 = EDGE_CURVE('',#10018,#10037,#10045,.T.);
#10045 = CIRCLE('',#10046,0.999999252925);
#10046 = AXIS2_PLACEMENT_3D('',#10047,#10048,#10049);
#10047 = CARTESIAN_POINT('',(165.00000074707,-69.49999925292,0.));
#10048 = DIRECTION('',(0.,0.,-1.));
#10049 = DIRECTION('',(-7.470757349539E-07,1.,0.));
#10050 = CYLINDRICAL_SURFACE('',#10051,0.999999252925);
#10051 = AXIS2_PLACEMENT_3D('',#10052,#10053,#10054);
#10052 = CARTESIAN_POINT('',(165.00000074707,-69.49999925292,0.));
#10053 = DIRECTION('',(0.,0.,-1.));
#10054 = DIRECTION('',(-7.470757349539E-07,1.,0.));
#10055 = ADVANCED_FACE('',(#10056),#10081,.T.);
#10056 = FACE_BOUND('',#10057,.T.);
#10057 = EDGE_LOOP('',(#10058,#10068,#10074,#10075));
#10058 = ORIENTED_EDGE('',*,*,#10059,.T.);
#10059 = EDGE_CURVE('',#10060,#10062,#10064,.T.);
#10060 = VERTEX_POINT('',#10061);
#10061 = CARTESIAN_POINT('',(148.25,-68.5,0.));
#10062 = VERTEX_POINT('',#10063);
#10063 = CARTESIAN_POINT('',(148.25,-68.5,1.51));
#10064 = LINE('',#10065,#10066);
#10065 = CARTESIAN_POINT('',(148.25,-68.5,0.));
#10066 = VECTOR('',#10067,1.);
#10067 = DIRECTION('',(0.,0.,1.));
#10068 = ORIENTED_EDGE('',*,*,#10069,.T.);
#10069 = EDGE_CURVE('',#10062,#10020,#10070,.T.);
#10070 = LINE('',#10071,#10072);
#10071 = CARTESIAN_POINT('',(148.25,-68.5,1.51));
#10072 = VECTOR('',#10073,1.);
#10073 = DIRECTION('',(1.,0.,0.));
#10074 = ORIENTED_EDGE('',*,*,#10017,.F.);
#10075 = ORIENTED_EDGE('',*,*,#10076,.F.);
#10076 = EDGE_CURVE('',#10060,#10018,#10077,.T.);
#10077 = LINE('',#10078,#10079);
#10078 = CARTESIAN_POINT('',(148.25,-68.5,0.));
#10079 = VECTOR('',#10080,1.);
#10080 = DIRECTION('',(1.,0.,0.));
#10081 = PLANE('',#10082);
#10082 = AXIS2_PLACEMENT_3D('',#10083,#10084,#10085);
#10083 = CARTESIAN_POINT('',(148.25,-68.5,0.));
#10084 = DIRECTION('',(0.,1.,0.));
#10085 = DIRECTION('',(1.,0.,0.));
#10086 = ADVANCED_FACE('',(#10087),#10112,.T.);
#10087 = FACE_BOUND('',#10088,.T.);
#10088 = EDGE_LOOP('',(#10089,#10090,#10098,#10106));
#10089 = ORIENTED_EDGE('',*,*,#10036,.T.);
#10090 = ORIENTED_EDGE('',*,*,#10091,.T.);
#10091 = EDGE_CURVE('',#10028,#10092,#10094,.T.);
#10092 = VERTEX_POINT('',#10093);
#10093 = CARTESIAN_POINT('',(166.,-83.75,1.51));
#10094 = LINE('',#10095,#10096);
#10095 = CARTESIAN_POINT('',(166.,-69.5,1.51));
#10096 = VECTOR('',#10097,1.);
#10097 = DIRECTION('',(0.,-1.,0.));
#10098 = ORIENTED_EDGE('',*,*,#10099,.F.);
#10099 = EDGE_CURVE('',#10100,#10092,#10102,.T.);
#10100 = VERTEX_POINT('',#10101);
#10101 = CARTESIAN_POINT('',(166.,-83.75,0.));
#10102 = LINE('',#10103,#10104);
#10103 = CARTESIAN_POINT('',(166.,-83.75,0.));
#10104 = VECTOR('',#10105,1.);
#10105 = DIRECTION('',(0.,0.,1.));
#10106 = ORIENTED_EDGE('',*,*,#10107,.F.);
#10107 = EDGE_CURVE('',#10037,#10100,#10108,.T.);
#10108 = LINE('',#10109,#10110);
#10109 = CARTESIAN_POINT('',(166.,-69.5,0.));
#10110 = VECTOR('',#10111,1.);
#10111 = DIRECTION('',(0.,-1.,0.));
#10112 = PLANE('',#10113);
#10113 = AXIS2_PLACEMENT_3D('',#10114,#10115,#10116);
#10114 = CARTESIAN_POINT('',(166.,-69.5,0.));
#10115 = DIRECTION('',(1.,0.,-0.));
#10116 = DIRECTION('',(0.,-1.,0.));
#10117 = ADVANCED_FACE('',(#10118,#10164,#10175,#10186,#10197,#10208,
    #10219,#10230,#10241,#10252,#10263,#10274,#10285),#10296,.F.);
#10118 = FACE_BOUND('',#10119,.F.);
#10119 = EDGE_LOOP('',(#10120,#10121,#10122,#10131,#10139,#10148,#10156,
    #10163));
#10120 = ORIENTED_EDGE('',*,*,#10044,.F.);
#10121 = ORIENTED_EDGE('',*,*,#10076,.F.);
#10122 = ORIENTED_EDGE('',*,*,#10123,.F.);
#10123 = EDGE_CURVE('',#10124,#10060,#10126,.T.);
#10124 = VERTEX_POINT('',#10125);
#10125 = CARTESIAN_POINT('',(147.25,-69.5,0.));
#10126 = CIRCLE('',#10127,0.999999252925);
#10127 = AXIS2_PLACEMENT_3D('',#10128,#10129,#10130);
#10128 = CARTESIAN_POINT('',(148.24999925292,-69.49999925292,0.));
#10129 = DIRECTION('',(0.,0.,-1.));
#10130 = DIRECTION('',(-1.,-7.470757491648E-07,-0.));
#10131 = ORIENTED_EDGE('',*,*,#10132,.F.);
#10132 = EDGE_CURVE('',#10133,#10124,#10135,.T.);
#10133 = VERTEX_POINT('',#10134);
#10134 = CARTESIAN_POINT('',(147.25,-83.75,0.));
#10135 = LINE('',#10136,#10137);
#10136 = CARTESIAN_POINT('',(147.25,-83.75,0.));
#10137 = VECTOR('',#10138,1.);
#10138 = DIRECTION('',(0.,1.,0.));
#10139 = ORIENTED_EDGE('',*,*,#10140,.F.);
#10140 = EDGE_CURVE('',#10141,#10133,#10143,.T.);
#10141 = VERTEX_POINT('',#10142);
#10142 = CARTESIAN_POINT('',(148.25,-84.75,0.));
#10143 = CIRCLE('',#10144,0.999999252925);
#10144 = AXIS2_PLACEMENT_3D('',#10145,#10146,#10147);
#10145 = CARTESIAN_POINT('',(148.24999925292,-83.75000074707,0.));
#10146 = DIRECTION('',(0.,0.,-1.));
#10147 = DIRECTION('',(7.470757349539E-07,-1.,0.));
#10148 = ORIENTED_EDGE('',*,*,#10149,.F.);
#10149 = EDGE_CURVE('',#10150,#10141,#10152,.T.);
#10150 = VERTEX_POINT('',#10151);
#10151 = CARTESIAN_POINT('',(165.,-84.75,0.));
#10152 = LINE('',#10153,#10154);
#10153 = CARTESIAN_POINT('',(165.,-84.75,0.));
#10154 = VECTOR('',#10155,1.);
#10155 = DIRECTION('',(-1.,0.,0.));
#10156 = ORIENTED_EDGE('',*,*,#10157,.F.);
#10157 = EDGE_CURVE('',#10100,#10150,#10158,.T.);
#10158 = CIRCLE('',#10159,0.999999252925);
#10159 = AXIS2_PLACEMENT_3D('',#10160,#10161,#10162);
#10160 = CARTESIAN_POINT('',(165.00000074707,-83.75000074707,0.));
#10161 = DIRECTION('',(0.,0.,-1.));
#10162 = DIRECTION('',(1.,7.470757491648E-07,0.));
#10163 = ORIENTED_EDGE('',*,*,#10107,.F.);
#10164 = FACE_BOUND('',#10165,.F.);
#10165 = EDGE_LOOP('',(#10166));
#10166 = ORIENTED_EDGE('',*,*,#10167,.T.);
#10167 = EDGE_CURVE('',#10168,#10168,#10170,.T.);
#10168 = VERTEX_POINT('',#10169);
#10169 = CARTESIAN_POINT('',(151.25,-83.41,0.));
#10170 = CIRCLE('',#10171,0.5);
#10171 = AXIS2_PLACEMENT_3D('',#10172,#10173,#10174);
#10172 = CARTESIAN_POINT('',(151.25,-82.91,0.));
#10173 = DIRECTION('',(-0.,0.,-1.));
#10174 = DIRECTION('',(-0.,-1.,0.));
#10175 = FACE_BOUND('',#10176,.F.);
#10176 = EDGE_LOOP('',(#10177));
#10177 = ORIENTED_EDGE('',*,*,#10178,.T.);
#10178 = EDGE_CURVE('',#10179,#10179,#10181,.T.);
#10179 = VERTEX_POINT('',#10180);
#10180 = CARTESIAN_POINT('',(151.25,-80.87,0.));
#10181 = CIRCLE('',#10182,0.5);
#10182 = AXIS2_PLACEMENT_3D('',#10183,#10184,#10185);
#10183 = CARTESIAN_POINT('',(151.25,-80.37,0.));
#10184 = DIRECTION('',(-0.,0.,-1.));
#10185 = DIRECTION('',(-0.,-1.,0.));
#10186 = FACE_BOUND('',#10187,.F.);
#10187 = EDGE_LOOP('',(#10188));
#10188 = ORIENTED_EDGE('',*,*,#10189,.T.);
#10189 = EDGE_CURVE('',#10190,#10190,#10192,.T.);
#10190 = VERTEX_POINT('',#10191);
#10191 = CARTESIAN_POINT('',(151.25,-78.33,0.));
#10192 = CIRCLE('',#10193,0.5);
#10193 = AXIS2_PLACEMENT_3D('',#10194,#10195,#10196);
#10194 = CARTESIAN_POINT('',(151.25,-77.83,0.));
#10195 = DIRECTION('',(-0.,0.,-1.));
#10196 = DIRECTION('',(-0.,-1.,0.));
#10197 = FACE_BOUND('',#10198,.F.);
#10198 = EDGE_LOOP('',(#10199));
#10199 = ORIENTED_EDGE('',*,*,#10200,.T.);
#10200 = EDGE_CURVE('',#10201,#10201,#10203,.T.);
#10201 = VERTEX_POINT('',#10202);
#10202 = CARTESIAN_POINT('',(153.79,-83.41,0.));
#10203 = CIRCLE('',#10204,0.5);
#10204 = AXIS2_PLACEMENT_3D('',#10205,#10206,#10207);
#10205 = CARTESIAN_POINT('',(153.79,-82.91,0.));
#10206 = DIRECTION('',(-0.,0.,-1.));
#10207 = DIRECTION('',(-0.,-1.,0.));
#10208 = FACE_BOUND('',#10209,.F.);
#10209 = EDGE_LOOP('',(#10210));
#10210 = ORIENTED_EDGE('',*,*,#10211,.T.);
#10211 = EDGE_CURVE('',#10212,#10212,#10214,.T.);
#10212 = VERTEX_POINT('',#10213);
#10213 = CARTESIAN_POINT('',(153.79,-80.87,0.));
#10214 = CIRCLE('',#10215,0.5);
#10215 = AXIS2_PLACEMENT_3D('',#10216,#10217,#10218);
#10216 = CARTESIAN_POINT('',(153.79,-80.37,0.));
#10217 = DIRECTION('',(-0.,0.,-1.));
#10218 = DIRECTION('',(-0.,-1.,0.));
#10219 = FACE_BOUND('',#10220,.F.);
#10220 = EDGE_LOOP('',(#10221));
#10221 = ORIENTED_EDGE('',*,*,#10222,.T.);
#10222 = EDGE_CURVE('',#10223,#10223,#10225,.T.);
#10223 = VERTEX_POINT('',#10224);
#10224 = CARTESIAN_POINT('',(153.79,-78.33,0.));
#10225 = CIRCLE('',#10226,0.5);
#10226 = AXIS2_PLACEMENT_3D('',#10227,#10228,#10229);
#10227 = CARTESIAN_POINT('',(153.79,-77.83,0.));
#10228 = DIRECTION('',(-0.,0.,-1.));
#10229 = DIRECTION('',(-0.,-1.,0.));
#10230 = FACE_BOUND('',#10231,.F.);
#10231 = EDGE_LOOP('',(#10232));
#10232 = ORIENTED_EDGE('',*,*,#10233,.T.);
#10233 = EDGE_CURVE('',#10234,#10234,#10236,.T.);
#10234 = VERTEX_POINT('',#10235);
#10235 = CARTESIAN_POINT('',(151.25,-75.79,0.));
#10236 = CIRCLE('',#10237,0.5);
#10237 = AXIS2_PLACEMENT_3D('',#10238,#10239,#10240);
#10238 = CARTESIAN_POINT('',(151.25,-75.29,0.));
#10239 = DIRECTION('',(-0.,0.,-1.));
#10240 = DIRECTION('',(-0.,-1.,0.));
#10241 = FACE_BOUND('',#10242,.F.);
#10242 = EDGE_LOOP('',(#10243));
#10243 = ORIENTED_EDGE('',*,*,#10244,.T.);
#10244 = EDGE_CURVE('',#10245,#10245,#10247,.T.);
#10245 = VERTEX_POINT('',#10246);
#10246 = CARTESIAN_POINT('',(151.25,-73.25,0.));
#10247 = CIRCLE('',#10248,0.5);
#10248 = AXIS2_PLACEMENT_3D('',#10249,#10250,#10251);
#10249 = CARTESIAN_POINT('',(151.25,-72.75,0.));
#10250 = DIRECTION('',(-0.,0.,-1.));
#10251 = DIRECTION('',(-0.,-1.,0.));
#10252 = FACE_BOUND('',#10253,.F.);
#10253 = EDGE_LOOP('',(#10254));
#10254 = ORIENTED_EDGE('',*,*,#10255,.T.);
#10255 = EDGE_CURVE('',#10256,#10256,#10258,.T.);
#10256 = VERTEX_POINT('',#10257);
#10257 = CARTESIAN_POINT('',(151.25,-70.71,0.));
#10258 = CIRCLE('',#10259,0.5);
#10259 = AXIS2_PLACEMENT_3D('',#10260,#10261,#10262);
#10260 = CARTESIAN_POINT('',(151.25,-70.21,0.));
#10261 = DIRECTION('',(-0.,0.,-1.));
#10262 = DIRECTION('',(-0.,-1.,0.));
#10263 = FACE_BOUND('',#10264,.F.);
#10264 = EDGE_LOOP('',(#10265));
#10265 = ORIENTED_EDGE('',*,*,#10266,.T.);
#10266 = EDGE_CURVE('',#10267,#10267,#10269,.T.);
#10267 = VERTEX_POINT('',#10268);
#10268 = CARTESIAN_POINT('',(153.79,-75.79,0.));
#10269 = CIRCLE('',#10270,0.5);
#10270 = AXIS2_PLACEMENT_3D('',#10271,#10272,#10273);
#10271 = CARTESIAN_POINT('',(153.79,-75.29,0.));
#10272 = DIRECTION('',(-0.,0.,-1.));
#10273 = DIRECTION('',(-0.,-1.,0.));
#10274 = FACE_BOUND('',#10275,.F.);
#10275 = EDGE_LOOP('',(#10276));
#10276 = ORIENTED_EDGE('',*,*,#10277,.T.);
#10277 = EDGE_CURVE('',#10278,#10278,#10280,.T.);
#10278 = VERTEX_POINT('',#10279);
#10279 = CARTESIAN_POINT('',(153.79,-73.25,0.));
#10280 = CIRCLE('',#10281,0.5);
#10281 = AXIS2_PLACEMENT_3D('',#10282,#10283,#10284);
#10282 = CARTESIAN_POINT('',(153.79,-72.75,0.));
#10283 = DIRECTION('',(-0.,0.,-1.));
#10284 = DIRECTION('',(-0.,-1.,0.));
#10285 = FACE_BOUND('',#10286,.F.);
#10286 = EDGE_LOOP('',(#10287));
#10287 = ORIENTED_EDGE('',*,*,#10288,.T.);
#10288 = EDGE_CURVE('',#10289,#10289,#10291,.T.);
#10289 = VERTEX_POINT('',#10290);
#10290 = CARTESIAN_POINT('',(153.79,-70.71,0.));
#10291 = CIRCLE('',#10292,0.5);
#10292 = AXIS2_PLACEMENT_3D('',#10293,#10294,#10295);
#10293 = CARTESIAN_POINT('',(153.79,-70.21,0.));
#10294 = DIRECTION('',(-0.,0.,-1.));
#10295 = DIRECTION('',(-0.,-1.,0.));
#10296 = PLANE('',#10297);
#10297 = AXIS2_PLACEMENT_3D('',#10298,#10299,#10300);
#10298 = CARTESIAN_POINT('',(0.,0.,0.));
#10299 = DIRECTION('',(0.,0.,1.));
#10300 = DIRECTION('',(1.,0.,-0.));
#10301 = ADVANCED_FACE('',(#10302,#10348,#10359,#10370,#10381,#10392,
    #10403,#10414,#10425,#10436,#10447,#10458,#10469),#10480,.T.);
#10302 = FACE_BOUND('',#10303,.T.);
#10303 = EDGE_LOOP('',(#10304,#10305,#10306,#10315,#10323,#10332,#10340,
    #10347));
#10304 = ORIENTED_EDGE('',*,*,#10027,.F.);
#10305 = ORIENTED_EDGE('',*,*,#10069,.F.);
#10306 = ORIENTED_EDGE('',*,*,#10307,.F.);
#10307 = EDGE_CURVE('',#10308,#10062,#10310,.T.);
#10308 = VERTEX_POINT('',#10309);
#10309 = CARTESIAN_POINT('',(147.25,-69.5,1.51));
#10310 = CIRCLE('',#10311,0.999999252925);
#10311 = AXIS2_PLACEMENT_3D('',#10312,#10313,#10314);
#10312 = CARTESIAN_POINT('',(148.24999925292,-69.49999925292,1.51));
#10313 = DIRECTION('',(0.,0.,-1.));
#10314 = DIRECTION('',(-1.,-7.470757491648E-07,-0.));
#10315 = ORIENTED_EDGE('',*,*,#10316,.F.);
#10316 = EDGE_CURVE('',#10317,#10308,#10319,.T.);
#10317 = VERTEX_POINT('',#10318);
#10318 = CARTESIAN_POINT('',(147.25,-83.75,1.51));
#10319 = LINE('',#10320,#10321);
#10320 = CARTESIAN_POINT('',(147.25,-83.75,1.51));
#10321 = VECTOR('',#10322,1.);
#10322 = DIRECTION('',(0.,1.,0.));
#10323 = ORIENTED_EDGE('',*,*,#10324,.F.);
#10324 = EDGE_CURVE('',#10325,#10317,#10327,.T.);
#10325 = VERTEX_POINT('',#10326);
#10326 = CARTESIAN_POINT('',(148.25,-84.75,1.51));
#10327 = CIRCLE('',#10328,0.999999252925);
#10328 = AXIS2_PLACEMENT_3D('',#10329,#10330,#10331);
#10329 = CARTESIAN_POINT('',(148.24999925292,-83.75000074707,1.51));
#10330 = DIRECTION('',(0.,0.,-1.));
#10331 = DIRECTION('',(7.470757349539E-07,-1.,0.));
#10332 = ORIENTED_EDGE('',*,*,#10333,.F.);
#10333 = EDGE_CURVE('',#10334,#10325,#10336,.T.);
#10334 = VERTEX_POINT('',#10335);
#10335 = CARTESIAN_POINT('',(165.,-84.75,1.51));
#10336 = LINE('',#10337,#10338);
#10337 = CARTESIAN_POINT('',(165.,-84.75,1.51));
#10338 = VECTOR('',#10339,1.);
#10339 = DIRECTION('',(-1.,0.,0.));
#10340 = ORIENTED_EDGE('',*,*,#10341,.F.);
#10341 = EDGE_CURVE('',#10092,#10334,#10342,.T.);
#10342 = CIRCLE('',#10343,0.999999252925);
#10343 = AXIS2_PLACEMENT_3D('',#10344,#10345,#10346);
#10344 = CARTESIAN_POINT('',(165.00000074707,-83.75000074707,1.51));
#10345 = DIRECTION('',(0.,0.,-1.));
#10346 = DIRECTION('',(1.,7.470757491648E-07,0.));
#10347 = ORIENTED_EDGE('',*,*,#10091,.F.);
#10348 = FACE_BOUND('',#10349,.T.);
#10349 = EDGE_LOOP('',(#10350));
#10350 = ORIENTED_EDGE('',*,*,#10351,.T.);
#10351 = EDGE_CURVE('',#10352,#10352,#10354,.T.);
#10352 = VERTEX_POINT('',#10353);
#10353 = CARTESIAN_POINT('',(151.25,-83.41,1.51));
#10354 = CIRCLE('',#10355,0.5);
#10355 = AXIS2_PLACEMENT_3D('',#10356,#10357,#10358);
#10356 = CARTESIAN_POINT('',(151.25,-82.91,1.51));
#10357 = DIRECTION('',(-0.,0.,-1.));
#10358 = DIRECTION('',(-0.,-1.,0.));
#10359 = FACE_BOUND('',#10360,.T.);
#10360 = EDGE_LOOP('',(#10361));
#10361 = ORIENTED_EDGE('',*,*,#10362,.T.);
#10362 = EDGE_CURVE('',#10363,#10363,#10365,.T.);
#10363 = VERTEX_POINT('',#10364);
#10364 = CARTESIAN_POINT('',(151.25,-80.87,1.51));
#10365 = CIRCLE('',#10366,0.5);
#10366 = AXIS2_PLACEMENT_3D('',#10367,#10368,#10369);
#10367 = CARTESIAN_POINT('',(151.25,-80.37,1.51));
#10368 = DIRECTION('',(-0.,0.,-1.));
#10369 = DIRECTION('',(-0.,-1.,0.));
#10370 = FACE_BOUND('',#10371,.T.);
#10371 = EDGE_LOOP('',(#10372));
#10372 = ORIENTED_EDGE('',*,*,#10373,.T.);
#10373 = EDGE_CURVE('',#10374,#10374,#10376,.T.);
#10374 = VERTEX_POINT('',#10375);
#10375 = CARTESIAN_POINT('',(151.25,-78.33,1.51));
#10376 = CIRCLE('',#10377,0.5);
#10377 = AXIS2_PLACEMENT_3D('',#10378,#10379,#10380);
#10378 = CARTESIAN_POINT('',(151.25,-77.83,1.51));
#10379 = DIRECTION('',(-0.,0.,-1.));
#10380 = DIRECTION('',(-0.,-1.,0.));
#10381 = FACE_BOUND('',#10382,.T.);
#10382 = EDGE_LOOP('',(#10383));
#10383 = ORIENTED_EDGE('',*,*,#10384,.T.);
#10384 = EDGE_CURVE('',#10385,#10385,#10387,.T.);
#10385 = VERTEX_POINT('',#10386);
#10386 = CARTESIAN_POINT('',(153.79,-83.41,1.51));
#10387 = CIRCLE('',#10388,0.5);
#10388 = AXIS2_PLACEMENT_3D('',#10389,#10390,#10391);
#10389 = CARTESIAN_POINT('',(153.79,-82.91,1.51));
#10390 = DIRECTION('',(-0.,0.,-1.));
#10391 = DIRECTION('',(-0.,-1.,0.));
#10392 = FACE_BOUND('',#10393,.T.);
#10393 = EDGE_LOOP('',(#10394));
#10394 = ORIENTED_EDGE('',*,*,#10395,.T.);
#10395 = EDGE_CURVE('',#10396,#10396,#10398,.T.);
#10396 = VERTEX_POINT('',#10397);
#10397 = CARTESIAN_POINT('',(153.79,-80.87,1.51));
#10398 = CIRCLE('',#10399,0.5);
#10399 = AXIS2_PLACEMENT_3D('',#10400,#10401,#10402);
#10400 = CARTESIAN_POINT('',(153.79,-80.37,1.51));
#10401 = DIRECTION('',(-0.,0.,-1.));
#10402 = DIRECTION('',(-0.,-1.,0.));
#10403 = FACE_BOUND('',#10404,.T.);
#10404 = EDGE_LOOP('',(#10405));
#10405 = ORIENTED_EDGE('',*,*,#10406,.T.);
#10406 = EDGE_CURVE('',#10407,#10407,#10409,.T.);
#10407 = VERTEX_POINT('',#10408);
#10408 = CARTESIAN_POINT('',(153.79,-78.33,1.51));
#10409 = CIRCLE('',#10410,0.5);
#10410 = AXIS2_PLACEMENT_3D('',#10411,#10412,#10413);
#10411 = CARTESIAN_POINT('',(153.79,-77.83,1.51));
#10412 = DIRECTION('',(-0.,0.,-1.));
#10413 = DIRECTION('',(-0.,-1.,0.));
#10414 = FACE_BOUND('',#10415,.T.);
#10415 = EDGE_LOOP('',(#10416));
#10416 = ORIENTED_EDGE('',*,*,#10417,.T.);
#10417 = EDGE_CURVE('',#10418,#10418,#10420,.T.);
#10418 = VERTEX_POINT('',#10419);
#10419 = CARTESIAN_POINT('',(151.25,-75.79,1.51));
#10420 = CIRCLE('',#10421,0.5);
#10421 = AXIS2_PLACEMENT_3D('',#10422,#10423,#10424);
#10422 = CARTESIAN_POINT('',(151.25,-75.29,1.51));
#10423 = DIRECTION('',(-0.,0.,-1.));
#10424 = DIRECTION('',(-0.,-1.,0.));
#10425 = FACE_BOUND('',#10426,.T.);
#10426 = EDGE_LOOP('',(#10427));
#10427 = ORIENTED_EDGE('',*,*,#10428,.T.);
#10428 = EDGE_CURVE('',#10429,#10429,#10431,.T.);
#10429 = VERTEX_POINT('',#10430);
#10430 = CARTESIAN_POINT('',(151.25,-73.25,1.51));
#10431 = CIRCLE('',#10432,0.5);
#10432 = AXIS2_PLACEMENT_3D('',#10433,#10434,#10435);
#10433 = CARTESIAN_POINT('',(151.25,-72.75,1.51));
#10434 = DIRECTION('',(-0.,0.,-1.));
#10435 = DIRECTION('',(-0.,-1.,0.));
#10436 = FACE_BOUND('',#10437,.T.);
#10437 = EDGE_LOOP('',(#10438));
#10438 = ORIENTED_EDGE('',*,*,#10439,.T.);
#10439 = EDGE_CURVE('',#10440,#10440,#10442,.T.);
#10440 = VERTEX_POINT('',#10441);
#10441 = CARTESIAN_POINT('',(151.25,-70.71,1.51));
#10442 = CIRCLE('',#10443,0.5);
#10443 = AXIS2_PLACEMENT_3D('',#10444,#10445,#10446);
#10444 = CARTESIAN_POINT('',(151.25,-70.21,1.51));
#10445 = DIRECTION('',(-0.,0.,-1.));
#10446 = DIRECTION('',(-0.,-1.,0.));
#10447 = FACE_BOUND('',#10448,.T.);
#10448 = EDGE_LOOP('',(#10449));
#10449 = ORIENTED_EDGE('',*,*,#10450,.T.);
#10450 = EDGE_CURVE('',#10451,#10451,#10453,.T.);
#10451 = VERTEX_POINT('',#10452);
#10452 = CARTESIAN_POINT('',(153.79,-75.79,1.51));
#10453 = CIRCLE('',#10454,0.5);
#10454 = AXIS2_PLACEMENT_3D('',#10455,#10456,#10457);
#10455 = CARTESIAN_POINT('',(153.79,-75.29,1.51));
#10456 = DIRECTION('',(-0.,0.,-1.));
#10457 = DIRECTION('',(-0.,-1.,0.));
#10458 = FACE_BOUND('',#10459,.T.);
#10459 = EDGE_LOOP('',(#10460));
#10460 = ORIENTED_EDGE('',*,*,#10461,.T.);
#10461 = EDGE_CURVE('',#10462,#10462,#10464,.T.);
#10462 = VERTEX_POINT('',#10463);
#10463 = CARTESIAN_POINT('',(153.79,-73.25,1.51));
#10464 = CIRCLE('',#10465,0.5);
#10465 = AXIS2_PLACEMENT_3D('',#10466,#10467,#10468);
#10466 = CARTESIAN_POINT('',(153.79,-72.75,1.51));
#10467 = DIRECTION('',(-0.,0.,-1.));
#10468 = DIRECTION('',(-0.,-1.,0.));
#10469 = FACE_BOUND('',#10470,.T.);
#10470 = EDGE_LOOP('',(#10471));
#10471 = ORIENTED_EDGE('',*,*,#10472,.T.);
#10472 = EDGE_CURVE('',#10473,#10473,#10475,.T.);
#10473 = VERTEX_POINT('',#10474);
#10474 = CARTESIAN_POINT('',(153.79,-70.71,1.51));
#10475 = CIRCLE('',#10476,0.5);
#10476 = AXIS2_PLACEMENT_3D('',#10477,#10478,#10479);
#10477 = CARTESIAN_POINT('',(153.79,-70.21,1.51));
#10478 = DIRECTION('',(-0.,0.,-1.));
#10479 = DIRECTION('',(-0.,-1.,0.));
#10480 = PLANE('',#10481);
#10481 = AXIS2_PLACEMENT_3D('',#10482,#10483,#10484);
#10482 = CARTESIAN_POINT('',(0.,0.,1.51));
#10483 = DIRECTION('',(0.,0.,1.));
#10484 = DIRECTION('',(1.,0.,-0.));
#10485 = ADVANCED_FACE('',(#10486),#10497,.T.);
#10486 = FACE_BOUND('',#10487,.T.);
#10487 = EDGE_LOOP('',(#10488,#10494,#10495,#10496));
#10488 = ORIENTED_EDGE('',*,*,#10489,.T.);
#10489 = EDGE_CURVE('',#10124,#10308,#10490,.T.);
#10490 = LINE('',#10491,#10492);
#10491 = CARTESIAN_POINT('',(147.25,-69.5,0.));
#10492 = VECTOR('',#10493,1.);
#10493 = DIRECTION('',(0.,0.,1.));
#10494 = ORIENTED_EDGE('',*,*,#10307,.T.);
#10495 = ORIENTED_EDGE('',*,*,#10059,.F.);
#10496 = ORIENTED_EDGE('',*,*,#10123,.F.);
#10497 = CYLINDRICAL_SURFACE('',#10498,0.999999252925);
#10498 = AXIS2_PLACEMENT_3D('',#10499,#10500,#10501);
#10499 = CARTESIAN_POINT('',(148.24999925292,-69.49999925292,0.));
#10500 = DIRECTION('',(0.,0.,-1.));
#10501 = DIRECTION('',(-1.,-7.470757491648E-07,-0.));
#10502 = ADVANCED_FACE('',(#10503),#10514,.T.);
#10503 = FACE_BOUND('',#10504,.T.);
#10504 = EDGE_LOOP('',(#10505,#10506,#10507,#10513));
#10505 = ORIENTED_EDGE('',*,*,#10099,.T.);
#10506 = ORIENTED_EDGE('',*,*,#10341,.T.);
#10507 = ORIENTED_EDGE('',*,*,#10508,.F.);
#10508 = EDGE_CURVE('',#10150,#10334,#10509,.T.);
#10509 = LINE('',#10510,#10511);
#10510 = CARTESIAN_POINT('',(165.,-84.75,0.));
#10511 = VECTOR('',#10512,1.);
#10512 = DIRECTION('',(0.,0.,1.));
#10513 = ORIENTED_EDGE('',*,*,#10157,.F.);
#10514 = CYLINDRICAL_SURFACE('',#10515,0.999999252925);
#10515 = AXIS2_PLACEMENT_3D('',#10516,#10517,#10518);
#10516 = CARTESIAN_POINT('',(165.00000074707,-83.75000074707,0.));
#10517 = DIRECTION('',(0.,0.,-1.));
#10518 = DIRECTION('',(1.,7.470757491648E-07,0.));
#10519 = ADVANCED_FACE('',(#10520),#10531,.T.);
#10520 = FACE_BOUND('',#10521,.T.);
#10521 = EDGE_LOOP('',(#10522,#10528,#10529,#10530));
#10522 = ORIENTED_EDGE('',*,*,#10523,.T.);
#10523 = EDGE_CURVE('',#10133,#10317,#10524,.T.);
#10524 = LINE('',#10525,#10526);
#10525 = CARTESIAN_POINT('',(147.25,-83.75,0.));
#10526 = VECTOR('',#10527,1.);
#10527 = DIRECTION('',(0.,0.,1.));
#10528 = ORIENTED_EDGE('',*,*,#10316,.T.);
#10529 = ORIENTED_EDGE('',*,*,#10489,.F.);
#10530 = ORIENTED_EDGE('',*,*,#10132,.F.);
#10531 = PLANE('',#10532);
#10532 = AXIS2_PLACEMENT_3D('',#10533,#10534,#10535);
#10533 = CARTESIAN_POINT('',(147.25,-83.75,0.));
#10534 = DIRECTION('',(-1.,0.,0.));
#10535 = DIRECTION('',(0.,1.,0.));
#10536 = ADVANCED_FACE('',(#10537),#10548,.T.);
#10537 = FACE_BOUND('',#10538,.T.);
#10538 = EDGE_LOOP('',(#10539,#10540,#10541,#10547));
#10539 = ORIENTED_EDGE('',*,*,#10508,.T.);
#10540 = ORIENTED_EDGE('',*,*,#10333,.T.);
#10541 = ORIENTED_EDGE('',*,*,#10542,.F.);
#10542 = EDGE_CURVE('',#10141,#10325,#10543,.T.);
#10543 = LINE('',#10544,#10545);
#10544 = CARTESIAN_POINT('',(148.25,-84.75,0.));
#10545 = VECTOR('',#10546,1.);
#10546 = DIRECTION('',(0.,0.,1.));
#10547 = ORIENTED_EDGE('',*,*,#10149,.F.);
#10548 = PLANE('',#10549);
#10549 = AXIS2_PLACEMENT_3D('',#10550,#10551,#10552);
#10550 = CARTESIAN_POINT('',(165.,-84.75,0.));
#10551 = DIRECTION('',(0.,-1.,0.));
#10552 = DIRECTION('',(-1.,0.,0.));
#10553 = ADVANCED_FACE('',(#10554),#10560,.T.);
#10554 = FACE_BOUND('',#10555,.T.);
#10555 = EDGE_LOOP('',(#10556,#10557,#10558,#10559));
#10556 = ORIENTED_EDGE('',*,*,#10542,.T.);
#10557 = ORIENTED_EDGE('',*,*,#10324,.T.);
#10558 = ORIENTED_EDGE('',*,*,#10523,.F.);
#10559 = ORIENTED_EDGE('',*,*,#10140,.F.);
#10560 = CYLINDRICAL_SURFACE('',#10561,0.999999252925);
#10561 = AXIS2_PLACEMENT_3D('',#10562,#10563,#10564);
#10562 = CARTESIAN_POINT('',(148.24999925292,-83.75000074707,0.));
#10563 = DIRECTION('',(0.,0.,-1.));
#10564 = DIRECTION('',(7.470757349539E-07,-1.,0.));
#10565 = ADVANCED_FACE('',(#10566),#10577,.F.);
#10566 = FACE_BOUND('',#10567,.T.);
#10567 = EDGE_LOOP('',(#10568,#10569,#10575,#10576));
#10568 = ORIENTED_EDGE('',*,*,#10167,.T.);
#10569 = ORIENTED_EDGE('',*,*,#10570,.T.);
#10570 = EDGE_CURVE('',#10168,#10352,#10571,.T.);
#10571 = LINE('',#10572,#10573);
#10572 = CARTESIAN_POINT('',(151.25,-83.41,-4.6E-02));
#10573 = VECTOR('',#10574,1.);
#10574 = DIRECTION('',(0.,0.,1.));
#10575 = ORIENTED_EDGE('',*,*,#10351,.F.);
#10576 = ORIENTED_EDGE('',*,*,#10570,.F.);
#10577 = CYLINDRICAL_SURFACE('',#10578,0.5);
#10578 = AXIS2_PLACEMENT_3D('',#10579,#10580,#10581);
#10579 = CARTESIAN_POINT('',(151.25,-82.91,-4.6E-02));
#10580 = DIRECTION('',(-0.,-0.,-1.));
#10581 = DIRECTION('',(-0.,-1.,0.));
#10582 = ADVANCED_FACE('',(#10583),#10594,.F.);
#10583 = FACE_BOUND('',#10584,.T.);
#10584 = EDGE_LOOP('',(#10585,#10586,#10592,#10593));
#10585 = ORIENTED_EDGE('',*,*,#10178,.T.);
#10586 = ORIENTED_EDGE('',*,*,#10587,.T.);
#10587 = EDGE_CURVE('',#10179,#10363,#10588,.T.);
#10588 = LINE('',#10589,#10590);
#10589 = CARTESIAN_POINT('',(151.25,-80.87,-4.6E-02));
#10590 = VECTOR('',#10591,1.);
#10591 = DIRECTION('',(0.,0.,1.));
#10592 = ORIENTED_EDGE('',*,*,#10362,.F.);
#10593 = ORIENTED_EDGE('',*,*,#10587,.F.);
#10594 = CYLINDRICAL_SURFACE('',#10595,0.5);
#10595 = AXIS2_PLACEMENT_3D('',#10596,#10597,#10598);
#10596 = CARTESIAN_POINT('',(151.25,-80.37,-4.6E-02));
#10597 = DIRECTION('',(-0.,-0.,-1.));
#10598 = DIRECTION('',(-0.,-1.,0.));
#10599 = ADVANCED_FACE('',(#10600),#10611,.F.);
#10600 = FACE_BOUND('',#10601,.T.);
#10601 = EDGE_LOOP('',(#10602,#10603,#10609,#10610));
#10602 = ORIENTED_EDGE('',*,*,#10189,.T.);
#10603 = ORIENTED_EDGE('',*,*,#10604,.T.);
#10604 = EDGE_CURVE('',#10190,#10374,#10605,.T.);
#10605 = LINE('',#10606,#10607);
#10606 = CARTESIAN_POINT('',(151.25,-78.33,-4.6E-02));
#10607 = VECTOR('',#10608,1.);
#10608 = DIRECTION('',(0.,0.,1.));
#10609 = ORIENTED_EDGE('',*,*,#10373,.F.);
#10610 = ORIENTED_EDGE('',*,*,#10604,.F.);
#10611 = CYLINDRICAL_SURFACE('',#10612,0.5);
#10612 = AXIS2_PLACEMENT_3D('',#10613,#10614,#10615);
#10613 = CARTESIAN_POINT('',(151.25,-77.83,-4.6E-02));
#10614 = DIRECTION('',(-0.,-0.,-1.));
#10615 = DIRECTION('',(-0.,-1.,0.));
#10616 = ADVANCED_FACE('',(#10617),#10628,.F.);
#10617 = FACE_BOUND('',#10618,.T.);
#10618 = EDGE_LOOP('',(#10619,#10620,#10626,#10627));
#10619 = ORIENTED_EDGE('',*,*,#10200,.T.);
#10620 = ORIENTED_EDGE('',*,*,#10621,.T.);
#10621 = EDGE_CURVE('',#10201,#10385,#10622,.T.);
#10622 = LINE('',#10623,#10624);
#10623 = CARTESIAN_POINT('',(153.79,-83.41,-4.6E-02));
#10624 = VECTOR('',#10625,1.);
#10625 = DIRECTION('',(0.,0.,1.));
#10626 = ORIENTED_EDGE('',*,*,#10384,.F.);
#10627 = ORIENTED_EDGE('',*,*,#10621,.F.);
#10628 = CYLINDRICAL_SURFACE('',#10629,0.5);
#10629 = AXIS2_PLACEMENT_3D('',#10630,#10631,#10632);
#10630 = CARTESIAN_POINT('',(153.79,-82.91,-4.6E-02));
#10631 = DIRECTION('',(-0.,-0.,-1.));
#10632 = DIRECTION('',(-0.,-1.,0.));
#10633 = ADVANCED_FACE('',(#10634),#10645,.F.);
#10634 = FACE_BOUND('',#10635,.T.);
#10635 = EDGE_LOOP('',(#10636,#10637,#10643,#10644));
#10636 = ORIENTED_EDGE('',*,*,#10211,.T.);
#10637 = ORIENTED_EDGE('',*,*,#10638,.T.);
#10638 = EDGE_CURVE('',#10212,#10396,#10639,.T.);
#10639 = LINE('',#10640,#10641);
#10640 = CARTESIAN_POINT('',(153.79,-80.87,-4.6E-02));
#10641 = VECTOR('',#10642,1.);
#10642 = DIRECTION('',(0.,0.,1.));
#10643 = ORIENTED_EDGE('',*,*,#10395,.F.);
#10644 = ORIENTED_EDGE('',*,*,#10638,.F.);
#10645 = CYLINDRICAL_SURFACE('',#10646,0.5);
#10646 = AXIS2_PLACEMENT_3D('',#10647,#10648,#10649);
#10647 = CARTESIAN_POINT('',(153.79,-80.37,-4.6E-02));
#10648 = DIRECTION('',(-0.,-0.,-1.));
#10649 = DIRECTION('',(-0.,-1.,0.));
#10650 = ADVANCED_FACE('',(#10651),#10662,.F.);
#10651 = FACE_BOUND('',#10652,.T.);
#10652 = EDGE_LOOP('',(#10653,#10654,#10660,#10661));
#10653 = ORIENTED_EDGE('',*,*,#10222,.T.);
#10654 = ORIENTED_EDGE('',*,*,#10655,.T.);
#10655 = EDGE_CURVE('',#10223,#10407,#10656,.T.);
#10656 = LINE('',#10657,#10658);
#10657 = CARTESIAN_POINT('',(153.79,-78.33,-4.6E-02));
#10658 = VECTOR('',#10659,1.);
#10659 = DIRECTION('',(0.,0.,1.));
#10660 = ORIENTED_EDGE('',*,*,#10406,.F.);
#10661 = ORIENTED_EDGE('',*,*,#10655,.F.);
#10662 = CYLINDRICAL_SURFACE('',#10663,0.5);
#10663 = AXIS2_PLACEMENT_3D('',#10664,#10665,#10666);
#10664 = CARTESIAN_POINT('',(153.79,-77.83,-4.6E-02));
#10665 = DIRECTION('',(-0.,-0.,-1.));
#10666 = DIRECTION('',(-0.,-1.,0.));
#10667 = ADVANCED_FACE('',(#10668),#10679,.F.);
#10668 = FACE_BOUND('',#10669,.T.);
#10669 = EDGE_LOOP('',(#10670,#10671,#10677,#10678));
#10670 = ORIENTED_EDGE('',*,*,#10233,.T.);
#10671 = ORIENTED_EDGE('',*,*,#10672,.T.);
#10672 = EDGE_CURVE('',#10234,#10418,#10673,.T.);
#10673 = LINE('',#10674,#10675);
#10674 = CARTESIAN_POINT('',(151.25,-75.79,-4.6E-02));
#10675 = VECTOR('',#10676,1.);
#10676 = DIRECTION('',(0.,0.,1.));
#10677 = ORIENTED_EDGE('',*,*,#10417,.F.);
#10678 = ORIENTED_EDGE('',*,*,#10672,.F.);
#10679 = CYLINDRICAL_SURFACE('',#10680,0.5);
#10680 = AXIS2_PLACEMENT_3D('',#10681,#10682,#10683);
#10681 = CARTESIAN_POINT('',(151.25,-75.29,-4.6E-02));
#10682 = DIRECTION('',(-0.,-0.,-1.));
#10683 = DIRECTION('',(-0.,-1.,0.));
#10684 = ADVANCED_FACE('',(#10685),#10696,.F.);
#10685 = FACE_BOUND('',#10686,.T.);
#10686 = EDGE_LOOP('',(#10687,#10688,#10694,#10695));
#10687 = ORIENTED_EDGE('',*,*,#10244,.T.);
#10688 = ORIENTED_EDGE('',*,*,#10689,.T.);
#10689 = EDGE_CURVE('',#10245,#10429,#10690,.T.);
#10690 = LINE('',#10691,#10692);
#10691 = CARTESIAN_POINT('',(151.25,-73.25,-4.6E-02));
#10692 = VECTOR('',#10693,1.);
#10693 = DIRECTION('',(0.,0.,1.));
#10694 = ORIENTED_EDGE('',*,*,#10428,.F.);
#10695 = ORIENTED_EDGE('',*,*,#10689,.F.);
#10696 = CYLINDRICAL_SURFACE('',#10697,0.5);
#10697 = AXIS2_PLACEMENT_3D('',#10698,#10699,#10700);
#10698 = CARTESIAN_POINT('',(151.25,-72.75,-4.6E-02));
#10699 = DIRECTION('',(-0.,-0.,-1.));
#10700 = DIRECTION('',(-0.,-1.,0.));
#10701 = ADVANCED_FACE('',(#10702),#10713,.F.);
#10702 = FACE_BOUND('',#10703,.T.);
#10703 = EDGE_LOOP('',(#10704,#10705,#10711,#10712));
#10704 = ORIENTED_EDGE('',*,*,#10255,.T.);
#10705 = ORIENTED_EDGE('',*,*,#10706,.T.);
#10706 = EDGE_CURVE('',#10256,#10440,#10707,.T.);
#10707 = LINE('',#10708,#10709);
#10708 = CARTESIAN_POINT('',(151.25,-70.71,-4.6E-02));
#10709 = VECTOR('',#10710,1.);
#10710 = DIRECTION('',(0.,0.,1.));
#10711 = ORIENTED_EDGE('',*,*,#10439,.F.);
#10712 = ORIENTED_EDGE('',*,*,#10706,.F.);
#10713 = CYLINDRICAL_SURFACE('',#10714,0.5);
#10714 = AXIS2_PLACEMENT_3D('',#10715,#10716,#10717);
#10715 = CARTESIAN_POINT('',(151.25,-70.21,-4.6E-02));
#10716 = DIRECTION('',(-0.,-0.,-1.));
#10717 = DIRECTION('',(-0.,-1.,0.));
#10718 = ADVANCED_FACE('',(#10719),#10730,.F.);
#10719 = FACE_BOUND('',#10720,.T.);
#10720 = EDGE_LOOP('',(#10721,#10722,#10728,#10729));
#10721 = ORIENTED_EDGE('',*,*,#10266,.T.);
#10722 = ORIENTED_EDGE('',*,*,#10723,.T.);
#10723 = EDGE_CURVE('',#10267,#10451,#10724,.T.);
#10724 = LINE('',#10725,#10726);
#10725 = CARTESIAN_POINT('',(153.79,-75.79,-4.6E-02));
#10726 = VECTOR('',#10727,1.);
#10727 = DIRECTION('',(0.,0.,1.));
#10728 = ORIENTED_EDGE('',*,*,#10450,.F.);
#10729 = ORIENTED_EDGE('',*,*,#10723,.F.);
#10730 = CYLINDRICAL_SURFACE('',#10731,0.5);
#10731 = AXIS2_PLACEMENT_3D('',#10732,#10733,#10734);
#10732 = CARTESIAN_POINT('',(153.79,-75.29,-4.6E-02));
#10733 = DIRECTION('',(-0.,-0.,-1.));
#10734 = DIRECTION('',(-0.,-1.,0.));
#10735 = ADVANCED_FACE('',(#10736),#10747,.F.);
#10736 = FACE_BOUND('',#10737,.T.);
#10737 = EDGE_LOOP('',(#10738,#10739,#10745,#10746));
#10738 = ORIENTED_EDGE('',*,*,#10277,.T.);
#10739 = ORIENTED_EDGE('',*,*,#10740,.T.);
#10740 = EDGE_CURVE('',#10278,#10462,#10741,.T.);
#10741 = LINE('',#10742,#10743);
#10742 = CARTESIAN_POINT('',(153.79,-73.25,-4.6E-02));
#10743 = VECTOR('',#10744,1.);
#10744 = DIRECTION('',(0.,0.,1.));
#10745 = ORIENTED_EDGE('',*,*,#10461,.F.);
#10746 = ORIENTED_EDGE('',*,*,#10740,.F.);
#10747 = CYLINDRICAL_SURFACE('',#10748,0.5);
#10748 = AXIS2_PLACEMENT_3D('',#10749,#10750,#10751);
#10749 = CARTESIAN_POINT('',(153.79,-72.75,-4.6E-02));
#10750 = DIRECTION('',(-0.,-0.,-1.));
#10751 = DIRECTION('',(-0.,-1.,0.));
#10752 = ADVANCED_FACE('',(#10753),#10764,.F.);
#10753 = FACE_BOUND('',#10754,.T.);
#10754 = EDGE_LOOP('',(#10755,#10756,#10762,#10763));
#10755 = ORIENTED_EDGE('',*,*,#10288,.T.);
#10756 = ORIENTED_EDGE('',*,*,#10757,.T.);
#10757 = EDGE_CURVE('',#10289,#10473,#10758,.T.);
#10758 = LINE('',#10759,#10760);
#10759 = CARTESIAN_POINT('',(153.79,-70.71,-4.6E-02));
#10760 = VECTOR('',#10761,1.);
#10761 = DIRECTION('',(0.,0.,1.));
#10762 = ORIENTED_EDGE('',*,*,#10472,.F.);
#10763 = ORIENTED_EDGE('',*,*,#10757,.F.);
#10764 = CYLINDRICAL_SURFACE('',#10765,0.5);
#10765 = AXIS2_PLACEMENT_3D('',#10766,#10767,#10768);
#10766 = CARTESIAN_POINT('',(153.79,-70.21,-4.6E-02));
#10767 = DIRECTION('',(-0.,-0.,-1.));
#10768 = DIRECTION('',(-0.,-1.,0.));
#10769 = ( GEOMETRIC_REPRESENTATION_CONTEXT(3) 
GLOBAL_UNCERTAINTY_ASSIGNED_CONTEXT((#10773)) 
GLOBAL_UNIT_ASSIGNED_CONTEXT((#10770,#10771,#10772)) 
REPRESENTATION_CONTEXT('Context #1',
  '3D Context with UNIT and UNCERTAINTY') );
#10770 = ( LENGTH_UNIT() NAMED_UNIT(*) SI_UNIT(.MILLI.,.METRE.) );
#10771 = ( NAMED_UNIT(*) PLANE_ANGLE_UNIT() SI_UNIT($,.RADIAN.) );
#10772 = ( NAMED_UNIT(*) SI_UNIT($,.STERADIAN.) SOLID_ANGLE_UNIT() );
#10773 = UNCERTAINTY_MEASURE_WITH_UNIT(LENGTH_MEASURE(1.E-07),#10770,
  'distance_accuracy_value','confusion accuracy');
#10774 = CONTEXT_DEPENDENT_SHAPE_REPRESENTATION(#10775,#10777);
#10775 = ( REPRESENTATION_RELATIONSHIP('','',#10010,#10) 
REPRESENTATION_RELATIONSHIP_WITH_TRANSFORMATION(#10776) 
SHAPE_REPRESENTATION_RELATIONSHIP() );
#10776 = ITEM_DEFINED_TRANSFORMATION('','',#11,#27);
#10777 = PRODUCT_DEFINITION_SHAPE('Placement','Placement of an item',
  #10778);
#10778 = NEXT_ASSEMBLY_USAGE_OCCURRENCE('7','=>[0:1:1:8]','',#5,#10005,$
  );
#10779 = PRODUCT_RELATED_PRODUCT_CATEGORY('part',$,(#10007));
#10780 = MECHANICAL_DESIGN_GEOMETRIC_PRESENTATION_REPRESENTATION('',(
    #10781,#10789,#10796,#10803,#10810,#10817,#10824,#10831,#10839,
    #10846,#10853,#10860,#10867,#10874,#10882,#10889,#10896,#10903,
    #10910,#10917,#10924,#10931,#10938,#10945,#10952,#10959),#1754);
#10781 = STYLED_ITEM('color',(#10782),#966);
#10782 = PRESENTATION_STYLE_ASSIGNMENT((#10783));
#10783 = SURFACE_STYLE_USAGE(.BOTH.,#10784);
#10784 = SURFACE_SIDE_STYLE('',(#10785));
#10785 = SURFACE_STYLE_FILL_AREA(#10786);
#10786 = FILL_AREA_STYLE('',(#10787));
#10787 = FILL_AREA_STYLE_COLOUR('',#10788);
#10788 = COLOUR_RGB('',0.823999987314,0.819999987296,0.781000009244);
#10789 = STYLED_ITEM('color',(#10790),#1006);
#10790 = PRESENTATION_STYLE_ASSIGNMENT((#10791));
#10791 = SURFACE_STYLE_USAGE(.BOTH.,#10792);
#10792 = SURFACE_SIDE_STYLE('',(#10793));
#10793 = SURFACE_STYLE_FILL_AREA(#10794);
#10794 = FILL_AREA_STYLE('',(#10795));
#10795 = FILL_AREA_STYLE_COLOUR('',#10788);
#10796 = STYLED_ITEM('color',(#10797),#1089);
#10797 = PRESENTATION_STYLE_ASSIGNMENT((#10798));
#10798 = SURFACE_STYLE_USAGE(.BOTH.,#10799);
#10799 = SURFACE_SIDE_STYLE('',(#10800));
#10800 = SURFACE_STYLE_FILL_AREA(#10801);
#10801 = FILL_AREA_STYLE('',(#10802));
#10802 = FILL_AREA_STYLE_COLOUR('',#10788);
#10803 = STYLED_ITEM('color',(#10804),#1114);
#10804 = PRESENTATION_STYLE_ASSIGNMENT((#10805));
#10805 = SURFACE_STYLE_USAGE(.BOTH.,#10806);
#10806 = SURFACE_SIDE_STYLE('',(#10807));
#10807 = SURFACE_STYLE_FILL_AREA(#10808);
#10808 = FILL_AREA_STYLE('',(#10809));
#10809 = FILL_AREA_STYLE_COLOUR('',#10788);
#10810 = STYLED_ITEM('color',(#10811),#1139);
#10811 = PRESENTATION_STYLE_ASSIGNMENT((#10812));
#10812 = SURFACE_STYLE_USAGE(.BOTH.,#10813);
#10813 = SURFACE_SIDE_STYLE('',(#10814));
#10814 = SURFACE_STYLE_FILL_AREA(#10815);
#10815 = FILL_AREA_STYLE('',(#10816));
#10816 = FILL_AREA_STYLE_COLOUR('',#10788);
#10817 = STYLED_ITEM('color',(#10818),#1206);
#10818 = PRESENTATION_STYLE_ASSIGNMENT((#10819));
#10819 = SURFACE_STYLE_USAGE(.BOTH.,#10820);
#10820 = SURFACE_SIDE_STYLE('',(#10821));
#10821 = SURFACE_STYLE_FILL_AREA(#10822);
#10822 = FILL_AREA_STYLE('',(#10823));
#10823 = FILL_AREA_STYLE_COLOUR('',#10788);
#10824 = STYLED_ITEM('color',(#10825),#1223);
#10825 = PRESENTATION_STYLE_ASSIGNMENT((#10826));
#10826 = SURFACE_STYLE_USAGE(.BOTH.,#10827);
#10827 = SURFACE_SIDE_STYLE('',(#10828));
#10828 = SURFACE_STYLE_FILL_AREA(#10829);
#10829 = FILL_AREA_STYLE('',(#10830));
#10830 = FILL_AREA_STYLE_COLOUR('',#10788);
#10831 = STYLED_ITEM('color',(#10832),#1240);
#10832 = PRESENTATION_STYLE_ASSIGNMENT((#10833));
#10833 = SURFACE_STYLE_USAGE(.BOTH.,#10834);
#10834 = SURFACE_SIDE_STYLE('',(#10835));
#10835 = SURFACE_STYLE_FILL_AREA(#10836);
#10836 = FILL_AREA_STYLE('',(#10837));
#10837 = FILL_AREA_STYLE_COLOUR('',#10838);
#10838 = COLOUR_RGB('',0.894999966383,0.890999961016,0.813000030345);
#10839 = STYLED_ITEM('color',(#10840),#1289);
#10840 = PRESENTATION_STYLE_ASSIGNMENT((#10841));
#10841 = SURFACE_STYLE_USAGE(.BOTH.,#10842);
#10842 = SURFACE_SIDE_STYLE('',(#10843));
#10843 = SURFACE_STYLE_FILL_AREA(#10844);
#10844 = FILL_AREA_STYLE('',(#10845));
#10845 = FILL_AREA_STYLE_COLOUR('',#10788);
#10846 = STYLED_ITEM('color',(#10847),#1306);
#10847 = PRESENTATION_STYLE_ASSIGNMENT((#10848));
#10848 = SURFACE_STYLE_USAGE(.BOTH.,#10849);
#10849 = SURFACE_SIDE_STYLE('',(#10850));
#10850 = SURFACE_STYLE_FILL_AREA(#10851);
#10851 = FILL_AREA_STYLE('',(#10852));
#10852 = FILL_AREA_STYLE_COLOUR('',#10788);
#10853 = STYLED_ITEM('color',(#10854),#1323);
#10854 = PRESENTATION_STYLE_ASSIGNMENT((#10855));
#10855 = SURFACE_STYLE_USAGE(.BOTH.,#10856);
#10856 = SURFACE_SIDE_STYLE('',(#10857));
#10857 = SURFACE_STYLE_FILL_AREA(#10858);
#10858 = FILL_AREA_STYLE('',(#10859));
#10859 = FILL_AREA_STYLE_COLOUR('',#10838);
#10860 = STYLED_ITEM('color',(#10861),#1372);
#10861 = PRESENTATION_STYLE_ASSIGNMENT((#10862));
#10862 = SURFACE_STYLE_USAGE(.BOTH.,#10863);
#10863 = SURFACE_SIDE_STYLE('',(#10864));
#10864 = SURFACE_STYLE_FILL_AREA(#10865);
#10865 = FILL_AREA_STYLE('',(#10866));
#10866 = FILL_AREA_STYLE_COLOUR('',#10838);
#10867 = STYLED_ITEM('color',(#10868),#1389);
#10868 = PRESENTATION_STYLE_ASSIGNMENT((#10869));
#10869 = SURFACE_STYLE_USAGE(.BOTH.,#10870);
#10870 = SURFACE_SIDE_STYLE('',(#10871));
#10871 = SURFACE_STYLE_FILL_AREA(#10872);
#10872 = FILL_AREA_STYLE('',(#10873));
#10873 = FILL_AREA_STYLE_COLOUR('',#10788);
#10874 = STYLED_ITEM('color',(#10875),#1458);
#10875 = PRESENTATION_STYLE_ASSIGNMENT((#10876));
#10876 = SURFACE_STYLE_USAGE(.BOTH.,#10877);
#10877 = SURFACE_SIDE_STYLE('',(#10878));
#10878 = SURFACE_STYLE_FILL_AREA(#10879);
#10879 = FILL_AREA_STYLE('',(#10880));
#10880 = FILL_AREA_STYLE_COLOUR('',#10881);
#10881 = COLOUR_RGB('',8.200000279077E-02,8.600000121357E-02,
  9.399999706163E-02);
#10882 = STYLED_ITEM('color',(#10883),#1489);
#10883 = PRESENTATION_STYLE_ASSIGNMENT((#10884));
#10884 = SURFACE_STYLE_USAGE(.BOTH.,#10885);
#10885 = SURFACE_SIDE_STYLE('',(#10886));
#10886 = SURFACE_STYLE_FILL_AREA(#10887);
#10887 = FILL_AREA_STYLE('',(#10888));
#10888 = FILL_AREA_STYLE_COLOUR('',#10881);
#10889 = STYLED_ITEM('color',(#10890),#1513);
#10890 = PRESENTATION_STYLE_ASSIGNMENT((#10891));
#10891 = SURFACE_STYLE_USAGE(.BOTH.,#10892);
#10892 = SURFACE_SIDE_STYLE('',(#10893));
#10893 = SURFACE_STYLE_FILL_AREA(#10894);
#10894 = FILL_AREA_STYLE('',(#10895));
#10895 = FILL_AREA_STYLE_COLOUR('',#10788);
#10896 = STYLED_ITEM('color',(#10897),#1582);
#10897 = PRESENTATION_STYLE_ASSIGNMENT((#10898));
#10898 = SURFACE_STYLE_USAGE(.BOTH.,#10899);
#10899 = SURFACE_SIDE_STYLE('',(#10900));
#10900 = SURFACE_STYLE_FILL_AREA(#10901);
#10901 = FILL_AREA_STYLE('',(#10902));
#10902 = FILL_AREA_STYLE_COLOUR('',#10881);
#10903 = STYLED_ITEM('color',(#10904),#1606);
#10904 = PRESENTATION_STYLE_ASSIGNMENT((#10905));
#10905 = SURFACE_STYLE_USAGE(.BOTH.,#10906);
#10906 = SURFACE_SIDE_STYLE('',(#10907));
#10907 = SURFACE_STYLE_FILL_AREA(#10908);
#10908 = FILL_AREA_STYLE('',(#10909));
#10909 = FILL_AREA_STYLE_COLOUR('',#10788);
#10910 = STYLED_ITEM('color',(#10911),#1623);
#10911 = PRESENTATION_STYLE_ASSIGNMENT((#10912));
#10912 = SURFACE_STYLE_USAGE(.BOTH.,#10913);
#10913 = SURFACE_SIDE_STYLE('',(#10914));
#10914 = SURFACE_STYLE_FILL_AREA(#10915);
#10915 = FILL_AREA_STYLE('',(#10916));
#10916 = FILL_AREA_STYLE_COLOUR('',#10788);
#10917 = STYLED_ITEM('color',(#10918),#1640);
#10918 = PRESENTATION_STYLE_ASSIGNMENT((#10919));
#10919 = SURFACE_STYLE_USAGE(.BOTH.,#10920);
#10920 = SURFACE_SIDE_STYLE('',(#10921));
#10921 = SURFACE_STYLE_FILL_AREA(#10922);
#10922 = FILL_AREA_STYLE('',(#10923));
#10923 = FILL_AREA_STYLE_COLOUR('',#10788);
#10924 = STYLED_ITEM('color',(#10925),#1657);
#10925 = PRESENTATION_STYLE_ASSIGNMENT((#10926));
#10926 = SURFACE_STYLE_USAGE(.BOTH.,#10927);
#10927 = SURFACE_SIDE_STYLE('',(#10928));
#10928 = SURFACE_STYLE_FILL_AREA(#10929);
#10929 = FILL_AREA_STYLE('',(#10930));
#10930 = FILL_AREA_STYLE_COLOUR('',#10788);
#10931 = STYLED_ITEM('color',(#10932),#1674);
#10932 = PRESENTATION_STYLE_ASSIGNMENT((#10933));
#10933 = SURFACE_STYLE_USAGE(.BOTH.,#10934);
#10934 = SURFACE_SIDE_STYLE('',(#10935));
#10935 = SURFACE_STYLE_FILL_AREA(#10936);
#10936 = FILL_AREA_STYLE('',(#10937));
#10937 = FILL_AREA_STYLE_COLOUR('',#10788);
#10938 = STYLED_ITEM('color',(#10939),#1691);
#10939 = PRESENTATION_STYLE_ASSIGNMENT((#10940));
#10940 = SURFACE_STYLE_USAGE(.BOTH.,#10941);
#10941 = SURFACE_SIDE_STYLE('',(#10942));
#10942 = SURFACE_STYLE_FILL_AREA(#10943);
#10943 = FILL_AREA_STYLE('',(#10944));
#10944 = FILL_AREA_STYLE_COLOUR('',#10788);
#10945 = STYLED_ITEM('color',(#10946),#1708);
#10946 = PRESENTATION_STYLE_ASSIGNMENT((#10947));
#10947 = SURFACE_STYLE_USAGE(.BOTH.,#10948);
#10948 = SURFACE_SIDE_STYLE('',(#10949));
#10949 = SURFACE_STYLE_FILL_AREA(#10950);
#10950 = FILL_AREA_STYLE('',(#10951));
#10951 = FILL_AREA_STYLE_COLOUR('',#10788);
#10952 = STYLED_ITEM('color',(#10953),#1725);
#10953 = PRESENTATION_STYLE_ASSIGNMENT((#10954));
#10954 = SURFACE_STYLE_USAGE(.BOTH.,#10955);
#10955 = SURFACE_SIDE_STYLE('',(#10956));
#10956 = SURFACE_STYLE_FILL_AREA(#10957);
#10957 = FILL_AREA_STYLE('',(#10958));
#10958 = FILL_AREA_STYLE_COLOUR('',#10881);
#10959 = STYLED_ITEM('color',(#10960),#1742);
#10960 = PRESENTATION_STYLE_ASSIGNMENT((#10961));
#10961 = SURFACE_STYLE_USAGE(.BOTH.,#10962);
#10962 = SURFACE_SIDE_STYLE('',(#10963));
#10963 = SURFACE_STYLE_FILL_AREA(#10964);
#10964 = FILL_AREA_STYLE('',(#10965));
#10965 = FILL_AREA_STYLE_COLOUR('',#10881);
#10966 = MECHANICAL_DESIGN_GEOMETRIC_PRESENTATION_REPRESENTATION('',(
    #10967,#10975,#10982,#10989,#10996,#11003,#11010,#11017,#11024,
    #11031,#11038,#11045,#11052,#11059,#11066,#11073,#11080,#11087,
    #11094,#11101,#11108,#11115,#11122,#11129,#11136,#11143,#11150,
    #11157,#11164,#11171,#11178,#11185,#11192,#11199,#11206,#11213,
    #11220,#11227,#11234,#11241,#11248,#11256,#11263,#11270,#11277,
    #11284,#11291,#11298,#11305,#11312,#11319,#11326,#11333,#11340,
    #11347,#11354,#11361,#11368,#11375,#11382,#11389,#11396,#11403,
    #11410,#11417,#11424,#11431,#11438,#11445,#11452,#11459,#11466,
    #11473,#11480,#11487,#11494,#11501,#11508,#11515,#11522,#11529,
    #11536,#11543,#11550,#11557,#11564,#11571,#11578,#11585,#11592,
    #11599,#11606,#11613,#11620,#11627,#11634,#11641,#11648,#11655,
    #11662,#11669,#11676,#11683,#11690,#11697,#11704,#11711,#11718,
    #11725,#11732,#11739,#11746,#11753,#11760,#11767,#11774,#11781,
    #11788,#11795,#11802,#11809,#11816,#11823,#11830,#11837,#11844,
    #11851,#11858,#11865,#11872,#11879,#11886,#11893,#11900,#11907,
    #11914,#11921,#11928,#11935,#11942,#11949,#11956,#11963,#11970,
    #11977,#11984,#11991,#11998,#12005,#12012,#12019,#12026,#12033,
    #12040,#12047,#12054,#12061,#12068,#12075,#12082,#12089,#12096,
    #12103,#12110,#12117,#12124,#12131,#12138,#12145,#12152,#12159,
    #12166,#12173,#12180,#12187,#12194,#12201,#12208,#12215,#12222,
    #12229,#12236,#12243,#12250,#12257,#12264,#12271,#12278,#12285,
    #12292,#12299,#12306,#12313,#12320,#12327,#12334,#12341,#12348,
    #12355,#12362,#12369,#12376,#12383,#12390,#12397,#12404,#12411,
    #12418,#12425,#12432,#12439,#12446,#12453,#12460,#12467,#12474,
    #12481,#12488,#12495,#12502,#12509,#12516,#12523,#12530,#12537,
    #12544,#12551,#12558,#12565,#12572,#12579,#12586,#12593,#12600,
    #12607,#12614,#12621,#12628,#12635,#12642,#12649,#12656,#12663,
    #12670,#12677,#12684,#12691,#12698,#12705,#12712,#12719,#12726,
    #12733,#12740,#12747,#12754,#12761,#12768,#12775,#12782,#12789,
    #12796,#12803,#12810,#12817,#12824,#12831,#12838,#12845,#12852,
    #12859,#12866,#12873,#12880,#12887,#12894,#12901,#12908,#12915,
    #12922,#12929,#12936,#12943,#12950,#12957,#12964,#12971,#12978,
    #12985,#12992,#12999,#13006),#9992);
#10967 = STYLED_ITEM('color',(#10968),#1798);
#10968 = PRESENTATION_STYLE_ASSIGNMENT((#10969));
#10969 = SURFACE_STYLE_USAGE(.BOTH.,#10970);
#10970 = SURFACE_SIDE_STYLE('',(#10971));
#10971 = SURFACE_STYLE_FILL_AREA(#10972);
#10972 = FILL_AREA_STYLE('',(#10973));
#10973 = FILL_AREA_STYLE_COLOUR('',#10974);
#10974 = COLOUR_RGB('',0.147999998088,0.144999993226,0.144999993226);
#10975 = STYLED_ITEM('color',(#10976),#1838);
#10976 = PRESENTATION_STYLE_ASSIGNMENT((#10977));
#10977 = SURFACE_STYLE_USAGE(.BOTH.,#10978);
#10978 = SURFACE_SIDE_STYLE('',(#10979));
#10979 = SURFACE_STYLE_FILL_AREA(#10980);
#10980 = FILL_AREA_STYLE('',(#10981));
#10981 = FILL_AREA_STYLE_COLOUR('',#10974);
#10982 = STYLED_ITEM('color',(#10983),#1869);
#10983 = PRESENTATION_STYLE_ASSIGNMENT((#10984));
#10984 = SURFACE_STYLE_USAGE(.BOTH.,#10985);
#10985 = SURFACE_SIDE_STYLE('',(#10986));
#10986 = SURFACE_STYLE_FILL_AREA(#10987);
#10987 = FILL_AREA_STYLE('',(#10988));
#10988 = FILL_AREA_STYLE_COLOUR('',#10974);
#10989 = STYLED_ITEM('color',(#10990),#1900);
#10990 = PRESENTATION_STYLE_ASSIGNMENT((#10991));
#10991 = SURFACE_STYLE_USAGE(.BOTH.,#10992);
#10992 = SURFACE_SIDE_STYLE('',(#10993));
#10993 = SURFACE_STYLE_FILL_AREA(#10994);
#10994 = FILL_AREA_STYLE('',(#10995));
#10995 = FILL_AREA_STYLE_COLOUR('',#10974);
#10996 = STYLED_ITEM('color',(#10997),#2597);
#10997 = PRESENTATION_STYLE_ASSIGNMENT((#10998));
#10998 = SURFACE_STYLE_USAGE(.BOTH.,#10999);
#10999 = SURFACE_SIDE_STYLE('',(#11000));
#11000 = SURFACE_STYLE_FILL_AREA(#11001);
#11001 = FILL_AREA_STYLE('',(#11002));
#11002 = FILL_AREA_STYLE_COLOUR('',#10974);
#11003 = STYLED_ITEM('color',(#11004),#3294);
#11004 = PRESENTATION_STYLE_ASSIGNMENT((#11005));
#11005 = SURFACE_STYLE_USAGE(.BOTH.,#11006);
#11006 = SURFACE_SIDE_STYLE('',(#11007));
#11007 = SURFACE_STYLE_FILL_AREA(#11008);
#11008 = FILL_AREA_STYLE('',(#11009));
#11009 = FILL_AREA_STYLE_COLOUR('',#10974);
#11010 = STYLED_ITEM('color',(#11011),#3311);
#11011 = PRESENTATION_STYLE_ASSIGNMENT((#11012));
#11012 = SURFACE_STYLE_USAGE(.BOTH.,#11013);
#11013 = SURFACE_SIDE_STYLE('',(#11014));
#11014 = SURFACE_STYLE_FILL_AREA(#11015);
#11015 = FILL_AREA_STYLE('',(#11016));
#11016 = FILL_AREA_STYLE_COLOUR('',#10974);
#11017 = STYLED_ITEM('color',(#11018),#3328);
#11018 = PRESENTATION_STYLE_ASSIGNMENT((#11019));
#11019 = SURFACE_STYLE_USAGE(.BOTH.,#11020);
#11020 = SURFACE_SIDE_STYLE('',(#11021));
#11021 = SURFACE_STYLE_FILL_AREA(#11022);
#11022 = FILL_AREA_STYLE('',(#11023));
#11023 = FILL_AREA_STYLE_COLOUR('',#10974);
#11024 = STYLED_ITEM('color',(#11025),#3345);
#11025 = PRESENTATION_STYLE_ASSIGNMENT((#11026));
#11026 = SURFACE_STYLE_USAGE(.BOTH.,#11027);
#11027 = SURFACE_SIDE_STYLE('',(#11028));
#11028 = SURFACE_STYLE_FILL_AREA(#11029);
#11029 = FILL_AREA_STYLE('',(#11030));
#11030 = FILL_AREA_STYLE_COLOUR('',#10974);
#11031 = STYLED_ITEM('color',(#11032),#3362);
#11032 = PRESENTATION_STYLE_ASSIGNMENT((#11033));
#11033 = SURFACE_STYLE_USAGE(.BOTH.,#11034);
#11034 = SURFACE_SIDE_STYLE('',(#11035));
#11035 = SURFACE_STYLE_FILL_AREA(#11036);
#11036 = FILL_AREA_STYLE('',(#11037));
#11037 = FILL_AREA_STYLE_COLOUR('',#10974);
#11038 = STYLED_ITEM('color',(#11039),#3379);
#11039 = PRESENTATION_STYLE_ASSIGNMENT((#11040));
#11040 = SURFACE_STYLE_USAGE(.BOTH.,#11041);
#11041 = SURFACE_SIDE_STYLE('',(#11042));
#11042 = SURFACE_STYLE_FILL_AREA(#11043);
#11043 = FILL_AREA_STYLE('',(#11044));
#11044 = FILL_AREA_STYLE_COLOUR('',#10974);
#11045 = STYLED_ITEM('color',(#11046),#3396);
#11046 = PRESENTATION_STYLE_ASSIGNMENT((#11047));
#11047 = SURFACE_STYLE_USAGE(.BOTH.,#11048);
#11048 = SURFACE_SIDE_STYLE('',(#11049));
#11049 = SURFACE_STYLE_FILL_AREA(#11050);
#11050 = FILL_AREA_STYLE('',(#11051));
#11051 = FILL_AREA_STYLE_COLOUR('',#10974);
#11052 = STYLED_ITEM('color',(#11053),#3413);
#11053 = PRESENTATION_STYLE_ASSIGNMENT((#11054));
#11054 = SURFACE_STYLE_USAGE(.BOTH.,#11055);
#11055 = SURFACE_SIDE_STYLE('',(#11056));
#11056 = SURFACE_STYLE_FILL_AREA(#11057);
#11057 = FILL_AREA_STYLE('',(#11058));
#11058 = FILL_AREA_STYLE_COLOUR('',#10974);
#11059 = STYLED_ITEM('color',(#11060),#3430);
#11060 = PRESENTATION_STYLE_ASSIGNMENT((#11061));
#11061 = SURFACE_STYLE_USAGE(.BOTH.,#11062);
#11062 = SURFACE_SIDE_STYLE('',(#11063));
#11063 = SURFACE_STYLE_FILL_AREA(#11064);
#11064 = FILL_AREA_STYLE('',(#11065));
#11065 = FILL_AREA_STYLE_COLOUR('',#10974);
#11066 = STYLED_ITEM('color',(#11067),#3447);
#11067 = PRESENTATION_STYLE_ASSIGNMENT((#11068));
#11068 = SURFACE_STYLE_USAGE(.BOTH.,#11069);
#11069 = SURFACE_SIDE_STYLE('',(#11070));
#11070 = SURFACE_STYLE_FILL_AREA(#11071);
#11071 = FILL_AREA_STYLE('',(#11072));
#11072 = FILL_AREA_STYLE_COLOUR('',#10974);
#11073 = STYLED_ITEM('color',(#11074),#3464);
#11074 = PRESENTATION_STYLE_ASSIGNMENT((#11075));
#11075 = SURFACE_STYLE_USAGE(.BOTH.,#11076);
#11076 = SURFACE_SIDE_STYLE('',(#11077));
#11077 = SURFACE_STYLE_FILL_AREA(#11078);
#11078 = FILL_AREA_STYLE('',(#11079));
#11079 = FILL_AREA_STYLE_COLOUR('',#10974);
#11080 = STYLED_ITEM('color',(#11081),#3481);
#11081 = PRESENTATION_STYLE_ASSIGNMENT((#11082));
#11082 = SURFACE_STYLE_USAGE(.BOTH.,#11083);
#11083 = SURFACE_SIDE_STYLE('',(#11084));
#11084 = SURFACE_STYLE_FILL_AREA(#11085);
#11085 = FILL_AREA_STYLE('',(#11086));
#11086 = FILL_AREA_STYLE_COLOUR('',#10974);
#11087 = STYLED_ITEM('color',(#11088),#3498);
#11088 = PRESENTATION_STYLE_ASSIGNMENT((#11089));
#11089 = SURFACE_STYLE_USAGE(.BOTH.,#11090);
#11090 = SURFACE_SIDE_STYLE('',(#11091));
#11091 = SURFACE_STYLE_FILL_AREA(#11092);
#11092 = FILL_AREA_STYLE('',(#11093));
#11093 = FILL_AREA_STYLE_COLOUR('',#10974);
#11094 = STYLED_ITEM('color',(#11095),#3515);
#11095 = PRESENTATION_STYLE_ASSIGNMENT((#11096));
#11096 = SURFACE_STYLE_USAGE(.BOTH.,#11097);
#11097 = SURFACE_SIDE_STYLE('',(#11098));
#11098 = SURFACE_STYLE_FILL_AREA(#11099);
#11099 = FILL_AREA_STYLE('',(#11100));
#11100 = FILL_AREA_STYLE_COLOUR('',#10974);
#11101 = STYLED_ITEM('color',(#11102),#3532);
#11102 = PRESENTATION_STYLE_ASSIGNMENT((#11103));
#11103 = SURFACE_STYLE_USAGE(.BOTH.,#11104);
#11104 = SURFACE_SIDE_STYLE('',(#11105));
#11105 = SURFACE_STYLE_FILL_AREA(#11106);
#11106 = FILL_AREA_STYLE('',(#11107));
#11107 = FILL_AREA_STYLE_COLOUR('',#10974);
#11108 = STYLED_ITEM('color',(#11109),#3549);
#11109 = PRESENTATION_STYLE_ASSIGNMENT((#11110));
#11110 = SURFACE_STYLE_USAGE(.BOTH.,#11111);
#11111 = SURFACE_SIDE_STYLE('',(#11112));
#11112 = SURFACE_STYLE_FILL_AREA(#11113);
#11113 = FILL_AREA_STYLE('',(#11114));
#11114 = FILL_AREA_STYLE_COLOUR('',#10974);
#11115 = STYLED_ITEM('color',(#11116),#3566);
#11116 = PRESENTATION_STYLE_ASSIGNMENT((#11117));
#11117 = SURFACE_STYLE_USAGE(.BOTH.,#11118);
#11118 = SURFACE_SIDE_STYLE('',(#11119));
#11119 = SURFACE_STYLE_FILL_AREA(#11120);
#11120 = FILL_AREA_STYLE('',(#11121));
#11121 = FILL_AREA_STYLE_COLOUR('',#10974);
#11122 = STYLED_ITEM('color',(#11123),#3583);
#11123 = PRESENTATION_STYLE_ASSIGNMENT((#11124));
#11124 = SURFACE_STYLE_USAGE(.BOTH.,#11125);
#11125 = SURFACE_SIDE_STYLE('',(#11126));
#11126 = SURFACE_STYLE_FILL_AREA(#11127);
#11127 = FILL_AREA_STYLE('',(#11128));
#11128 = FILL_AREA_STYLE_COLOUR('',#10974);
#11129 = STYLED_ITEM('color',(#11130),#3600);
#11130 = PRESENTATION_STYLE_ASSIGNMENT((#11131));
#11131 = SURFACE_STYLE_USAGE(.BOTH.,#11132);
#11132 = SURFACE_SIDE_STYLE('',(#11133));
#11133 = SURFACE_STYLE_FILL_AREA(#11134);
#11134 = FILL_AREA_STYLE('',(#11135));
#11135 = FILL_AREA_STYLE_COLOUR('',#10974);
#11136 = STYLED_ITEM('color',(#11137),#3617);
#11137 = PRESENTATION_STYLE_ASSIGNMENT((#11138));
#11138 = SURFACE_STYLE_USAGE(.BOTH.,#11139);
#11139 = SURFACE_SIDE_STYLE('',(#11140));
#11140 = SURFACE_STYLE_FILL_AREA(#11141);
#11141 = FILL_AREA_STYLE('',(#11142));
#11142 = FILL_AREA_STYLE_COLOUR('',#10974);
#11143 = STYLED_ITEM('color',(#11144),#3634);
#11144 = PRESENTATION_STYLE_ASSIGNMENT((#11145));
#11145 = SURFACE_STYLE_USAGE(.BOTH.,#11146);
#11146 = SURFACE_SIDE_STYLE('',(#11147));
#11147 = SURFACE_STYLE_FILL_AREA(#11148);
#11148 = FILL_AREA_STYLE('',(#11149));
#11149 = FILL_AREA_STYLE_COLOUR('',#10974);
#11150 = STYLED_ITEM('color',(#11151),#3651);
#11151 = PRESENTATION_STYLE_ASSIGNMENT((#11152));
#11152 = SURFACE_STYLE_USAGE(.BOTH.,#11153);
#11153 = SURFACE_SIDE_STYLE('',(#11154));
#11154 = SURFACE_STYLE_FILL_AREA(#11155);
#11155 = FILL_AREA_STYLE('',(#11156));
#11156 = FILL_AREA_STYLE_COLOUR('',#10974);
#11157 = STYLED_ITEM('color',(#11158),#3668);
#11158 = PRESENTATION_STYLE_ASSIGNMENT((#11159));
#11159 = SURFACE_STYLE_USAGE(.BOTH.,#11160);
#11160 = SURFACE_SIDE_STYLE('',(#11161));
#11161 = SURFACE_STYLE_FILL_AREA(#11162);
#11162 = FILL_AREA_STYLE('',(#11163));
#11163 = FILL_AREA_STYLE_COLOUR('',#10974);
#11164 = STYLED_ITEM('color',(#11165),#3685);
#11165 = PRESENTATION_STYLE_ASSIGNMENT((#11166));
#11166 = SURFACE_STYLE_USAGE(.BOTH.,#11167);
#11167 = SURFACE_SIDE_STYLE('',(#11168));
#11168 = SURFACE_STYLE_FILL_AREA(#11169);
#11169 = FILL_AREA_STYLE('',(#11170));
#11170 = FILL_AREA_STYLE_COLOUR('',#10974);
#11171 = STYLED_ITEM('color',(#11172),#3702);
#11172 = PRESENTATION_STYLE_ASSIGNMENT((#11173));
#11173 = SURFACE_STYLE_USAGE(.BOTH.,#11174);
#11174 = SURFACE_SIDE_STYLE('',(#11175));
#11175 = SURFACE_STYLE_FILL_AREA(#11176);
#11176 = FILL_AREA_STYLE('',(#11177));
#11177 = FILL_AREA_STYLE_COLOUR('',#10974);
#11178 = STYLED_ITEM('color',(#11179),#3719);
#11179 = PRESENTATION_STYLE_ASSIGNMENT((#11180));
#11180 = SURFACE_STYLE_USAGE(.BOTH.,#11181);
#11181 = SURFACE_SIDE_STYLE('',(#11182));
#11182 = SURFACE_STYLE_FILL_AREA(#11183);
#11183 = FILL_AREA_STYLE('',(#11184));
#11184 = FILL_AREA_STYLE_COLOUR('',#10974);
#11185 = STYLED_ITEM('color',(#11186),#3736);
#11186 = PRESENTATION_STYLE_ASSIGNMENT((#11187));
#11187 = SURFACE_STYLE_USAGE(.BOTH.,#11188);
#11188 = SURFACE_SIDE_STYLE('',(#11189));
#11189 = SURFACE_STYLE_FILL_AREA(#11190);
#11190 = FILL_AREA_STYLE('',(#11191));
#11191 = FILL_AREA_STYLE_COLOUR('',#10974);
#11192 = STYLED_ITEM('color',(#11193),#3753);
#11193 = PRESENTATION_STYLE_ASSIGNMENT((#11194));
#11194 = SURFACE_STYLE_USAGE(.BOTH.,#11195);
#11195 = SURFACE_SIDE_STYLE('',(#11196));
#11196 = SURFACE_STYLE_FILL_AREA(#11197);
#11197 = FILL_AREA_STYLE('',(#11198));
#11198 = FILL_AREA_STYLE_COLOUR('',#10974);
#11199 = STYLED_ITEM('color',(#11200),#3770);
#11200 = PRESENTATION_STYLE_ASSIGNMENT((#11201));
#11201 = SURFACE_STYLE_USAGE(.BOTH.,#11202);
#11202 = SURFACE_SIDE_STYLE('',(#11203));
#11203 = SURFACE_STYLE_FILL_AREA(#11204);
#11204 = FILL_AREA_STYLE('',(#11205));
#11205 = FILL_AREA_STYLE_COLOUR('',#10974);
#11206 = STYLED_ITEM('color',(#11207),#3787);
#11207 = PRESENTATION_STYLE_ASSIGNMENT((#11208));
#11208 = SURFACE_STYLE_USAGE(.BOTH.,#11209);
#11209 = SURFACE_SIDE_STYLE('',(#11210));
#11210 = SURFACE_STYLE_FILL_AREA(#11211);
#11211 = FILL_AREA_STYLE('',(#11212));
#11212 = FILL_AREA_STYLE_COLOUR('',#10974);
#11213 = STYLED_ITEM('color',(#11214),#3804);
#11214 = PRESENTATION_STYLE_ASSIGNMENT((#11215));
#11215 = SURFACE_STYLE_USAGE(.BOTH.,#11216);
#11216 = SURFACE_SIDE_STYLE('',(#11217));
#11217 = SURFACE_STYLE_FILL_AREA(#11218);
#11218 = FILL_AREA_STYLE('',(#11219));
#11219 = FILL_AREA_STYLE_COLOUR('',#10974);
#11220 = STYLED_ITEM('color',(#11221),#3821);
#11221 = PRESENTATION_STYLE_ASSIGNMENT((#11222));
#11222 = SURFACE_STYLE_USAGE(.BOTH.,#11223);
#11223 = SURFACE_SIDE_STYLE('',(#11224));
#11224 = SURFACE_STYLE_FILL_AREA(#11225);
#11225 = FILL_AREA_STYLE('',(#11226));
#11226 = FILL_AREA_STYLE_COLOUR('',#10974);
#11227 = STYLED_ITEM('color',(#11228),#3838);
#11228 = PRESENTATION_STYLE_ASSIGNMENT((#11229));
#11229 = SURFACE_STYLE_USAGE(.BOTH.,#11230);
#11230 = SURFACE_SIDE_STYLE('',(#11231));
#11231 = SURFACE_STYLE_FILL_AREA(#11232);
#11232 = FILL_AREA_STYLE('',(#11233));
#11233 = FILL_AREA_STYLE_COLOUR('',#10974);
#11234 = STYLED_ITEM('color',(#11235),#3855);
#11235 = PRESENTATION_STYLE_ASSIGNMENT((#11236));
#11236 = SURFACE_STYLE_USAGE(.BOTH.,#11237);
#11237 = SURFACE_SIDE_STYLE('',(#11238));
#11238 = SURFACE_STYLE_FILL_AREA(#11239);
#11239 = FILL_AREA_STYLE('',(#11240));
#11240 = FILL_AREA_STYLE_COLOUR('',#10974);
#11241 = STYLED_ITEM('color',(#11242),#3872);
#11242 = PRESENTATION_STYLE_ASSIGNMENT((#11243));
#11243 = SURFACE_STYLE_USAGE(.BOTH.,#11244);
#11244 = SURFACE_SIDE_STYLE('',(#11245));
#11245 = SURFACE_STYLE_FILL_AREA(#11246);
#11246 = FILL_AREA_STYLE('',(#11247));
#11247 = FILL_AREA_STYLE_COLOUR('',#10974);
#11248 = STYLED_ITEM('color',(#11249),#3884);
#11249 = PRESENTATION_STYLE_ASSIGNMENT((#11250));
#11250 = SURFACE_STYLE_USAGE(.BOTH.,#11251);
#11251 = SURFACE_SIDE_STYLE('',(#11252));
#11252 = SURFACE_STYLE_FILL_AREA(#11253);
#11253 = FILL_AREA_STYLE('',(#11254));
#11254 = FILL_AREA_STYLE_COLOUR('',#11255);
#11255 = COLOUR_RGB('',0.859000020776,0.737999965183,0.495999988746);
#11256 = STYLED_ITEM('color',(#11257),#3915);
#11257 = PRESENTATION_STYLE_ASSIGNMENT((#11258));
#11258 = SURFACE_STYLE_USAGE(.BOTH.,#11259);
#11259 = SURFACE_SIDE_STYLE('',(#11260));
#11260 = SURFACE_STYLE_FILL_AREA(#11261);
#11261 = FILL_AREA_STYLE('',(#11262));
#11262 = FILL_AREA_STYLE_COLOUR('',#11255);
#11263 = STYLED_ITEM('color',(#11264),#3964);
#11264 = PRESENTATION_STYLE_ASSIGNMENT((#11265));
#11265 = SURFACE_STYLE_USAGE(.BOTH.,#11266);
#11266 = SURFACE_SIDE_STYLE('',(#11267));
#11267 = SURFACE_STYLE_FILL_AREA(#11268);
#11268 = FILL_AREA_STYLE('',(#11269));
#11269 = FILL_AREA_STYLE_COLOUR('',#11255);
#11270 = STYLED_ITEM('color',(#11271),#3988);
#11271 = PRESENTATION_STYLE_ASSIGNMENT((#11272));
#11272 = SURFACE_STYLE_USAGE(.BOTH.,#11273);
#11273 = SURFACE_SIDE_STYLE('',(#11274));
#11274 = SURFACE_STYLE_FILL_AREA(#11275);
#11275 = FILL_AREA_STYLE('',(#11276));
#11276 = FILL_AREA_STYLE_COLOUR('',#11255);
#11277 = STYLED_ITEM('color',(#11278),#4030);
#11278 = PRESENTATION_STYLE_ASSIGNMENT((#11279));
#11279 = SURFACE_STYLE_USAGE(.BOTH.,#11280);
#11280 = SURFACE_SIDE_STYLE('',(#11281));
#11281 = SURFACE_STYLE_FILL_AREA(#11282);
#11282 = FILL_AREA_STYLE('',(#11283));
#11283 = FILL_AREA_STYLE_COLOUR('',#11255);
#11284 = STYLED_ITEM('color',(#11285),#4086);
#11285 = PRESENTATION_STYLE_ASSIGNMENT((#11286));
#11286 = SURFACE_STYLE_USAGE(.BOTH.,#11287);
#11287 = SURFACE_SIDE_STYLE('',(#11288));
#11288 = SURFACE_STYLE_FILL_AREA(#11289);
#11289 = FILL_AREA_STYLE('',(#11290));
#11290 = FILL_AREA_STYLE_COLOUR('',#11255);
#11291 = STYLED_ITEM('color',(#11292),#4110);
#11292 = PRESENTATION_STYLE_ASSIGNMENT((#11293));
#11293 = SURFACE_STYLE_USAGE(.BOTH.,#11294);
#11294 = SURFACE_SIDE_STYLE('',(#11295));
#11295 = SURFACE_STYLE_FILL_AREA(#11296);
#11296 = FILL_AREA_STYLE('',(#11297));
#11297 = FILL_AREA_STYLE_COLOUR('',#11255);
#11298 = STYLED_ITEM('color',(#11299),#4159);
#11299 = PRESENTATION_STYLE_ASSIGNMENT((#11300));
#11300 = SURFACE_STYLE_USAGE(.BOTH.,#11301);
#11301 = SURFACE_SIDE_STYLE('',(#11302));
#11302 = SURFACE_STYLE_FILL_AREA(#11303);
#11303 = FILL_AREA_STYLE('',(#11304));
#11304 = FILL_AREA_STYLE_COLOUR('',#11255);
#11305 = STYLED_ITEM('color',(#11306),#4176);
#11306 = PRESENTATION_STYLE_ASSIGNMENT((#11307));
#11307 = SURFACE_STYLE_USAGE(.BOTH.,#11308);
#11308 = SURFACE_SIDE_STYLE('',(#11309));
#11309 = SURFACE_STYLE_FILL_AREA(#11310);
#11310 = FILL_AREA_STYLE('',(#11311));
#11311 = FILL_AREA_STYLE_COLOUR('',#11255);
#11312 = STYLED_ITEM('color',(#11313),#4207);
#11313 = PRESENTATION_STYLE_ASSIGNMENT((#11314));
#11314 = SURFACE_STYLE_USAGE(.BOTH.,#11315);
#11315 = SURFACE_SIDE_STYLE('',(#11316));
#11316 = SURFACE_STYLE_FILL_AREA(#11317);
#11317 = FILL_AREA_STYLE('',(#11318));
#11318 = FILL_AREA_STYLE_COLOUR('',#11255);
#11319 = STYLED_ITEM('color',(#11320),#4256);
#11320 = PRESENTATION_STYLE_ASSIGNMENT((#11321));
#11321 = SURFACE_STYLE_USAGE(.BOTH.,#11322);
#11322 = SURFACE_SIDE_STYLE('',(#11323));
#11323 = SURFACE_STYLE_FILL_AREA(#11324);
#11324 = FILL_AREA_STYLE('',(#11325));
#11325 = FILL_AREA_STYLE_COLOUR('',#11255);
#11326 = STYLED_ITEM('color',(#11327),#4280);
#11327 = PRESENTATION_STYLE_ASSIGNMENT((#11328));
#11328 = SURFACE_STYLE_USAGE(.BOTH.,#11329);
#11329 = SURFACE_SIDE_STYLE('',(#11330));
#11330 = SURFACE_STYLE_FILL_AREA(#11331);
#11331 = FILL_AREA_STYLE('',(#11332));
#11332 = FILL_AREA_STYLE_COLOUR('',#11255);
#11333 = STYLED_ITEM('color',(#11334),#4322);
#11334 = PRESENTATION_STYLE_ASSIGNMENT((#11335));
#11335 = SURFACE_STYLE_USAGE(.BOTH.,#11336);
#11336 = SURFACE_SIDE_STYLE('',(#11337));
#11337 = SURFACE_STYLE_FILL_AREA(#11338);
#11338 = FILL_AREA_STYLE('',(#11339));
#11339 = FILL_AREA_STYLE_COLOUR('',#11255);
#11340 = STYLED_ITEM('color',(#11341),#4378);
#11341 = PRESENTATION_STYLE_ASSIGNMENT((#11342));
#11342 = SURFACE_STYLE_USAGE(.BOTH.,#11343);
#11343 = SURFACE_SIDE_STYLE('',(#11344));
#11344 = SURFACE_STYLE_FILL_AREA(#11345);
#11345 = FILL_AREA_STYLE('',(#11346));
#11346 = FILL_AREA_STYLE_COLOUR('',#11255);
#11347 = STYLED_ITEM('color',(#11348),#4402);
#11348 = PRESENTATION_STYLE_ASSIGNMENT((#11349));
#11349 = SURFACE_STYLE_USAGE(.BOTH.,#11350);
#11350 = SURFACE_SIDE_STYLE('',(#11351));
#11351 = SURFACE_STYLE_FILL_AREA(#11352);
#11352 = FILL_AREA_STYLE('',(#11353));
#11353 = FILL_AREA_STYLE_COLOUR('',#11255);
#11354 = STYLED_ITEM('color',(#11355),#4451);
#11355 = PRESENTATION_STYLE_ASSIGNMENT((#11356));
#11356 = SURFACE_STYLE_USAGE(.BOTH.,#11357);
#11357 = SURFACE_SIDE_STYLE('',(#11358));
#11358 = SURFACE_STYLE_FILL_AREA(#11359);
#11359 = FILL_AREA_STYLE('',(#11360));
#11360 = FILL_AREA_STYLE_COLOUR('',#11255);
#11361 = STYLED_ITEM('color',(#11362),#4468);
#11362 = PRESENTATION_STYLE_ASSIGNMENT((#11363));
#11363 = SURFACE_STYLE_USAGE(.BOTH.,#11364);
#11364 = SURFACE_SIDE_STYLE('',(#11365));
#11365 = SURFACE_STYLE_FILL_AREA(#11366);
#11366 = FILL_AREA_STYLE('',(#11367));
#11367 = FILL_AREA_STYLE_COLOUR('',#11255);
#11368 = STYLED_ITEM('color',(#11369),#4499);
#11369 = PRESENTATION_STYLE_ASSIGNMENT((#11370));
#11370 = SURFACE_STYLE_USAGE(.BOTH.,#11371);
#11371 = SURFACE_SIDE_STYLE('',(#11372));
#11372 = SURFACE_STYLE_FILL_AREA(#11373);
#11373 = FILL_AREA_STYLE('',(#11374));
#11374 = FILL_AREA_STYLE_COLOUR('',#11255);
#11375 = STYLED_ITEM('color',(#11376),#4548);
#11376 = PRESENTATION_STYLE_ASSIGNMENT((#11377));
#11377 = SURFACE_STYLE_USAGE(.BOTH.,#11378);
#11378 = SURFACE_SIDE_STYLE('',(#11379));
#11379 = SURFACE_STYLE_FILL_AREA(#11380);
#11380 = FILL_AREA_STYLE('',(#11381));
#11381 = FILL_AREA_STYLE_COLOUR('',#11255);
#11382 = STYLED_ITEM('color',(#11383),#4572);
#11383 = PRESENTATION_STYLE_ASSIGNMENT((#11384));
#11384 = SURFACE_STYLE_USAGE(.BOTH.,#11385);
#11385 = SURFACE_SIDE_STYLE('',(#11386));
#11386 = SURFACE_STYLE_FILL_AREA(#11387);
#11387 = FILL_AREA_STYLE('',(#11388));
#11388 = FILL_AREA_STYLE_COLOUR('',#11255);
#11389 = STYLED_ITEM('color',(#11390),#4614);
#11390 = PRESENTATION_STYLE_ASSIGNMENT((#11391));
#11391 = SURFACE_STYLE_USAGE(.BOTH.,#11392);
#11392 = SURFACE_SIDE_STYLE('',(#11393));
#11393 = SURFACE_STYLE_FILL_AREA(#11394);
#11394 = FILL_AREA_STYLE('',(#11395));
#11395 = FILL_AREA_STYLE_COLOUR('',#11255);
#11396 = STYLED_ITEM('color',(#11397),#4645);
#11397 = PRESENTATION_STYLE_ASSIGNMENT((#11398));
#11398 = SURFACE_STYLE_USAGE(.BOTH.,#11399);
#11399 = SURFACE_SIDE_STYLE('',(#11400));
#11400 = SURFACE_STYLE_FILL_AREA(#11401);
#11401 = FILL_AREA_STYLE('',(#11402));
#11402 = FILL_AREA_STYLE_COLOUR('',#11255);
#11403 = STYLED_ITEM('color',(#11404),#4694);
#11404 = PRESENTATION_STYLE_ASSIGNMENT((#11405));
#11405 = SURFACE_STYLE_USAGE(.BOTH.,#11406);
#11406 = SURFACE_SIDE_STYLE('',(#11407));
#11407 = SURFACE_STYLE_FILL_AREA(#11408);
#11408 = FILL_AREA_STYLE('',(#11409));
#11409 = FILL_AREA_STYLE_COLOUR('',#11255);
#11410 = STYLED_ITEM('color',(#11411),#4718);
#11411 = PRESENTATION_STYLE_ASSIGNMENT((#11412));
#11412 = SURFACE_STYLE_USAGE(.BOTH.,#11413);
#11413 = SURFACE_SIDE_STYLE('',(#11414));
#11414 = SURFACE_STYLE_FILL_AREA(#11415);
#11415 = FILL_AREA_STYLE('',(#11416));
#11416 = FILL_AREA_STYLE_COLOUR('',#11255);
#11417 = STYLED_ITEM('color',(#11418),#4760);
#11418 = PRESENTATION_STYLE_ASSIGNMENT((#11419));
#11419 = SURFACE_STYLE_USAGE(.BOTH.,#11420);
#11420 = SURFACE_SIDE_STYLE('',(#11421));
#11421 = SURFACE_STYLE_FILL_AREA(#11422);
#11422 = FILL_AREA_STYLE('',(#11423));
#11423 = FILL_AREA_STYLE_COLOUR('',#11255);
#11424 = STYLED_ITEM('color',(#11425),#4791);
#11425 = PRESENTATION_STYLE_ASSIGNMENT((#11426));
#11426 = SURFACE_STYLE_USAGE(.BOTH.,#11427);
#11427 = SURFACE_SIDE_STYLE('',(#11428));
#11428 = SURFACE_STYLE_FILL_AREA(#11429);
#11429 = FILL_AREA_STYLE('',(#11430));
#11430 = FILL_AREA_STYLE_COLOUR('',#11255);
#11431 = STYLED_ITEM('color',(#11432),#4840);
#11432 = PRESENTATION_STYLE_ASSIGNMENT((#11433));
#11433 = SURFACE_STYLE_USAGE(.BOTH.,#11434);
#11434 = SURFACE_SIDE_STYLE('',(#11435));
#11435 = SURFACE_STYLE_FILL_AREA(#11436);
#11436 = FILL_AREA_STYLE('',(#11437));
#11437 = FILL_AREA_STYLE_COLOUR('',#11255);
#11438 = STYLED_ITEM('color',(#11439),#4864);
#11439 = PRESENTATION_STYLE_ASSIGNMENT((#11440));
#11440 = SURFACE_STYLE_USAGE(.BOTH.,#11441);
#11441 = SURFACE_SIDE_STYLE('',(#11442));
#11442 = SURFACE_STYLE_FILL_AREA(#11443);
#11443 = FILL_AREA_STYLE('',(#11444));
#11444 = FILL_AREA_STYLE_COLOUR('',#11255);
#11445 = STYLED_ITEM('color',(#11446),#4906);
#11446 = PRESENTATION_STYLE_ASSIGNMENT((#11447));
#11447 = SURFACE_STYLE_USAGE(.BOTH.,#11448);
#11448 = SURFACE_SIDE_STYLE('',(#11449));
#11449 = SURFACE_STYLE_FILL_AREA(#11450);
#11450 = FILL_AREA_STYLE('',(#11451));
#11451 = FILL_AREA_STYLE_COLOUR('',#11255);
#11452 = STYLED_ITEM('color',(#11453),#4937);
#11453 = PRESENTATION_STYLE_ASSIGNMENT((#11454));
#11454 = SURFACE_STYLE_USAGE(.BOTH.,#11455);
#11455 = SURFACE_SIDE_STYLE('',(#11456));
#11456 = SURFACE_STYLE_FILL_AREA(#11457);
#11457 = FILL_AREA_STYLE('',(#11458));
#11458 = FILL_AREA_STYLE_COLOUR('',#11255);
#11459 = STYLED_ITEM('color',(#11460),#4986);
#11460 = PRESENTATION_STYLE_ASSIGNMENT((#11461));
#11461 = SURFACE_STYLE_USAGE(.BOTH.,#11462);
#11462 = SURFACE_SIDE_STYLE('',(#11463));
#11463 = SURFACE_STYLE_FILL_AREA(#11464);
#11464 = FILL_AREA_STYLE('',(#11465));
#11465 = FILL_AREA_STYLE_COLOUR('',#11255);
#11466 = STYLED_ITEM('color',(#11467),#5010);
#11467 = PRESENTATION_STYLE_ASSIGNMENT((#11468));
#11468 = SURFACE_STYLE_USAGE(.BOTH.,#11469);
#11469 = SURFACE_SIDE_STYLE('',(#11470));
#11470 = SURFACE_STYLE_FILL_AREA(#11471);
#11471 = FILL_AREA_STYLE('',(#11472));
#11472 = FILL_AREA_STYLE_COLOUR('',#11255);
#11473 = STYLED_ITEM('color',(#11474),#5052);
#11474 = PRESENTATION_STYLE_ASSIGNMENT((#11475));
#11475 = SURFACE_STYLE_USAGE(.BOTH.,#11476);
#11476 = SURFACE_SIDE_STYLE('',(#11477));
#11477 = SURFACE_STYLE_FILL_AREA(#11478);
#11478 = FILL_AREA_STYLE('',(#11479));
#11479 = FILL_AREA_STYLE_COLOUR('',#11255);
#11480 = STYLED_ITEM('color',(#11481),#5108);
#11481 = PRESENTATION_STYLE_ASSIGNMENT((#11482));
#11482 = SURFACE_STYLE_USAGE(.BOTH.,#11483);
#11483 = SURFACE_SIDE_STYLE('',(#11484));
#11484 = SURFACE_STYLE_FILL_AREA(#11485);
#11485 = FILL_AREA_STYLE('',(#11486));
#11486 = FILL_AREA_STYLE_COLOUR('',#11255);
#11487 = STYLED_ITEM('color',(#11488),#5132);
#11488 = PRESENTATION_STYLE_ASSIGNMENT((#11489));
#11489 = SURFACE_STYLE_USAGE(.BOTH.,#11490);
#11490 = SURFACE_SIDE_STYLE('',(#11491));
#11491 = SURFACE_STYLE_FILL_AREA(#11492);
#11492 = FILL_AREA_STYLE('',(#11493));
#11493 = FILL_AREA_STYLE_COLOUR('',#11255);
#11494 = STYLED_ITEM('color',(#11495),#5181);
#11495 = PRESENTATION_STYLE_ASSIGNMENT((#11496));
#11496 = SURFACE_STYLE_USAGE(.BOTH.,#11497);
#11497 = SURFACE_SIDE_STYLE('',(#11498));
#11498 = SURFACE_STYLE_FILL_AREA(#11499);
#11499 = FILL_AREA_STYLE('',(#11500));
#11500 = FILL_AREA_STYLE_COLOUR('',#11255);
#11501 = STYLED_ITEM('color',(#11502),#5198);
#11502 = PRESENTATION_STYLE_ASSIGNMENT((#11503));
#11503 = SURFACE_STYLE_USAGE(.BOTH.,#11504);
#11504 = SURFACE_SIDE_STYLE('',(#11505));
#11505 = SURFACE_STYLE_FILL_AREA(#11506);
#11506 = FILL_AREA_STYLE('',(#11507));
#11507 = FILL_AREA_STYLE_COLOUR('',#11255);
#11508 = STYLED_ITEM('color',(#11509),#5254);
#11509 = PRESENTATION_STYLE_ASSIGNMENT((#11510));
#11510 = SURFACE_STYLE_USAGE(.BOTH.,#11511);
#11511 = SURFACE_SIDE_STYLE('',(#11512));
#11512 = SURFACE_STYLE_FILL_AREA(#11513);
#11513 = FILL_AREA_STYLE('',(#11514));
#11514 = FILL_AREA_STYLE_COLOUR('',#11255);
#11515 = STYLED_ITEM('color',(#11516),#5278);
#11516 = PRESENTATION_STYLE_ASSIGNMENT((#11517));
#11517 = SURFACE_STYLE_USAGE(.BOTH.,#11518);
#11518 = SURFACE_SIDE_STYLE('',(#11519));
#11519 = SURFACE_STYLE_FILL_AREA(#11520);
#11520 = FILL_AREA_STYLE('',(#11521));
#11521 = FILL_AREA_STYLE_COLOUR('',#11255);
#11522 = STYLED_ITEM('color',(#11523),#5327);
#11523 = PRESENTATION_STYLE_ASSIGNMENT((#11524));
#11524 = SURFACE_STYLE_USAGE(.BOTH.,#11525);
#11525 = SURFACE_SIDE_STYLE('',(#11526));
#11526 = SURFACE_STYLE_FILL_AREA(#11527);
#11527 = FILL_AREA_STYLE('',(#11528));
#11528 = FILL_AREA_STYLE_COLOUR('',#11255);
#11529 = STYLED_ITEM('color',(#11530),#5344);
#11530 = PRESENTATION_STYLE_ASSIGNMENT((#11531));
#11531 = SURFACE_STYLE_USAGE(.BOTH.,#11532);
#11532 = SURFACE_SIDE_STYLE('',(#11533));
#11533 = SURFACE_STYLE_FILL_AREA(#11534);
#11534 = FILL_AREA_STYLE('',(#11535));
#11535 = FILL_AREA_STYLE_COLOUR('',#11255);
#11536 = STYLED_ITEM('color',(#11537),#5400);
#11537 = PRESENTATION_STYLE_ASSIGNMENT((#11538));
#11538 = SURFACE_STYLE_USAGE(.BOTH.,#11539);
#11539 = SURFACE_SIDE_STYLE('',(#11540));
#11540 = SURFACE_STYLE_FILL_AREA(#11541);
#11541 = FILL_AREA_STYLE('',(#11542));
#11542 = FILL_AREA_STYLE_COLOUR('',#11255);
#11543 = STYLED_ITEM('color',(#11544),#5424);
#11544 = PRESENTATION_STYLE_ASSIGNMENT((#11545));
#11545 = SURFACE_STYLE_USAGE(.BOTH.,#11546);
#11546 = SURFACE_SIDE_STYLE('',(#11547));
#11547 = SURFACE_STYLE_FILL_AREA(#11548);
#11548 = FILL_AREA_STYLE('',(#11549));
#11549 = FILL_AREA_STYLE_COLOUR('',#11255);
#11550 = STYLED_ITEM('color',(#11551),#5473);
#11551 = PRESENTATION_STYLE_ASSIGNMENT((#11552));
#11552 = SURFACE_STYLE_USAGE(.BOTH.,#11553);
#11553 = SURFACE_SIDE_STYLE('',(#11554));
#11554 = SURFACE_STYLE_FILL_AREA(#11555);
#11555 = FILL_AREA_STYLE('',(#11556));
#11556 = FILL_AREA_STYLE_COLOUR('',#11255);
#11557 = STYLED_ITEM('color',(#11558),#5490);
#11558 = PRESENTATION_STYLE_ASSIGNMENT((#11559));
#11559 = SURFACE_STYLE_USAGE(.BOTH.,#11560);
#11560 = SURFACE_SIDE_STYLE('',(#11561));
#11561 = SURFACE_STYLE_FILL_AREA(#11562);
#11562 = FILL_AREA_STYLE('',(#11563));
#11563 = FILL_AREA_STYLE_COLOUR('',#11255);
#11564 = STYLED_ITEM('color',(#11565),#5521);
#11565 = PRESENTATION_STYLE_ASSIGNMENT((#11566));
#11566 = SURFACE_STYLE_USAGE(.BOTH.,#11567);
#11567 = SURFACE_SIDE_STYLE('',(#11568));
#11568 = SURFACE_STYLE_FILL_AREA(#11569);
#11569 = FILL_AREA_STYLE('',(#11570));
#11570 = FILL_AREA_STYLE_COLOUR('',#11255);
#11571 = STYLED_ITEM('color',(#11572),#5570);
#11572 = PRESENTATION_STYLE_ASSIGNMENT((#11573));
#11573 = SURFACE_STYLE_USAGE(.BOTH.,#11574);
#11574 = SURFACE_SIDE_STYLE('',(#11575));
#11575 = SURFACE_STYLE_FILL_AREA(#11576);
#11576 = FILL_AREA_STYLE('',(#11577));
#11577 = FILL_AREA_STYLE_COLOUR('',#11255);
#11578 = STYLED_ITEM('color',(#11579),#5594);
#11579 = PRESENTATION_STYLE_ASSIGNMENT((#11580));
#11580 = SURFACE_STYLE_USAGE(.BOTH.,#11581);
#11581 = SURFACE_SIDE_STYLE('',(#11582));
#11582 = SURFACE_STYLE_FILL_AREA(#11583);
#11583 = FILL_AREA_STYLE('',(#11584));
#11584 = FILL_AREA_STYLE_COLOUR('',#11255);
#11585 = STYLED_ITEM('color',(#11586),#5636);
#11586 = PRESENTATION_STYLE_ASSIGNMENT((#11587));
#11587 = SURFACE_STYLE_USAGE(.BOTH.,#11588);
#11588 = SURFACE_SIDE_STYLE('',(#11589));
#11589 = SURFACE_STYLE_FILL_AREA(#11590);
#11590 = FILL_AREA_STYLE('',(#11591));
#11591 = FILL_AREA_STYLE_COLOUR('',#11255);
#11592 = STYLED_ITEM('color',(#11593),#5667);
#11593 = PRESENTATION_STYLE_ASSIGNMENT((#11594));
#11594 = SURFACE_STYLE_USAGE(.BOTH.,#11595);
#11595 = SURFACE_SIDE_STYLE('',(#11596));
#11596 = SURFACE_STYLE_FILL_AREA(#11597);
#11597 = FILL_AREA_STYLE('',(#11598));
#11598 = FILL_AREA_STYLE_COLOUR('',#11255);
#11599 = STYLED_ITEM('color',(#11600),#5691);
#11600 = PRESENTATION_STYLE_ASSIGNMENT((#11601));
#11601 = SURFACE_STYLE_USAGE(.BOTH.,#11602);
#11602 = SURFACE_SIDE_STYLE('',(#11603));
#11603 = SURFACE_STYLE_FILL_AREA(#11604);
#11604 = FILL_AREA_STYLE('',(#11605));
#11605 = FILL_AREA_STYLE_COLOUR('',#11255);
#11606 = STYLED_ITEM('color',(#11607),#5715);
#11607 = PRESENTATION_STYLE_ASSIGNMENT((#11608));
#11608 = SURFACE_STYLE_USAGE(.BOTH.,#11609);
#11609 = SURFACE_SIDE_STYLE('',(#11610));
#11610 = SURFACE_STYLE_FILL_AREA(#11611);
#11611 = FILL_AREA_STYLE('',(#11612));
#11612 = FILL_AREA_STYLE_COLOUR('',#11255);
#11613 = STYLED_ITEM('color',(#11614),#5732);
#11614 = PRESENTATION_STYLE_ASSIGNMENT((#11615));
#11615 = SURFACE_STYLE_USAGE(.BOTH.,#11616);
#11616 = SURFACE_SIDE_STYLE('',(#11617));
#11617 = SURFACE_STYLE_FILL_AREA(#11618);
#11618 = FILL_AREA_STYLE('',(#11619));
#11619 = FILL_AREA_STYLE_COLOUR('',#11255);
#11620 = STYLED_ITEM('color',(#11621),#5763);
#11621 = PRESENTATION_STYLE_ASSIGNMENT((#11622));
#11622 = SURFACE_STYLE_USAGE(.BOTH.,#11623);
#11623 = SURFACE_SIDE_STYLE('',(#11624));
#11624 = SURFACE_STYLE_FILL_AREA(#11625);
#11625 = FILL_AREA_STYLE('',(#11626));
#11626 = FILL_AREA_STYLE_COLOUR('',#11255);
#11627 = STYLED_ITEM('color',(#11628),#5787);
#11628 = PRESENTATION_STYLE_ASSIGNMENT((#11629));
#11629 = SURFACE_STYLE_USAGE(.BOTH.,#11630);
#11630 = SURFACE_SIDE_STYLE('',(#11631));
#11631 = SURFACE_STYLE_FILL_AREA(#11632);
#11632 = FILL_AREA_STYLE('',(#11633));
#11633 = FILL_AREA_STYLE_COLOUR('',#11255);
#11634 = STYLED_ITEM('color',(#11635),#5811);
#11635 = PRESENTATION_STYLE_ASSIGNMENT((#11636));
#11636 = SURFACE_STYLE_USAGE(.BOTH.,#11637);
#11637 = SURFACE_SIDE_STYLE('',(#11638));
#11638 = SURFACE_STYLE_FILL_AREA(#11639);
#11639 = FILL_AREA_STYLE('',(#11640));
#11640 = FILL_AREA_STYLE_COLOUR('',#11255);
#11641 = STYLED_ITEM('color',(#11642),#5828);
#11642 = PRESENTATION_STYLE_ASSIGNMENT((#11643));
#11643 = SURFACE_STYLE_USAGE(.BOTH.,#11644);
#11644 = SURFACE_SIDE_STYLE('',(#11645));
#11645 = SURFACE_STYLE_FILL_AREA(#11646);
#11646 = FILL_AREA_STYLE('',(#11647));
#11647 = FILL_AREA_STYLE_COLOUR('',#11255);
#11648 = STYLED_ITEM('color',(#11649),#5859);
#11649 = PRESENTATION_STYLE_ASSIGNMENT((#11650));
#11650 = SURFACE_STYLE_USAGE(.BOTH.,#11651);
#11651 = SURFACE_SIDE_STYLE('',(#11652));
#11652 = SURFACE_STYLE_FILL_AREA(#11653);
#11653 = FILL_AREA_STYLE('',(#11654));
#11654 = FILL_AREA_STYLE_COLOUR('',#11255);
#11655 = STYLED_ITEM('color',(#11656),#5883);
#11656 = PRESENTATION_STYLE_ASSIGNMENT((#11657));
#11657 = SURFACE_STYLE_USAGE(.BOTH.,#11658);
#11658 = SURFACE_SIDE_STYLE('',(#11659));
#11659 = SURFACE_STYLE_FILL_AREA(#11660);
#11660 = FILL_AREA_STYLE('',(#11661));
#11661 = FILL_AREA_STYLE_COLOUR('',#11255);
#11662 = STYLED_ITEM('color',(#11663),#5907);
#11663 = PRESENTATION_STYLE_ASSIGNMENT((#11664));
#11664 = SURFACE_STYLE_USAGE(.BOTH.,#11665);
#11665 = SURFACE_SIDE_STYLE('',(#11666));
#11666 = SURFACE_STYLE_FILL_AREA(#11667);
#11667 = FILL_AREA_STYLE('',(#11668));
#11668 = FILL_AREA_STYLE_COLOUR('',#11255);
#11669 = STYLED_ITEM('color',(#11670),#5924);
#11670 = PRESENTATION_STYLE_ASSIGNMENT((#11671));
#11671 = SURFACE_STYLE_USAGE(.BOTH.,#11672);
#11672 = SURFACE_SIDE_STYLE('',(#11673));
#11673 = SURFACE_STYLE_FILL_AREA(#11674);
#11674 = FILL_AREA_STYLE('',(#11675));
#11675 = FILL_AREA_STYLE_COLOUR('',#11255);
#11676 = STYLED_ITEM('color',(#11677),#5955);
#11677 = PRESENTATION_STYLE_ASSIGNMENT((#11678));
#11678 = SURFACE_STYLE_USAGE(.BOTH.,#11679);
#11679 = SURFACE_SIDE_STYLE('',(#11680));
#11680 = SURFACE_STYLE_FILL_AREA(#11681);
#11681 = FILL_AREA_STYLE('',(#11682));
#11682 = FILL_AREA_STYLE_COLOUR('',#11255);
#11683 = STYLED_ITEM('color',(#11684),#5979);
#11684 = PRESENTATION_STYLE_ASSIGNMENT((#11685));
#11685 = SURFACE_STYLE_USAGE(.BOTH.,#11686);
#11686 = SURFACE_SIDE_STYLE('',(#11687));
#11687 = SURFACE_STYLE_FILL_AREA(#11688);
#11688 = FILL_AREA_STYLE('',(#11689));
#11689 = FILL_AREA_STYLE_COLOUR('',#11255);
#11690 = STYLED_ITEM('color',(#11691),#6003);
#11691 = PRESENTATION_STYLE_ASSIGNMENT((#11692));
#11692 = SURFACE_STYLE_USAGE(.BOTH.,#11693);
#11693 = SURFACE_SIDE_STYLE('',(#11694));
#11694 = SURFACE_STYLE_FILL_AREA(#11695);
#11695 = FILL_AREA_STYLE('',(#11696));
#11696 = FILL_AREA_STYLE_COLOUR('',#11255);
#11697 = STYLED_ITEM('color',(#11698),#6020);
#11698 = PRESENTATION_STYLE_ASSIGNMENT((#11699));
#11699 = SURFACE_STYLE_USAGE(.BOTH.,#11700);
#11700 = SURFACE_SIDE_STYLE('',(#11701));
#11701 = SURFACE_STYLE_FILL_AREA(#11702);
#11702 = FILL_AREA_STYLE('',(#11703));
#11703 = FILL_AREA_STYLE_COLOUR('',#11255);
#11704 = STYLED_ITEM('color',(#11705),#6051);
#11705 = PRESENTATION_STYLE_ASSIGNMENT((#11706));
#11706 = SURFACE_STYLE_USAGE(.BOTH.,#11707);
#11707 = SURFACE_SIDE_STYLE('',(#11708));
#11708 = SURFACE_STYLE_FILL_AREA(#11709);
#11709 = FILL_AREA_STYLE('',(#11710));
#11710 = FILL_AREA_STYLE_COLOUR('',#11255);
#11711 = STYLED_ITEM('color',(#11712),#6075);
#11712 = PRESENTATION_STYLE_ASSIGNMENT((#11713));
#11713 = SURFACE_STYLE_USAGE(.BOTH.,#11714);
#11714 = SURFACE_SIDE_STYLE('',(#11715));
#11715 = SURFACE_STYLE_FILL_AREA(#11716);
#11716 = FILL_AREA_STYLE('',(#11717));
#11717 = FILL_AREA_STYLE_COLOUR('',#11255);
#11718 = STYLED_ITEM('color',(#11719),#6099);
#11719 = PRESENTATION_STYLE_ASSIGNMENT((#11720));
#11720 = SURFACE_STYLE_USAGE(.BOTH.,#11721);
#11721 = SURFACE_SIDE_STYLE('',(#11722));
#11722 = SURFACE_STYLE_FILL_AREA(#11723);
#11723 = FILL_AREA_STYLE('',(#11724));
#11724 = FILL_AREA_STYLE_COLOUR('',#11255);
#11725 = STYLED_ITEM('color',(#11726),#6116);
#11726 = PRESENTATION_STYLE_ASSIGNMENT((#11727));
#11727 = SURFACE_STYLE_USAGE(.BOTH.,#11728);
#11728 = SURFACE_SIDE_STYLE('',(#11729));
#11729 = SURFACE_STYLE_FILL_AREA(#11730);
#11730 = FILL_AREA_STYLE('',(#11731));
#11731 = FILL_AREA_STYLE_COLOUR('',#11255);
#11732 = STYLED_ITEM('color',(#11733),#6147);
#11733 = PRESENTATION_STYLE_ASSIGNMENT((#11734));
#11734 = SURFACE_STYLE_USAGE(.BOTH.,#11735);
#11735 = SURFACE_SIDE_STYLE('',(#11736));
#11736 = SURFACE_STYLE_FILL_AREA(#11737);
#11737 = FILL_AREA_STYLE('',(#11738));
#11738 = FILL_AREA_STYLE_COLOUR('',#11255);
#11739 = STYLED_ITEM('color',(#11740),#6171);
#11740 = PRESENTATION_STYLE_ASSIGNMENT((#11741));
#11741 = SURFACE_STYLE_USAGE(.BOTH.,#11742);
#11742 = SURFACE_SIDE_STYLE('',(#11743));
#11743 = SURFACE_STYLE_FILL_AREA(#11744);
#11744 = FILL_AREA_STYLE('',(#11745));
#11745 = FILL_AREA_STYLE_COLOUR('',#11255);
#11746 = STYLED_ITEM('color',(#11747),#6195);
#11747 = PRESENTATION_STYLE_ASSIGNMENT((#11748));
#11748 = SURFACE_STYLE_USAGE(.BOTH.,#11749);
#11749 = SURFACE_SIDE_STYLE('',(#11750));
#11750 = SURFACE_STYLE_FILL_AREA(#11751);
#11751 = FILL_AREA_STYLE('',(#11752));
#11752 = FILL_AREA_STYLE_COLOUR('',#11255);
#11753 = STYLED_ITEM('color',(#11754),#6212);
#11754 = PRESENTATION_STYLE_ASSIGNMENT((#11755));
#11755 = SURFACE_STYLE_USAGE(.BOTH.,#11756);
#11756 = SURFACE_SIDE_STYLE('',(#11757));
#11757 = SURFACE_STYLE_FILL_AREA(#11758);
#11758 = FILL_AREA_STYLE('',(#11759));
#11759 = FILL_AREA_STYLE_COLOUR('',#11255);
#11760 = STYLED_ITEM('color',(#11761),#6243);
#11761 = PRESENTATION_STYLE_ASSIGNMENT((#11762));
#11762 = SURFACE_STYLE_USAGE(.BOTH.,#11763);
#11763 = SURFACE_SIDE_STYLE('',(#11764));
#11764 = SURFACE_STYLE_FILL_AREA(#11765);
#11765 = FILL_AREA_STYLE('',(#11766));
#11766 = FILL_AREA_STYLE_COLOUR('',#11255);
#11767 = STYLED_ITEM('color',(#11768),#6267);
#11768 = PRESENTATION_STYLE_ASSIGNMENT((#11769));
#11769 = SURFACE_STYLE_USAGE(.BOTH.,#11770);
#11770 = SURFACE_SIDE_STYLE('',(#11771));
#11771 = SURFACE_STYLE_FILL_AREA(#11772);
#11772 = FILL_AREA_STYLE('',(#11773));
#11773 = FILL_AREA_STYLE_COLOUR('',#11255);
#11774 = STYLED_ITEM('color',(#11775),#6291);
#11775 = PRESENTATION_STYLE_ASSIGNMENT((#11776));
#11776 = SURFACE_STYLE_USAGE(.BOTH.,#11777);
#11777 = SURFACE_SIDE_STYLE('',(#11778));
#11778 = SURFACE_STYLE_FILL_AREA(#11779);
#11779 = FILL_AREA_STYLE('',(#11780));
#11780 = FILL_AREA_STYLE_COLOUR('',#11255);
#11781 = STYLED_ITEM('color',(#11782),#6308);
#11782 = PRESENTATION_STYLE_ASSIGNMENT((#11783));
#11783 = SURFACE_STYLE_USAGE(.BOTH.,#11784);
#11784 = SURFACE_SIDE_STYLE('',(#11785));
#11785 = SURFACE_STYLE_FILL_AREA(#11786);
#11786 = FILL_AREA_STYLE('',(#11787));
#11787 = FILL_AREA_STYLE_COLOUR('',#11255);
#11788 = STYLED_ITEM('color',(#11789),#6339);
#11789 = PRESENTATION_STYLE_ASSIGNMENT((#11790));
#11790 = SURFACE_STYLE_USAGE(.BOTH.,#11791);
#11791 = SURFACE_SIDE_STYLE('',(#11792));
#11792 = SURFACE_STYLE_FILL_AREA(#11793);
#11793 = FILL_AREA_STYLE('',(#11794));
#11794 = FILL_AREA_STYLE_COLOUR('',#11255);
#11795 = STYLED_ITEM('color',(#11796),#6363);
#11796 = PRESENTATION_STYLE_ASSIGNMENT((#11797));
#11797 = SURFACE_STYLE_USAGE(.BOTH.,#11798);
#11798 = SURFACE_SIDE_STYLE('',(#11799));
#11799 = SURFACE_STYLE_FILL_AREA(#11800);
#11800 = FILL_AREA_STYLE('',(#11801));
#11801 = FILL_AREA_STYLE_COLOUR('',#11255);
#11802 = STYLED_ITEM('color',(#11803),#6387);
#11803 = PRESENTATION_STYLE_ASSIGNMENT((#11804));
#11804 = SURFACE_STYLE_USAGE(.BOTH.,#11805);
#11805 = SURFACE_SIDE_STYLE('',(#11806));
#11806 = SURFACE_STYLE_FILL_AREA(#11807);
#11807 = FILL_AREA_STYLE('',(#11808));
#11808 = FILL_AREA_STYLE_COLOUR('',#11255);
#11809 = STYLED_ITEM('color',(#11810),#6404);
#11810 = PRESENTATION_STYLE_ASSIGNMENT((#11811));
#11811 = SURFACE_STYLE_USAGE(.BOTH.,#11812);
#11812 = SURFACE_SIDE_STYLE('',(#11813));
#11813 = SURFACE_STYLE_FILL_AREA(#11814);
#11814 = FILL_AREA_STYLE('',(#11815));
#11815 = FILL_AREA_STYLE_COLOUR('',#11255);
#11816 = STYLED_ITEM('color',(#11817),#6435);
#11817 = PRESENTATION_STYLE_ASSIGNMENT((#11818));
#11818 = SURFACE_STYLE_USAGE(.BOTH.,#11819);
#11819 = SURFACE_SIDE_STYLE('',(#11820));
#11820 = SURFACE_STYLE_FILL_AREA(#11821);
#11821 = FILL_AREA_STYLE('',(#11822));
#11822 = FILL_AREA_STYLE_COLOUR('',#11255);
#11823 = STYLED_ITEM('color',(#11824),#6459);
#11824 = PRESENTATION_STYLE_ASSIGNMENT((#11825));
#11825 = SURFACE_STYLE_USAGE(.BOTH.,#11826);
#11826 = SURFACE_SIDE_STYLE('',(#11827));
#11827 = SURFACE_STYLE_FILL_AREA(#11828);
#11828 = FILL_AREA_STYLE('',(#11829));
#11829 = FILL_AREA_STYLE_COLOUR('',#11255);
#11830 = STYLED_ITEM('color',(#11831),#6483);
#11831 = PRESENTATION_STYLE_ASSIGNMENT((#11832));
#11832 = SURFACE_STYLE_USAGE(.BOTH.,#11833);
#11833 = SURFACE_SIDE_STYLE('',(#11834));
#11834 = SURFACE_STYLE_FILL_AREA(#11835);
#11835 = FILL_AREA_STYLE('',(#11836));
#11836 = FILL_AREA_STYLE_COLOUR('',#11255);
#11837 = STYLED_ITEM('color',(#11838),#6500);
#11838 = PRESENTATION_STYLE_ASSIGNMENT((#11839));
#11839 = SURFACE_STYLE_USAGE(.BOTH.,#11840);
#11840 = SURFACE_SIDE_STYLE('',(#11841));
#11841 = SURFACE_STYLE_FILL_AREA(#11842);
#11842 = FILL_AREA_STYLE('',(#11843));
#11843 = FILL_AREA_STYLE_COLOUR('',#11255);
#11844 = STYLED_ITEM('color',(#11845),#6531);
#11845 = PRESENTATION_STYLE_ASSIGNMENT((#11846));
#11846 = SURFACE_STYLE_USAGE(.BOTH.,#11847);
#11847 = SURFACE_SIDE_STYLE('',(#11848));
#11848 = SURFACE_STYLE_FILL_AREA(#11849);
#11849 = FILL_AREA_STYLE('',(#11850));
#11850 = FILL_AREA_STYLE_COLOUR('',#11255);
#11851 = STYLED_ITEM('color',(#11852),#6555);
#11852 = PRESENTATION_STYLE_ASSIGNMENT((#11853));
#11853 = SURFACE_STYLE_USAGE(.BOTH.,#11854);
#11854 = SURFACE_SIDE_STYLE('',(#11855));
#11855 = SURFACE_STYLE_FILL_AREA(#11856);
#11856 = FILL_AREA_STYLE('',(#11857));
#11857 = FILL_AREA_STYLE_COLOUR('',#11255);
#11858 = STYLED_ITEM('color',(#11859),#6579);
#11859 = PRESENTATION_STYLE_ASSIGNMENT((#11860));
#11860 = SURFACE_STYLE_USAGE(.BOTH.,#11861);
#11861 = SURFACE_SIDE_STYLE('',(#11862));
#11862 = SURFACE_STYLE_FILL_AREA(#11863);
#11863 = FILL_AREA_STYLE('',(#11864));
#11864 = FILL_AREA_STYLE_COLOUR('',#11255);
#11865 = STYLED_ITEM('color',(#11866),#6596);
#11866 = PRESENTATION_STYLE_ASSIGNMENT((#11867));
#11867 = SURFACE_STYLE_USAGE(.BOTH.,#11868);
#11868 = SURFACE_SIDE_STYLE('',(#11869));
#11869 = SURFACE_STYLE_FILL_AREA(#11870);
#11870 = FILL_AREA_STYLE('',(#11871));
#11871 = FILL_AREA_STYLE_COLOUR('',#11255);
#11872 = STYLED_ITEM('color',(#11873),#6627);
#11873 = PRESENTATION_STYLE_ASSIGNMENT((#11874));
#11874 = SURFACE_STYLE_USAGE(.BOTH.,#11875);
#11875 = SURFACE_SIDE_STYLE('',(#11876));
#11876 = SURFACE_STYLE_FILL_AREA(#11877);
#11877 = FILL_AREA_STYLE('',(#11878));
#11878 = FILL_AREA_STYLE_COLOUR('',#11255);
#11879 = STYLED_ITEM('color',(#11880),#6651);
#11880 = PRESENTATION_STYLE_ASSIGNMENT((#11881));
#11881 = SURFACE_STYLE_USAGE(.BOTH.,#11882);
#11882 = SURFACE_SIDE_STYLE('',(#11883));
#11883 = SURFACE_STYLE_FILL_AREA(#11884);
#11884 = FILL_AREA_STYLE('',(#11885));
#11885 = FILL_AREA_STYLE_COLOUR('',#11255);
#11886 = STYLED_ITEM('color',(#11887),#6675);
#11887 = PRESENTATION_STYLE_ASSIGNMENT((#11888));
#11888 = SURFACE_STYLE_USAGE(.BOTH.,#11889);
#11889 = SURFACE_SIDE_STYLE('',(#11890));
#11890 = SURFACE_STYLE_FILL_AREA(#11891);
#11891 = FILL_AREA_STYLE('',(#11892));
#11892 = FILL_AREA_STYLE_COLOUR('',#11255);
#11893 = STYLED_ITEM('color',(#11894),#6692);
#11894 = PRESENTATION_STYLE_ASSIGNMENT((#11895));
#11895 = SURFACE_STYLE_USAGE(.BOTH.,#11896);
#11896 = SURFACE_SIDE_STYLE('',(#11897));
#11897 = SURFACE_STYLE_FILL_AREA(#11898);
#11898 = FILL_AREA_STYLE('',(#11899));
#11899 = FILL_AREA_STYLE_COLOUR('',#11255);
#11900 = STYLED_ITEM('color',(#11901),#6723);
#11901 = PRESENTATION_STYLE_ASSIGNMENT((#11902));
#11902 = SURFACE_STYLE_USAGE(.BOTH.,#11903);
#11903 = SURFACE_SIDE_STYLE('',(#11904));
#11904 = SURFACE_STYLE_FILL_AREA(#11905);
#11905 = FILL_AREA_STYLE('',(#11906));
#11906 = FILL_AREA_STYLE_COLOUR('',#11255);
#11907 = STYLED_ITEM('color',(#11908),#6747);
#11908 = PRESENTATION_STYLE_ASSIGNMENT((#11909));
#11909 = SURFACE_STYLE_USAGE(.BOTH.,#11910);
#11910 = SURFACE_SIDE_STYLE('',(#11911));
#11911 = SURFACE_STYLE_FILL_AREA(#11912);
#11912 = FILL_AREA_STYLE('',(#11913));
#11913 = FILL_AREA_STYLE_COLOUR('',#11255);
#11914 = STYLED_ITEM('color',(#11915),#6771);
#11915 = PRESENTATION_STYLE_ASSIGNMENT((#11916));
#11916 = SURFACE_STYLE_USAGE(.BOTH.,#11917);
#11917 = SURFACE_SIDE_STYLE('',(#11918));
#11918 = SURFACE_STYLE_FILL_AREA(#11919);
#11919 = FILL_AREA_STYLE('',(#11920));
#11920 = FILL_AREA_STYLE_COLOUR('',#11255);
#11921 = STYLED_ITEM('color',(#11922),#6788);
#11922 = PRESENTATION_STYLE_ASSIGNMENT((#11923));
#11923 = SURFACE_STYLE_USAGE(.BOTH.,#11924);
#11924 = SURFACE_SIDE_STYLE('',(#11925));
#11925 = SURFACE_STYLE_FILL_AREA(#11926);
#11926 = FILL_AREA_STYLE('',(#11927));
#11927 = FILL_AREA_STYLE_COLOUR('',#11255);
#11928 = STYLED_ITEM('color',(#11929),#6805);
#11929 = PRESENTATION_STYLE_ASSIGNMENT((#11930));
#11930 = SURFACE_STYLE_USAGE(.BOTH.,#11931);
#11931 = SURFACE_SIDE_STYLE('',(#11932));
#11932 = SURFACE_STYLE_FILL_AREA(#11933);
#11933 = FILL_AREA_STYLE('',(#11934));
#11934 = FILL_AREA_STYLE_COLOUR('',#11255);
#11935 = STYLED_ITEM('color',(#11936),#6822);
#11936 = PRESENTATION_STYLE_ASSIGNMENT((#11937));
#11937 = SURFACE_STYLE_USAGE(.BOTH.,#11938);
#11938 = SURFACE_SIDE_STYLE('',(#11939));
#11939 = SURFACE_STYLE_FILL_AREA(#11940);
#11940 = FILL_AREA_STYLE('',(#11941));
#11941 = FILL_AREA_STYLE_COLOUR('',#11255);
#11942 = STYLED_ITEM('color',(#11943),#6853);
#11943 = PRESENTATION_STYLE_ASSIGNMENT((#11944));
#11944 = SURFACE_STYLE_USAGE(.BOTH.,#11945);
#11945 = SURFACE_SIDE_STYLE('',(#11946));
#11946 = SURFACE_STYLE_FILL_AREA(#11947);
#11947 = FILL_AREA_STYLE('',(#11948));
#11948 = FILL_AREA_STYLE_COLOUR('',#11255);
#11949 = STYLED_ITEM('color',(#11950),#6870);
#11950 = PRESENTATION_STYLE_ASSIGNMENT((#11951));
#11951 = SURFACE_STYLE_USAGE(.BOTH.,#11952);
#11952 = SURFACE_SIDE_STYLE('',(#11953));
#11953 = SURFACE_STYLE_FILL_AREA(#11954);
#11954 = FILL_AREA_STYLE('',(#11955));
#11955 = FILL_AREA_STYLE_COLOUR('',#11255);
#11956 = STYLED_ITEM('color',(#11957),#6901);
#11957 = PRESENTATION_STYLE_ASSIGNMENT((#11958));
#11958 = SURFACE_STYLE_USAGE(.BOTH.,#11959);
#11959 = SURFACE_SIDE_STYLE('',(#11960));
#11960 = SURFACE_STYLE_FILL_AREA(#11961);
#11961 = FILL_AREA_STYLE('',(#11962));
#11962 = FILL_AREA_STYLE_COLOUR('',#11255);
#11963 = STYLED_ITEM('color',(#11964),#6918);
#11964 = PRESENTATION_STYLE_ASSIGNMENT((#11965));
#11965 = SURFACE_STYLE_USAGE(.BOTH.,#11966);
#11966 = SURFACE_SIDE_STYLE('',(#11967));
#11967 = SURFACE_STYLE_FILL_AREA(#11968);
#11968 = FILL_AREA_STYLE('',(#11969));
#11969 = FILL_AREA_STYLE_COLOUR('',#11255);
#11970 = STYLED_ITEM('color',(#11971),#6935);
#11971 = PRESENTATION_STYLE_ASSIGNMENT((#11972));
#11972 = SURFACE_STYLE_USAGE(.BOTH.,#11973);
#11973 = SURFACE_SIDE_STYLE('',(#11974));
#11974 = SURFACE_STYLE_FILL_AREA(#11975);
#11975 = FILL_AREA_STYLE('',(#11976));
#11976 = FILL_AREA_STYLE_COLOUR('',#11255);
#11977 = STYLED_ITEM('color',(#11978),#6966);
#11978 = PRESENTATION_STYLE_ASSIGNMENT((#11979));
#11979 = SURFACE_STYLE_USAGE(.BOTH.,#11980);
#11980 = SURFACE_SIDE_STYLE('',(#11981));
#11981 = SURFACE_STYLE_FILL_AREA(#11982);
#11982 = FILL_AREA_STYLE('',(#11983));
#11983 = FILL_AREA_STYLE_COLOUR('',#11255);
#11984 = STYLED_ITEM('color',(#11985),#6983);
#11985 = PRESENTATION_STYLE_ASSIGNMENT((#11986));
#11986 = SURFACE_STYLE_USAGE(.BOTH.,#11987);
#11987 = SURFACE_SIDE_STYLE('',(#11988));
#11988 = SURFACE_STYLE_FILL_AREA(#11989);
#11989 = FILL_AREA_STYLE('',(#11990));
#11990 = FILL_AREA_STYLE_COLOUR('',#11255);
#11991 = STYLED_ITEM('color',(#11992),#7014);
#11992 = PRESENTATION_STYLE_ASSIGNMENT((#11993));
#11993 = SURFACE_STYLE_USAGE(.BOTH.,#11994);
#11994 = SURFACE_SIDE_STYLE('',(#11995));
#11995 = SURFACE_STYLE_FILL_AREA(#11996);
#11996 = FILL_AREA_STYLE('',(#11997));
#11997 = FILL_AREA_STYLE_COLOUR('',#11255);
#11998 = STYLED_ITEM('color',(#11999),#7031);
#11999 = PRESENTATION_STYLE_ASSIGNMENT((#12000));
#12000 = SURFACE_STYLE_USAGE(.BOTH.,#12001);
#12001 = SURFACE_SIDE_STYLE('',(#12002));
#12002 = SURFACE_STYLE_FILL_AREA(#12003);
#12003 = FILL_AREA_STYLE('',(#12004));
#12004 = FILL_AREA_STYLE_COLOUR('',#11255);
#12005 = STYLED_ITEM('color',(#12006),#7048);
#12006 = PRESENTATION_STYLE_ASSIGNMENT((#12007));
#12007 = SURFACE_STYLE_USAGE(.BOTH.,#12008);
#12008 = SURFACE_SIDE_STYLE('',(#12009));
#12009 = SURFACE_STYLE_FILL_AREA(#12010);
#12010 = FILL_AREA_STYLE('',(#12011));
#12011 = FILL_AREA_STYLE_COLOUR('',#11255);
#12012 = STYLED_ITEM('color',(#12013),#7079);
#12013 = PRESENTATION_STYLE_ASSIGNMENT((#12014));
#12014 = SURFACE_STYLE_USAGE(.BOTH.,#12015);
#12015 = SURFACE_SIDE_STYLE('',(#12016));
#12016 = SURFACE_STYLE_FILL_AREA(#12017);
#12017 = FILL_AREA_STYLE('',(#12018));
#12018 = FILL_AREA_STYLE_COLOUR('',#11255);
#12019 = STYLED_ITEM('color',(#12020),#7096);
#12020 = PRESENTATION_STYLE_ASSIGNMENT((#12021));
#12021 = SURFACE_STYLE_USAGE(.BOTH.,#12022);
#12022 = SURFACE_SIDE_STYLE('',(#12023));
#12023 = SURFACE_STYLE_FILL_AREA(#12024);
#12024 = FILL_AREA_STYLE('',(#12025));
#12025 = FILL_AREA_STYLE_COLOUR('',#11255);
#12026 = STYLED_ITEM('color',(#12027),#7127);
#12027 = PRESENTATION_STYLE_ASSIGNMENT((#12028));
#12028 = SURFACE_STYLE_USAGE(.BOTH.,#12029);
#12029 = SURFACE_SIDE_STYLE('',(#12030));
#12030 = SURFACE_STYLE_FILL_AREA(#12031);
#12031 = FILL_AREA_STYLE('',(#12032));
#12032 = FILL_AREA_STYLE_COLOUR('',#11255);
#12033 = STYLED_ITEM('color',(#12034),#7144);
#12034 = PRESENTATION_STYLE_ASSIGNMENT((#12035));
#12035 = SURFACE_STYLE_USAGE(.BOTH.,#12036);
#12036 = SURFACE_SIDE_STYLE('',(#12037));
#12037 = SURFACE_STYLE_FILL_AREA(#12038);
#12038 = FILL_AREA_STYLE('',(#12039));
#12039 = FILL_AREA_STYLE_COLOUR('',#11255);
#12040 = STYLED_ITEM('color',(#12041),#7161);
#12041 = PRESENTATION_STYLE_ASSIGNMENT((#12042));
#12042 = SURFACE_STYLE_USAGE(.BOTH.,#12043);
#12043 = SURFACE_SIDE_STYLE('',(#12044));
#12044 = SURFACE_STYLE_FILL_AREA(#12045);
#12045 = FILL_AREA_STYLE('',(#12046));
#12046 = FILL_AREA_STYLE_COLOUR('',#11255);
#12047 = STYLED_ITEM('color',(#12048),#7192);
#12048 = PRESENTATION_STYLE_ASSIGNMENT((#12049));
#12049 = SURFACE_STYLE_USAGE(.BOTH.,#12050);
#12050 = SURFACE_SIDE_STYLE('',(#12051));
#12051 = SURFACE_STYLE_FILL_AREA(#12052);
#12052 = FILL_AREA_STYLE('',(#12053));
#12053 = FILL_AREA_STYLE_COLOUR('',#11255);
#12054 = STYLED_ITEM('color',(#12055),#7209);
#12055 = PRESENTATION_STYLE_ASSIGNMENT((#12056));
#12056 = SURFACE_STYLE_USAGE(.BOTH.,#12057);
#12057 = SURFACE_SIDE_STYLE('',(#12058));
#12058 = SURFACE_STYLE_FILL_AREA(#12059);
#12059 = FILL_AREA_STYLE('',(#12060));
#12060 = FILL_AREA_STYLE_COLOUR('',#11255);
#12061 = STYLED_ITEM('color',(#12062),#7240);
#12062 = PRESENTATION_STYLE_ASSIGNMENT((#12063));
#12063 = SURFACE_STYLE_USAGE(.BOTH.,#12064);
#12064 = SURFACE_SIDE_STYLE('',(#12065));
#12065 = SURFACE_STYLE_FILL_AREA(#12066);
#12066 = FILL_AREA_STYLE('',(#12067));
#12067 = FILL_AREA_STYLE_COLOUR('',#11255);
#12068 = STYLED_ITEM('color',(#12069),#7257);
#12069 = PRESENTATION_STYLE_ASSIGNMENT((#12070));
#12070 = SURFACE_STYLE_USAGE(.BOTH.,#12071);
#12071 = SURFACE_SIDE_STYLE('',(#12072));
#12072 = SURFACE_STYLE_FILL_AREA(#12073);
#12073 = FILL_AREA_STYLE('',(#12074));
#12074 = FILL_AREA_STYLE_COLOUR('',#11255);
#12075 = STYLED_ITEM('color',(#12076),#7274);
#12076 = PRESENTATION_STYLE_ASSIGNMENT((#12077));
#12077 = SURFACE_STYLE_USAGE(.BOTH.,#12078);
#12078 = SURFACE_SIDE_STYLE('',(#12079));
#12079 = SURFACE_STYLE_FILL_AREA(#12080);
#12080 = FILL_AREA_STYLE('',(#12081));
#12081 = FILL_AREA_STYLE_COLOUR('',#11255);
#12082 = STYLED_ITEM('color',(#12083),#7291);
#12083 = PRESENTATION_STYLE_ASSIGNMENT((#12084));
#12084 = SURFACE_STYLE_USAGE(.BOTH.,#12085);
#12085 = SURFACE_SIDE_STYLE('',(#12086));
#12086 = SURFACE_STYLE_FILL_AREA(#12087);
#12087 = FILL_AREA_STYLE('',(#12088));
#12088 = FILL_AREA_STYLE_COLOUR('',#11255);
#12089 = STYLED_ITEM('color',(#12090),#7322);
#12090 = PRESENTATION_STYLE_ASSIGNMENT((#12091));
#12091 = SURFACE_STYLE_USAGE(.BOTH.,#12092);
#12092 = SURFACE_SIDE_STYLE('',(#12093));
#12093 = SURFACE_STYLE_FILL_AREA(#12094);
#12094 = FILL_AREA_STYLE('',(#12095));
#12095 = FILL_AREA_STYLE_COLOUR('',#11255);
#12096 = STYLED_ITEM('color',(#12097),#7353);
#12097 = PRESENTATION_STYLE_ASSIGNMENT((#12098));
#12098 = SURFACE_STYLE_USAGE(.BOTH.,#12099);
#12099 = SURFACE_SIDE_STYLE('',(#12100));
#12100 = SURFACE_STYLE_FILL_AREA(#12101);
#12101 = FILL_AREA_STYLE('',(#12102));
#12102 = FILL_AREA_STYLE_COLOUR('',#11255);
#12103 = STYLED_ITEM('color',(#12104),#7370);
#12104 = PRESENTATION_STYLE_ASSIGNMENT((#12105));
#12105 = SURFACE_STYLE_USAGE(.BOTH.,#12106);
#12106 = SURFACE_SIDE_STYLE('',(#12107));
#12107 = SURFACE_STYLE_FILL_AREA(#12108);
#12108 = FILL_AREA_STYLE('',(#12109));
#12109 = FILL_AREA_STYLE_COLOUR('',#11255);
#12110 = STYLED_ITEM('color',(#12111),#7387);
#12111 = PRESENTATION_STYLE_ASSIGNMENT((#12112));
#12112 = SURFACE_STYLE_USAGE(.BOTH.,#12113);
#12113 = SURFACE_SIDE_STYLE('',(#12114));
#12114 = SURFACE_STYLE_FILL_AREA(#12115);
#12115 = FILL_AREA_STYLE('',(#12116));
#12116 = FILL_AREA_STYLE_COLOUR('',#11255);
#12117 = STYLED_ITEM('color',(#12118),#7418);
#12118 = PRESENTATION_STYLE_ASSIGNMENT((#12119));
#12119 = SURFACE_STYLE_USAGE(.BOTH.,#12120);
#12120 = SURFACE_SIDE_STYLE('',(#12121));
#12121 = SURFACE_STYLE_FILL_AREA(#12122);
#12122 = FILL_AREA_STYLE('',(#12123));
#12123 = FILL_AREA_STYLE_COLOUR('',#11255);
#12124 = STYLED_ITEM('color',(#12125),#7435);
#12125 = PRESENTATION_STYLE_ASSIGNMENT((#12126));
#12126 = SURFACE_STYLE_USAGE(.BOTH.,#12127);
#12127 = SURFACE_SIDE_STYLE('',(#12128));
#12128 = SURFACE_STYLE_FILL_AREA(#12129);
#12129 = FILL_AREA_STYLE('',(#12130));
#12130 = FILL_AREA_STYLE_COLOUR('',#11255);
#12131 = STYLED_ITEM('color',(#12132),#7466);
#12132 = PRESENTATION_STYLE_ASSIGNMENT((#12133));
#12133 = SURFACE_STYLE_USAGE(.BOTH.,#12134);
#12134 = SURFACE_SIDE_STYLE('',(#12135));
#12135 = SURFACE_STYLE_FILL_AREA(#12136);
#12136 = FILL_AREA_STYLE('',(#12137));
#12137 = FILL_AREA_STYLE_COLOUR('',#11255);
#12138 = STYLED_ITEM('color',(#12139),#7483);
#12139 = PRESENTATION_STYLE_ASSIGNMENT((#12140));
#12140 = SURFACE_STYLE_USAGE(.BOTH.,#12141);
#12141 = SURFACE_SIDE_STYLE('',(#12142));
#12142 = SURFACE_STYLE_FILL_AREA(#12143);
#12143 = FILL_AREA_STYLE('',(#12144));
#12144 = FILL_AREA_STYLE_COLOUR('',#11255);
#12145 = STYLED_ITEM('color',(#12146),#7500);
#12146 = PRESENTATION_STYLE_ASSIGNMENT((#12147));
#12147 = SURFACE_STYLE_USAGE(.BOTH.,#12148);
#12148 = SURFACE_SIDE_STYLE('',(#12149));
#12149 = SURFACE_STYLE_FILL_AREA(#12150);
#12150 = FILL_AREA_STYLE('',(#12151));
#12151 = FILL_AREA_STYLE_COLOUR('',#11255);
#12152 = STYLED_ITEM('color',(#12153),#7531);
#12153 = PRESENTATION_STYLE_ASSIGNMENT((#12154));
#12154 = SURFACE_STYLE_USAGE(.BOTH.,#12155);
#12155 = SURFACE_SIDE_STYLE('',(#12156));
#12156 = SURFACE_STYLE_FILL_AREA(#12157);
#12157 = FILL_AREA_STYLE('',(#12158));
#12158 = FILL_AREA_STYLE_COLOUR('',#11255);
#12159 = STYLED_ITEM('color',(#12160),#7548);
#12160 = PRESENTATION_STYLE_ASSIGNMENT((#12161));
#12161 = SURFACE_STYLE_USAGE(.BOTH.,#12162);
#12162 = SURFACE_SIDE_STYLE('',(#12163));
#12163 = SURFACE_STYLE_FILL_AREA(#12164);
#12164 = FILL_AREA_STYLE('',(#12165));
#12165 = FILL_AREA_STYLE_COLOUR('',#11255);
#12166 = STYLED_ITEM('color',(#12167),#7579);
#12167 = PRESENTATION_STYLE_ASSIGNMENT((#12168));
#12168 = SURFACE_STYLE_USAGE(.BOTH.,#12169);
#12169 = SURFACE_SIDE_STYLE('',(#12170));
#12170 = SURFACE_STYLE_FILL_AREA(#12171);
#12171 = FILL_AREA_STYLE('',(#12172));
#12172 = FILL_AREA_STYLE_COLOUR('',#11255);
#12173 = STYLED_ITEM('color',(#12174),#7596);
#12174 = PRESENTATION_STYLE_ASSIGNMENT((#12175));
#12175 = SURFACE_STYLE_USAGE(.BOTH.,#12176);
#12176 = SURFACE_SIDE_STYLE('',(#12177));
#12177 = SURFACE_STYLE_FILL_AREA(#12178);
#12178 = FILL_AREA_STYLE('',(#12179));
#12179 = FILL_AREA_STYLE_COLOUR('',#11255);
#12180 = STYLED_ITEM('color',(#12181),#7613);
#12181 = PRESENTATION_STYLE_ASSIGNMENT((#12182));
#12182 = SURFACE_STYLE_USAGE(.BOTH.,#12183);
#12183 = SURFACE_SIDE_STYLE('',(#12184));
#12184 = SURFACE_STYLE_FILL_AREA(#12185);
#12185 = FILL_AREA_STYLE('',(#12186));
#12186 = FILL_AREA_STYLE_COLOUR('',#11255);
#12187 = STYLED_ITEM('color',(#12188),#7644);
#12188 = PRESENTATION_STYLE_ASSIGNMENT((#12189));
#12189 = SURFACE_STYLE_USAGE(.BOTH.,#12190);
#12190 = SURFACE_SIDE_STYLE('',(#12191));
#12191 = SURFACE_STYLE_FILL_AREA(#12192);
#12192 = FILL_AREA_STYLE('',(#12193));
#12193 = FILL_AREA_STYLE_COLOUR('',#11255);
#12194 = STYLED_ITEM('color',(#12195),#7661);
#12195 = PRESENTATION_STYLE_ASSIGNMENT((#12196));
#12196 = SURFACE_STYLE_USAGE(.BOTH.,#12197);
#12197 = SURFACE_SIDE_STYLE('',(#12198));
#12198 = SURFACE_STYLE_FILL_AREA(#12199);
#12199 = FILL_AREA_STYLE('',(#12200));
#12200 = FILL_AREA_STYLE_COLOUR('',#11255);
#12201 = STYLED_ITEM('color',(#12202),#7692);
#12202 = PRESENTATION_STYLE_ASSIGNMENT((#12203));
#12203 = SURFACE_STYLE_USAGE(.BOTH.,#12204);
#12204 = SURFACE_SIDE_STYLE('',(#12205));
#12205 = SURFACE_STYLE_FILL_AREA(#12206);
#12206 = FILL_AREA_STYLE('',(#12207));
#12207 = FILL_AREA_STYLE_COLOUR('',#11255);
#12208 = STYLED_ITEM('color',(#12209),#7709);
#12209 = PRESENTATION_STYLE_ASSIGNMENT((#12210));
#12210 = SURFACE_STYLE_USAGE(.BOTH.,#12211);
#12211 = SURFACE_SIDE_STYLE('',(#12212));
#12212 = SURFACE_STYLE_FILL_AREA(#12213);
#12213 = FILL_AREA_STYLE('',(#12214));
#12214 = FILL_AREA_STYLE_COLOUR('',#11255);
#12215 = STYLED_ITEM('color',(#12216),#7726);
#12216 = PRESENTATION_STYLE_ASSIGNMENT((#12217));
#12217 = SURFACE_STYLE_USAGE(.BOTH.,#12218);
#12218 = SURFACE_SIDE_STYLE('',(#12219));
#12219 = SURFACE_STYLE_FILL_AREA(#12220);
#12220 = FILL_AREA_STYLE('',(#12221));
#12221 = FILL_AREA_STYLE_COLOUR('',#11255);
#12222 = STYLED_ITEM('color',(#12223),#7757);
#12223 = PRESENTATION_STYLE_ASSIGNMENT((#12224));
#12224 = SURFACE_STYLE_USAGE(.BOTH.,#12225);
#12225 = SURFACE_SIDE_STYLE('',(#12226));
#12226 = SURFACE_STYLE_FILL_AREA(#12227);
#12227 = FILL_AREA_STYLE('',(#12228));
#12228 = FILL_AREA_STYLE_COLOUR('',#11255);
#12229 = STYLED_ITEM('color',(#12230),#7774);
#12230 = PRESENTATION_STYLE_ASSIGNMENT((#12231));
#12231 = SURFACE_STYLE_USAGE(.BOTH.,#12232);
#12232 = SURFACE_SIDE_STYLE('',(#12233));
#12233 = SURFACE_STYLE_FILL_AREA(#12234);
#12234 = FILL_AREA_STYLE('',(#12235));
#12235 = FILL_AREA_STYLE_COLOUR('',#11255);
#12236 = STYLED_ITEM('color',(#12237),#7805);
#12237 = PRESENTATION_STYLE_ASSIGNMENT((#12238));
#12238 = SURFACE_STYLE_USAGE(.BOTH.,#12239);
#12239 = SURFACE_SIDE_STYLE('',(#12240));
#12240 = SURFACE_STYLE_FILL_AREA(#12241);
#12241 = FILL_AREA_STYLE('',(#12242));
#12242 = FILL_AREA_STYLE_COLOUR('',#11255);
#12243 = STYLED_ITEM('color',(#12244),#7822);
#12244 = PRESENTATION_STYLE_ASSIGNMENT((#12245));
#12245 = SURFACE_STYLE_USAGE(.BOTH.,#12246);
#12246 = SURFACE_SIDE_STYLE('',(#12247));
#12247 = SURFACE_STYLE_FILL_AREA(#12248);
#12248 = FILL_AREA_STYLE('',(#12249));
#12249 = FILL_AREA_STYLE_COLOUR('',#11255);
#12250 = STYLED_ITEM('color',(#12251),#7839);
#12251 = PRESENTATION_STYLE_ASSIGNMENT((#12252));
#12252 = SURFACE_STYLE_USAGE(.BOTH.,#12253);
#12253 = SURFACE_SIDE_STYLE('',(#12254));
#12254 = SURFACE_STYLE_FILL_AREA(#12255);
#12255 = FILL_AREA_STYLE('',(#12256));
#12256 = FILL_AREA_STYLE_COLOUR('',#11255);
#12257 = STYLED_ITEM('color',(#12258),#7870);
#12258 = PRESENTATION_STYLE_ASSIGNMENT((#12259));
#12259 = SURFACE_STYLE_USAGE(.BOTH.,#12260);
#12260 = SURFACE_SIDE_STYLE('',(#12261));
#12261 = SURFACE_STYLE_FILL_AREA(#12262);
#12262 = FILL_AREA_STYLE('',(#12263));
#12263 = FILL_AREA_STYLE_COLOUR('',#11255);
#12264 = STYLED_ITEM('color',(#12265),#7887);
#12265 = PRESENTATION_STYLE_ASSIGNMENT((#12266));
#12266 = SURFACE_STYLE_USAGE(.BOTH.,#12267);
#12267 = SURFACE_SIDE_STYLE('',(#12268));
#12268 = SURFACE_STYLE_FILL_AREA(#12269);
#12269 = FILL_AREA_STYLE('',(#12270));
#12270 = FILL_AREA_STYLE_COLOUR('',#11255);
#12271 = STYLED_ITEM('color',(#12272),#7918);
#12272 = PRESENTATION_STYLE_ASSIGNMENT((#12273));
#12273 = SURFACE_STYLE_USAGE(.BOTH.,#12274);
#12274 = SURFACE_SIDE_STYLE('',(#12275));
#12275 = SURFACE_STYLE_FILL_AREA(#12276);
#12276 = FILL_AREA_STYLE('',(#12277));
#12277 = FILL_AREA_STYLE_COLOUR('',#11255);
#12278 = STYLED_ITEM('color',(#12279),#7935);
#12279 = PRESENTATION_STYLE_ASSIGNMENT((#12280));
#12280 = SURFACE_STYLE_USAGE(.BOTH.,#12281);
#12281 = SURFACE_SIDE_STYLE('',(#12282));
#12282 = SURFACE_STYLE_FILL_AREA(#12283);
#12283 = FILL_AREA_STYLE('',(#12284));
#12284 = FILL_AREA_STYLE_COLOUR('',#11255);
#12285 = STYLED_ITEM('color',(#12286),#7952);
#12286 = PRESENTATION_STYLE_ASSIGNMENT((#12287));
#12287 = SURFACE_STYLE_USAGE(.BOTH.,#12288);
#12288 = SURFACE_SIDE_STYLE('',(#12289));
#12289 = SURFACE_STYLE_FILL_AREA(#12290);
#12290 = FILL_AREA_STYLE('',(#12291));
#12291 = FILL_AREA_STYLE_COLOUR('',#11255);
#12292 = STYLED_ITEM('color',(#12293),#7983);
#12293 = PRESENTATION_STYLE_ASSIGNMENT((#12294));
#12294 = SURFACE_STYLE_USAGE(.BOTH.,#12295);
#12295 = SURFACE_SIDE_STYLE('',(#12296));
#12296 = SURFACE_STYLE_FILL_AREA(#12297);
#12297 = FILL_AREA_STYLE('',(#12298));
#12298 = FILL_AREA_STYLE_COLOUR('',#11255);
#12299 = STYLED_ITEM('color',(#12300),#8000);
#12300 = PRESENTATION_STYLE_ASSIGNMENT((#12301));
#12301 = SURFACE_STYLE_USAGE(.BOTH.,#12302);
#12302 = SURFACE_SIDE_STYLE('',(#12303));
#12303 = SURFACE_STYLE_FILL_AREA(#12304);
#12304 = FILL_AREA_STYLE('',(#12305));
#12305 = FILL_AREA_STYLE_COLOUR('',#11255);
#12306 = STYLED_ITEM('color',(#12307),#8031);
#12307 = PRESENTATION_STYLE_ASSIGNMENT((#12308));
#12308 = SURFACE_STYLE_USAGE(.BOTH.,#12309);
#12309 = SURFACE_SIDE_STYLE('',(#12310));
#12310 = SURFACE_STYLE_FILL_AREA(#12311);
#12311 = FILL_AREA_STYLE('',(#12312));
#12312 = FILL_AREA_STYLE_COLOUR('',#11255);
#12313 = STYLED_ITEM('color',(#12314),#8048);
#12314 = PRESENTATION_STYLE_ASSIGNMENT((#12315));
#12315 = SURFACE_STYLE_USAGE(.BOTH.,#12316);
#12316 = SURFACE_SIDE_STYLE('',(#12317));
#12317 = SURFACE_STYLE_FILL_AREA(#12318);
#12318 = FILL_AREA_STYLE('',(#12319));
#12319 = FILL_AREA_STYLE_COLOUR('',#11255);
#12320 = STYLED_ITEM('color',(#12321),#8065);
#12321 = PRESENTATION_STYLE_ASSIGNMENT((#12322));
#12322 = SURFACE_STYLE_USAGE(.BOTH.,#12323);
#12323 = SURFACE_SIDE_STYLE('',(#12324));
#12324 = SURFACE_STYLE_FILL_AREA(#12325);
#12325 = FILL_AREA_STYLE('',(#12326));
#12326 = FILL_AREA_STYLE_COLOUR('',#11255);
#12327 = STYLED_ITEM('color',(#12328),#8096);
#12328 = PRESENTATION_STYLE_ASSIGNMENT((#12329));
#12329 = SURFACE_STYLE_USAGE(.BOTH.,#12330);
#12330 = SURFACE_SIDE_STYLE('',(#12331));
#12331 = SURFACE_STYLE_FILL_AREA(#12332);
#12332 = FILL_AREA_STYLE('',(#12333));
#12333 = FILL_AREA_STYLE_COLOUR('',#11255);
#12334 = STYLED_ITEM('color',(#12335),#8113);
#12335 = PRESENTATION_STYLE_ASSIGNMENT((#12336));
#12336 = SURFACE_STYLE_USAGE(.BOTH.,#12337);
#12337 = SURFACE_SIDE_STYLE('',(#12338));
#12338 = SURFACE_STYLE_FILL_AREA(#12339);
#12339 = FILL_AREA_STYLE('',(#12340));
#12340 = FILL_AREA_STYLE_COLOUR('',#11255);
#12341 = STYLED_ITEM('color',(#12342),#8144);
#12342 = PRESENTATION_STYLE_ASSIGNMENT((#12343));
#12343 = SURFACE_STYLE_USAGE(.BOTH.,#12344);
#12344 = SURFACE_SIDE_STYLE('',(#12345));
#12345 = SURFACE_STYLE_FILL_AREA(#12346);
#12346 = FILL_AREA_STYLE('',(#12347));
#12347 = FILL_AREA_STYLE_COLOUR('',#11255);
#12348 = STYLED_ITEM('color',(#12349),#8175);
#12349 = PRESENTATION_STYLE_ASSIGNMENT((#12350));
#12350 = SURFACE_STYLE_USAGE(.BOTH.,#12351);
#12351 = SURFACE_SIDE_STYLE('',(#12352));
#12352 = SURFACE_STYLE_FILL_AREA(#12353);
#12353 = FILL_AREA_STYLE('',(#12354));
#12354 = FILL_AREA_STYLE_COLOUR('',#11255);
#12355 = STYLED_ITEM('color',(#12356),#8199);
#12356 = PRESENTATION_STYLE_ASSIGNMENT((#12357));
#12357 = SURFACE_STYLE_USAGE(.BOTH.,#12358);
#12358 = SURFACE_SIDE_STYLE('',(#12359));
#12359 = SURFACE_STYLE_FILL_AREA(#12360);
#12360 = FILL_AREA_STYLE('',(#12361));
#12361 = FILL_AREA_STYLE_COLOUR('',#11255);
#12362 = STYLED_ITEM('color',(#12363),#8223);
#12363 = PRESENTATION_STYLE_ASSIGNMENT((#12364));
#12364 = SURFACE_STYLE_USAGE(.BOTH.,#12365);
#12365 = SURFACE_SIDE_STYLE('',(#12366));
#12366 = SURFACE_STYLE_FILL_AREA(#12367);
#12367 = FILL_AREA_STYLE('',(#12368));
#12368 = FILL_AREA_STYLE_COLOUR('',#11255);
#12369 = STYLED_ITEM('color',(#12370),#8240);
#12370 = PRESENTATION_STYLE_ASSIGNMENT((#12371));
#12371 = SURFACE_STYLE_USAGE(.BOTH.,#12372);
#12372 = SURFACE_SIDE_STYLE('',(#12373));
#12373 = SURFACE_STYLE_FILL_AREA(#12374);
#12374 = FILL_AREA_STYLE('',(#12375));
#12375 = FILL_AREA_STYLE_COLOUR('',#11255);
#12376 = STYLED_ITEM('color',(#12377),#8271);
#12377 = PRESENTATION_STYLE_ASSIGNMENT((#12378));
#12378 = SURFACE_STYLE_USAGE(.BOTH.,#12379);
#12379 = SURFACE_SIDE_STYLE('',(#12380));
#12380 = SURFACE_STYLE_FILL_AREA(#12381);
#12381 = FILL_AREA_STYLE('',(#12382));
#12382 = FILL_AREA_STYLE_COLOUR('',#11255);
#12383 = STYLED_ITEM('color',(#12384),#8295);
#12384 = PRESENTATION_STYLE_ASSIGNMENT((#12385));
#12385 = SURFACE_STYLE_USAGE(.BOTH.,#12386);
#12386 = SURFACE_SIDE_STYLE('',(#12387));
#12387 = SURFACE_STYLE_FILL_AREA(#12388);
#12388 = FILL_AREA_STYLE('',(#12389));
#12389 = FILL_AREA_STYLE_COLOUR('',#11255);
#12390 = STYLED_ITEM('color',(#12391),#8319);
#12391 = PRESENTATION_STYLE_ASSIGNMENT((#12392));
#12392 = SURFACE_STYLE_USAGE(.BOTH.,#12393);
#12393 = SURFACE_SIDE_STYLE('',(#12394));
#12394 = SURFACE_STYLE_FILL_AREA(#12395);
#12395 = FILL_AREA_STYLE('',(#12396));
#12396 = FILL_AREA_STYLE_COLOUR('',#11255);
#12397 = STYLED_ITEM('color',(#12398),#8336);
#12398 = PRESENTATION_STYLE_ASSIGNMENT((#12399));
#12399 = SURFACE_STYLE_USAGE(.BOTH.,#12400);
#12400 = SURFACE_SIDE_STYLE('',(#12401));
#12401 = SURFACE_STYLE_FILL_AREA(#12402);
#12402 = FILL_AREA_STYLE('',(#12403));
#12403 = FILL_AREA_STYLE_COLOUR('',#11255);
#12404 = STYLED_ITEM('color',(#12405),#8367);
#12405 = PRESENTATION_STYLE_ASSIGNMENT((#12406));
#12406 = SURFACE_STYLE_USAGE(.BOTH.,#12407);
#12407 = SURFACE_SIDE_STYLE('',(#12408));
#12408 = SURFACE_STYLE_FILL_AREA(#12409);
#12409 = FILL_AREA_STYLE('',(#12410));
#12410 = FILL_AREA_STYLE_COLOUR('',#11255);
#12411 = STYLED_ITEM('color',(#12412),#8391);
#12412 = PRESENTATION_STYLE_ASSIGNMENT((#12413));
#12413 = SURFACE_STYLE_USAGE(.BOTH.,#12414);
#12414 = SURFACE_SIDE_STYLE('',(#12415));
#12415 = SURFACE_STYLE_FILL_AREA(#12416);
#12416 = FILL_AREA_STYLE('',(#12417));
#12417 = FILL_AREA_STYLE_COLOUR('',#11255);
#12418 = STYLED_ITEM('color',(#12419),#8415);
#12419 = PRESENTATION_STYLE_ASSIGNMENT((#12420));
#12420 = SURFACE_STYLE_USAGE(.BOTH.,#12421);
#12421 = SURFACE_SIDE_STYLE('',(#12422));
#12422 = SURFACE_STYLE_FILL_AREA(#12423);
#12423 = FILL_AREA_STYLE('',(#12424));
#12424 = FILL_AREA_STYLE_COLOUR('',#11255);
#12425 = STYLED_ITEM('color',(#12426),#8432);
#12426 = PRESENTATION_STYLE_ASSIGNMENT((#12427));
#12427 = SURFACE_STYLE_USAGE(.BOTH.,#12428);
#12428 = SURFACE_SIDE_STYLE('',(#12429));
#12429 = SURFACE_STYLE_FILL_AREA(#12430);
#12430 = FILL_AREA_STYLE('',(#12431));
#12431 = FILL_AREA_STYLE_COLOUR('',#11255);
#12432 = STYLED_ITEM('color',(#12433),#8463);
#12433 = PRESENTATION_STYLE_ASSIGNMENT((#12434));
#12434 = SURFACE_STYLE_USAGE(.BOTH.,#12435);
#12435 = SURFACE_SIDE_STYLE('',(#12436));
#12436 = SURFACE_STYLE_FILL_AREA(#12437);
#12437 = FILL_AREA_STYLE('',(#12438));
#12438 = FILL_AREA_STYLE_COLOUR('',#11255);
#12439 = STYLED_ITEM('color',(#12440),#8487);
#12440 = PRESENTATION_STYLE_ASSIGNMENT((#12441));
#12441 = SURFACE_STYLE_USAGE(.BOTH.,#12442);
#12442 = SURFACE_SIDE_STYLE('',(#12443));
#12443 = SURFACE_STYLE_FILL_AREA(#12444);
#12444 = FILL_AREA_STYLE('',(#12445));
#12445 = FILL_AREA_STYLE_COLOUR('',#11255);
#12446 = STYLED_ITEM('color',(#12447),#8511);
#12447 = PRESENTATION_STYLE_ASSIGNMENT((#12448));
#12448 = SURFACE_STYLE_USAGE(.BOTH.,#12449);
#12449 = SURFACE_SIDE_STYLE('',(#12450));
#12450 = SURFACE_STYLE_FILL_AREA(#12451);
#12451 = FILL_AREA_STYLE('',(#12452));
#12452 = FILL_AREA_STYLE_COLOUR('',#11255);
#12453 = STYLED_ITEM('color',(#12454),#8528);
#12454 = PRESENTATION_STYLE_ASSIGNMENT((#12455));
#12455 = SURFACE_STYLE_USAGE(.BOTH.,#12456);
#12456 = SURFACE_SIDE_STYLE('',(#12457));
#12457 = SURFACE_STYLE_FILL_AREA(#12458);
#12458 = FILL_AREA_STYLE('',(#12459));
#12459 = FILL_AREA_STYLE_COLOUR('',#11255);
#12460 = STYLED_ITEM('color',(#12461),#8559);
#12461 = PRESENTATION_STYLE_ASSIGNMENT((#12462));
#12462 = SURFACE_STYLE_USAGE(.BOTH.,#12463);
#12463 = SURFACE_SIDE_STYLE('',(#12464));
#12464 = SURFACE_STYLE_FILL_AREA(#12465);
#12465 = FILL_AREA_STYLE('',(#12466));
#12466 = FILL_AREA_STYLE_COLOUR('',#11255);
#12467 = STYLED_ITEM('color',(#12468),#8583);
#12468 = PRESENTATION_STYLE_ASSIGNMENT((#12469));
#12469 = SURFACE_STYLE_USAGE(.BOTH.,#12470);
#12470 = SURFACE_SIDE_STYLE('',(#12471));
#12471 = SURFACE_STYLE_FILL_AREA(#12472);
#12472 = FILL_AREA_STYLE('',(#12473));
#12473 = FILL_AREA_STYLE_COLOUR('',#11255);
#12474 = STYLED_ITEM('color',(#12475),#8607);
#12475 = PRESENTATION_STYLE_ASSIGNMENT((#12476));
#12476 = SURFACE_STYLE_USAGE(.BOTH.,#12477);
#12477 = SURFACE_SIDE_STYLE('',(#12478));
#12478 = SURFACE_STYLE_FILL_AREA(#12479);
#12479 = FILL_AREA_STYLE('',(#12480));
#12480 = FILL_AREA_STYLE_COLOUR('',#11255);
#12481 = STYLED_ITEM('color',(#12482),#8624);
#12482 = PRESENTATION_STYLE_ASSIGNMENT((#12483));
#12483 = SURFACE_STYLE_USAGE(.BOTH.,#12484);
#12484 = SURFACE_SIDE_STYLE('',(#12485));
#12485 = SURFACE_STYLE_FILL_AREA(#12486);
#12486 = FILL_AREA_STYLE('',(#12487));
#12487 = FILL_AREA_STYLE_COLOUR('',#11255);
#12488 = STYLED_ITEM('color',(#12489),#8655);
#12489 = PRESENTATION_STYLE_ASSIGNMENT((#12490));
#12490 = SURFACE_STYLE_USAGE(.BOTH.,#12491);
#12491 = SURFACE_SIDE_STYLE('',(#12492));
#12492 = SURFACE_STYLE_FILL_AREA(#12493);
#12493 = FILL_AREA_STYLE('',(#12494));
#12494 = FILL_AREA_STYLE_COLOUR('',#11255);
#12495 = STYLED_ITEM('color',(#12496),#8679);
#12496 = PRESENTATION_STYLE_ASSIGNMENT((#12497));
#12497 = SURFACE_STYLE_USAGE(.BOTH.,#12498);
#12498 = SURFACE_SIDE_STYLE('',(#12499));
#12499 = SURFACE_STYLE_FILL_AREA(#12500);
#12500 = FILL_AREA_STYLE('',(#12501));
#12501 = FILL_AREA_STYLE_COLOUR('',#11255);
#12502 = STYLED_ITEM('color',(#12503),#8703);
#12503 = PRESENTATION_STYLE_ASSIGNMENT((#12504));
#12504 = SURFACE_STYLE_USAGE(.BOTH.,#12505);
#12505 = SURFACE_SIDE_STYLE('',(#12506));
#12506 = SURFACE_STYLE_FILL_AREA(#12507);
#12507 = FILL_AREA_STYLE('',(#12508));
#12508 = FILL_AREA_STYLE_COLOUR('',#11255);
#12509 = STYLED_ITEM('color',(#12510),#8720);
#12510 = PRESENTATION_STYLE_ASSIGNMENT((#12511));
#12511 = SURFACE_STYLE_USAGE(.BOTH.,#12512);
#12512 = SURFACE_SIDE_STYLE('',(#12513));
#12513 = SURFACE_STYLE_FILL_AREA(#12514);
#12514 = FILL_AREA_STYLE('',(#12515));
#12515 = FILL_AREA_STYLE_COLOUR('',#11255);
#12516 = STYLED_ITEM('color',(#12517),#8751);
#12517 = PRESENTATION_STYLE_ASSIGNMENT((#12518));
#12518 = SURFACE_STYLE_USAGE(.BOTH.,#12519);
#12519 = SURFACE_SIDE_STYLE('',(#12520));
#12520 = SURFACE_STYLE_FILL_AREA(#12521);
#12521 = FILL_AREA_STYLE('',(#12522));
#12522 = FILL_AREA_STYLE_COLOUR('',#11255);
#12523 = STYLED_ITEM('color',(#12524),#8775);
#12524 = PRESENTATION_STYLE_ASSIGNMENT((#12525));
#12525 = SURFACE_STYLE_USAGE(.BOTH.,#12526);
#12526 = SURFACE_SIDE_STYLE('',(#12527));
#12527 = SURFACE_STYLE_FILL_AREA(#12528);
#12528 = FILL_AREA_STYLE('',(#12529));
#12529 = FILL_AREA_STYLE_COLOUR('',#11255);
#12530 = STYLED_ITEM('color',(#12531),#8799);
#12531 = PRESENTATION_STYLE_ASSIGNMENT((#12532));
#12532 = SURFACE_STYLE_USAGE(.BOTH.,#12533);
#12533 = SURFACE_SIDE_STYLE('',(#12534));
#12534 = SURFACE_STYLE_FILL_AREA(#12535);
#12535 = FILL_AREA_STYLE('',(#12536));
#12536 = FILL_AREA_STYLE_COLOUR('',#11255);
#12537 = STYLED_ITEM('color',(#12538),#8816);
#12538 = PRESENTATION_STYLE_ASSIGNMENT((#12539));
#12539 = SURFACE_STYLE_USAGE(.BOTH.,#12540);
#12540 = SURFACE_SIDE_STYLE('',(#12541));
#12541 = SURFACE_STYLE_FILL_AREA(#12542);
#12542 = FILL_AREA_STYLE('',(#12543));
#12543 = FILL_AREA_STYLE_COLOUR('',#11255);
#12544 = STYLED_ITEM('color',(#12545),#8847);
#12545 = PRESENTATION_STYLE_ASSIGNMENT((#12546));
#12546 = SURFACE_STYLE_USAGE(.BOTH.,#12547);
#12547 = SURFACE_SIDE_STYLE('',(#12548));
#12548 = SURFACE_STYLE_FILL_AREA(#12549);
#12549 = FILL_AREA_STYLE('',(#12550));
#12550 = FILL_AREA_STYLE_COLOUR('',#11255);
#12551 = STYLED_ITEM('color',(#12552),#8871);
#12552 = PRESENTATION_STYLE_ASSIGNMENT((#12553));
#12553 = SURFACE_STYLE_USAGE(.BOTH.,#12554);
#12554 = SURFACE_SIDE_STYLE('',(#12555));
#12555 = SURFACE_STYLE_FILL_AREA(#12556);
#12556 = FILL_AREA_STYLE('',(#12557));
#12557 = FILL_AREA_STYLE_COLOUR('',#11255);
#12558 = STYLED_ITEM('color',(#12559),#8895);
#12559 = PRESENTATION_STYLE_ASSIGNMENT((#12560));
#12560 = SURFACE_STYLE_USAGE(.BOTH.,#12561);
#12561 = SURFACE_SIDE_STYLE('',(#12562));
#12562 = SURFACE_STYLE_FILL_AREA(#12563);
#12563 = FILL_AREA_STYLE('',(#12564));
#12564 = FILL_AREA_STYLE_COLOUR('',#11255);
#12565 = STYLED_ITEM('color',(#12566),#8912);
#12566 = PRESENTATION_STYLE_ASSIGNMENT((#12567));
#12567 = SURFACE_STYLE_USAGE(.BOTH.,#12568);
#12568 = SURFACE_SIDE_STYLE('',(#12569));
#12569 = SURFACE_STYLE_FILL_AREA(#12570);
#12570 = FILL_AREA_STYLE('',(#12571));
#12571 = FILL_AREA_STYLE_COLOUR('',#11255);
#12572 = STYLED_ITEM('color',(#12573),#8943);
#12573 = PRESENTATION_STYLE_ASSIGNMENT((#12574));
#12574 = SURFACE_STYLE_USAGE(.BOTH.,#12575);
#12575 = SURFACE_SIDE_STYLE('',(#12576));
#12576 = SURFACE_STYLE_FILL_AREA(#12577);
#12577 = FILL_AREA_STYLE('',(#12578));
#12578 = FILL_AREA_STYLE_COLOUR('',#11255);
#12579 = STYLED_ITEM('color',(#12580),#8967);
#12580 = PRESENTATION_STYLE_ASSIGNMENT((#12581));
#12581 = SURFACE_STYLE_USAGE(.BOTH.,#12582);
#12582 = SURFACE_SIDE_STYLE('',(#12583));
#12583 = SURFACE_STYLE_FILL_AREA(#12584);
#12584 = FILL_AREA_STYLE('',(#12585));
#12585 = FILL_AREA_STYLE_COLOUR('',#11255);
#12586 = STYLED_ITEM('color',(#12587),#8991);
#12587 = PRESENTATION_STYLE_ASSIGNMENT((#12588));
#12588 = SURFACE_STYLE_USAGE(.BOTH.,#12589);
#12589 = SURFACE_SIDE_STYLE('',(#12590));
#12590 = SURFACE_STYLE_FILL_AREA(#12591);
#12591 = FILL_AREA_STYLE('',(#12592));
#12592 = FILL_AREA_STYLE_COLOUR('',#11255);
#12593 = STYLED_ITEM('color',(#12594),#9008);
#12594 = PRESENTATION_STYLE_ASSIGNMENT((#12595));
#12595 = SURFACE_STYLE_USAGE(.BOTH.,#12596);
#12596 = SURFACE_SIDE_STYLE('',(#12597));
#12597 = SURFACE_STYLE_FILL_AREA(#12598);
#12598 = FILL_AREA_STYLE('',(#12599));
#12599 = FILL_AREA_STYLE_COLOUR('',#11255);
#12600 = STYLED_ITEM('color',(#12601),#9039);
#12601 = PRESENTATION_STYLE_ASSIGNMENT((#12602));
#12602 = SURFACE_STYLE_USAGE(.BOTH.,#12603);
#12603 = SURFACE_SIDE_STYLE('',(#12604));
#12604 = SURFACE_STYLE_FILL_AREA(#12605);
#12605 = FILL_AREA_STYLE('',(#12606));
#12606 = FILL_AREA_STYLE_COLOUR('',#11255);
#12607 = STYLED_ITEM('color',(#12608),#9063);
#12608 = PRESENTATION_STYLE_ASSIGNMENT((#12609));
#12609 = SURFACE_STYLE_USAGE(.BOTH.,#12610);
#12610 = SURFACE_SIDE_STYLE('',(#12611));
#12611 = SURFACE_STYLE_FILL_AREA(#12612);
#12612 = FILL_AREA_STYLE('',(#12613));
#12613 = FILL_AREA_STYLE_COLOUR('',#11255);
#12614 = STYLED_ITEM('color',(#12615),#9087);
#12615 = PRESENTATION_STYLE_ASSIGNMENT((#12616));
#12616 = SURFACE_STYLE_USAGE(.BOTH.,#12617);
#12617 = SURFACE_SIDE_STYLE('',(#12618));
#12618 = SURFACE_STYLE_FILL_AREA(#12619);
#12619 = FILL_AREA_STYLE('',(#12620));
#12620 = FILL_AREA_STYLE_COLOUR('',#11255);
#12621 = STYLED_ITEM('color',(#12622),#9104);
#12622 = PRESENTATION_STYLE_ASSIGNMENT((#12623));
#12623 = SURFACE_STYLE_USAGE(.BOTH.,#12624);
#12624 = SURFACE_SIDE_STYLE('',(#12625));
#12625 = SURFACE_STYLE_FILL_AREA(#12626);
#12626 = FILL_AREA_STYLE('',(#12627));
#12627 = FILL_AREA_STYLE_COLOUR('',#11255);
#12628 = STYLED_ITEM('color',(#12629),#9135);
#12629 = PRESENTATION_STYLE_ASSIGNMENT((#12630));
#12630 = SURFACE_STYLE_USAGE(.BOTH.,#12631);
#12631 = SURFACE_SIDE_STYLE('',(#12632));
#12632 = SURFACE_STYLE_FILL_AREA(#12633);
#12633 = FILL_AREA_STYLE('',(#12634));
#12634 = FILL_AREA_STYLE_COLOUR('',#11255);
#12635 = STYLED_ITEM('color',(#12636),#9159);
#12636 = PRESENTATION_STYLE_ASSIGNMENT((#12637));
#12637 = SURFACE_STYLE_USAGE(.BOTH.,#12638);
#12638 = SURFACE_SIDE_STYLE('',(#12639));
#12639 = SURFACE_STYLE_FILL_AREA(#12640);
#12640 = FILL_AREA_STYLE('',(#12641));
#12641 = FILL_AREA_STYLE_COLOUR('',#11255);
#12642 = STYLED_ITEM('color',(#12643),#9183);
#12643 = PRESENTATION_STYLE_ASSIGNMENT((#12644));
#12644 = SURFACE_STYLE_USAGE(.BOTH.,#12645);
#12645 = SURFACE_SIDE_STYLE('',(#12646));
#12646 = SURFACE_STYLE_FILL_AREA(#12647);
#12647 = FILL_AREA_STYLE('',(#12648));
#12648 = FILL_AREA_STYLE_COLOUR('',#11255);
#12649 = STYLED_ITEM('color',(#12650),#9200);
#12650 = PRESENTATION_STYLE_ASSIGNMENT((#12651));
#12651 = SURFACE_STYLE_USAGE(.BOTH.,#12652);
#12652 = SURFACE_SIDE_STYLE('',(#12653));
#12653 = SURFACE_STYLE_FILL_AREA(#12654);
#12654 = FILL_AREA_STYLE('',(#12655));
#12655 = FILL_AREA_STYLE_COLOUR('',#11255);
#12656 = STYLED_ITEM('color',(#12657),#9231);
#12657 = PRESENTATION_STYLE_ASSIGNMENT((#12658));
#12658 = SURFACE_STYLE_USAGE(.BOTH.,#12659);
#12659 = SURFACE_SIDE_STYLE('',(#12660));
#12660 = SURFACE_STYLE_FILL_AREA(#12661);
#12661 = FILL_AREA_STYLE('',(#12662));
#12662 = FILL_AREA_STYLE_COLOUR('',#11255);
#12663 = STYLED_ITEM('color',(#12664),#9255);
#12664 = PRESENTATION_STYLE_ASSIGNMENT((#12665));
#12665 = SURFACE_STYLE_USAGE(.BOTH.,#12666);
#12666 = SURFACE_SIDE_STYLE('',(#12667));
#12667 = SURFACE_STYLE_FILL_AREA(#12668);
#12668 = FILL_AREA_STYLE('',(#12669));
#12669 = FILL_AREA_STYLE_COLOUR('',#11255);
#12670 = STYLED_ITEM('color',(#12671),#9279);
#12671 = PRESENTATION_STYLE_ASSIGNMENT((#12672));
#12672 = SURFACE_STYLE_USAGE(.BOTH.,#12673);
#12673 = SURFACE_SIDE_STYLE('',(#12674));
#12674 = SURFACE_STYLE_FILL_AREA(#12675);
#12675 = FILL_AREA_STYLE('',(#12676));
#12676 = FILL_AREA_STYLE_COLOUR('',#11255);
#12677 = STYLED_ITEM('color',(#12678),#9296);
#12678 = PRESENTATION_STYLE_ASSIGNMENT((#12679));
#12679 = SURFACE_STYLE_USAGE(.BOTH.,#12680);
#12680 = SURFACE_SIDE_STYLE('',(#12681));
#12681 = SURFACE_STYLE_FILL_AREA(#12682);
#12682 = FILL_AREA_STYLE('',(#12683));
#12683 = FILL_AREA_STYLE_COLOUR('',#11255);
#12684 = STYLED_ITEM('color',(#12685),#9313);
#12685 = PRESENTATION_STYLE_ASSIGNMENT((#12686));
#12686 = SURFACE_STYLE_USAGE(.BOTH.,#12687);
#12687 = SURFACE_SIDE_STYLE('',(#12688));
#12688 = SURFACE_STYLE_FILL_AREA(#12689);
#12689 = FILL_AREA_STYLE('',(#12690));
#12690 = FILL_AREA_STYLE_COLOUR('',#11255);
#12691 = STYLED_ITEM('color',(#12692),#9330);
#12692 = PRESENTATION_STYLE_ASSIGNMENT((#12693));
#12693 = SURFACE_STYLE_USAGE(.BOTH.,#12694);
#12694 = SURFACE_SIDE_STYLE('',(#12695));
#12695 = SURFACE_STYLE_FILL_AREA(#12696);
#12696 = FILL_AREA_STYLE('',(#12697));
#12697 = FILL_AREA_STYLE_COLOUR('',#11255);
#12698 = STYLED_ITEM('color',(#12699),#9342);
#12699 = PRESENTATION_STYLE_ASSIGNMENT((#12700));
#12700 = SURFACE_STYLE_USAGE(.BOTH.,#12701);
#12701 = SURFACE_SIDE_STYLE('',(#12702));
#12702 = SURFACE_STYLE_FILL_AREA(#12703);
#12703 = FILL_AREA_STYLE('',(#12704));
#12704 = FILL_AREA_STYLE_COLOUR('',#11255);
#12705 = STYLED_ITEM('color',(#12706),#9359);
#12706 = PRESENTATION_STYLE_ASSIGNMENT((#12707));
#12707 = SURFACE_STYLE_USAGE(.BOTH.,#12708);
#12708 = SURFACE_SIDE_STYLE('',(#12709));
#12709 = SURFACE_STYLE_FILL_AREA(#12710);
#12710 = FILL_AREA_STYLE('',(#12711));
#12711 = FILL_AREA_STYLE_COLOUR('',#11255);
#12712 = STYLED_ITEM('color',(#12713),#9376);
#12713 = PRESENTATION_STYLE_ASSIGNMENT((#12714));
#12714 = SURFACE_STYLE_USAGE(.BOTH.,#12715);
#12715 = SURFACE_SIDE_STYLE('',(#12716));
#12716 = SURFACE_STYLE_FILL_AREA(#12717);
#12717 = FILL_AREA_STYLE('',(#12718));
#12718 = FILL_AREA_STYLE_COLOUR('',#11255);
#12719 = STYLED_ITEM('color',(#12720),#9388);
#12720 = PRESENTATION_STYLE_ASSIGNMENT((#12721));
#12721 = SURFACE_STYLE_USAGE(.BOTH.,#12722);
#12722 = SURFACE_SIDE_STYLE('',(#12723));
#12723 = SURFACE_STYLE_FILL_AREA(#12724);
#12724 = FILL_AREA_STYLE('',(#12725));
#12725 = FILL_AREA_STYLE_COLOUR('',#11255);
#12726 = STYLED_ITEM('color',(#12727),#9405);
#12727 = PRESENTATION_STYLE_ASSIGNMENT((#12728));
#12728 = SURFACE_STYLE_USAGE(.BOTH.,#12729);
#12729 = SURFACE_SIDE_STYLE('',(#12730));
#12730 = SURFACE_STYLE_FILL_AREA(#12731);
#12731 = FILL_AREA_STYLE('',(#12732));
#12732 = FILL_AREA_STYLE_COLOUR('',#11255);
#12733 = STYLED_ITEM('color',(#12734),#9422);
#12734 = PRESENTATION_STYLE_ASSIGNMENT((#12735));
#12735 = SURFACE_STYLE_USAGE(.BOTH.,#12736);
#12736 = SURFACE_SIDE_STYLE('',(#12737));
#12737 = SURFACE_STYLE_FILL_AREA(#12738);
#12738 = FILL_AREA_STYLE('',(#12739));
#12739 = FILL_AREA_STYLE_COLOUR('',#11255);
#12740 = STYLED_ITEM('color',(#12741),#9434);
#12741 = PRESENTATION_STYLE_ASSIGNMENT((#12742));
#12742 = SURFACE_STYLE_USAGE(.BOTH.,#12743);
#12743 = SURFACE_SIDE_STYLE('',(#12744));
#12744 = SURFACE_STYLE_FILL_AREA(#12745);
#12745 = FILL_AREA_STYLE('',(#12746));
#12746 = FILL_AREA_STYLE_COLOUR('',#11255);
#12747 = STYLED_ITEM('color',(#12748),#9451);
#12748 = PRESENTATION_STYLE_ASSIGNMENT((#12749));
#12749 = SURFACE_STYLE_USAGE(.BOTH.,#12750);
#12750 = SURFACE_SIDE_STYLE('',(#12751));
#12751 = SURFACE_STYLE_FILL_AREA(#12752);
#12752 = FILL_AREA_STYLE('',(#12753));
#12753 = FILL_AREA_STYLE_COLOUR('',#11255);
#12754 = STYLED_ITEM('color',(#12755),#9468);
#12755 = PRESENTATION_STYLE_ASSIGNMENT((#12756));
#12756 = SURFACE_STYLE_USAGE(.BOTH.,#12757);
#12757 = SURFACE_SIDE_STYLE('',(#12758));
#12758 = SURFACE_STYLE_FILL_AREA(#12759);
#12759 = FILL_AREA_STYLE('',(#12760));
#12760 = FILL_AREA_STYLE_COLOUR('',#11255);
#12761 = STYLED_ITEM('color',(#12762),#9480);
#12762 = PRESENTATION_STYLE_ASSIGNMENT((#12763));
#12763 = SURFACE_STYLE_USAGE(.BOTH.,#12764);
#12764 = SURFACE_SIDE_STYLE('',(#12765));
#12765 = SURFACE_STYLE_FILL_AREA(#12766);
#12766 = FILL_AREA_STYLE('',(#12767));
#12767 = FILL_AREA_STYLE_COLOUR('',#11255);
#12768 = STYLED_ITEM('color',(#12769),#9497);
#12769 = PRESENTATION_STYLE_ASSIGNMENT((#12770));
#12770 = SURFACE_STYLE_USAGE(.BOTH.,#12771);
#12771 = SURFACE_SIDE_STYLE('',(#12772));
#12772 = SURFACE_STYLE_FILL_AREA(#12773);
#12773 = FILL_AREA_STYLE('',(#12774));
#12774 = FILL_AREA_STYLE_COLOUR('',#11255);
#12775 = STYLED_ITEM('color',(#12776),#9514);
#12776 = PRESENTATION_STYLE_ASSIGNMENT((#12777));
#12777 = SURFACE_STYLE_USAGE(.BOTH.,#12778);
#12778 = SURFACE_SIDE_STYLE('',(#12779));
#12779 = SURFACE_STYLE_FILL_AREA(#12780);
#12780 = FILL_AREA_STYLE('',(#12781));
#12781 = FILL_AREA_STYLE_COLOUR('',#11255);
#12782 = STYLED_ITEM('color',(#12783),#9526);
#12783 = PRESENTATION_STYLE_ASSIGNMENT((#12784));
#12784 = SURFACE_STYLE_USAGE(.BOTH.,#12785);
#12785 = SURFACE_SIDE_STYLE('',(#12786));
#12786 = SURFACE_STYLE_FILL_AREA(#12787);
#12787 = FILL_AREA_STYLE('',(#12788));
#12788 = FILL_AREA_STYLE_COLOUR('',#11255);
#12789 = STYLED_ITEM('color',(#12790),#9543);
#12790 = PRESENTATION_STYLE_ASSIGNMENT((#12791));
#12791 = SURFACE_STYLE_USAGE(.BOTH.,#12792);
#12792 = SURFACE_SIDE_STYLE('',(#12793));
#12793 = SURFACE_STYLE_FILL_AREA(#12794);
#12794 = FILL_AREA_STYLE('',(#12795));
#12795 = FILL_AREA_STYLE_COLOUR('',#11255);
#12796 = STYLED_ITEM('color',(#12797),#9560);
#12797 = PRESENTATION_STYLE_ASSIGNMENT((#12798));
#12798 = SURFACE_STYLE_USAGE(.BOTH.,#12799);
#12799 = SURFACE_SIDE_STYLE('',(#12800));
#12800 = SURFACE_STYLE_FILL_AREA(#12801);
#12801 = FILL_AREA_STYLE('',(#12802));
#12802 = FILL_AREA_STYLE_COLOUR('',#11255);
#12803 = STYLED_ITEM('color',(#12804),#9572);
#12804 = PRESENTATION_STYLE_ASSIGNMENT((#12805));
#12805 = SURFACE_STYLE_USAGE(.BOTH.,#12806);
#12806 = SURFACE_SIDE_STYLE('',(#12807));
#12807 = SURFACE_STYLE_FILL_AREA(#12808);
#12808 = FILL_AREA_STYLE('',(#12809));
#12809 = FILL_AREA_STYLE_COLOUR('',#11255);
#12810 = STYLED_ITEM('color',(#12811),#9589);
#12811 = PRESENTATION_STYLE_ASSIGNMENT((#12812));
#12812 = SURFACE_STYLE_USAGE(.BOTH.,#12813);
#12813 = SURFACE_SIDE_STYLE('',(#12814));
#12814 = SURFACE_STYLE_FILL_AREA(#12815);
#12815 = FILL_AREA_STYLE('',(#12816));
#12816 = FILL_AREA_STYLE_COLOUR('',#11255);
#12817 = STYLED_ITEM('color',(#12818),#9606);
#12818 = PRESENTATION_STYLE_ASSIGNMENT((#12819));
#12819 = SURFACE_STYLE_USAGE(.BOTH.,#12820);
#12820 = SURFACE_SIDE_STYLE('',(#12821));
#12821 = SURFACE_STYLE_FILL_AREA(#12822);
#12822 = FILL_AREA_STYLE('',(#12823));
#12823 = FILL_AREA_STYLE_COLOUR('',#11255);
#12824 = STYLED_ITEM('color',(#12825),#9618);
#12825 = PRESENTATION_STYLE_ASSIGNMENT((#12826));
#12826 = SURFACE_STYLE_USAGE(.BOTH.,#12827);
#12827 = SURFACE_SIDE_STYLE('',(#12828));
#12828 = SURFACE_STYLE_FILL_AREA(#12829);
#12829 = FILL_AREA_STYLE('',(#12830));
#12830 = FILL_AREA_STYLE_COLOUR('',#11255);
#12831 = STYLED_ITEM('color',(#12832),#9635);
#12832 = PRESENTATION_STYLE_ASSIGNMENT((#12833));
#12833 = SURFACE_STYLE_USAGE(.BOTH.,#12834);
#12834 = SURFACE_SIDE_STYLE('',(#12835));
#12835 = SURFACE_STYLE_FILL_AREA(#12836);
#12836 = FILL_AREA_STYLE('',(#12837));
#12837 = FILL_AREA_STYLE_COLOUR('',#11255);
#12838 = STYLED_ITEM('color',(#12839),#9652);
#12839 = PRESENTATION_STYLE_ASSIGNMENT((#12840));
#12840 = SURFACE_STYLE_USAGE(.BOTH.,#12841);
#12841 = SURFACE_SIDE_STYLE('',(#12842));
#12842 = SURFACE_STYLE_FILL_AREA(#12843);
#12843 = FILL_AREA_STYLE('',(#12844));
#12844 = FILL_AREA_STYLE_COLOUR('',#11255);
#12845 = STYLED_ITEM('color',(#12846),#9664);
#12846 = PRESENTATION_STYLE_ASSIGNMENT((#12847));
#12847 = SURFACE_STYLE_USAGE(.BOTH.,#12848);
#12848 = SURFACE_SIDE_STYLE('',(#12849));
#12849 = SURFACE_STYLE_FILL_AREA(#12850);
#12850 = FILL_AREA_STYLE('',(#12851));
#12851 = FILL_AREA_STYLE_COLOUR('',#11255);
#12852 = STYLED_ITEM('color',(#12853),#9681);
#12853 = PRESENTATION_STYLE_ASSIGNMENT((#12854));
#12854 = SURFACE_STYLE_USAGE(.BOTH.,#12855);
#12855 = SURFACE_SIDE_STYLE('',(#12856));
#12856 = SURFACE_STYLE_FILL_AREA(#12857);
#12857 = FILL_AREA_STYLE('',(#12858));
#12858 = FILL_AREA_STYLE_COLOUR('',#11255);
#12859 = STYLED_ITEM('color',(#12860),#9698);
#12860 = PRESENTATION_STYLE_ASSIGNMENT((#12861));
#12861 = SURFACE_STYLE_USAGE(.BOTH.,#12862);
#12862 = SURFACE_SIDE_STYLE('',(#12863));
#12863 = SURFACE_STYLE_FILL_AREA(#12864);
#12864 = FILL_AREA_STYLE('',(#12865));
#12865 = FILL_AREA_STYLE_COLOUR('',#11255);
#12866 = STYLED_ITEM('color',(#12867),#9710);
#12867 = PRESENTATION_STYLE_ASSIGNMENT((#12868));
#12868 = SURFACE_STYLE_USAGE(.BOTH.,#12869);
#12869 = SURFACE_SIDE_STYLE('',(#12870));
#12870 = SURFACE_STYLE_FILL_AREA(#12871);
#12871 = FILL_AREA_STYLE('',(#12872));
#12872 = FILL_AREA_STYLE_COLOUR('',#11255);
#12873 = STYLED_ITEM('color',(#12874),#9727);
#12874 = PRESENTATION_STYLE_ASSIGNMENT((#12875));
#12875 = SURFACE_STYLE_USAGE(.BOTH.,#12876);
#12876 = SURFACE_SIDE_STYLE('',(#12877));
#12877 = SURFACE_STYLE_FILL_AREA(#12878);
#12878 = FILL_AREA_STYLE('',(#12879));
#12879 = FILL_AREA_STYLE_COLOUR('',#11255);
#12880 = STYLED_ITEM('color',(#12881),#9744);
#12881 = PRESENTATION_STYLE_ASSIGNMENT((#12882));
#12882 = SURFACE_STYLE_USAGE(.BOTH.,#12883);
#12883 = SURFACE_SIDE_STYLE('',(#12884));
#12884 = SURFACE_STYLE_FILL_AREA(#12885);
#12885 = FILL_AREA_STYLE('',(#12886));
#12886 = FILL_AREA_STYLE_COLOUR('',#11255);
#12887 = STYLED_ITEM('color',(#12888),#9756);
#12888 = PRESENTATION_STYLE_ASSIGNMENT((#12889));
#12889 = SURFACE_STYLE_USAGE(.BOTH.,#12890);
#12890 = SURFACE_SIDE_STYLE('',(#12891));
#12891 = SURFACE_STYLE_FILL_AREA(#12892);
#12892 = FILL_AREA_STYLE('',(#12893));
#12893 = FILL_AREA_STYLE_COLOUR('',#11255);
#12894 = STYLED_ITEM('color',(#12895),#9773);
#12895 = PRESENTATION_STYLE_ASSIGNMENT((#12896));
#12896 = SURFACE_STYLE_USAGE(.BOTH.,#12897);
#12897 = SURFACE_SIDE_STYLE('',(#12898));
#12898 = SURFACE_STYLE_FILL_AREA(#12899);
#12899 = FILL_AREA_STYLE('',(#12900));
#12900 = FILL_AREA_STYLE_COLOUR('',#11255);
#12901 = STYLED_ITEM('color',(#12902),#9790);
#12902 = PRESENTATION_STYLE_ASSIGNMENT((#12903));
#12903 = SURFACE_STYLE_USAGE(.BOTH.,#12904);
#12904 = SURFACE_SIDE_STYLE('',(#12905));
#12905 = SURFACE_STYLE_FILL_AREA(#12906);
#12906 = FILL_AREA_STYLE('',(#12907));
#12907 = FILL_AREA_STYLE_COLOUR('',#11255);
#12908 = STYLED_ITEM('color',(#12909),#9802);
#12909 = PRESENTATION_STYLE_ASSIGNMENT((#12910));
#12910 = SURFACE_STYLE_USAGE(.BOTH.,#12911);
#12911 = SURFACE_SIDE_STYLE('',(#12912));
#12912 = SURFACE_STYLE_FILL_AREA(#12913);
#12913 = FILL_AREA_STYLE('',(#12914));
#12914 = FILL_AREA_STYLE_COLOUR('',#11255);
#12915 = STYLED_ITEM('color',(#12916),#9819);
#12916 = PRESENTATION_STYLE_ASSIGNMENT((#12917));
#12917 = SURFACE_STYLE_USAGE(.BOTH.,#12918);
#12918 = SURFACE_SIDE_STYLE('',(#12919));
#12919 = SURFACE_STYLE_FILL_AREA(#12920);
#12920 = FILL_AREA_STYLE('',(#12921));
#12921 = FILL_AREA_STYLE_COLOUR('',#11255);
#12922 = STYLED_ITEM('color',(#12923),#9836);
#12923 = PRESENTATION_STYLE_ASSIGNMENT((#12924));
#12924 = SURFACE_STYLE_USAGE(.BOTH.,#12925);
#12925 = SURFACE_SIDE_STYLE('',(#12926));
#12926 = SURFACE_STYLE_FILL_AREA(#12927);
#12927 = FILL_AREA_STYLE('',(#12928));
#12928 = FILL_AREA_STYLE_COLOUR('',#11255);
#12929 = STYLED_ITEM('color',(#12930),#9848);
#12930 = PRESENTATION_STYLE_ASSIGNMENT((#12931));
#12931 = SURFACE_STYLE_USAGE(.BOTH.,#12932);
#12932 = SURFACE_SIDE_STYLE('',(#12933));
#12933 = SURFACE_STYLE_FILL_AREA(#12934);
#12934 = FILL_AREA_STYLE('',(#12935));
#12935 = FILL_AREA_STYLE_COLOUR('',#11255);
#12936 = STYLED_ITEM('color',(#12937),#9860);
#12937 = PRESENTATION_STYLE_ASSIGNMENT((#12938));
#12938 = SURFACE_STYLE_USAGE(.BOTH.,#12939);
#12939 = SURFACE_SIDE_STYLE('',(#12940));
#12940 = SURFACE_STYLE_FILL_AREA(#12941);
#12941 = FILL_AREA_STYLE('',(#12942));
#12942 = FILL_AREA_STYLE_COLOUR('',#11255);
#12943 = STYLED_ITEM('color',(#12944),#9872);
#12944 = PRESENTATION_STYLE_ASSIGNMENT((#12945));
#12945 = SURFACE_STYLE_USAGE(.BOTH.,#12946);
#12946 = SURFACE_SIDE_STYLE('',(#12947));
#12947 = SURFACE_STYLE_FILL_AREA(#12948);
#12948 = FILL_AREA_STYLE('',(#12949));
#12949 = FILL_AREA_STYLE_COLOUR('',#11255);
#12950 = STYLED_ITEM('color',(#12951),#9884);
#12951 = PRESENTATION_STYLE_ASSIGNMENT((#12952));
#12952 = SURFACE_STYLE_USAGE(.BOTH.,#12953);
#12953 = SURFACE_SIDE_STYLE('',(#12954));
#12954 = SURFACE_STYLE_FILL_AREA(#12955);
#12955 = FILL_AREA_STYLE('',(#12956));
#12956 = FILL_AREA_STYLE_COLOUR('',#11255);
#12957 = STYLED_ITEM('color',(#12958),#9896);
#12958 = PRESENTATION_STYLE_ASSIGNMENT((#12959));
#12959 = SURFACE_STYLE_USAGE(.BOTH.,#12960);
#12960 = SURFACE_SIDE_STYLE('',(#12961));
#12961 = SURFACE_STYLE_FILL_AREA(#12962);
#12962 = FILL_AREA_STYLE('',(#12963));
#12963 = FILL_AREA_STYLE_COLOUR('',#11255);
#12964 = STYLED_ITEM('color',(#12965),#9908);
#12965 = PRESENTATION_STYLE_ASSIGNMENT((#12966));
#12966 = SURFACE_STYLE_USAGE(.BOTH.,#12967);
#12967 = SURFACE_SIDE_STYLE('',(#12968));
#12968 = SURFACE_STYLE_FILL_AREA(#12969);
#12969 = FILL_AREA_STYLE('',(#12970));
#12970 = FILL_AREA_STYLE_COLOUR('',#11255);
#12971 = STYLED_ITEM('color',(#12972),#9920);
#12972 = PRESENTATION_STYLE_ASSIGNMENT((#12973));
#12973 = SURFACE_STYLE_USAGE(.BOTH.,#12974);
#12974 = SURFACE_SIDE_STYLE('',(#12975));
#12975 = SURFACE_STYLE_FILL_AREA(#12976);
#12976 = FILL_AREA_STYLE('',(#12977));
#12977 = FILL_AREA_STYLE_COLOUR('',#11255);
#12978 = STYLED_ITEM('color',(#12979),#9932);
#12979 = PRESENTATION_STYLE_ASSIGNMENT((#12980));
#12980 = SURFACE_STYLE_USAGE(.BOTH.,#12981);
#12981 = SURFACE_SIDE_STYLE('',(#12982));
#12982 = SURFACE_STYLE_FILL_AREA(#12983);
#12983 = FILL_AREA_STYLE('',(#12984));
#12984 = FILL_AREA_STYLE_COLOUR('',#11255);
#12985 = STYLED_ITEM('color',(#12986),#9944);
#12986 = PRESENTATION_STYLE_ASSIGNMENT((#12987));
#12987 = SURFACE_STYLE_USAGE(.BOTH.,#12988);
#12988 = SURFACE_SIDE_STYLE('',(#12989));
#12989 = SURFACE_STYLE_FILL_AREA(#12990);
#12990 = FILL_AREA_STYLE('',(#12991));
#12991 = FILL_AREA_STYLE_COLOUR('',#11255);
#12992 = STYLED_ITEM('color',(#12993),#9956);
#12993 = PRESENTATION_STYLE_ASSIGNMENT((#12994));
#12994 = SURFACE_STYLE_USAGE(.BOTH.,#12995);
#12995 = SURFACE_SIDE_STYLE('',(#12996));
#12996 = SURFACE_STYLE_FILL_AREA(#12997);
#12997 = FILL_AREA_STYLE('',(#12998));
#12998 = FILL_AREA_STYLE_COLOUR('',#11255);
#12999 = STYLED_ITEM('color',(#13000),#9968);
#13000 = PRESENTATION_STYLE_ASSIGNMENT((#13001));
#13001 = SURFACE_STYLE_USAGE(.BOTH.,#13002);
#13002 = SURFACE_SIDE_STYLE('',(#13003));
#13003 = SURFACE_STYLE_FILL_AREA(#13004);
#13004 = FILL_AREA_STYLE('',(#13005));
#13005 = FILL_AREA_STYLE_COLOUR('',#11255);
#13006 = STYLED_ITEM('color',(#13007),#9980);
#13007 = PRESENTATION_STYLE_ASSIGNMENT((#13008));
#13008 = SURFACE_STYLE_USAGE(.BOTH.,#13009);
#13009 = SURFACE_SIDE_STYLE('',(#13010));
#13010 = SURFACE_STYLE_FILL_AREA(#13011);
#13011 = FILL_AREA_STYLE('',(#13012));
#13012 = FILL_AREA_STYLE_COLOUR('',#11255);
#13013 = MECHANICAL_DESIGN_GEOMETRIC_PRESENTATION_REPRESENTATION('',(
    #13014,#13021,#13028,#13035,#13042,#13049,#13056,#13063,#13070,
    #13077,#13084,#13092,#13099,#13106,#13113,#13120,#13127,#13134,
    #13141,#13148,#13155,#13162,#13169,#13176,#13183,#13190,#13197,
    #13204),#922);
#13014 = STYLED_ITEM('color',(#13015),#70);
#13015 = PRESENTATION_STYLE_ASSIGNMENT((#13016));
#13016 = SURFACE_STYLE_USAGE(.BOTH.,#13017);
#13017 = SURFACE_SIDE_STYLE('',(#13018));
#13018 = SURFACE_STYLE_FILL_AREA(#13019);
#13019 = FILL_AREA_STYLE('',(#13020));
#13020 = FILL_AREA_STYLE_COLOUR('',#10788);
#13021 = STYLED_ITEM('color',(#13022),#146);
#13022 = PRESENTATION_STYLE_ASSIGNMENT((#13023));
#13023 = SURFACE_STYLE_USAGE(.BOTH.,#13024);
#13024 = SURFACE_SIDE_STYLE('',(#13025));
#13025 = SURFACE_STYLE_FILL_AREA(#13026);
#13026 = FILL_AREA_STYLE('',(#13027));
#13027 = FILL_AREA_STYLE_COLOUR('',#10788);
#13028 = STYLED_ITEM('color',(#13029),#177);
#13029 = PRESENTATION_STYLE_ASSIGNMENT((#13030));
#13030 = SURFACE_STYLE_USAGE(.BOTH.,#13031);
#13031 = SURFACE_SIDE_STYLE('',(#13032));
#13032 = SURFACE_STYLE_FILL_AREA(#13033);
#13033 = FILL_AREA_STYLE('',(#13034));
#13034 = FILL_AREA_STYLE_COLOUR('',#10788);
#13035 = STYLED_ITEM('color',(#13036),#202);
#13036 = PRESENTATION_STYLE_ASSIGNMENT((#13037));
#13037 = SURFACE_STYLE_USAGE(.BOTH.,#13038);
#13038 = SURFACE_SIDE_STYLE('',(#13039));
#13039 = SURFACE_STYLE_FILL_AREA(#13040);
#13040 = FILL_AREA_STYLE('',(#13041));
#13041 = FILL_AREA_STYLE_COLOUR('',#10788);
#13042 = STYLED_ITEM('color',(#13043),#227);
#13043 = PRESENTATION_STYLE_ASSIGNMENT((#13044));
#13044 = SURFACE_STYLE_USAGE(.BOTH.,#13045);
#13045 = SURFACE_SIDE_STYLE('',(#13046));
#13046 = SURFACE_STYLE_FILL_AREA(#13047);
#13047 = FILL_AREA_STYLE('',(#13048));
#13048 = FILL_AREA_STYLE_COLOUR('',#10788);
#13049 = STYLED_ITEM('color',(#13050),#251);
#13050 = PRESENTATION_STYLE_ASSIGNMENT((#13051));
#13051 = SURFACE_STYLE_USAGE(.BOTH.,#13052);
#13052 = SURFACE_SIDE_STYLE('',(#13053));
#13053 = SURFACE_STYLE_FILL_AREA(#13054);
#13054 = FILL_AREA_STYLE('',(#13055));
#13055 = FILL_AREA_STYLE_COLOUR('',#10788);
#13056 = STYLED_ITEM('color',(#13057),#275);
#13057 = PRESENTATION_STYLE_ASSIGNMENT((#13058));
#13058 = SURFACE_STYLE_USAGE(.BOTH.,#13059);
#13059 = SURFACE_SIDE_STYLE('',(#13060));
#13060 = SURFACE_STYLE_FILL_AREA(#13061);
#13061 = FILL_AREA_STYLE('',(#13062));
#13062 = FILL_AREA_STYLE_COLOUR('',#10788);
#13063 = STYLED_ITEM('color',(#13064),#300);
#13064 = PRESENTATION_STYLE_ASSIGNMENT((#13065));
#13065 = SURFACE_STYLE_USAGE(.BOTH.,#13066);
#13066 = SURFACE_SIDE_STYLE('',(#13067));
#13067 = SURFACE_STYLE_FILL_AREA(#13068);
#13068 = FILL_AREA_STYLE('',(#13069));
#13069 = FILL_AREA_STYLE_COLOUR('',#10788);
#13070 = STYLED_ITEM('color',(#13071),#325);
#13071 = PRESENTATION_STYLE_ASSIGNMENT((#13072));
#13072 = SURFACE_STYLE_USAGE(.BOTH.,#13073);
#13073 = SURFACE_SIDE_STYLE('',(#13074));
#13074 = SURFACE_STYLE_FILL_AREA(#13075);
#13075 = FILL_AREA_STYLE('',(#13076));
#13076 = FILL_AREA_STYLE_COLOUR('',#10788);
#13077 = STYLED_ITEM('color',(#13078),#342);
#13078 = PRESENTATION_STYLE_ASSIGNMENT((#13079));
#13079 = SURFACE_STYLE_USAGE(.BOTH.,#13080);
#13080 = SURFACE_SIDE_STYLE('',(#13081));
#13081 = SURFACE_STYLE_FILL_AREA(#13082);
#13082 = FILL_AREA_STYLE('',(#13083));
#13083 = FILL_AREA_STYLE_COLOUR('',#10788);
#13084 = STYLED_ITEM('color',(#13085),#428);
#13085 = PRESENTATION_STYLE_ASSIGNMENT((#13086));
#13086 = SURFACE_STYLE_USAGE(.BOTH.,#13087);
#13087 = SURFACE_SIDE_STYLE('',(#13088));
#13088 = SURFACE_STYLE_FILL_AREA(#13089);
#13089 = FILL_AREA_STYLE('',(#13090));
#13090 = FILL_AREA_STYLE_COLOUR('',#13091);
#13091 = COLOUR_RGB('',0.379000005575,0.270000008848,0.214999999939);
#13092 = STYLED_ITEM('color',(#13093),#460);
#13093 = PRESENTATION_STYLE_ASSIGNMENT((#13094));
#13094 = SURFACE_STYLE_USAGE(.BOTH.,#13095);
#13095 = SURFACE_SIDE_STYLE('',(#13096));
#13096 = SURFACE_STYLE_FILL_AREA(#13097);
#13097 = FILL_AREA_STYLE('',(#13098));
#13098 = FILL_AREA_STYLE_COLOUR('',#13091);
#13099 = STYLED_ITEM('color',(#13100),#484);
#13100 = PRESENTATION_STYLE_ASSIGNMENT((#13101));
#13101 = SURFACE_STYLE_USAGE(.BOTH.,#13102);
#13102 = SURFACE_SIDE_STYLE('',(#13103));
#13103 = SURFACE_STYLE_FILL_AREA(#13104);
#13104 = FILL_AREA_STYLE('',(#13105));
#13105 = FILL_AREA_STYLE_COLOUR('',#13091);
#13106 = STYLED_ITEM('color',(#13107),#509);
#13107 = PRESENTATION_STYLE_ASSIGNMENT((#13108));
#13108 = SURFACE_STYLE_USAGE(.BOTH.,#13109);
#13109 = SURFACE_SIDE_STYLE('',(#13110));
#13110 = SURFACE_STYLE_FILL_AREA(#13111);
#13111 = FILL_AREA_STYLE('',(#13112));
#13112 = FILL_AREA_STYLE_COLOUR('',#13091);
#13113 = STYLED_ITEM('color',(#13114),#533);
#13114 = PRESENTATION_STYLE_ASSIGNMENT((#13115));
#13115 = SURFACE_STYLE_USAGE(.BOTH.,#13116);
#13116 = SURFACE_SIDE_STYLE('',(#13117));
#13117 = SURFACE_STYLE_FILL_AREA(#13118);
#13118 = FILL_AREA_STYLE('',(#13119));
#13119 = FILL_AREA_STYLE_COLOUR('',#13091);
#13120 = STYLED_ITEM('color',(#13121),#558);
#13121 = PRESENTATION_STYLE_ASSIGNMENT((#13122));
#13122 = SURFACE_STYLE_USAGE(.BOTH.,#13123);
#13123 = SURFACE_SIDE_STYLE('',(#13124));
#13124 = SURFACE_STYLE_FILL_AREA(#13125);
#13125 = FILL_AREA_STYLE('',(#13126));
#13126 = FILL_AREA_STYLE_COLOUR('',#13091);
#13127 = STYLED_ITEM('color',(#13128),#582);
#13128 = PRESENTATION_STYLE_ASSIGNMENT((#13129));
#13129 = SURFACE_STYLE_USAGE(.BOTH.,#13130);
#13130 = SURFACE_SIDE_STYLE('',(#13131));
#13131 = SURFACE_STYLE_FILL_AREA(#13132);
#13132 = FILL_AREA_STYLE('',(#13133));
#13133 = FILL_AREA_STYLE_COLOUR('',#13091);
#13134 = STYLED_ITEM('color',(#13135),#607);
#13135 = PRESENTATION_STYLE_ASSIGNMENT((#13136));
#13136 = SURFACE_STYLE_USAGE(.BOTH.,#13137);
#13137 = SURFACE_SIDE_STYLE('',(#13138));
#13138 = SURFACE_STYLE_FILL_AREA(#13139);
#13139 = FILL_AREA_STYLE('',(#13140));
#13140 = FILL_AREA_STYLE_COLOUR('',#13091);
#13141 = STYLED_ITEM('color',(#13142),#624);
#13142 = PRESENTATION_STYLE_ASSIGNMENT((#13143));
#13143 = SURFACE_STYLE_USAGE(.BOTH.,#13144);
#13144 = SURFACE_SIDE_STYLE('',(#13145));
#13145 = SURFACE_STYLE_FILL_AREA(#13146);
#13146 = FILL_AREA_STYLE('',(#13147));
#13147 = FILL_AREA_STYLE_COLOUR('',#10788);
#13148 = STYLED_ITEM('color',(#13149),#710);
#13149 = PRESENTATION_STYLE_ASSIGNMENT((#13150));
#13150 = SURFACE_STYLE_USAGE(.BOTH.,#13151);
#13151 = SURFACE_SIDE_STYLE('',(#13152));
#13152 = SURFACE_STYLE_FILL_AREA(#13153);
#13153 = FILL_AREA_STYLE('',(#13154));
#13154 = FILL_AREA_STYLE_COLOUR('',#10788);
#13155 = STYLED_ITEM('color',(#13156),#741);
#13156 = PRESENTATION_STYLE_ASSIGNMENT((#13157));
#13157 = SURFACE_STYLE_USAGE(.BOTH.,#13158);
#13158 = SURFACE_SIDE_STYLE('',(#13159));
#13159 = SURFACE_STYLE_FILL_AREA(#13160);
#13160 = FILL_AREA_STYLE('',(#13161));
#13161 = FILL_AREA_STYLE_COLOUR('',#10788);
#13162 = STYLED_ITEM('color',(#13163),#766);
#13163 = PRESENTATION_STYLE_ASSIGNMENT((#13164));
#13164 = SURFACE_STYLE_USAGE(.BOTH.,#13165);
#13165 = SURFACE_SIDE_STYLE('',(#13166));
#13166 = SURFACE_STYLE_FILL_AREA(#13167);
#13167 = FILL_AREA_STYLE('',(#13168));
#13168 = FILL_AREA_STYLE_COLOUR('',#10788);
#13169 = STYLED_ITEM('color',(#13170),#791);
#13170 = PRESENTATION_STYLE_ASSIGNMENT((#13171));
#13171 = SURFACE_STYLE_USAGE(.BOTH.,#13172);
#13172 = SURFACE_SIDE_STYLE('',(#13173));
#13173 = SURFACE_STYLE_FILL_AREA(#13174);
#13174 = FILL_AREA_STYLE('',(#13175));
#13175 = FILL_AREA_STYLE_COLOUR('',#10788);
#13176 = STYLED_ITEM('color',(#13177),#815);
#13177 = PRESENTATION_STYLE_ASSIGNMENT((#13178));
#13178 = SURFACE_STYLE_USAGE(.BOTH.,#13179);
#13179 = SURFACE_SIDE_STYLE('',(#13180));
#13180 = SURFACE_STYLE_FILL_AREA(#13181);
#13181 = FILL_AREA_STYLE('',(#13182));
#13182 = FILL_AREA_STYLE_COLOUR('',#10788);
#13183 = STYLED_ITEM('color',(#13184),#839);
#13184 = PRESENTATION_STYLE_ASSIGNMENT((#13185));
#13185 = SURFACE_STYLE_USAGE(.BOTH.,#13186);
#13186 = SURFACE_SIDE_STYLE('',(#13187));
#13187 = SURFACE_STYLE_FILL_AREA(#13188);
#13188 = FILL_AREA_STYLE('',(#13189));
#13189 = FILL_AREA_STYLE_COLOUR('',#10788);
#13190 = STYLED_ITEM('color',(#13191),#864);
#13191 = PRESENTATION_STYLE_ASSIGNMENT((#13192));
#13192 = SURFACE_STYLE_USAGE(.BOTH.,#13193);
#13193 = SURFACE_SIDE_STYLE('',(#13194));
#13194 = SURFACE_STYLE_FILL_AREA(#13195);
#13195 = FILL_AREA_STYLE('',(#13196));
#13196 = FILL_AREA_STYLE_COLOUR('',#10788);
#13197 = STYLED_ITEM('color',(#13198),#889);
#13198 = PRESENTATION_STYLE_ASSIGNMENT((#13199));
#13199 = SURFACE_STYLE_USAGE(.BOTH.,#13200);
#13200 = SURFACE_SIDE_STYLE('',(#13201));
#13201 = SURFACE_STYLE_FILL_AREA(#13202);
#13202 = FILL_AREA_STYLE('',(#13203));
#13203 = FILL_AREA_STYLE_COLOUR('',#10788);
#13204 = STYLED_ITEM('color',(#13205),#906);
#13205 = PRESENTATION_STYLE_ASSIGNMENT((#13206));
#13206 = SURFACE_STYLE_USAGE(.BOTH.,#13207);
#13207 = SURFACE_SIDE_STYLE('',(#13208));
#13208 = SURFACE_STYLE_FILL_AREA(#13209);
#13209 = FILL_AREA_STYLE('',(#13210));
#13210 = FILL_AREA_STYLE_COLOUR('',#10788);
#13211 = MECHANICAL_DESIGN_GEOMETRIC_PRESENTATION_REPRESENTATION('',(
    #13212),#10769);
#13212 = STYLED_ITEM('color',(#13213),#10011);
#13213 = PRESENTATION_STYLE_ASSIGNMENT((#13214));
#13214 = SURFACE_STYLE_USAGE(.BOTH.,#13215);
#13215 = SURFACE_SIDE_STYLE('',(#13216));
#13216 = SURFACE_STYLE_FILL_AREA(#13217);
#13217 = FILL_AREA_STYLE('',(#13218));
#13218 = FILL_AREA_STYLE_COLOUR('',#13219);
#13219 = COLOUR_RGB('',0.313304153717,0.484529207832,0.410020903123);
ENDSEC;
END-ISO-10303-21;
