ISO-10303-21;
HEADER;
FILE_DESCRIPTION(('KiCad electronic assembly'),'2;1');
FILE_NAME('PMOD2VGA.step','2026-09-12T00:22:50',('Pcbnew'),('Kicad'),
  'Open CASCADE STEP processor 7.6','KiCad to STEP converter','Unknown'
  );
FILE_SCHEMA(('AUTOMOTIVE_DESIGN { 1 0 10303 214 1 1 1 1 }'));
ENDSEC;
DATA;
#1 = APPLICATION_PROTOCOL_DEFINITION('international standard',
  'automotive_design',2000,#2);
#2 = APPLICATION_CONTEXT(
  'core data for automotive mechanical design processes');
#3 = SHAPE_DEFINITION_REPRESENTATION(#4,#10);
#4 = PRODUCT_DEFINITION_SHAPE('','',#5);
#5 = PRODUCT_DEFINITION('design','',#6,#9);
#6 = PRODUCT_DEFINITION_FORMATION('','',#7);
#7 = PRODUCT('PMOD2VGA 1','PMOD2VGA 1','',(#8));
#8 = PRODUCT_CONTEXT('',#2,'mechanical');
#9 = PRODUCT_DEFINITION_CONTEXT('part definition',#2,'design');
#10 = SHAPE_REPRESENTATION('',(#11,#15,#19,#23,#27,#31,#35,#39,#43),#47
  );
#11 = AXIS2_PLACEMENT_3D('',#12,#13,#14);
#12 = CARTESIAN_POINT('',(0.,0.,0.));
#13 = DIRECTION('',(0.,0.,1.));
#14 = DIRECTION('',(1.,0.,-0.));
#15 = AXIS2_PLACEMENT_3D('',#16,#17,#18);
#16 = CARTESIAN_POINT('',(159.5,-79.33,1.595));
#17 = DIRECTION('',(0.,0.,1.));
#18 = DIRECTION('',(1.,0.,0.));
#19 = AXIS2_PLACEMENT_3D('',#20,#21,#22);
#20 = CARTESIAN_POINT('',(159.5,-74.83,1.595));
#21 = DIRECTION('',(0.,0.,1.));
#22 = DIRECTION('',(1.,0.,0.));
#23 = AXIS2_PLACEMENT_3D('',#24,#25,#26);
#24 = CARTESIAN_POINT('',(159.5,-72.58,1.595));
#25 = DIRECTION('',(0.,0.,1.));
#26 = DIRECTION('',(1.,0.,0.));
#27 = AXIS2_PLACEMENT_3D('',#28,#29,#30);
#28 = CARTESIAN_POINT('',(159.5,-77.08,1.595));
#29 = DIRECTION('',(0.,0.,1.));
#30 = DIRECTION('',(1.,0.,0.));
#31 = AXIS2_PLACEMENT_3D('',#32,#33,#34);
#32 = CARTESIAN_POINT('',(159.5,-70.25,1.595));
#33 = DIRECTION('',(0.,0.,1.));
#34 = DIRECTION('',(1.,0.,0.));
#35 = AXIS2_PLACEMENT_3D('',#36,#37,#38);
#36 = CARTESIAN_POINT('',(153.79,-82.91,1.595));
#37 = DIRECTION('',(0.,0.,1.));
#38 = DIRECTION('',(-1.,1.224646799147E-16,0.));
#39 = AXIS2_PLACEMENT_3D('',#40,#41,#42);
#40 = CARTESIAN_POINT('',(159.5,-81.58,1.595));
#41 = DIRECTION('',(0.,0.,1.));
#42 = DIRECTION('',(1.,0.,0.));
#43 = AXIS2_PLACEMENT_3D('',#44,#45,#46);
#44 = CARTESIAN_POINT('',(0.,0.,0.));
#45 = DIRECTION('',(0.,0.,1.));
#46 = DIRECTION('',(1.,0.,-0.));
#47 = ( GEOMETRIC_REPRESENTATION_CONTEXT(3) 
GLOBAL_UNCERTAINTY_ASSIGNED_CONTEXT((#51)) GLOBAL_UNIT_ASSIGNED_CONTEXT(
(#48,#49,#50)) REPRESENTATION_CONTEXT('Context #1',
  '3D Context with UNIT and UNCERTAINTY') );
#48 = ( LENGTH_UNIT() NAMED_UNIT(*) SI_UNIT(.MILLI.,.METRE.) );
#49 = ( NAMED_UNIT(*) PLANE_ANGLE_UNIT() SI_UNIT($,.RADIAN.) );
#50 = ( NAMED_UNIT(*) SI_UNIT($,.STERADIAN.) SOLID_ANGLE_UNIT() );
#51 = UNCERTAINTY_MEASURE_WITH_UNIT(LENGTH_MEASURE(1.E-07),#48,
  'distance_accuracy_value','confusion accuracy');
#52 = PRODUCT_RELATED_PRODUCT_CATEGORY('part',$,(#7));
#53 = SHAPE_DEFINITION_REPRESENTATION(#54,#60);
#54 = PRODUCT_DEFINITION_SHAPE('','',#55);
#55 = PRODUCT_DEFINITION('design','',#56,#59);
#56 = PRODUCT_DEFINITION_FORMATION('','',#57);
#57 = PRODUCT('R_1206_3216Metric','R_1206_3216Metric','',(#58));
#58 = PRODUCT_CONTEXT('',#2,'mechanical');
#59 = PRODUCT_DEFINITION_CONTEXT('part definition',#2,'design');
#60 = SHAPE_REPRESENTATION('',(#11,#61),#65);
#61 = AXIS2_PLACEMENT_3D('',#62,#63,#64);
#62 = CARTESIAN_POINT('',(0.,0.,0.));
#63 = DIRECTION('',(0.,0.,1.));
#64 = DIRECTION('',(1.,0.,-0.));
#65 = ( GEOMETRIC_REPRESENTATION_CONTEXT(3) 
GLOBAL_UNCERTAINTY_ASSIGNED_CONTEXT((#69)) GLOBAL_UNIT_ASSIGNED_CONTEXT(
(#66,#67,#68)) REPRESENTATION_CONTEXT('Context #1',
  '3D Context with UNIT and UNCERTAINTY') );
#66 = ( LENGTH_UNIT() NAMED_UNIT(*) SI_UNIT(.MILLI.,.METRE.) );
#67 = ( NAMED_UNIT(*) PLANE_ANGLE_UNIT() SI_UNIT($,.RADIAN.) );
#68 = ( NAMED_UNIT(*) SI_UNIT($,.STERADIAN.) SOLID_ANGLE_UNIT() );
#69 = UNCERTAINTY_MEASURE_WITH_UNIT(LENGTH_MEASURE(1.E-07),#66,
  'distance_accuracy_value','confusion accuracy');
#70 = CONTEXT_DEPENDENT_SHAPE_REPRESENTATION(#71,#73);
#71 = ( REPRESENTATION_RELATIONSHIP('','',#60,#10) 
REPRESENTATION_RELATIONSHIP_WITH_TRANSFORMATION(#72) 
SHAPE_REPRESENTATION_RELATIONSHIP() );
#72 = ITEM_DEFINED_TRANSFORMATION('','',#11,#15);
#73 = PRODUCT_DEFINITION_SHAPE('Placement','Placement of an item',#74);
#74 = NEXT_ASSEMBLY_USAGE_OCCURRENCE('2','R5','',#5,#55,$);
#75 = PRODUCT_RELATED_PRODUCT_CATEGORY('part',$,(#57));
#76 = SHAPE_DEFINITION_REPRESENTATION(#77,#83);
#77 = PRODUCT_DEFINITION_SHAPE('','',#78);
#78 = PRODUCT_DEFINITION('design','',#79,#82);
#79 = PRODUCT_DEFINITION_FORMATION('','',#80);
#80 = PRODUCT('R_1206_3216Metric','R_1206_3216Metric','',(#81));
#81 = PRODUCT_CONTEXT('',#2,'mechanical');
#82 = PRODUCT_DEFINITION_CONTEXT('part definition',#2,'design');
#83 = ADVANCED_BREP_SHAPE_REPRESENTATION('',(#11,#84),#874);
#84 = MANIFOLD_SOLID_BREP('',#85);
#85 = CLOSED_SHELL('',(#86,#126,#209,#234,#259,#326,#343,#360,#409,#426,
    #443,#492,#509,#578,#609,#633,#702,#726,#743,#760,#777,#794,#811,
    #828,#845,#862));
#86 = ADVANCED_FACE('',(#87),#121,.F.);
#87 = FACE_BOUND('',#88,.F.);
#88 = EDGE_LOOP('',(#89,#99,#107,#115));
#89 = ORIENTED_EDGE('',*,*,#90,.F.);
#90 = EDGE_CURVE('',#91,#93,#95,.T.);
#91 = VERTEX_POINT('',#92);
#92 = CARTESIAN_POINT('',(-1.6,-0.8,5.5E-02));
#93 = VERTEX_POINT('',#94);
#94 = CARTESIAN_POINT('',(-1.6,-0.8,0.495));
#95 = LINE('',#96,#97);
#96 = CARTESIAN_POINT('',(-1.6,-0.8,0.));
#97 = VECTOR('',#98,1.);
#98 = DIRECTION('',(0.,0.,1.));
#99 = ORIENTED_EDGE('',*,*,#100,.T.);
#100 = EDGE_CURVE('',#91,#101,#103,.T.);
#101 = VERTEX_POINT('',#102);
#102 = CARTESIAN_POINT('',(-1.6,0.8,5.5E-02));
#103 = LINE('',#104,#105);
#104 = CARTESIAN_POINT('',(-1.6,-0.8,5.5E-02));
#105 = VECTOR('',#106,1.);
#106 = DIRECTION('',(0.,1.,0.));
#107 = ORIENTED_EDGE('',*,*,#108,.T.);
#108 = EDGE_CURVE('',#101,#109,#111,.T.);
#109 = VERTEX_POINT('',#110);
#110 = CARTESIAN_POINT('',(-1.6,0.8,0.495));
#111 = LINE('',#112,#113);
#112 = CARTESIAN_POINT('',(-1.6,0.8,0.));
#113 = VECTOR('',#114,1.);
#114 = DIRECTION('',(0.,0.,1.));
#115 = ORIENTED_EDGE('',*,*,#116,.F.);
#116 = EDGE_CURVE('',#93,#109,#117,.T.);
#117 = LINE('',#118,#119);
#118 = CARTESIAN_POINT('',(-1.6,-0.8,0.495));
#119 = VECTOR('',#120,1.);
#120 = DIRECTION('',(0.,1.,0.));
#121 = PLANE('',#122);
#122 = AXIS2_PLACEMENT_3D('',#123,#124,#125);
#123 = CARTESIAN_POINT('',(-1.6,-0.8,0.));
#124 = DIRECTION('',(1.,0.,0.));
#125 = DIRECTION('',(0.,0.,1.));
#126 = ADVANCED_FACE('',(#127),#204,.F.);
#127 = FACE_BOUND('',#128,.F.);
#128 = EDGE_LOOP('',(#129,#139,#146,#147,#156,#164,#173,#181,#189,#197)
  );
#129 = ORIENTED_EDGE('',*,*,#130,.F.);
#130 = EDGE_CURVE('',#131,#133,#135,.T.);
#131 = VERTEX_POINT('',#132);
#132 = CARTESIAN_POINT('',(-1.545,-0.8,0.));
#133 = VERTEX_POINT('',#134);
#134 = CARTESIAN_POINT('',(-1.255,-0.8,0.));
#135 = LINE('',#136,#137);
#136 = CARTESIAN_POINT('',(-1.6,-0.8,0.));
#137 = VECTOR('',#138,1.);
#138 = DIRECTION('',(1.,0.,0.));
#139 = ORIENTED_EDGE('',*,*,#140,.F.);
#140 = EDGE_CURVE('',#91,#131,#141,.T.);
#141 = CIRCLE('',#142,5.5E-02);
#142 = AXIS2_PLACEMENT_3D('',#143,#144,#145);
#143 = CARTESIAN_POINT('',(-1.545,-0.8,5.5E-02));
#144 = DIRECTION('',(0.,-1.,0.));
#145 = DIRECTION('',(0.,0.,1.));
#146 = ORIENTED_EDGE('',*,*,#90,.T.);
#147 = ORIENTED_EDGE('',*,*,#148,.T.);
#148 = EDGE_CURVE('',#93,#149,#151,.T.);
#149 = VERTEX_POINT('',#150);
#150 = CARTESIAN_POINT('',(-1.545,-0.8,0.55));
#151 = CIRCLE('',#152,5.5E-02);
#152 = AXIS2_PLACEMENT_3D('',#153,#154,#155);
#153 = CARTESIAN_POINT('',(-1.545,-0.8,0.495));
#154 = DIRECTION('',(0.,1.,0.));
#155 = DIRECTION('',(0.,-0.,1.));
#156 = ORIENTED_EDGE('',*,*,#157,.T.);
#157 = EDGE_CURVE('',#149,#158,#160,.T.);
#158 = VERTEX_POINT('',#159);
#159 = CARTESIAN_POINT('',(-1.255,-0.8,0.55));
#160 = LINE('',#161,#162);
#161 = CARTESIAN_POINT('',(-1.6,-0.8,0.55));
#162 = VECTOR('',#163,1.);
#163 = DIRECTION('',(1.,0.,0.));
#164 = ORIENTED_EDGE('',*,*,#165,.F.);
#165 = EDGE_CURVE('',#166,#158,#168,.T.);
#166 = VERTEX_POINT('',#167);
#167 = CARTESIAN_POINT('',(-1.2,-0.8,0.495));
#168 = CIRCLE('',#169,5.5E-02);
#169 = AXIS2_PLACEMENT_3D('',#170,#171,#172);
#170 = CARTESIAN_POINT('',(-1.255,-0.8,0.495));
#171 = DIRECTION('',(0.,-1.,0.));
#172 = DIRECTION('',(0.,0.,1.));
#173 = ORIENTED_EDGE('',*,*,#174,.F.);
#174 = EDGE_CURVE('',#175,#166,#177,.T.);
#175 = VERTEX_POINT('',#176);
#176 = CARTESIAN_POINT('',(-1.545,-0.8,0.495));
#177 = LINE('',#178,#179);
#178 = CARTESIAN_POINT('',(-1.545,-0.8,0.495));
#179 = VECTOR('',#180,1.);
#180 = DIRECTION('',(1.,0.,0.));
#181 = ORIENTED_EDGE('',*,*,#182,.F.);
#182 = EDGE_CURVE('',#183,#175,#185,.T.);
#183 = VERTEX_POINT('',#184);
#184 = CARTESIAN_POINT('',(-1.545,-0.8,5.5E-02));
#185 = LINE('',#186,#187);
#186 = CARTESIAN_POINT('',(-1.545,-0.8,5.5E-02));
#187 = VECTOR('',#188,1.);
#188 = DIRECTION('',(0.,0.,1.));
#189 = ORIENTED_EDGE('',*,*,#190,.T.);
#190 = EDGE_CURVE('',#183,#191,#193,.T.);
#191 = VERTEX_POINT('',#192);
#192 = CARTESIAN_POINT('',(-1.2,-0.8,5.5E-02));
#193 = LINE('',#194,#195);
#194 = CARTESIAN_POINT('',(-1.545,-0.8,5.5E-02));
#195 = VECTOR('',#196,1.);
#196 = DIRECTION('',(1.,0.,0.));
#197 = ORIENTED_EDGE('',*,*,#198,.T.);
#198 = EDGE_CURVE('',#191,#133,#199,.T.);
#199 = CIRCLE('',#200,5.5E-02);
#200 = AXIS2_PLACEMENT_3D('',#201,#202,#203);
#201 = CARTESIAN_POINT('',(-1.255,-0.8,5.5E-02));
#202 = DIRECTION('',(0.,1.,0.));
#203 = DIRECTION('',(0.,-0.,1.));
#204 = PLANE('',#205);
#205 = AXIS2_PLACEMENT_3D('',#206,#207,#208);
#206 = CARTESIAN_POINT('',(-1.6,-0.8,0.));
#207 = DIRECTION('',(0.,1.,0.));
#208 = DIRECTION('',(0.,-0.,1.));
#209 = ADVANCED_FACE('',(#210),#229,.T.);
#210 = FACE_BOUND('',#211,.T.);
#211 = EDGE_LOOP('',(#212,#213,#222,#228));
#212 = ORIENTED_EDGE('',*,*,#100,.T.);
#213 = ORIENTED_EDGE('',*,*,#214,.T.);
#214 = EDGE_CURVE('',#101,#215,#217,.T.);
#215 = VERTEX_POINT('',#216);
#216 = CARTESIAN_POINT('',(-1.545,0.8,0.));
#217 = CIRCLE('',#218,5.5E-02);
#218 = AXIS2_PLACEMENT_3D('',#219,#220,#221);
#219 = CARTESIAN_POINT('',(-1.545,0.8,5.5E-02));
#220 = DIRECTION('',(0.,-1.,0.));
#221 = DIRECTION('',(0.,0.,1.));
#222 = ORIENTED_EDGE('',*,*,#223,.F.);
#223 = EDGE_CURVE('',#131,#215,#224,.T.);
#224 = LINE('',#225,#226);
#225 = CARTESIAN_POINT('',(-1.545,-0.8,0.));
#226 = VECTOR('',#227,1.);
#227 = DIRECTION('',(0.,1.,0.));
#228 = ORIENTED_EDGE('',*,*,#140,.F.);
#229 = CYLINDRICAL_SURFACE('',#230,5.5E-02);
#230 = AXIS2_PLACEMENT_3D('',#231,#232,#233);
#231 = CARTESIAN_POINT('',(-1.545,-0.8,5.5E-02));
#232 = DIRECTION('',(0.,1.,0.));
#233 = DIRECTION('',(-1.,0.,0.));
#234 = ADVANCED_FACE('',(#235),#254,.T.);
#235 = FACE_BOUND('',#236,.T.);
#236 = EDGE_LOOP('',(#237,#238,#246,#253));
#237 = ORIENTED_EDGE('',*,*,#148,.T.);
#238 = ORIENTED_EDGE('',*,*,#239,.T.);
#239 = EDGE_CURVE('',#149,#240,#242,.T.);
#240 = VERTEX_POINT('',#241);
#241 = CARTESIAN_POINT('',(-1.545,0.8,0.55));
#242 = LINE('',#243,#244);
#243 = CARTESIAN_POINT('',(-1.545,-0.8,0.55));
#244 = VECTOR('',#245,1.);
#245 = DIRECTION('',(0.,1.,0.));
#246 = ORIENTED_EDGE('',*,*,#247,.F.);
#247 = EDGE_CURVE('',#109,#240,#248,.T.);
#248 = CIRCLE('',#249,5.5E-02);
#249 = AXIS2_PLACEMENT_3D('',#250,#251,#252);
#250 = CARTESIAN_POINT('',(-1.545,0.8,0.495));
#251 = DIRECTION('',(0.,1.,0.));
#252 = DIRECTION('',(0.,-0.,1.));
#253 = ORIENTED_EDGE('',*,*,#116,.F.);
#254 = CYLINDRICAL_SURFACE('',#255,5.5E-02);
#255 = AXIS2_PLACEMENT_3D('',#256,#257,#258);
#256 = CARTESIAN_POINT('',(-1.545,-0.8,0.495));
#257 = DIRECTION('',(0.,1.,0.));
#258 = DIRECTION('',(-1.,0.,0.));
#259 = ADVANCED_FACE('',(#260),#321,.T.);
#260 = FACE_BOUND('',#261,.T.);
#261 = EDGE_LOOP('',(#262,#270,#271,#272,#273,#281,#290,#298,#306,#314)
  );
#262 = ORIENTED_EDGE('',*,*,#263,.F.);
#263 = EDGE_CURVE('',#215,#264,#266,.T.);
#264 = VERTEX_POINT('',#265);
#265 = CARTESIAN_POINT('',(-1.255,0.8,0.));
#266 = LINE('',#267,#268);
#267 = CARTESIAN_POINT('',(-1.6,0.8,0.));
#268 = VECTOR('',#269,1.);
#269 = DIRECTION('',(1.,0.,0.));
#270 = ORIENTED_EDGE('',*,*,#214,.F.);
#271 = ORIENTED_EDGE('',*,*,#108,.T.);
#272 = ORIENTED_EDGE('',*,*,#247,.T.);
#273 = ORIENTED_EDGE('',*,*,#274,.T.);
#274 = EDGE_CURVE('',#240,#275,#277,.T.);
#275 = VERTEX_POINT('',#276);
#276 = CARTESIAN_POINT('',(-1.255,0.8,0.55));
#277 = LINE('',#278,#279);
#278 = CARTESIAN_POINT('',(-1.6,0.8,0.55));
#279 = VECTOR('',#280,1.);
#280 = DIRECTION('',(1.,0.,0.));
#281 = ORIENTED_EDGE('',*,*,#282,.F.);
#282 = EDGE_CURVE('',#283,#275,#285,.T.);
#283 = VERTEX_POINT('',#284);
#284 = CARTESIAN_POINT('',(-1.2,0.8,0.495));
#285 = CIRCLE('',#286,5.5E-02);
#286 = AXIS2_PLACEMENT_3D('',#287,#288,#289);
#287 = CARTESIAN_POINT('',(-1.255,0.8,0.495));
#288 = DIRECTION('',(0.,-1.,0.));
#289 = DIRECTION('',(0.,0.,1.));
#290 = ORIENTED_EDGE('',*,*,#291,.F.);
#291 = EDGE_CURVE('',#292,#283,#294,.T.);
#292 = VERTEX_POINT('',#293);
#293 = CARTESIAN_POINT('',(-1.545,0.8,0.495));
#294 = LINE('',#295,#296);
#295 = CARTESIAN_POINT('',(-1.545,0.8,0.495));
#296 = VECTOR('',#297,1.);
#297 = DIRECTION('',(1.,0.,0.));
#298 = ORIENTED_EDGE('',*,*,#299,.F.);
#299 = EDGE_CURVE('',#300,#292,#302,.T.);
#300 = VERTEX_POINT('',#301);
#301 = CARTESIAN_POINT('',(-1.545,0.8,5.5E-02));
#302 = LINE('',#303,#304);
#303 = CARTESIAN_POINT('',(-1.545,0.8,5.5E-02));
#304 = VECTOR('',#305,1.);
#305 = DIRECTION('',(0.,0.,1.));
#306 = ORIENTED_EDGE('',*,*,#307,.T.);
#307 = EDGE_CURVE('',#300,#308,#310,.T.);
#308 = VERTEX_POINT('',#309);
#309 = CARTESIAN_POINT('',(-1.2,0.8,5.5E-02));
#310 = LINE('',#311,#312);
#311 = CARTESIAN_POINT('',(-1.545,0.8,5.5E-02));
#312 = VECTOR('',#313,1.);
#313 = DIRECTION('',(1.,0.,0.));
#314 = ORIENTED_EDGE('',*,*,#315,.T.);
#315 = EDGE_CURVE('',#308,#264,#316,.T.);
#316 = CIRCLE('',#317,5.5E-02);
#317 = AXIS2_PLACEMENT_3D('',#318,#319,#320);
#318 = CARTESIAN_POINT('',(-1.255,0.8,5.5E-02));
#319 = DIRECTION('',(0.,1.,0.));
#320 = DIRECTION('',(0.,-0.,1.));
#321 = PLANE('',#322);
#322 = AXIS2_PLACEMENT_3D('',#323,#324,#325);
#323 = CARTESIAN_POINT('',(-1.6,0.8,0.));
#324 = DIRECTION('',(0.,1.,0.));
#325 = DIRECTION('',(0.,-0.,1.));
#326 = ADVANCED_FACE('',(#327),#338,.F.);
#327 = FACE_BOUND('',#328,.F.);
#328 = EDGE_LOOP('',(#329,#330,#331,#332));
#329 = ORIENTED_EDGE('',*,*,#263,.F.);
#330 = ORIENTED_EDGE('',*,*,#223,.F.);
#331 = ORIENTED_EDGE('',*,*,#130,.T.);
#332 = ORIENTED_EDGE('',*,*,#333,.T.);
#333 = EDGE_CURVE('',#133,#264,#334,.T.);
#334 = LINE('',#335,#336);
#335 = CARTESIAN_POINT('',(-1.255,-0.8,0.));
#336 = VECTOR('',#337,1.);
#337 = DIRECTION('',(0.,1.,0.));
#338 = PLANE('',#339);
#339 = AXIS2_PLACEMENT_3D('',#340,#341,#342);
#340 = CARTESIAN_POINT('',(-1.6,-0.8,0.));
#341 = DIRECTION('',(0.,0.,1.));
#342 = DIRECTION('',(1.,0.,-0.));
#343 = ADVANCED_FACE('',(#344),#355,.T.);
#344 = FACE_BOUND('',#345,.T.);
#345 = EDGE_LOOP('',(#346,#347,#348,#349));
#346 = ORIENTED_EDGE('',*,*,#198,.T.);
#347 = ORIENTED_EDGE('',*,*,#333,.T.);
#348 = ORIENTED_EDGE('',*,*,#315,.F.);
#349 = ORIENTED_EDGE('',*,*,#350,.F.);
#350 = EDGE_CURVE('',#191,#308,#351,.T.);
#351 = LINE('',#352,#353);
#352 = CARTESIAN_POINT('',(-1.2,-0.8,5.5E-02));
#353 = VECTOR('',#354,1.);
#354 = DIRECTION('',(0.,1.,0.));
#355 = CYLINDRICAL_SURFACE('',#356,5.5E-02);
#356 = AXIS2_PLACEMENT_3D('',#357,#358,#359);
#357 = CARTESIAN_POINT('',(-1.255,-0.8,5.5E-02));
#358 = DIRECTION('',(0.,1.,0.));
#359 = DIRECTION('',(1.,0.,0.));
#360 = ADVANCED_FACE('',(#361),#404,.F.);
#361 = FACE_BOUND('',#362,.F.);
#362 = EDGE_LOOP('',(#363,#364,#365,#366,#374,#382,#390,#398));
#363 = ORIENTED_EDGE('',*,*,#190,.F.);
#364 = ORIENTED_EDGE('',*,*,#182,.T.);
#365 = ORIENTED_EDGE('',*,*,#174,.T.);
#366 = ORIENTED_EDGE('',*,*,#367,.T.);
#367 = EDGE_CURVE('',#166,#368,#370,.T.);
#368 = VERTEX_POINT('',#369);
#369 = CARTESIAN_POINT('',(1.2,-0.8,0.495));
#370 = LINE('',#371,#372);
#371 = CARTESIAN_POINT('',(-1.2,-0.8,0.495));
#372 = VECTOR('',#373,1.);
#373 = DIRECTION('',(1.,0.,0.));
#374 = ORIENTED_EDGE('',*,*,#375,.T.);
#375 = EDGE_CURVE('',#368,#376,#378,.T.);
#376 = VERTEX_POINT('',#377);
#377 = CARTESIAN_POINT('',(1.545,-0.8,0.495));
#378 = LINE('',#379,#380);
#379 = CARTESIAN_POINT('',(-1.545,-0.8,0.495));
#380 = VECTOR('',#381,1.);
#381 = DIRECTION('',(1.,0.,0.));
#382 = ORIENTED_EDGE('',*,*,#383,.F.);
#383 = EDGE_CURVE('',#384,#376,#386,.T.);
#384 = VERTEX_POINT('',#385);
#385 = CARTESIAN_POINT('',(1.545,-0.8,5.5E-02));
#386 = LINE('',#387,#388);
#387 = CARTESIAN_POINT('',(1.545,-0.8,5.5E-02));
#388 = VECTOR('',#389,1.);
#389 = DIRECTION('',(0.,0.,1.));
#390 = ORIENTED_EDGE('',*,*,#391,.F.);
#391 = EDGE_CURVE('',#392,#384,#394,.T.);
#392 = VERTEX_POINT('',#393);
#393 = CARTESIAN_POINT('',(1.2,-0.8,5.5E-02));
#394 = LINE('',#395,#396);
#395 = CARTESIAN_POINT('',(-1.545,-0.8,5.5E-02));
#396 = VECTOR('',#397,1.);
#397 = DIRECTION('',(1.,0.,0.));
#398 = ORIENTED_EDGE('',*,*,#399,.F.);
#399 = EDGE_CURVE('',#191,#392,#400,.T.);
#400 = LINE('',#401,#402);
#401 = CARTESIAN_POINT('',(-1.545,-0.8,5.5E-02));
#402 = VECTOR('',#403,1.);
#403 = DIRECTION('',(1.,0.,0.));
#404 = PLANE('',#405);
#405 = AXIS2_PLACEMENT_3D('',#406,#407,#408);
#406 = CARTESIAN_POINT('',(-1.545,-0.8,5.5E-02));
#407 = DIRECTION('',(0.,1.,0.));
#408 = DIRECTION('',(0.,-0.,1.));
#409 = ADVANCED_FACE('',(#410),#421,.T.);
#410 = FACE_BOUND('',#411,.T.);
#411 = EDGE_LOOP('',(#412,#413,#414,#415));
#412 = ORIENTED_EDGE('',*,*,#274,.F.);
#413 = ORIENTED_EDGE('',*,*,#239,.F.);
#414 = ORIENTED_EDGE('',*,*,#157,.T.);
#415 = ORIENTED_EDGE('',*,*,#416,.T.);
#416 = EDGE_CURVE('',#158,#275,#417,.T.);
#417 = LINE('',#418,#419);
#418 = CARTESIAN_POINT('',(-1.255,-0.8,0.55));
#419 = VECTOR('',#420,1.);
#420 = DIRECTION('',(0.,1.,0.));
#421 = PLANE('',#422);
#422 = AXIS2_PLACEMENT_3D('',#423,#424,#425);
#423 = CARTESIAN_POINT('',(-1.6,-0.8,0.55));
#424 = DIRECTION('',(0.,0.,1.));
#425 = DIRECTION('',(1.,0.,-0.));
#426 = ADVANCED_FACE('',(#427),#438,.T.);
#427 = FACE_BOUND('',#428,.T.);
#428 = EDGE_LOOP('',(#429,#435,#436,#437));
#429 = ORIENTED_EDGE('',*,*,#430,.T.);
#430 = EDGE_CURVE('',#166,#283,#431,.T.);
#431 = LINE('',#432,#433);
#432 = CARTESIAN_POINT('',(-1.2,-0.8,0.495));
#433 = VECTOR('',#434,1.);
#434 = DIRECTION('',(0.,1.,0.));
#435 = ORIENTED_EDGE('',*,*,#282,.T.);
#436 = ORIENTED_EDGE('',*,*,#416,.F.);
#437 = ORIENTED_EDGE('',*,*,#165,.F.);
#438 = CYLINDRICAL_SURFACE('',#439,5.5E-02);
#439 = AXIS2_PLACEMENT_3D('',#440,#441,#442);
#440 = CARTESIAN_POINT('',(-1.255,-0.8,0.495));
#441 = DIRECTION('',(0.,1.,0.));
#442 = DIRECTION('',(1.,0.,0.));
#443 = ADVANCED_FACE('',(#444),#487,.T.);
#444 = FACE_BOUND('',#445,.T.);
#445 = EDGE_LOOP('',(#446,#447,#448,#449,#457,#465,#473,#481));
#446 = ORIENTED_EDGE('',*,*,#307,.F.);
#447 = ORIENTED_EDGE('',*,*,#299,.T.);
#448 = ORIENTED_EDGE('',*,*,#291,.T.);
#449 = ORIENTED_EDGE('',*,*,#450,.T.);
#450 = EDGE_CURVE('',#283,#451,#453,.T.);
#451 = VERTEX_POINT('',#452);
#452 = CARTESIAN_POINT('',(1.2,0.8,0.495));
#453 = LINE('',#454,#455);
#454 = CARTESIAN_POINT('',(-1.2,0.8,0.495));
#455 = VECTOR('',#456,1.);
#456 = DIRECTION('',(1.,0.,0.));
#457 = ORIENTED_EDGE('',*,*,#458,.T.);
#458 = EDGE_CURVE('',#451,#459,#461,.T.);
#459 = VERTEX_POINT('',#460);
#460 = CARTESIAN_POINT('',(1.545,0.8,0.495));
#461 = LINE('',#462,#463);
#462 = CARTESIAN_POINT('',(-1.545,0.8,0.495));
#463 = VECTOR('',#464,1.);
#464 = DIRECTION('',(1.,0.,0.));
#465 = ORIENTED_EDGE('',*,*,#466,.F.);
#466 = EDGE_CURVE('',#467,#459,#469,.T.);
#467 = VERTEX_POINT('',#468);
#468 = CARTESIAN_POINT('',(1.545,0.8,5.5E-02));
#469 = LINE('',#470,#471);
#470 = CARTESIAN_POINT('',(1.545,0.8,5.5E-02));
#471 = VECTOR('',#472,1.);
#472 = DIRECTION('',(0.,0.,1.));
#473 = ORIENTED_EDGE('',*,*,#474,.F.);
#474 = EDGE_CURVE('',#475,#467,#477,.T.);
#475 = VERTEX_POINT('',#476);
#476 = CARTESIAN_POINT('',(1.2,0.8,5.5E-02));
#477 = LINE('',#478,#479);
#478 = CARTESIAN_POINT('',(-1.545,0.8,5.5E-02));
#479 = VECTOR('',#480,1.);
#480 = DIRECTION('',(1.,0.,0.));
#481 = ORIENTED_EDGE('',*,*,#482,.F.);
#482 = EDGE_CURVE('',#308,#475,#483,.T.);
#483 = LINE('',#484,#485);
#484 = CARTESIAN_POINT('',(-1.545,0.8,5.5E-02));
#485 = VECTOR('',#486,1.);
#486 = DIRECTION('',(1.,0.,0.));
#487 = PLANE('',#488);
#488 = AXIS2_PLACEMENT_3D('',#489,#490,#491);
#489 = CARTESIAN_POINT('',(-1.545,0.8,5.5E-02));
#490 = DIRECTION('',(0.,1.,0.));
#491 = DIRECTION('',(0.,-0.,1.));
#492 = ADVANCED_FACE('',(#493),#504,.F.);
#493 = FACE_BOUND('',#494,.F.);
#494 = EDGE_LOOP('',(#495,#496,#497,#503));
#495 = ORIENTED_EDGE('',*,*,#350,.F.);
#496 = ORIENTED_EDGE('',*,*,#399,.T.);
#497 = ORIENTED_EDGE('',*,*,#498,.T.);
#498 = EDGE_CURVE('',#392,#475,#499,.T.);
#499 = LINE('',#500,#501);
#500 = CARTESIAN_POINT('',(1.2,-0.8,5.5E-02));
#501 = VECTOR('',#502,1.);
#502 = DIRECTION('',(0.,1.,0.));
#503 = ORIENTED_EDGE('',*,*,#482,.F.);
#504 = PLANE('',#505);
#505 = AXIS2_PLACEMENT_3D('',#506,#507,#508);
#506 = CARTESIAN_POINT('',(-1.545,-0.8,5.5E-02));
#507 = DIRECTION('',(0.,0.,1.));
#508 = DIRECTION('',(1.,0.,-0.));
#509 = ADVANCED_FACE('',(#510),#573,.F.);
#510 = FACE_BOUND('',#511,.F.);
#511 = EDGE_LOOP('',(#512,#522,#529,#530,#531,#532,#541,#549,#558,#566)
  );
#512 = ORIENTED_EDGE('',*,*,#513,.F.);
#513 = EDGE_CURVE('',#514,#516,#518,.T.);
#514 = VERTEX_POINT('',#515);
#515 = CARTESIAN_POINT('',(1.255,-0.8,0.));
#516 = VERTEX_POINT('',#517);
#517 = CARTESIAN_POINT('',(1.545,-0.8,0.));
#518 = LINE('',#519,#520);
#519 = CARTESIAN_POINT('',(1.2,-0.8,0.));
#520 = VECTOR('',#521,1.);
#521 = DIRECTION('',(1.,0.,0.));
#522 = ORIENTED_EDGE('',*,*,#523,.F.);
#523 = EDGE_CURVE('',#392,#514,#524,.T.);
#524 = CIRCLE('',#525,5.5E-02);
#525 = AXIS2_PLACEMENT_3D('',#526,#527,#528);
#526 = CARTESIAN_POINT('',(1.255,-0.8,5.5E-02));
#527 = DIRECTION('',(0.,-1.,0.));
#528 = DIRECTION('',(0.,0.,1.));
#529 = ORIENTED_EDGE('',*,*,#391,.T.);
#530 = ORIENTED_EDGE('',*,*,#383,.T.);
#531 = ORIENTED_EDGE('',*,*,#375,.F.);
#532 = ORIENTED_EDGE('',*,*,#533,.T.);
#533 = EDGE_CURVE('',#368,#534,#536,.T.);
#534 = VERTEX_POINT('',#535);
#535 = CARTESIAN_POINT('',(1.255,-0.8,0.55));
#536 = CIRCLE('',#537,5.5E-02);
#537 = AXIS2_PLACEMENT_3D('',#538,#539,#540);
#538 = CARTESIAN_POINT('',(1.255,-0.8,0.495));
#539 = DIRECTION('',(0.,1.,0.));
#540 = DIRECTION('',(0.,-0.,1.));
#541 = ORIENTED_EDGE('',*,*,#542,.T.);
#542 = EDGE_CURVE('',#534,#543,#545,.T.);
#543 = VERTEX_POINT('',#544);
#544 = CARTESIAN_POINT('',(1.545,-0.8,0.55));
#545 = LINE('',#546,#547);
#546 = CARTESIAN_POINT('',(1.2,-0.8,0.55));
#547 = VECTOR('',#548,1.);
#548 = DIRECTION('',(1.,0.,0.));
#549 = ORIENTED_EDGE('',*,*,#550,.F.);
#550 = EDGE_CURVE('',#551,#543,#553,.T.);
#551 = VERTEX_POINT('',#552);
#552 = CARTESIAN_POINT('',(1.6,-0.8,0.495));
#553 = CIRCLE('',#554,5.5E-02);
#554 = AXIS2_PLACEMENT_3D('',#555,#556,#557);
#555 = CARTESIAN_POINT('',(1.545,-0.8,0.495));
#556 = DIRECTION('',(0.,-1.,0.));
#557 = DIRECTION('',(0.,0.,1.));
#558 = ORIENTED_EDGE('',*,*,#559,.F.);
#559 = EDGE_CURVE('',#560,#551,#562,.T.);
#560 = VERTEX_POINT('',#561);
#561 = CARTESIAN_POINT('',(1.6,-0.8,5.5E-02));
#562 = LINE('',#563,#564);
#563 = CARTESIAN_POINT('',(1.6,-0.8,0.));
#564 = VECTOR('',#565,1.);
#565 = DIRECTION('',(0.,0.,1.));
#566 = ORIENTED_EDGE('',*,*,#567,.T.);
#567 = EDGE_CURVE('',#560,#516,#568,.T.);
#568 = CIRCLE('',#569,5.5E-02);
#569 = AXIS2_PLACEMENT_3D('',#570,#571,#572);
#570 = CARTESIAN_POINT('',(1.545,-0.8,5.5E-02));
#571 = DIRECTION('',(0.,1.,0.));
#572 = DIRECTION('',(0.,-0.,1.));
#573 = PLANE('',#574);
#574 = AXIS2_PLACEMENT_3D('',#575,#576,#577);
#575 = CARTESIAN_POINT('',(1.2,-0.8,0.));
#576 = DIRECTION('',(0.,1.,0.));
#577 = DIRECTION('',(0.,-0.,1.));
#578 = ADVANCED_FACE('',(#579),#604,.F.);
#579 = FACE_BOUND('',#580,.F.);
#580 = EDGE_LOOP('',(#581,#582,#590,#598));
#581 = ORIENTED_EDGE('',*,*,#367,.F.);
#582 = ORIENTED_EDGE('',*,*,#583,.T.);
#583 = EDGE_CURVE('',#166,#584,#586,.T.);
#584 = VERTEX_POINT('',#585);
#585 = CARTESIAN_POINT('',(-1.2,-0.8,0.55));
#586 = LINE('',#587,#588);
#587 = CARTESIAN_POINT('',(-1.2,-0.8,0.495));
#588 = VECTOR('',#589,1.);
#589 = DIRECTION('',(0.,0.,1.));
#590 = ORIENTED_EDGE('',*,*,#591,.T.);
#591 = EDGE_CURVE('',#584,#592,#594,.T.);
#592 = VERTEX_POINT('',#593);
#593 = CARTESIAN_POINT('',(1.2,-0.8,0.55));
#594 = LINE('',#595,#596);
#595 = CARTESIAN_POINT('',(-1.2,-0.8,0.55));
#596 = VECTOR('',#597,1.);
#597 = DIRECTION('',(1.,0.,0.));
#598 = ORIENTED_EDGE('',*,*,#599,.F.);
#599 = EDGE_CURVE('',#368,#592,#600,.T.);
#600 = LINE('',#601,#602);
#601 = CARTESIAN_POINT('',(1.2,-0.8,0.495));
#602 = VECTOR('',#603,1.);
#603 = DIRECTION('',(0.,0.,1.));
#604 = PLANE('',#605);
#605 = AXIS2_PLACEMENT_3D('',#606,#607,#608);
#606 = CARTESIAN_POINT('',(-1.2,-0.8,0.495));
#607 = DIRECTION('',(0.,1.,0.));
#608 = DIRECTION('',(0.,-0.,1.));
#609 = ADVANCED_FACE('',(#610),#628,.F.);
#610 = FACE_BOUND('',#611,.F.);
#611 = EDGE_LOOP('',(#612,#613,#614,#622));
#612 = ORIENTED_EDGE('',*,*,#583,.F.);
#613 = ORIENTED_EDGE('',*,*,#430,.T.);
#614 = ORIENTED_EDGE('',*,*,#615,.T.);
#615 = EDGE_CURVE('',#283,#616,#618,.T.);
#616 = VERTEX_POINT('',#617);
#617 = CARTESIAN_POINT('',(-1.2,0.8,0.55));
#618 = LINE('',#619,#620);
#619 = CARTESIAN_POINT('',(-1.2,0.8,0.495));
#620 = VECTOR('',#621,1.);
#621 = DIRECTION('',(0.,0.,1.));
#622 = ORIENTED_EDGE('',*,*,#623,.F.);
#623 = EDGE_CURVE('',#584,#616,#624,.T.);
#624 = LINE('',#625,#626);
#625 = CARTESIAN_POINT('',(-1.2,-0.8,0.55));
#626 = VECTOR('',#627,1.);
#627 = DIRECTION('',(0.,1.,0.));
#628 = PLANE('',#629);
#629 = AXIS2_PLACEMENT_3D('',#630,#631,#632);
#630 = CARTESIAN_POINT('',(-1.2,-0.8,0.495));
#631 = DIRECTION('',(1.,0.,0.));
#632 = DIRECTION('',(0.,0.,1.));
#633 = ADVANCED_FACE('',(#634),#697,.T.);
#634 = FACE_BOUND('',#635,.T.);
#635 = EDGE_LOOP('',(#636,#646,#653,#654,#655,#656,#665,#673,#682,#690)
  );
#636 = ORIENTED_EDGE('',*,*,#637,.F.);
#637 = EDGE_CURVE('',#638,#640,#642,.T.);
#638 = VERTEX_POINT('',#639);
#639 = CARTESIAN_POINT('',(1.255,0.8,0.));
#640 = VERTEX_POINT('',#641);
#641 = CARTESIAN_POINT('',(1.545,0.8,0.));
#642 = LINE('',#643,#644);
#643 = CARTESIAN_POINT('',(1.2,0.8,0.));
#644 = VECTOR('',#645,1.);
#645 = DIRECTION('',(1.,0.,0.));
#646 = ORIENTED_EDGE('',*,*,#647,.F.);
#647 = EDGE_CURVE('',#475,#638,#648,.T.);
#648 = CIRCLE('',#649,5.5E-02);
#649 = AXIS2_PLACEMENT_3D('',#650,#651,#652);
#650 = CARTESIAN_POINT('',(1.255,0.8,5.5E-02));
#651 = DIRECTION('',(0.,-1.,0.));
#652 = DIRECTION('',(0.,0.,1.));
#653 = ORIENTED_EDGE('',*,*,#474,.T.);
#654 = ORIENTED_EDGE('',*,*,#466,.T.);
#655 = ORIENTED_EDGE('',*,*,#458,.F.);
#656 = ORIENTED_EDGE('',*,*,#657,.T.);
#657 = EDGE_CURVE('',#451,#658,#660,.T.);
#658 = VERTEX_POINT('',#659);
#659 = CARTESIAN_POINT('',(1.255,0.8,0.55));
#660 = CIRCLE('',#661,5.5E-02);
#661 = AXIS2_PLACEMENT_3D('',#662,#663,#664);
#662 = CARTESIAN_POINT('',(1.255,0.8,0.495));
#663 = DIRECTION('',(0.,1.,0.));
#664 = DIRECTION('',(0.,-0.,1.));
#665 = ORIENTED_EDGE('',*,*,#666,.T.);
#666 = EDGE_CURVE('',#658,#667,#669,.T.);
#667 = VERTEX_POINT('',#668);
#668 = CARTESIAN_POINT('',(1.545,0.8,0.55));
#669 = LINE('',#670,#671);
#670 = CARTESIAN_POINT('',(1.2,0.8,0.55));
#671 = VECTOR('',#672,1.);
#672 = DIRECTION('',(1.,0.,0.));
#673 = ORIENTED_EDGE('',*,*,#674,.F.);
#674 = EDGE_CURVE('',#675,#667,#677,.T.);
#675 = VERTEX_POINT('',#676);
#676 = CARTESIAN_POINT('',(1.6,0.8,0.495));
#677 = CIRCLE('',#678,5.5E-02);
#678 = AXIS2_PLACEMENT_3D('',#679,#680,#681);
#679 = CARTESIAN_POINT('',(1.545,0.8,0.495));
#680 = DIRECTION('',(0.,-1.,0.));
#681 = DIRECTION('',(0.,0.,1.));
#682 = ORIENTED_EDGE('',*,*,#683,.F.);
#683 = EDGE_CURVE('',#684,#675,#686,.T.);
#684 = VERTEX_POINT('',#685);
#685 = CARTESIAN_POINT('',(1.6,0.8,5.5E-02));
#686 = LINE('',#687,#688);
#687 = CARTESIAN_POINT('',(1.6,0.8,0.));
#688 = VECTOR('',#689,1.);
#689 = DIRECTION('',(0.,0.,1.));
#690 = ORIENTED_EDGE('',*,*,#691,.T.);
#691 = EDGE_CURVE('',#684,#640,#692,.T.);
#692 = CIRCLE('',#693,5.5E-02);
#693 = AXIS2_PLACEMENT_3D('',#694,#695,#696);
#694 = CARTESIAN_POINT('',(1.545,0.8,5.5E-02));
#695 = DIRECTION('',(0.,1.,0.));
#696 = DIRECTION('',(0.,-0.,1.));
#697 = PLANE('',#698);
#698 = AXIS2_PLACEMENT_3D('',#699,#700,#701);
#699 = CARTESIAN_POINT('',(1.2,0.8,0.));
#700 = DIRECTION('',(0.,1.,0.));
#701 = DIRECTION('',(0.,-0.,1.));
#702 = ADVANCED_FACE('',(#703),#721,.T.);
#703 = FACE_BOUND('',#704,.T.);
#704 = EDGE_LOOP('',(#705,#706,#707,#715));
#705 = ORIENTED_EDGE('',*,*,#450,.F.);
#706 = ORIENTED_EDGE('',*,*,#615,.T.);
#707 = ORIENTED_EDGE('',*,*,#708,.T.);
#708 = EDGE_CURVE('',#616,#709,#711,.T.);
#709 = VERTEX_POINT('',#710);
#710 = CARTESIAN_POINT('',(1.2,0.8,0.55));
#711 = LINE('',#712,#713);
#712 = CARTESIAN_POINT('',(-1.2,0.8,0.55));
#713 = VECTOR('',#714,1.);
#714 = DIRECTION('',(1.,0.,0.));
#715 = ORIENTED_EDGE('',*,*,#716,.F.);
#716 = EDGE_CURVE('',#451,#709,#717,.T.);
#717 = LINE('',#718,#719);
#718 = CARTESIAN_POINT('',(1.2,0.8,0.495));
#719 = VECTOR('',#720,1.);
#720 = DIRECTION('',(0.,0.,1.));
#721 = PLANE('',#722);
#722 = AXIS2_PLACEMENT_3D('',#723,#724,#725);
#723 = CARTESIAN_POINT('',(-1.2,0.8,0.495));
#724 = DIRECTION('',(0.,1.,0.));
#725 = DIRECTION('',(0.,-0.,1.));
#726 = ADVANCED_FACE('',(#727),#738,.T.);
#727 = FACE_BOUND('',#728,.T.);
#728 = EDGE_LOOP('',(#729,#730,#731,#737));
#729 = ORIENTED_EDGE('',*,*,#498,.T.);
#730 = ORIENTED_EDGE('',*,*,#647,.T.);
#731 = ORIENTED_EDGE('',*,*,#732,.F.);
#732 = EDGE_CURVE('',#514,#638,#733,.T.);
#733 = LINE('',#734,#735);
#734 = CARTESIAN_POINT('',(1.255,-0.8,0.));
#735 = VECTOR('',#736,1.);
#736 = DIRECTION('',(0.,1.,0.));
#737 = ORIENTED_EDGE('',*,*,#523,.F.);
#738 = CYLINDRICAL_SURFACE('',#739,5.5E-02);
#739 = AXIS2_PLACEMENT_3D('',#740,#741,#742);
#740 = CARTESIAN_POINT('',(1.255,-0.8,5.5E-02));
#741 = DIRECTION('',(0.,1.,0.));
#742 = DIRECTION('',(-1.,0.,0.));
#743 = ADVANCED_FACE('',(#744),#755,.F.);
#744 = FACE_BOUND('',#745,.F.);
#745 = EDGE_LOOP('',(#746,#747,#748,#749));
#746 = ORIENTED_EDGE('',*,*,#637,.F.);
#747 = ORIENTED_EDGE('',*,*,#732,.F.);
#748 = ORIENTED_EDGE('',*,*,#513,.T.);
#749 = ORIENTED_EDGE('',*,*,#750,.T.);
#750 = EDGE_CURVE('',#516,#640,#751,.T.);
#751 = LINE('',#752,#753);
#752 = CARTESIAN_POINT('',(1.545,-0.8,0.));
#753 = VECTOR('',#754,1.);
#754 = DIRECTION('',(0.,1.,0.));
#755 = PLANE('',#756);
#756 = AXIS2_PLACEMENT_3D('',#757,#758,#759);
#757 = CARTESIAN_POINT('',(1.2,-0.8,0.));
#758 = DIRECTION('',(0.,0.,1.));
#759 = DIRECTION('',(1.,0.,-0.));
#760 = ADVANCED_FACE('',(#761),#772,.T.);
#761 = FACE_BOUND('',#762,.T.);
#762 = EDGE_LOOP('',(#763,#764,#765,#766));
#763 = ORIENTED_EDGE('',*,*,#567,.T.);
#764 = ORIENTED_EDGE('',*,*,#750,.T.);
#765 = ORIENTED_EDGE('',*,*,#691,.F.);
#766 = ORIENTED_EDGE('',*,*,#767,.F.);
#767 = EDGE_CURVE('',#560,#684,#768,.T.);
#768 = LINE('',#769,#770);
#769 = CARTESIAN_POINT('',(1.6,-0.8,5.5E-02));
#770 = VECTOR('',#771,1.);
#771 = DIRECTION('',(0.,1.,0.));
#772 = CYLINDRICAL_SURFACE('',#773,5.5E-02);
#773 = AXIS2_PLACEMENT_3D('',#774,#775,#776);
#774 = CARTESIAN_POINT('',(1.545,-0.8,5.5E-02));
#775 = DIRECTION('',(0.,1.,0.));
#776 = DIRECTION('',(1.,0.,0.));
#777 = ADVANCED_FACE('',(#778),#789,.T.);
#778 = FACE_BOUND('',#779,.T.);
#779 = EDGE_LOOP('',(#780,#781,#782,#783));
#780 = ORIENTED_EDGE('',*,*,#559,.F.);
#781 = ORIENTED_EDGE('',*,*,#767,.T.);
#782 = ORIENTED_EDGE('',*,*,#683,.T.);
#783 = ORIENTED_EDGE('',*,*,#784,.F.);
#784 = EDGE_CURVE('',#551,#675,#785,.T.);
#785 = LINE('',#786,#787);
#786 = CARTESIAN_POINT('',(1.6,-0.8,0.495));
#787 = VECTOR('',#788,1.);
#788 = DIRECTION('',(0.,1.,0.));
#789 = PLANE('',#790);
#790 = AXIS2_PLACEMENT_3D('',#791,#792,#793);
#791 = CARTESIAN_POINT('',(1.6,-0.8,0.));
#792 = DIRECTION('',(1.,0.,0.));
#793 = DIRECTION('',(0.,0.,1.));
#794 = ADVANCED_FACE('',(#795),#806,.T.);
#795 = FACE_BOUND('',#796,.T.);
#796 = EDGE_LOOP('',(#797,#798,#799,#805));
#797 = ORIENTED_EDGE('',*,*,#784,.T.);
#798 = ORIENTED_EDGE('',*,*,#674,.T.);
#799 = ORIENTED_EDGE('',*,*,#800,.F.);
#800 = EDGE_CURVE('',#543,#667,#801,.T.);
#801 = LINE('',#802,#803);
#802 = CARTESIAN_POINT('',(1.545,-0.8,0.55));
#803 = VECTOR('',#804,1.);
#804 = DIRECTION('',(0.,1.,0.));
#805 = ORIENTED_EDGE('',*,*,#550,.F.);
#806 = CYLINDRICAL_SURFACE('',#807,5.5E-02);
#807 = AXIS2_PLACEMENT_3D('',#808,#809,#810);
#808 = CARTESIAN_POINT('',(1.545,-0.8,0.495));
#809 = DIRECTION('',(0.,1.,0.));
#810 = DIRECTION('',(1.,0.,0.));
#811 = ADVANCED_FACE('',(#812),#823,.T.);
#812 = FACE_BOUND('',#813,.T.);
#813 = EDGE_LOOP('',(#814,#815,#821,#822));
#814 = ORIENTED_EDGE('',*,*,#666,.F.);
#815 = ORIENTED_EDGE('',*,*,#816,.F.);
#816 = EDGE_CURVE('',#534,#658,#817,.T.);
#817 = LINE('',#818,#819);
#818 = CARTESIAN_POINT('',(1.255,-0.8,0.55));
#819 = VECTOR('',#820,1.);
#820 = DIRECTION('',(0.,1.,0.));
#821 = ORIENTED_EDGE('',*,*,#542,.T.);
#822 = ORIENTED_EDGE('',*,*,#800,.T.);
#823 = PLANE('',#824);
#824 = AXIS2_PLACEMENT_3D('',#825,#826,#827);
#825 = CARTESIAN_POINT('',(1.2,-0.8,0.55));
#826 = DIRECTION('',(0.,0.,1.));
#827 = DIRECTION('',(1.,0.,-0.));
#828 = ADVANCED_FACE('',(#829),#840,.T.);
#829 = FACE_BOUND('',#830,.T.);
#830 = EDGE_LOOP('',(#831,#832,#833,#834));
#831 = ORIENTED_EDGE('',*,*,#533,.T.);
#832 = ORIENTED_EDGE('',*,*,#816,.T.);
#833 = ORIENTED_EDGE('',*,*,#657,.F.);
#834 = ORIENTED_EDGE('',*,*,#835,.F.);
#835 = EDGE_CURVE('',#368,#451,#836,.T.);
#836 = LINE('',#837,#838);
#837 = CARTESIAN_POINT('',(1.2,-0.8,0.495));
#838 = VECTOR('',#839,1.);
#839 = DIRECTION('',(0.,1.,0.));
#840 = CYLINDRICAL_SURFACE('',#841,5.5E-02);
#841 = AXIS2_PLACEMENT_3D('',#842,#843,#844);
#842 = CARTESIAN_POINT('',(1.255,-0.8,0.495));
#843 = DIRECTION('',(0.,1.,0.));
#844 = DIRECTION('',(-1.,0.,0.));
#845 = ADVANCED_FACE('',(#846),#857,.T.);
#846 = FACE_BOUND('',#847,.T.);
#847 = EDGE_LOOP('',(#848,#849,#850,#851));
#848 = ORIENTED_EDGE('',*,*,#599,.F.);
#849 = ORIENTED_EDGE('',*,*,#835,.T.);
#850 = ORIENTED_EDGE('',*,*,#716,.T.);
#851 = ORIENTED_EDGE('',*,*,#852,.F.);
#852 = EDGE_CURVE('',#592,#709,#853,.T.);
#853 = LINE('',#854,#855);
#854 = CARTESIAN_POINT('',(1.2,-0.8,0.55));
#855 = VECTOR('',#856,1.);
#856 = DIRECTION('',(0.,1.,0.));
#857 = PLANE('',#858);
#858 = AXIS2_PLACEMENT_3D('',#859,#860,#861);
#859 = CARTESIAN_POINT('',(1.2,-0.8,0.495));
#860 = DIRECTION('',(1.,0.,0.));
#861 = DIRECTION('',(0.,0.,1.));
#862 = ADVANCED_FACE('',(#863),#869,.T.);
#863 = FACE_BOUND('',#864,.T.);
#864 = EDGE_LOOP('',(#865,#866,#867,#868));
#865 = ORIENTED_EDGE('',*,*,#623,.F.);
#866 = ORIENTED_EDGE('',*,*,#591,.T.);
#867 = ORIENTED_EDGE('',*,*,#852,.T.);
#868 = ORIENTED_EDGE('',*,*,#708,.F.);
#869 = PLANE('',#870);
#870 = AXIS2_PLACEMENT_3D('',#871,#872,#873);
#871 = CARTESIAN_POINT('',(-1.2,-0.8,0.55));
#872 = DIRECTION('',(0.,0.,1.));
#873 = DIRECTION('',(1.,0.,-0.));
#874 = ( GEOMETRIC_REPRESENTATION_CONTEXT(3) 
GLOBAL_UNCERTAINTY_ASSIGNED_CONTEXT((#878)) GLOBAL_UNIT_ASSIGNED_CONTEXT
((#875,#876,#877)) REPRESENTATION_CONTEXT('Context #1',
  '3D Context with UNIT and UNCERTAINTY') );
#875 = ( LENGTH_UNIT() NAMED_UNIT(*) SI_UNIT(.MILLI.,.METRE.) );
#876 = ( NAMED_UNIT(*) PLANE_ANGLE_UNIT() SI_UNIT($,.RADIAN.) );
#877 = ( NAMED_UNIT(*) SI_UNIT($,.STERADIAN.) SOLID_ANGLE_UNIT() );
#878 = UNCERTAINTY_MEASURE_WITH_UNIT(LENGTH_MEASURE(1.E-07),#875,
  'distance_accuracy_value','confusion accuracy');
#879 = CONTEXT_DEPENDENT_SHAPE_REPRESENTATION(#880,#882);
#880 = ( REPRESENTATION_RELATIONSHIP('','',#83,#60) 
REPRESENTATION_RELATIONSHIP_WITH_TRANSFORMATION(#881) 
SHAPE_REPRESENTATION_RELATIONSHIP() );
#881 = ITEM_DEFINED_TRANSFORMATION('','',#11,#61);
#882 = PRODUCT_DEFINITION_SHAPE('Placement','Placement of an item',#883
  );
#883 = NEXT_ASSEMBLY_USAGE_OCCURRENCE('1','=>[0:1:1:3]','',#55,#78,$);
#884 = PRODUCT_RELATED_PRODUCT_CATEGORY('part',$,(#80));
#885 = CONTEXT_DEPENDENT_SHAPE_REPRESENTATION(#886,#888);
#886 = ( REPRESENTATION_RELATIONSHIP('','',#60,#10) 
REPRESENTATION_RELATIONSHIP_WITH_TRANSFORMATION(#887) 
SHAPE_REPRESENTATION_RELATIONSHIP() );
#887 = ITEM_DEFINED_TRANSFORMATION('','',#11,#19);
#888 = PRODUCT_DEFINITION_SHAPE('Placement','Placement of an item',#889
  );
#889 = NEXT_ASSEMBLY_USAGE_OCCURRENCE('3','R3','',#5,#55,$);
#890 = CONTEXT_DEPENDENT_SHAPE_REPRESENTATION(#891,#893);
#891 = ( REPRESENTATION_RELATIONSHIP('','',#60,#10) 
REPRESENTATION_RELATIONSHIP_WITH_TRANSFORMATION(#892) 
SHAPE_REPRESENTATION_RELATIONSHIP() );
#892 = ITEM_DEFINED_TRANSFORMATION('','',#11,#23);
#893 = PRODUCT_DEFINITION_SHAPE('Placement','Placement of an item',#894
  );
#894 = NEXT_ASSEMBLY_USAGE_OCCURRENCE('4','R2','',#5,#55,$);
#895 = CONTEXT_DEPENDENT_SHAPE_REPRESENTATION(#896,#898);
#896 = ( REPRESENTATION_RELATIONSHIP('','',#60,#10) 
REPRESENTATION_RELATIONSHIP_WITH_TRANSFORMATION(#897) 
SHAPE_REPRESENTATION_RELATIONSHIP() );
#897 = ITEM_DEFINED_TRANSFORMATION('','',#11,#27);
#898 = PRODUCT_DEFINITION_SHAPE('Placement','Placement of an item',#899
  );
#899 = NEXT_ASSEMBLY_USAGE_OCCURRENCE('5','R4','',#5,#55,$);
#900 = CONTEXT_DEPENDENT_SHAPE_REPRESENTATION(#901,#903);
#901 = ( REPRESENTATION_RELATIONSHIP('','',#60,#10) 
REPRESENTATION_RELATIONSHIP_WITH_TRANSFORMATION(#902) 
SHAPE_REPRESENTATION_RELATIONSHIP() );
#902 = ITEM_DEFINED_TRANSFORMATION('','',#11,#31);
#903 = PRODUCT_DEFINITION_SHAPE('Placement','Placement of an item',#904
  );
#904 = NEXT_ASSEMBLY_USAGE_OCCURRENCE('6','R1','',#5,#55,$);
#905 = SHAPE_DEFINITION_REPRESENTATION(#906,#912);
#906 = PRODUCT_DEFINITION_SHAPE('','',#907);
#907 = PRODUCT_DEFINITION('design','',#908,#911);
#908 = PRODUCT_DEFINITION_FORMATION('','',#909);
#909 = PRODUCT('PinHeader_2x06_P2.54mm_Horizontal',
  'PinHeader_2x06_P2.54mm_Horizontal','',(#910));
#910 = PRODUCT_CONTEXT('',#2,'mechanical');
#911 = PRODUCT_DEFINITION_CONTEXT('part definition',#2,'design');
#912 = SHAPE_REPRESENTATION('',(#11,#913),#917);
#913 = AXIS2_PLACEMENT_3D('',#914,#915,#916);
#914 = CARTESIAN_POINT('',(0.,0.,0.));
#915 = DIRECTION('',(0.,0.,1.));
#916 = DIRECTION('',(1.,0.,-0.));
#917 = ( GEOMETRIC_REPRESENTATION_CONTEXT(3) 
GLOBAL_UNCERTAINTY_ASSIGNED_CONTEXT((#921)) GLOBAL_UNIT_ASSIGNED_CONTEXT
((#918,#919,#920)) REPRESENTATION_CONTEXT('Context #1',
  '3D Context with UNIT and UNCERTAINTY') );
#918 = ( LENGTH_UNIT() NAMED_UNIT(*) SI_UNIT(.MILLI.,.METRE.) );
#919 = ( NAMED_UNIT(*) PLANE_ANGLE_UNIT() SI_UNIT($,.RADIAN.) );
#920 = ( NAMED_UNIT(*) SI_UNIT($,.STERADIAN.) SOLID_ANGLE_UNIT() );
#921 = UNCERTAINTY_MEASURE_WITH_UNIT(LENGTH_MEASURE(1.E-07),#918,
  'distance_accuracy_value','confusion accuracy');
#922 = CONTEXT_DEPENDENT_SHAPE_REPRESENTATION(#923,#925);
#923 = ( REPRESENTATION_RELATIONSHIP('','',#912,#10) 
REPRESENTATION_RELATIONSHIP_WITH_TRANSFORMATION(#924) 
SHAPE_REPRESENTATION_RELATIONSHIP() );
#924 = ITEM_DEFINED_TRANSFORMATION('','',#11,#35);
#925 = PRODUCT_DEFINITION_SHAPE('Placement','Placement of an item',#926
  );
#926 = NEXT_ASSEMBLY_USAGE_OCCURRENCE('8','J1','',#5,#907,$);
#927 = PRODUCT_RELATED_PRODUCT_CATEGORY('part',$,(#909));
#928 = SHAPE_DEFINITION_REPRESENTATION(#929,#935);
#929 = PRODUCT_DEFINITION_SHAPE('','',#930);
#930 = PRODUCT_DEFINITION('design','',#931,#934);
#931 = PRODUCT_DEFINITION_FORMATION('','',#932);
#932 = PRODUCT('PinHeader_2x06_P254mm_Horizontal',
  'PinHeader_2x06_P254mm_Horizontal','',(#933));
#933 = PRODUCT_CONTEXT('',#2,'mechanical');
#934 = PRODUCT_DEFINITION_CONTEXT('part definition',#2,'design');
#935 = ADVANCED_BREP_SHAPE_REPRESENTATION('',(#11,#936),#9132);
#936 = MANIFOLD_SOLID_BREP('',#937);
#937 = CLOSED_SHELL('',(#938,#978,#1009,#1040,#1737,#2434,#2451,#2468,
    #2485,#2502,#2519,#2536,#2553,#2570,#2587,#2604,#2621,#2638,#2655,
    #2672,#2689,#2706,#2723,#2740,#2757,#2774,#2791,#2808,#2825,#2842,
    #2859,#2876,#2893,#2910,#2927,#2944,#2961,#2978,#2995,#3012,#3024,
    #3055,#3104,#3128,#3170,#3226,#3250,#3299,#3316,#3347,#3396,#3420,
    #3462,#3518,#3542,#3591,#3608,#3639,#3688,#3712,#3754,#3785,#3834,
    #3858,#3900,#3931,#3980,#4004,#4046,#4077,#4126,#4150,#4192,#4248,
    #4272,#4321,#4338,#4394,#4418,#4467,#4484,#4540,#4564,#4613,#4630,
    #4661,#4710,#4734,#4776,#4807,#4831,#4855,#4872,#4903,#4927,#4951,
    #4968,#4999,#5023,#5047,#5064,#5095,#5119,#5143,#5160,#5191,#5215,
    #5239,#5256,#5287,#5311,#5335,#5352,#5383,#5407,#5431,#5448,#5479,
    #5503,#5527,#5544,#5575,#5599,#5623,#5640,#5671,#5695,#5719,#5736,
    #5767,#5791,#5815,#5832,#5863,#5887,#5911,#5928,#5945,#5962,#5993,
    #6010,#6041,#6058,#6075,#6106,#6123,#6154,#6171,#6188,#6219,#6236,
    #6267,#6284,#6301,#6332,#6349,#6380,#6397,#6414,#6431,#6462,#6493,
    #6510,#6527,#6558,#6575,#6606,#6623,#6640,#6671,#6688,#6719,#6736,
    #6753,#6784,#6801,#6832,#6849,#6866,#6897,#6914,#6945,#6962,#6979,
    #7010,#7027,#7058,#7075,#7092,#7123,#7140,#7171,#7188,#7205,#7236,
    #7253,#7284,#7315,#7339,#7363,#7380,#7411,#7435,#7459,#7476,#7507,
    #7531,#7555,#7572,#7603,#7627,#7651,#7668,#7699,#7723,#7747,#7764,
    #7795,#7819,#7843,#7860,#7891,#7915,#7939,#7956,#7987,#8011,#8035,
    #8052,#8083,#8107,#8131,#8148,#8179,#8203,#8227,#8244,#8275,#8299,
    #8323,#8340,#8371,#8395,#8419,#8436,#8453,#8470,#8482,#8499,#8516,
    #8528,#8545,#8562,#8574,#8591,#8608,#8620,#8637,#8654,#8666,#8683,
    #8700,#8712,#8729,#8746,#8758,#8775,#8792,#8804,#8821,#8838,#8850,
    #8867,#8884,#8896,#8913,#8930,#8942,#8959,#8976,#8988,#9000,#9012,
    #9024,#9036,#9048,#9060,#9072,#9084,#9096,#9108,#9120));
#938 = ADVANCED_FACE('',(#939),#973,.T.);
#939 = FACE_BOUND('',#940,.T.);
#940 = EDGE_LOOP('',(#941,#951,#959,#967));
#941 = ORIENTED_EDGE('',*,*,#942,.T.);
#942 = EDGE_CURVE('',#943,#945,#947,.T.);
#943 = VERTEX_POINT('',#944);
#944 = CARTESIAN_POINT('',(4.04,1.27,0.254));
#945 = VERTEX_POINT('',#946);
#946 = CARTESIAN_POINT('',(6.58,1.27,0.254));
#947 = LINE('',#948,#949);
#948 = CARTESIAN_POINT('',(4.04,1.27,0.254));
#949 = VECTOR('',#950,1.);
#950 = DIRECTION('',(1.,0.,0.));
#951 = ORIENTED_EDGE('',*,*,#952,.T.);
#952 = EDGE_CURVE('',#945,#953,#955,.T.);
#953 = VERTEX_POINT('',#954);
#954 = CARTESIAN_POINT('',(6.58,1.016,0.));
#955 = LINE('',#956,#957);
#956 = CARTESIAN_POINT('',(6.58,1.27,0.254));
#957 = VECTOR('',#958,1.);
#958 = DIRECTION('',(0.,-0.707106781187,-0.707106781187));
#959 = ORIENTED_EDGE('',*,*,#960,.F.);
#960 = EDGE_CURVE('',#961,#953,#963,.T.);
#961 = VERTEX_POINT('',#962);
#962 = CARTESIAN_POINT('',(4.04,1.016,0.));
#963 = LINE('',#964,#965);
#964 = CARTESIAN_POINT('',(4.04,1.016,0.));
#965 = VECTOR('',#966,1.);
#966 = DIRECTION('',(1.,0.,0.));
#967 = ORIENTED_EDGE('',*,*,#968,.F.);
#968 = EDGE_CURVE('',#943,#961,#969,.T.);
#969 = LINE('',#970,#971);
#970 = CARTESIAN_POINT('',(4.04,1.27,0.254));
#971 = VECTOR('',#972,1.);
#972 = DIRECTION('',(0.,-0.707106781187,-0.707106781187));
#973 = PLANE('',#974);
#974 = AXIS2_PLACEMENT_3D('',#975,#976,#977);
#975 = CARTESIAN_POINT('',(4.04,1.27,0.254));
#976 = DIRECTION('',(0.,0.707106781187,-0.707106781187));
#977 = DIRECTION('',(0.,-0.707106781187,-0.707106781187));
#978 = ADVANCED_FACE('',(#979),#1004,.T.);
#979 = FACE_BOUND('',#980,.T.);
#980 = EDGE_LOOP('',(#981,#991,#997,#998));
#981 = ORIENTED_EDGE('',*,*,#982,.T.);
#982 = EDGE_CURVE('',#983,#985,#987,.T.);
#983 = VERTEX_POINT('',#984);
#984 = CARTESIAN_POINT('',(4.04,1.27,4.826));
#985 = VERTEX_POINT('',#986);
#986 = CARTESIAN_POINT('',(6.58,1.27,4.826));
#987 = LINE('',#988,#989);
#988 = CARTESIAN_POINT('',(4.04,1.27,4.826));
#989 = VECTOR('',#990,1.);
#990 = DIRECTION('',(1.,0.,0.));
#991 = ORIENTED_EDGE('',*,*,#992,.T.);
#992 = EDGE_CURVE('',#985,#945,#993,.T.);
#993 = LINE('',#994,#995);
#994 = CARTESIAN_POINT('',(6.58,1.27,4.826));
#995 = VECTOR('',#996,1.);
#996 = DIRECTION('',(0.,0.,-1.));
#997 = ORIENTED_EDGE('',*,*,#942,.F.);
#998 = ORIENTED_EDGE('',*,*,#999,.F.);
#999 = EDGE_CURVE('',#983,#943,#1000,.T.);
#1000 = LINE('',#1001,#1002);
#1001 = CARTESIAN_POINT('',(4.04,1.27,4.826));
#1002 = VECTOR('',#1003,1.);
#1003 = DIRECTION('',(0.,0.,-1.));
#1004 = PLANE('',#1005);
#1005 = AXIS2_PLACEMENT_3D('',#1006,#1007,#1008);
#1006 = CARTESIAN_POINT('',(4.04,1.27,4.826));
#1007 = DIRECTION('',(0.,1.,0.));
#1008 = DIRECTION('',(0.,0.,-1.));
#1009 = ADVANCED_FACE('',(#1010),#1035,.T.);
#1010 = FACE_BOUND('',#1011,.T.);
#1011 = EDGE_LOOP('',(#1012,#1013,#1021,#1029));
#1012 = ORIENTED_EDGE('',*,*,#960,.T.);
#1013 = ORIENTED_EDGE('',*,*,#1014,.T.);
#1014 = EDGE_CURVE('',#953,#1015,#1017,.T.);
#1015 = VERTEX_POINT('',#1016);
#1016 = CARTESIAN_POINT('',(6.58,-1.016,0.));
#1017 = LINE('',#1018,#1019);
#1018 = CARTESIAN_POINT('',(6.58,1.016,0.));
#1019 = VECTOR('',#1020,1.);
#1020 = DIRECTION('',(0.,-1.,0.));
#1021 = ORIENTED_EDGE('',*,*,#1022,.F.);
#1022 = EDGE_CURVE('',#1023,#1015,#1025,.T.);
#1023 = VERTEX_POINT('',#1024);
#1024 = CARTESIAN_POINT('',(4.04,-1.016,0.));
#1025 = LINE('',#1026,#1027);
#1026 = CARTESIAN_POINT('',(4.04,-1.016,0.));
#1027 = VECTOR('',#1028,1.);
#1028 = DIRECTION('',(1.,0.,0.));
#1029 = ORIENTED_EDGE('',*,*,#1030,.F.);
#1030 = EDGE_CURVE('',#961,#1023,#1031,.T.);
#1031 = LINE('',#1032,#1033);
#1032 = CARTESIAN_POINT('',(4.04,1.016,0.));
#1033 = VECTOR('',#1034,1.);
#1034 = DIRECTION('',(0.,-1.,0.));
#1035 = PLANE('',#1036);
#1036 = AXIS2_PLACEMENT_3D('',#1037,#1038,#1039);
#1037 = CARTESIAN_POINT('',(4.04,1.016,0.));
#1038 = DIRECTION('',(-0.,-0.,-1.));
#1039 = DIRECTION('',(0.,-1.,0.));
#1040 = ADVANCED_FACE('',(#1041,#1324,#1358,#1392,#1426,#1460,#1494,
    #1528,#1562,#1596,#1630,#1664,#1698),#1732,.T.);
#1041 = FACE_BOUND('',#1042,.T.);
#1042 = EDGE_LOOP('',(#1043,#1044,#1045,#1053,#1061,#1069,#1077,#1085,
    #1093,#1101,#1109,#1117,#1125,#1133,#1141,#1149,#1157,#1165,#1173,
    #1181,#1189,#1197,#1205,#1213,#1221,#1229,#1237,#1245,#1253,#1261,
    #1269,#1277,#1285,#1293,#1301,#1309,#1317,#1323));
#1043 = ORIENTED_EDGE('',*,*,#968,.T.);
#1044 = ORIENTED_EDGE('',*,*,#1030,.T.);
#1045 = ORIENTED_EDGE('',*,*,#1046,.T.);
#1046 = EDGE_CURVE('',#1023,#1047,#1049,.T.);
#1047 = VERTEX_POINT('',#1048);
#1048 = CARTESIAN_POINT('',(4.04,-1.27,0.254));
#1049 = LINE('',#1050,#1051);
#1050 = CARTESIAN_POINT('',(4.04,-1.016,0.));
#1051 = VECTOR('',#1052,1.);
#1052 = DIRECTION('',(0.,-0.707106781187,0.707106781187));
#1053 = ORIENTED_EDGE('',*,*,#1054,.T.);
#1054 = EDGE_CURVE('',#1047,#1055,#1057,.T.);
#1055 = VERTEX_POINT('',#1056);
#1056 = CARTESIAN_POINT('',(4.04,-1.524,0.));
#1057 = LINE('',#1058,#1059);
#1058 = CARTESIAN_POINT('',(4.04,-1.27,0.254));
#1059 = VECTOR('',#1060,1.);
#1060 = DIRECTION('',(0.,-0.707106781187,-0.707106781187));
#1061 = ORIENTED_EDGE('',*,*,#1062,.T.);
#1062 = EDGE_CURVE('',#1055,#1063,#1065,.T.);
#1063 = VERTEX_POINT('',#1064);
#1064 = CARTESIAN_POINT('',(4.04,-3.556,0.));
#1065 = LINE('',#1066,#1067);
#1066 = CARTESIAN_POINT('',(4.04,-1.524,0.));
#1067 = VECTOR('',#1068,1.);
#1068 = DIRECTION('',(0.,-1.,0.));
#1069 = ORIENTED_EDGE('',*,*,#1070,.T.);
#1070 = EDGE_CURVE('',#1063,#1071,#1073,.T.);
#1071 = VERTEX_POINT('',#1072);
#1072 = CARTESIAN_POINT('',(4.04,-3.81,0.254));
#1073 = LINE('',#1074,#1075);
#1074 = CARTESIAN_POINT('',(4.04,-3.556,0.));
#1075 = VECTOR('',#1076,1.);
#1076 = DIRECTION('',(0.,-0.707106781187,0.707106781187));
#1077 = ORIENTED_EDGE('',*,*,#1078,.T.);
#1078 = EDGE_CURVE('',#1071,#1079,#1081,.T.);
#1079 = VERTEX_POINT('',#1080);
#1080 = CARTESIAN_POINT('',(4.04,-4.064,0.));
#1081 = LINE('',#1082,#1083);
#1082 = CARTESIAN_POINT('',(4.04,-3.81,0.254));
#1083 = VECTOR('',#1084,1.);
#1084 = DIRECTION('',(0.,-0.707106781187,-0.707106781187));
#1085 = ORIENTED_EDGE('',*,*,#1086,.T.);
#1086 = EDGE_CURVE('',#1079,#1087,#1089,.T.);
#1087 = VERTEX_POINT('',#1088);
#1088 = CARTESIAN_POINT('',(4.04,-6.096,0.));
#1089 = LINE('',#1090,#1091);
#1090 = CARTESIAN_POINT('',(4.04,-4.064,0.));
#1091 = VECTOR('',#1092,1.);
#1092 = DIRECTION('',(0.,-1.,0.));
#1093 = ORIENTED_EDGE('',*,*,#1094,.T.);
#1094 = EDGE_CURVE('',#1087,#1095,#1097,.T.);
#1095 = VERTEX_POINT('',#1096);
#1096 = CARTESIAN_POINT('',(4.04,-6.35,0.254));
#1097 = LINE('',#1098,#1099);
#1098 = CARTESIAN_POINT('',(4.04,-6.096,0.));
#1099 = VECTOR('',#1100,1.);
#1100 = DIRECTION('',(0.,-0.707106781187,0.707106781187));
#1101 = ORIENTED_EDGE('',*,*,#1102,.T.);
#1102 = EDGE_CURVE('',#1095,#1103,#1105,.T.);
#1103 = VERTEX_POINT('',#1104);
#1104 = CARTESIAN_POINT('',(4.04,-6.604,0.));
#1105 = LINE('',#1106,#1107);
#1106 = CARTESIAN_POINT('',(4.04,-6.35,0.254));
#1107 = VECTOR('',#1108,1.);
#1108 = DIRECTION('',(0.,-0.707106781187,-0.707106781187));
#1109 = ORIENTED_EDGE('',*,*,#1110,.T.);
#1110 = EDGE_CURVE('',#1103,#1111,#1113,.T.);
#1111 = VERTEX_POINT('',#1112);
#1112 = CARTESIAN_POINT('',(4.04,-8.636,0.));
#1113 = LINE('',#1114,#1115);
#1114 = CARTESIAN_POINT('',(4.04,-6.604,0.));
#1115 = VECTOR('',#1116,1.);
#1116 = DIRECTION('',(0.,-1.,0.));
#1117 = ORIENTED_EDGE('',*,*,#1118,.T.);
#1118 = EDGE_CURVE('',#1111,#1119,#1121,.T.);
#1119 = VERTEX_POINT('',#1120);
#1120 = CARTESIAN_POINT('',(4.04,-8.89,0.254));
#1121 = LINE('',#1122,#1123);
#1122 = CARTESIAN_POINT('',(4.04,-8.636,0.));
#1123 = VECTOR('',#1124,1.);
#1124 = DIRECTION('',(0.,-0.707106781187,0.707106781187));
#1125 = ORIENTED_EDGE('',*,*,#1126,.T.);
#1126 = EDGE_CURVE('',#1119,#1127,#1129,.T.);
#1127 = VERTEX_POINT('',#1128);
#1128 = CARTESIAN_POINT('',(4.04,-9.144,0.));
#1129 = LINE('',#1130,#1131);
#1130 = CARTESIAN_POINT('',(4.04,-8.89,0.254));
#1131 = VECTOR('',#1132,1.);
#1132 = DIRECTION('',(0.,-0.707106781187,-0.707106781187));
#1133 = ORIENTED_EDGE('',*,*,#1134,.T.);
#1134 = EDGE_CURVE('',#1127,#1135,#1137,.T.);
#1135 = VERTEX_POINT('',#1136);
#1136 = CARTESIAN_POINT('',(4.04,-11.176,0.));
#1137 = LINE('',#1138,#1139);
#1138 = CARTESIAN_POINT('',(4.04,-9.144,0.));
#1139 = VECTOR('',#1140,1.);
#1140 = DIRECTION('',(0.,-1.,0.));
#1141 = ORIENTED_EDGE('',*,*,#1142,.T.);
#1142 = EDGE_CURVE('',#1135,#1143,#1145,.T.);
#1143 = VERTEX_POINT('',#1144);
#1144 = CARTESIAN_POINT('',(4.04,-11.43,0.254));
#1145 = LINE('',#1146,#1147);
#1146 = CARTESIAN_POINT('',(4.04,-11.176,0.));
#1147 = VECTOR('',#1148,1.);
#1148 = DIRECTION('',(0.,-0.707106781187,0.707106781187));
#1149 = ORIENTED_EDGE('',*,*,#1150,.T.);
#1150 = EDGE_CURVE('',#1143,#1151,#1153,.T.);
#1151 = VERTEX_POINT('',#1152);
#1152 = CARTESIAN_POINT('',(4.04,-11.684,0.));
#1153 = LINE('',#1154,#1155);
#1154 = CARTESIAN_POINT('',(4.04,-11.43,0.254));
#1155 = VECTOR('',#1156,1.);
#1156 = DIRECTION('',(0.,-0.707106781187,-0.707106781187));
#1157 = ORIENTED_EDGE('',*,*,#1158,.T.);
#1158 = EDGE_CURVE('',#1151,#1159,#1161,.T.);
#1159 = VERTEX_POINT('',#1160);
#1160 = CARTESIAN_POINT('',(4.04,-13.716,0.));
#1161 = LINE('',#1162,#1163);
#1162 = CARTESIAN_POINT('',(4.04,-11.684,0.));
#1163 = VECTOR('',#1164,1.);
#1164 = DIRECTION('',(0.,-1.,0.));
#1165 = ORIENTED_EDGE('',*,*,#1166,.T.);
#1166 = EDGE_CURVE('',#1159,#1167,#1169,.T.);
#1167 = VERTEX_POINT('',#1168);
#1168 = CARTESIAN_POINT('',(4.04,-13.97,0.254));
#1169 = LINE('',#1170,#1171);
#1170 = CARTESIAN_POINT('',(4.04,-13.716,0.));
#1171 = VECTOR('',#1172,1.);
#1172 = DIRECTION('',(0.,-0.707106781187,0.707106781187));
#1173 = ORIENTED_EDGE('',*,*,#1174,.T.);
#1174 = EDGE_CURVE('',#1167,#1175,#1177,.T.);
#1175 = VERTEX_POINT('',#1176);
#1176 = CARTESIAN_POINT('',(4.04,-13.97,4.826));
#1177 = LINE('',#1178,#1179);
#1178 = CARTESIAN_POINT('',(4.04,-13.97,0.254));
#1179 = VECTOR('',#1180,1.);
#1180 = DIRECTION('',(0.,0.,1.));
#1181 = ORIENTED_EDGE('',*,*,#1182,.T.);
#1182 = EDGE_CURVE('',#1175,#1183,#1185,.T.);
#1183 = VERTEX_POINT('',#1184);
#1184 = CARTESIAN_POINT('',(4.04,-13.716,5.08));
#1185 = LINE('',#1186,#1187);
#1186 = CARTESIAN_POINT('',(4.04,-13.97,4.826));
#1187 = VECTOR('',#1188,1.);
#1188 = DIRECTION('',(0.,0.707106781187,0.707106781187));
#1189 = ORIENTED_EDGE('',*,*,#1190,.T.);
#1190 = EDGE_CURVE('',#1183,#1191,#1193,.T.);
#1191 = VERTEX_POINT('',#1192);
#1192 = CARTESIAN_POINT('',(4.04,-11.684,5.08));
#1193 = LINE('',#1194,#1195);
#1194 = CARTESIAN_POINT('',(4.04,-13.716,5.08));
#1195 = VECTOR('',#1196,1.);
#1196 = DIRECTION('',(0.,1.,0.));
#1197 = ORIENTED_EDGE('',*,*,#1198,.T.);
#1198 = EDGE_CURVE('',#1191,#1199,#1201,.T.);
#1199 = VERTEX_POINT('',#1200);
#1200 = CARTESIAN_POINT('',(4.04,-11.43,4.826));
#1201 = LINE('',#1202,#1203);
#1202 = CARTESIAN_POINT('',(4.04,-11.684,5.08));
#1203 = VECTOR('',#1204,1.);
#1204 = DIRECTION('',(0.,0.707106781187,-0.707106781187));
#1205 = ORIENTED_EDGE('',*,*,#1206,.T.);
#1206 = EDGE_CURVE('',#1199,#1207,#1209,.T.);
#1207 = VERTEX_POINT('',#1208);
#1208 = CARTESIAN_POINT('',(4.04,-11.176,5.08));
#1209 = LINE('',#1210,#1211);
#1210 = CARTESIAN_POINT('',(4.04,-11.43,4.826));
#1211 = VECTOR('',#1212,1.);
#1212 = DIRECTION('',(0.,0.707106781187,0.707106781187));
#1213 = ORIENTED_EDGE('',*,*,#1214,.T.);
#1214 = EDGE_CURVE('',#1207,#1215,#1217,.T.);
#1215 = VERTEX_POINT('',#1216);
#1216 = CARTESIAN_POINT('',(4.04,-9.144,5.08));
#1217 = LINE('',#1218,#1219);
#1218 = CARTESIAN_POINT('',(4.04,-11.176,5.08));
#1219 = VECTOR('',#1220,1.);
#1220 = DIRECTION('',(0.,1.,0.));
#1221 = ORIENTED_EDGE('',*,*,#1222,.T.);
#1222 = EDGE_CURVE('',#1215,#1223,#1225,.T.);
#1223 = VERTEX_POINT('',#1224);
#1224 = CARTESIAN_POINT('',(4.04,-8.89,4.826));
#1225 = LINE('',#1226,#1227);
#1226 = CARTESIAN_POINT('',(4.04,-9.144,5.08));
#1227 = VECTOR('',#1228,1.);
#1228 = DIRECTION('',(0.,0.707106781187,-0.707106781187));
#1229 = ORIENTED_EDGE('',*,*,#1230,.T.);
#1230 = EDGE_CURVE('',#1223,#1231,#1233,.T.);
#1231 = VERTEX_POINT('',#1232);
#1232 = CARTESIAN_POINT('',(4.04,-8.636,5.08));
#1233 = LINE('',#1234,#1235);
#1234 = CARTESIAN_POINT('',(4.04,-8.89,4.826));
#1235 = VECTOR('',#1236,1.);
#1236 = DIRECTION('',(0.,0.707106781187,0.707106781187));
#1237 = ORIENTED_EDGE('',*,*,#1238,.T.);
#1238 = EDGE_CURVE('',#1231,#1239,#1241,.T.);
#1239 = VERTEX_POINT('',#1240);
#1240 = CARTESIAN_POINT('',(4.04,-6.604,5.08));
#1241 = LINE('',#1242,#1243);
#1242 = CARTESIAN_POINT('',(4.04,-8.636,5.08));
#1243 = VECTOR('',#1244,1.);
#1244 = DIRECTION('',(0.,1.,0.));
#1245 = ORIENTED_EDGE('',*,*,#1246,.T.);
#1246 = EDGE_CURVE('',#1239,#1247,#1249,.T.);
#1247 = VERTEX_POINT('',#1248);
#1248 = CARTESIAN_POINT('',(4.04,-6.35,4.826));
#1249 = LINE('',#1250,#1251);
#1250 = CARTESIAN_POINT('',(4.04,-6.604,5.08));
#1251 = VECTOR('',#1252,1.);
#1252 = DIRECTION('',(0.,0.707106781187,-0.707106781187));
#1253 = ORIENTED_EDGE('',*,*,#1254,.T.);
#1254 = EDGE_CURVE('',#1247,#1255,#1257,.T.);
#1255 = VERTEX_POINT('',#1256);
#1256 = CARTESIAN_POINT('',(4.04,-6.096,5.08));
#1257 = LINE('',#1258,#1259);
#1258 = CARTESIAN_POINT('',(4.04,-6.35,4.826));
#1259 = VECTOR('',#1260,1.);
#1260 = DIRECTION('',(0.,0.707106781187,0.707106781187));
#1261 = ORIENTED_EDGE('',*,*,#1262,.T.);
#1262 = EDGE_CURVE('',#1255,#1263,#1265,.T.);
#1263 = VERTEX_POINT('',#1264);
#1264 = CARTESIAN_POINT('',(4.04,-4.064,5.08));
#1265 = LINE('',#1266,#1267);
#1266 = CARTESIAN_POINT('',(4.04,-6.096,5.08));
#1267 = VECTOR('',#1268,1.);
#1268 = DIRECTION('',(0.,1.,0.));
#1269 = ORIENTED_EDGE('',*,*,#1270,.T.);
#1270 = EDGE_CURVE('',#1263,#1271,#1273,.T.);
#1271 = VERTEX_POINT('',#1272);
#1272 = CARTESIAN_POINT('',(4.04,-3.81,4.826));
#1273 = LINE('',#1274,#1275);
#1274 = CARTESIAN_POINT('',(4.04,-4.064,5.08));
#1275 = VECTOR('',#1276,1.);
#1276 = DIRECTION('',(0.,0.707106781187,-0.707106781187));
#1277 = ORIENTED_EDGE('',*,*,#1278,.T.);
#1278 = EDGE_CURVE('',#1271,#1279,#1281,.T.);
#1279 = VERTEX_POINT('',#1280);
#1280 = CARTESIAN_POINT('',(4.04,-3.556,5.08));
#1281 = LINE('',#1282,#1283);
#1282 = CARTESIAN_POINT('',(4.04,-3.81,4.826));
#1283 = VECTOR('',#1284,1.);
#1284 = DIRECTION('',(0.,0.707106781187,0.707106781187));
#1285 = ORIENTED_EDGE('',*,*,#1286,.T.);
#1286 = EDGE_CURVE('',#1279,#1287,#1289,.T.);
#1287 = VERTEX_POINT('',#1288);
#1288 = CARTESIAN_POINT('',(4.04,-1.524,5.08));
#1289 = LINE('',#1290,#1291);
#1290 = CARTESIAN_POINT('',(4.04,-3.556,5.08));
#1291 = VECTOR('',#1292,1.);
#1292 = DIRECTION('',(0.,1.,0.));
#1293 = ORIENTED_EDGE('',*,*,#1294,.T.);
#1294 = EDGE_CURVE('',#1287,#1295,#1297,.T.);
#1295 = VERTEX_POINT('',#1296);
#1296 = CARTESIAN_POINT('',(4.04,-1.27,4.826));
#1297 = LINE('',#1298,#1299);
#1298 = CARTESIAN_POINT('',(4.04,-1.524,5.08));
#1299 = VECTOR('',#1300,1.);
#1300 = DIRECTION('',(0.,0.707106781187,-0.707106781187));
#1301 = ORIENTED_EDGE('',*,*,#1302,.T.);
#1302 = EDGE_CURVE('',#1295,#1303,#1305,.T.);
#1303 = VERTEX_POINT('',#1304);
#1304 = CARTESIAN_POINT('',(4.04,-1.016,5.08));
#1305 = LINE('',#1306,#1307);
#1306 = CARTESIAN_POINT('',(4.04,-1.27,4.826));
#1307 = VECTOR('',#1308,1.);
#1308 = DIRECTION('',(0.,0.707106781187,0.707106781187));
#1309 = ORIENTED_EDGE('',*,*,#1310,.T.);
#1310 = EDGE_CURVE('',#1303,#1311,#1313,.T.);
#1311 = VERTEX_POINT('',#1312);
#1312 = CARTESIAN_POINT('',(4.04,1.016,5.08));
#1313 = LINE('',#1314,#1315);
#1314 = CARTESIAN_POINT('',(4.04,-1.016,5.08));
#1315 = VECTOR('',#1316,1.);
#1316 = DIRECTION('',(0.,1.,0.));
#1317 = ORIENTED_EDGE('',*,*,#1318,.T.);
#1318 = EDGE_CURVE('',#1311,#983,#1319,.T.);
#1319 = LINE('',#1320,#1321);
#1320 = CARTESIAN_POINT('',(4.04,1.016,5.08));
#1321 = VECTOR('',#1322,1.);
#1322 = DIRECTION('',(0.,0.707106781187,-0.707106781187));
#1323 = ORIENTED_EDGE('',*,*,#999,.T.);
#1324 = FACE_BOUND('',#1325,.T.);
#1325 = EDGE_LOOP('',(#1326,#1336,#1344,#1352));
#1326 = ORIENTED_EDGE('',*,*,#1327,.F.);
#1327 = EDGE_CURVE('',#1328,#1330,#1332,.T.);
#1328 = VERTEX_POINT('',#1329);
#1329 = CARTESIAN_POINT('',(4.04,-10.48,4.13));
#1330 = VERTEX_POINT('',#1331);
#1331 = CARTESIAN_POINT('',(4.04,-9.84,4.13));
#1332 = LINE('',#1333,#1334);
#1333 = CARTESIAN_POINT('',(4.04,-8.095,4.13));
#1334 = VECTOR('',#1335,1.);
#1335 = DIRECTION('',(0.,1.,0.));
#1336 = ORIENTED_EDGE('',*,*,#1337,.T.);
#1337 = EDGE_CURVE('',#1328,#1338,#1340,.T.);
#1338 = VERTEX_POINT('',#1339);
#1339 = CARTESIAN_POINT('',(4.04,-10.48,3.49));
#1340 = LINE('',#1341,#1342);
#1341 = CARTESIAN_POINT('',(4.04,-10.48,2.545602845731));
#1342 = VECTOR('',#1343,1.);
#1343 = DIRECTION('',(0.,0.,-1.));
#1344 = ORIENTED_EDGE('',*,*,#1345,.F.);
#1345 = EDGE_CURVE('',#1346,#1338,#1348,.T.);
#1346 = VERTEX_POINT('',#1347);
#1347 = CARTESIAN_POINT('',(4.04,-9.84,3.49));
#1348 = LINE('',#1349,#1350);
#1349 = CARTESIAN_POINT('',(4.04,-8.095,3.49));
#1350 = VECTOR('',#1351,1.);
#1351 = DIRECTION('',(0.,-1.,0.));
#1352 = ORIENTED_EDGE('',*,*,#1353,.F.);
#1353 = EDGE_CURVE('',#1330,#1346,#1354,.T.);
#1354 = LINE('',#1355,#1356);
#1355 = CARTESIAN_POINT('',(4.04,-9.84,2.545602845731));
#1356 = VECTOR('',#1357,1.);
#1357 = DIRECTION('',(0.,0.,-1.));
#1358 = FACE_BOUND('',#1359,.T.);
#1359 = EDGE_LOOP('',(#1360,#1370,#1378,#1386));
#1360 = ORIENTED_EDGE('',*,*,#1361,.F.);
#1361 = EDGE_CURVE('',#1362,#1364,#1366,.T.);
#1362 = VERTEX_POINT('',#1363);
#1363 = CARTESIAN_POINT('',(4.04,-7.3,4.13));
#1364 = VERTEX_POINT('',#1365);
#1365 = CARTESIAN_POINT('',(4.04,-7.3,3.49));
#1366 = LINE('',#1367,#1368);
#1367 = CARTESIAN_POINT('',(4.04,-7.3,2.545602845731));
#1368 = VECTOR('',#1369,1.);
#1369 = DIRECTION('',(0.,0.,-1.));
#1370 = ORIENTED_EDGE('',*,*,#1371,.F.);
#1371 = EDGE_CURVE('',#1372,#1362,#1374,.T.);
#1372 = VERTEX_POINT('',#1373);
#1373 = CARTESIAN_POINT('',(4.04,-7.94,4.13));
#1374 = LINE('',#1375,#1376);
#1375 = CARTESIAN_POINT('',(4.04,-6.825,4.13));
#1376 = VECTOR('',#1377,1.);
#1377 = DIRECTION('',(0.,1.,0.));
#1378 = ORIENTED_EDGE('',*,*,#1379,.T.);
#1379 = EDGE_CURVE('',#1372,#1380,#1382,.T.);
#1380 = VERTEX_POINT('',#1381);
#1381 = CARTESIAN_POINT('',(4.04,-7.94,3.49));
#1382 = LINE('',#1383,#1384);
#1383 = CARTESIAN_POINT('',(4.04,-7.94,2.545602845731));
#1384 = VECTOR('',#1385,1.);
#1385 = DIRECTION('',(0.,0.,-1.));
#1386 = ORIENTED_EDGE('',*,*,#1387,.F.);
#1387 = EDGE_CURVE('',#1364,#1380,#1388,.T.);
#1388 = LINE('',#1389,#1390);
#1389 = CARTESIAN_POINT('',(4.04,-6.825,3.49));
#1390 = VECTOR('',#1391,1.);
#1391 = DIRECTION('',(0.,-1.,0.));
#1392 = FACE_BOUND('',#1393,.T.);
#1393 = EDGE_LOOP('',(#1394,#1404,#1412,#1420));
#1394 = ORIENTED_EDGE('',*,*,#1395,.F.);
#1395 = EDGE_CURVE('',#1396,#1398,#1400,.T.);
#1396 = VERTEX_POINT('',#1397);
#1397 = CARTESIAN_POINT('',(4.04,-2.86,4.13));
#1398 = VERTEX_POINT('',#1399);
#1399 = CARTESIAN_POINT('',(4.04,-2.22,4.13));
#1400 = LINE('',#1401,#1402);
#1401 = CARTESIAN_POINT('',(4.04,-4.285,4.13));
#1402 = VECTOR('',#1403,1.);
#1403 = DIRECTION('',(0.,1.,0.));
#1404 = ORIENTED_EDGE('',*,*,#1405,.T.);
#1405 = EDGE_CURVE('',#1396,#1406,#1408,.T.);
#1406 = VERTEX_POINT('',#1407);
#1407 = CARTESIAN_POINT('',(4.04,-2.86,3.49));
#1408 = LINE('',#1409,#1410);
#1409 = CARTESIAN_POINT('',(4.04,-2.86,2.545602845731));
#1410 = VECTOR('',#1411,1.);
#1411 = DIRECTION('',(0.,0.,-1.));
#1412 = ORIENTED_EDGE('',*,*,#1413,.F.);
#1413 = EDGE_CURVE('',#1414,#1406,#1416,.T.);
#1414 = VERTEX_POINT('',#1415);
#1415 = CARTESIAN_POINT('',(4.04,-2.22,3.49));
#1416 = LINE('',#1417,#1418);
#1417 = CARTESIAN_POINT('',(4.04,-4.285,3.49));
#1418 = VECTOR('',#1419,1.);
#1419 = DIRECTION('',(0.,-1.,0.));
#1420 = ORIENTED_EDGE('',*,*,#1421,.F.);
#1421 = EDGE_CURVE('',#1398,#1414,#1422,.T.);
#1422 = LINE('',#1423,#1424);
#1423 = CARTESIAN_POINT('',(4.04,-2.22,2.545602845731));
#1424 = VECTOR('',#1425,1.);
#1425 = DIRECTION('',(0.,0.,-1.));
#1426 = FACE_BOUND('',#1427,.T.);
#1427 = EDGE_LOOP('',(#1428,#1438,#1446,#1454));
#1428 = ORIENTED_EDGE('',*,*,#1429,.F.);
#1429 = EDGE_CURVE('',#1430,#1432,#1434,.T.);
#1430 = VERTEX_POINT('',#1431);
#1431 = CARTESIAN_POINT('',(4.04,-4.76,4.13));
#1432 = VERTEX_POINT('',#1433);
#1433 = CARTESIAN_POINT('',(4.04,-4.76,3.49));
#1434 = LINE('',#1435,#1436);
#1435 = CARTESIAN_POINT('',(4.04,-4.76,2.545602845731));
#1436 = VECTOR('',#1437,1.);
#1437 = DIRECTION('',(0.,0.,-1.));
#1438 = ORIENTED_EDGE('',*,*,#1439,.F.);
#1439 = EDGE_CURVE('',#1440,#1430,#1442,.T.);
#1440 = VERTEX_POINT('',#1441);
#1441 = CARTESIAN_POINT('',(4.04,-5.4,4.13));
#1442 = LINE('',#1443,#1444);
#1443 = CARTESIAN_POINT('',(4.04,-5.555,4.13));
#1444 = VECTOR('',#1445,1.);
#1445 = DIRECTION('',(0.,1.,0.));
#1446 = ORIENTED_EDGE('',*,*,#1447,.T.);
#1447 = EDGE_CURVE('',#1440,#1448,#1450,.T.);
#1448 = VERTEX_POINT('',#1449);
#1449 = CARTESIAN_POINT('',(4.04,-5.4,3.49));
#1450 = LINE('',#1451,#1452);
#1451 = CARTESIAN_POINT('',(4.04,-5.4,2.545602845731));
#1452 = VECTOR('',#1453,1.);
#1453 = DIRECTION('',(0.,0.,-1.));
#1454 = ORIENTED_EDGE('',*,*,#1455,.F.);
#1455 = EDGE_CURVE('',#1432,#1448,#1456,.T.);
#1456 = LINE('',#1457,#1458);
#1457 = CARTESIAN_POINT('',(4.04,-5.555,3.49));
#1458 = VECTOR('',#1459,1.);
#1459 = DIRECTION('',(0.,-1.,0.));
#1460 = FACE_BOUND('',#1461,.T.);
#1461 = EDGE_LOOP('',(#1462,#1472,#1480,#1488));
#1462 = ORIENTED_EDGE('',*,*,#1463,.F.);
#1463 = EDGE_CURVE('',#1464,#1466,#1468,.T.);
#1464 = VERTEX_POINT('',#1465);
#1465 = CARTESIAN_POINT('',(4.04,-12.38,3.49));
#1466 = VERTEX_POINT('',#1467);
#1467 = CARTESIAN_POINT('',(4.04,-13.02,3.49));
#1468 = LINE('',#1469,#1470);
#1469 = CARTESIAN_POINT('',(4.04,-9.365,3.49));
#1470 = VECTOR('',#1471,1.);
#1471 = DIRECTION('',(0.,-1.,0.));
#1472 = ORIENTED_EDGE('',*,*,#1473,.F.);
#1473 = EDGE_CURVE('',#1474,#1464,#1476,.T.);
#1474 = VERTEX_POINT('',#1475);
#1475 = CARTESIAN_POINT('',(4.04,-12.38,4.13));
#1476 = LINE('',#1477,#1478);
#1477 = CARTESIAN_POINT('',(4.04,-12.38,2.545602845731));
#1478 = VECTOR('',#1479,1.);
#1479 = DIRECTION('',(0.,0.,-1.));
#1480 = ORIENTED_EDGE('',*,*,#1481,.F.);
#1481 = EDGE_CURVE('',#1482,#1474,#1484,.T.);
#1482 = VERTEX_POINT('',#1483);
#1483 = CARTESIAN_POINT('',(4.04,-13.02,4.13));
#1484 = LINE('',#1485,#1486);
#1485 = CARTESIAN_POINT('',(4.04,-9.365,4.13));
#1486 = VECTOR('',#1487,1.);
#1487 = DIRECTION('',(0.,1.,0.));
#1488 = ORIENTED_EDGE('',*,*,#1489,.T.);
#1489 = EDGE_CURVE('',#1482,#1466,#1490,.T.);
#1490 = LINE('',#1491,#1492);
#1491 = CARTESIAN_POINT('',(4.04,-13.02,2.545602845731));
#1492 = VECTOR('',#1493,1.);
#1493 = DIRECTION('',(0.,0.,-1.));
#1494 = FACE_BOUND('',#1495,.T.);
#1495 = EDGE_LOOP('',(#1496,#1506,#1514,#1522));
#1496 = ORIENTED_EDGE('',*,*,#1497,.F.);
#1497 = EDGE_CURVE('',#1498,#1500,#1502,.T.);
#1498 = VERTEX_POINT('',#1499);
#1499 = CARTESIAN_POINT('',(4.04,-10.48,1.59));
#1500 = VERTEX_POINT('',#1501);
#1501 = CARTESIAN_POINT('',(4.04,-9.84,1.59));
#1502 = LINE('',#1503,#1504);
#1503 = CARTESIAN_POINT('',(4.04,-8.095,1.59));
#1504 = VECTOR('',#1505,1.);
#1505 = DIRECTION('',(0.,1.,0.));
#1506 = ORIENTED_EDGE('',*,*,#1507,.T.);
#1507 = EDGE_CURVE('',#1498,#1508,#1510,.T.);
#1508 = VERTEX_POINT('',#1509);
#1509 = CARTESIAN_POINT('',(4.04,-10.48,0.95));
#1510 = LINE('',#1511,#1512);
#1511 = CARTESIAN_POINT('',(4.04,-10.48,1.559540133779));
#1512 = VECTOR('',#1513,1.);
#1513 = DIRECTION('',(0.,-1.161915124245E-33,-1.));
#1514 = ORIENTED_EDGE('',*,*,#1515,.F.);
#1515 = EDGE_CURVE('',#1516,#1508,#1518,.T.);
#1516 = VERTEX_POINT('',#1517);
#1517 = CARTESIAN_POINT('',(4.04,-9.84,0.95));
#1518 = LINE('',#1519,#1520);
#1519 = CARTESIAN_POINT('',(4.04,-8.095,0.95));
#1520 = VECTOR('',#1521,1.);
#1521 = DIRECTION('',(0.,-1.,0.));
#1522 = ORIENTED_EDGE('',*,*,#1523,.F.);
#1523 = EDGE_CURVE('',#1500,#1516,#1524,.T.);
#1524 = LINE('',#1525,#1526);
#1525 = CARTESIAN_POINT('',(4.04,-9.84,1.559540133779));
#1526 = VECTOR('',#1527,1.);
#1527 = DIRECTION('',(0.,-1.161915124245E-33,-1.));
#1528 = FACE_BOUND('',#1529,.T.);
#1529 = EDGE_LOOP('',(#1530,#1540,#1548,#1556));
#1530 = ORIENTED_EDGE('',*,*,#1531,.F.);
#1531 = EDGE_CURVE('',#1532,#1534,#1536,.T.);
#1532 = VERTEX_POINT('',#1533);
#1533 = CARTESIAN_POINT('',(4.04,-7.94,1.59));
#1534 = VERTEX_POINT('',#1535);
#1535 = CARTESIAN_POINT('',(4.04,-7.3,1.59));
#1536 = LINE('',#1537,#1538);
#1537 = CARTESIAN_POINT('',(4.04,-6.825,1.59));
#1538 = VECTOR('',#1539,1.);
#1539 = DIRECTION('',(0.,1.,0.));
#1540 = ORIENTED_EDGE('',*,*,#1541,.T.);
#1541 = EDGE_CURVE('',#1532,#1542,#1544,.T.);
#1542 = VERTEX_POINT('',#1543);
#1543 = CARTESIAN_POINT('',(4.04,-7.94,0.95));
#1544 = LINE('',#1545,#1546);
#1545 = CARTESIAN_POINT('',(4.04,-7.94,1.559540133779));
#1546 = VECTOR('',#1547,1.);
#1547 = DIRECTION('',(0.,-1.161915124245E-33,-1.));
#1548 = ORIENTED_EDGE('',*,*,#1549,.F.);
#1549 = EDGE_CURVE('',#1550,#1542,#1552,.T.);
#1550 = VERTEX_POINT('',#1551);
#1551 = CARTESIAN_POINT('',(4.04,-7.3,0.95));
#1552 = LINE('',#1553,#1554);
#1553 = CARTESIAN_POINT('',(4.04,-6.825,0.95));
#1554 = VECTOR('',#1555,1.);
#1555 = DIRECTION('',(0.,-1.,0.));
#1556 = ORIENTED_EDGE('',*,*,#1557,.F.);
#1557 = EDGE_CURVE('',#1534,#1550,#1558,.T.);
#1558 = LINE('',#1559,#1560);
#1559 = CARTESIAN_POINT('',(4.04,-7.3,1.559540133779));
#1560 = VECTOR('',#1561,1.);
#1561 = DIRECTION('',(0.,-1.161915124245E-33,-1.));
#1562 = FACE_BOUND('',#1563,.T.);
#1563 = EDGE_LOOP('',(#1564,#1574,#1582,#1590));
#1564 = ORIENTED_EDGE('',*,*,#1565,.F.);
#1565 = EDGE_CURVE('',#1566,#1568,#1570,.T.);
#1566 = VERTEX_POINT('',#1567);
#1567 = CARTESIAN_POINT('',(4.04,-2.86,1.59));
#1568 = VERTEX_POINT('',#1569);
#1569 = CARTESIAN_POINT('',(4.04,-2.22,1.59));
#1570 = LINE('',#1571,#1572);
#1571 = CARTESIAN_POINT('',(4.04,-4.285,1.59));
#1572 = VECTOR('',#1573,1.);
#1573 = DIRECTION('',(0.,1.,0.));
#1574 = ORIENTED_EDGE('',*,*,#1575,.T.);
#1575 = EDGE_CURVE('',#1566,#1576,#1578,.T.);
#1576 = VERTEX_POINT('',#1577);
#1577 = CARTESIAN_POINT('',(4.04,-2.86,0.95));
#1578 = LINE('',#1579,#1580);
#1579 = CARTESIAN_POINT('',(4.04,-2.86,1.559540133779));
#1580 = VECTOR('',#1581,1.);
#1581 = DIRECTION('',(0.,-1.161915124245E-33,-1.));
#1582 = ORIENTED_EDGE('',*,*,#1583,.F.);
#1583 = EDGE_CURVE('',#1584,#1576,#1586,.T.);
#1584 = VERTEX_POINT('',#1585);
#1585 = CARTESIAN_POINT('',(4.04,-2.22,0.95));
#1586 = LINE('',#1587,#1588);
#1587 = CARTESIAN_POINT('',(4.04,-4.285,0.95));
#1588 = VECTOR('',#1589,1.);
#1589 = DIRECTION('',(0.,-1.,0.));
#1590 = ORIENTED_EDGE('',*,*,#1591,.F.);
#1591 = EDGE_CURVE('',#1568,#1584,#1592,.T.);
#1592 = LINE('',#1593,#1594);
#1593 = CARTESIAN_POINT('',(4.04,-2.22,1.559540133779));
#1594 = VECTOR('',#1595,1.);
#1595 = DIRECTION('',(0.,-1.161915124245E-33,-1.));
#1596 = FACE_BOUND('',#1597,.T.);
#1597 = EDGE_LOOP('',(#1598,#1608,#1616,#1624));
#1598 = ORIENTED_EDGE('',*,*,#1599,.F.);
#1599 = EDGE_CURVE('',#1600,#1602,#1604,.T.);
#1600 = VERTEX_POINT('',#1601);
#1601 = CARTESIAN_POINT('',(4.04,-4.76,1.59));
#1602 = VERTEX_POINT('',#1603);
#1603 = CARTESIAN_POINT('',(4.04,-4.76,0.95));
#1604 = LINE('',#1605,#1606);
#1605 = CARTESIAN_POINT('',(4.04,-4.76,1.559540133779));
#1606 = VECTOR('',#1607,1.);
#1607 = DIRECTION('',(0.,-1.161915124245E-33,-1.));
#1608 = ORIENTED_EDGE('',*,*,#1609,.F.);
#1609 = EDGE_CURVE('',#1610,#1600,#1612,.T.);
#1610 = VERTEX_POINT('',#1611);
#1611 = CARTESIAN_POINT('',(4.04,-5.4,1.59));
#1612 = LINE('',#1613,#1614);
#1613 = CARTESIAN_POINT('',(4.04,-5.555,1.59));
#1614 = VECTOR('',#1615,1.);
#1615 = DIRECTION('',(0.,1.,0.));
#1616 = ORIENTED_EDGE('',*,*,#1617,.T.);
#1617 = EDGE_CURVE('',#1610,#1618,#1620,.T.);
#1618 = VERTEX_POINT('',#1619);
#1619 = CARTESIAN_POINT('',(4.04,-5.4,0.95));
#1620 = LINE('',#1621,#1622);
#1621 = CARTESIAN_POINT('',(4.04,-5.4,1.559540133779));
#1622 = VECTOR('',#1623,1.);
#1623 = DIRECTION('',(0.,-1.161915124245E-33,-1.));
#1624 = ORIENTED_EDGE('',*,*,#1625,.F.);
#1625 = EDGE_CURVE('',#1602,#1618,#1626,.T.);
#1626 = LINE('',#1627,#1628);
#1627 = CARTESIAN_POINT('',(4.04,-5.555,0.95));
#1628 = VECTOR('',#1629,1.);
#1629 = DIRECTION('',(0.,-1.,0.));
#1630 = FACE_BOUND('',#1631,.T.);
#1631 = EDGE_LOOP('',(#1632,#1642,#1650,#1658));
#1632 = ORIENTED_EDGE('',*,*,#1633,.F.);
#1633 = EDGE_CURVE('',#1634,#1636,#1638,.T.);
#1634 = VERTEX_POINT('',#1635);
#1635 = CARTESIAN_POINT('',(4.04,-12.38,1.59));
#1636 = VERTEX_POINT('',#1637);
#1637 = CARTESIAN_POINT('',(4.04,-12.38,0.95));
#1638 = LINE('',#1639,#1640);
#1639 = CARTESIAN_POINT('',(4.04,-12.38,1.559540133779));
#1640 = VECTOR('',#1641,1.);
#1641 = DIRECTION('',(0.,-1.161915124245E-33,-1.));
#1642 = ORIENTED_EDGE('',*,*,#1643,.F.);
#1643 = EDGE_CURVE('',#1644,#1634,#1646,.T.);
#1644 = VERTEX_POINT('',#1645);
#1645 = CARTESIAN_POINT('',(4.04,-13.02,1.59));
#1646 = LINE('',#1647,#1648);
#1647 = CARTESIAN_POINT('',(4.04,-9.365,1.59));
#1648 = VECTOR('',#1649,1.);
#1649 = DIRECTION('',(0.,1.,0.));
#1650 = ORIENTED_EDGE('',*,*,#1651,.T.);
#1651 = EDGE_CURVE('',#1644,#1652,#1654,.T.);
#1652 = VERTEX_POINT('',#1653);
#1653 = CARTESIAN_POINT('',(4.04,-13.02,0.95));
#1654 = LINE('',#1655,#1656);
#1655 = CARTESIAN_POINT('',(4.04,-13.02,1.559540133779));
#1656 = VECTOR('',#1657,1.);
#1657 = DIRECTION('',(0.,-1.161915124245E-33,-1.));
#1658 = ORIENTED_EDGE('',*,*,#1659,.F.);
#1659 = EDGE_CURVE('',#1636,#1652,#1660,.T.);
#1660 = LINE('',#1661,#1662);
#1661 = CARTESIAN_POINT('',(4.04,-9.365,0.95));
#1662 = VECTOR('',#1663,1.);
#1663 = DIRECTION('',(0.,-1.,0.));
#1664 = FACE_BOUND('',#1665,.T.);
#1665 = EDGE_LOOP('',(#1666,#1676,#1684,#1692));
#1666 = ORIENTED_EDGE('',*,*,#1667,.F.);
#1667 = EDGE_CURVE('',#1668,#1670,#1672,.T.);
#1668 = VERTEX_POINT('',#1669);
#1669 = CARTESIAN_POINT('',(4.04,0.32,4.13));
#1670 = VERTEX_POINT('',#1671);
#1671 = CARTESIAN_POINT('',(4.04,0.32,3.49));
#1672 = LINE('',#1673,#1674);
#1673 = CARTESIAN_POINT('',(4.04,0.32,2.545602845731));
#1674 = VECTOR('',#1675,1.);
#1675 = DIRECTION('',(0.,0.,-1.));
#1676 = ORIENTED_EDGE('',*,*,#1677,.F.);
#1677 = EDGE_CURVE('',#1678,#1668,#1680,.T.);
#1678 = VERTEX_POINT('',#1679);
#1679 = CARTESIAN_POINT('',(4.04,-0.32,4.13));
#1680 = LINE('',#1681,#1682);
#1681 = CARTESIAN_POINT('',(4.04,-3.015,4.13));
#1682 = VECTOR('',#1683,1.);
#1683 = DIRECTION('',(0.,1.,0.));
#1684 = ORIENTED_EDGE('',*,*,#1685,.T.);
#1685 = EDGE_CURVE('',#1678,#1686,#1688,.T.);
#1686 = VERTEX_POINT('',#1687);
#1687 = CARTESIAN_POINT('',(4.04,-0.32,3.49));
#1688 = LINE('',#1689,#1690);
#1689 = CARTESIAN_POINT('',(4.04,-0.32,2.545602845731));
#1690 = VECTOR('',#1691,1.);
#1691 = DIRECTION('',(0.,0.,-1.));
#1692 = ORIENTED_EDGE('',*,*,#1693,.F.);
#1693 = EDGE_CURVE('',#1670,#1686,#1694,.T.);
#1694 = LINE('',#1695,#1696);
#1695 = CARTESIAN_POINT('',(4.04,-3.015,3.49));
#1696 = VECTOR('',#1697,1.);
#1697 = DIRECTION('',(0.,-1.,0.));
#1698 = FACE_BOUND('',#1699,.T.);
#1699 = EDGE_LOOP('',(#1700,#1710,#1718,#1726));
#1700 = ORIENTED_EDGE('',*,*,#1701,.F.);
#1701 = EDGE_CURVE('',#1702,#1704,#1706,.T.);
#1702 = VERTEX_POINT('',#1703);
#1703 = CARTESIAN_POINT('',(4.04,-0.32,1.59));
#1704 = VERTEX_POINT('',#1705);
#1705 = CARTESIAN_POINT('',(4.04,0.32,1.59));
#1706 = LINE('',#1707,#1708);
#1707 = CARTESIAN_POINT('',(4.04,-3.015,1.59));
#1708 = VECTOR('',#1709,1.);
#1709 = DIRECTION('',(0.,1.,0.));
#1710 = ORIENTED_EDGE('',*,*,#1711,.T.);
#1711 = EDGE_CURVE('',#1702,#1712,#1714,.T.);
#1712 = VERTEX_POINT('',#1713);
#1713 = CARTESIAN_POINT('',(4.04,-0.32,0.95));
#1714 = LINE('',#1715,#1716);
#1715 = CARTESIAN_POINT('',(4.04,-0.32,1.559540133779));
#1716 = VECTOR('',#1717,1.);
#1717 = DIRECTION('',(0.,-1.161915124245E-33,-1.));
#1718 = ORIENTED_EDGE('',*,*,#1719,.F.);
#1719 = EDGE_CURVE('',#1720,#1712,#1722,.T.);
#1720 = VERTEX_POINT('',#1721);
#1721 = CARTESIAN_POINT('',(4.04,0.32,0.95));
#1722 = LINE('',#1723,#1724);
#1723 = CARTESIAN_POINT('',(4.04,-3.015,0.95));
#1724 = VECTOR('',#1725,1.);
#1725 = DIRECTION('',(0.,-1.,0.));
#1726 = ORIENTED_EDGE('',*,*,#1727,.F.);
#1727 = EDGE_CURVE('',#1704,#1720,#1728,.T.);
#1728 = LINE('',#1729,#1730);
#1729 = CARTESIAN_POINT('',(4.04,0.32,1.559540133779));
#1730 = VECTOR('',#1731,1.);
#1731 = DIRECTION('',(0.,-1.161915124245E-33,-1.));
#1732 = PLANE('',#1733);
#1733 = AXIS2_PLACEMENT_3D('',#1734,#1735,#1736);
#1734 = CARTESIAN_POINT('',(4.04,-6.35,2.54));
#1735 = DIRECTION('',(-1.,-0.,-0.));
#1736 = DIRECTION('',(0.,0.,-1.));
#1737 = ADVANCED_FACE('',(#1738,#2021,#2055,#2089,#2123,#2157,#2191,
    #2225,#2259,#2293,#2327,#2361,#2395),#2429,.F.);
#1738 = FACE_BOUND('',#1739,.F.);
#1739 = EDGE_LOOP('',(#1740,#1741,#1742,#1750,#1758,#1766,#1774,#1782,
    #1790,#1798,#1806,#1814,#1822,#1830,#1838,#1846,#1854,#1862,#1870,
    #1878,#1886,#1894,#1902,#1910,#1918,#1926,#1934,#1942,#1950,#1958,
    #1966,#1974,#1982,#1990,#1998,#2006,#2014,#2020));
#1740 = ORIENTED_EDGE('',*,*,#952,.T.);
#1741 = ORIENTED_EDGE('',*,*,#1014,.T.);
#1742 = ORIENTED_EDGE('',*,*,#1743,.T.);
#1743 = EDGE_CURVE('',#1015,#1744,#1746,.T.);
#1744 = VERTEX_POINT('',#1745);
#1745 = CARTESIAN_POINT('',(6.58,-1.27,0.254));
#1746 = LINE('',#1747,#1748);
#1747 = CARTESIAN_POINT('',(6.58,-1.016,0.));
#1748 = VECTOR('',#1749,1.);
#1749 = DIRECTION('',(0.,-0.707106781187,0.707106781187));
#1750 = ORIENTED_EDGE('',*,*,#1751,.T.);
#1751 = EDGE_CURVE('',#1744,#1752,#1754,.T.);
#1752 = VERTEX_POINT('',#1753);
#1753 = CARTESIAN_POINT('',(6.58,-1.524,0.));
#1754 = LINE('',#1755,#1756);
#1755 = CARTESIAN_POINT('',(6.58,-1.27,0.254));
#1756 = VECTOR('',#1757,1.);
#1757 = DIRECTION('',(0.,-0.707106781187,-0.707106781187));
#1758 = ORIENTED_EDGE('',*,*,#1759,.T.);
#1759 = EDGE_CURVE('',#1752,#1760,#1762,.T.);
#1760 = VERTEX_POINT('',#1761);
#1761 = CARTESIAN_POINT('',(6.58,-3.556,0.));
#1762 = LINE('',#1763,#1764);
#1763 = CARTESIAN_POINT('',(6.58,-1.524,0.));
#1764 = VECTOR('',#1765,1.);
#1765 = DIRECTION('',(0.,-1.,0.));
#1766 = ORIENTED_EDGE('',*,*,#1767,.T.);
#1767 = EDGE_CURVE('',#1760,#1768,#1770,.T.);
#1768 = VERTEX_POINT('',#1769);
#1769 = CARTESIAN_POINT('',(6.58,-3.81,0.254));
#1770 = LINE('',#1771,#1772);
#1771 = CARTESIAN_POINT('',(6.58,-3.556,0.));
#1772 = VECTOR('',#1773,1.);
#1773 = DIRECTION('',(0.,-0.707106781187,0.707106781187));
#1774 = ORIENTED_EDGE('',*,*,#1775,.T.);
#1775 = EDGE_CURVE('',#1768,#1776,#1778,.T.);
#1776 = VERTEX_POINT('',#1777);
#1777 = CARTESIAN_POINT('',(6.58,-4.064,0.));
#1778 = LINE('',#1779,#1780);
#1779 = CARTESIAN_POINT('',(6.58,-3.81,0.254));
#1780 = VECTOR('',#1781,1.);
#1781 = DIRECTION('',(0.,-0.707106781187,-0.707106781187));
#1782 = ORIENTED_EDGE('',*,*,#1783,.T.);
#1783 = EDGE_CURVE('',#1776,#1784,#1786,.T.);
#1784 = VERTEX_POINT('',#1785);
#1785 = CARTESIAN_POINT('',(6.58,-6.096,0.));
#1786 = LINE('',#1787,#1788);
#1787 = CARTESIAN_POINT('',(6.58,-4.064,0.));
#1788 = VECTOR('',#1789,1.);
#1789 = DIRECTION('',(0.,-1.,0.));
#1790 = ORIENTED_EDGE('',*,*,#1791,.T.);
#1791 = EDGE_CURVE('',#1784,#1792,#1794,.T.);
#1792 = VERTEX_POINT('',#1793);
#1793 = CARTESIAN_POINT('',(6.58,-6.35,0.254));
#1794 = LINE('',#1795,#1796);
#1795 = CARTESIAN_POINT('',(6.58,-6.096,0.));
#1796 = VECTOR('',#1797,1.);
#1797 = DIRECTION('',(0.,-0.707106781187,0.707106781187));
#1798 = ORIENTED_EDGE('',*,*,#1799,.T.);
#1799 = EDGE_CURVE('',#1792,#1800,#1802,.T.);
#1800 = VERTEX_POINT('',#1801);
#1801 = CARTESIAN_POINT('',(6.58,-6.604,0.));
#1802 = LINE('',#1803,#1804);
#1803 = CARTESIAN_POINT('',(6.58,-6.35,0.254));
#1804 = VECTOR('',#1805,1.);
#1805 = DIRECTION('',(0.,-0.707106781187,-0.707106781187));
#1806 = ORIENTED_EDGE('',*,*,#1807,.T.);
#1807 = EDGE_CURVE('',#1800,#1808,#1810,.T.);
#1808 = VERTEX_POINT('',#1809);
#1809 = CARTESIAN_POINT('',(6.58,-8.636,0.));
#1810 = LINE('',#1811,#1812);
#1811 = CARTESIAN_POINT('',(6.58,-6.604,0.));
#1812 = VECTOR('',#1813,1.);
#1813 = DIRECTION('',(0.,-1.,0.));
#1814 = ORIENTED_EDGE('',*,*,#1815,.T.);
#1815 = EDGE_CURVE('',#1808,#1816,#1818,.T.);
#1816 = VERTEX_POINT('',#1817);
#1817 = CARTESIAN_POINT('',(6.58,-8.89,0.254));
#1818 = LINE('',#1819,#1820);
#1819 = CARTESIAN_POINT('',(6.58,-8.636,0.));
#1820 = VECTOR('',#1821,1.);
#1821 = DIRECTION('',(0.,-0.707106781187,0.707106781187));
#1822 = ORIENTED_EDGE('',*,*,#1823,.T.);
#1823 = EDGE_CURVE('',#1816,#1824,#1826,.T.);
#1824 = VERTEX_POINT('',#1825);
#1825 = CARTESIAN_POINT('',(6.58,-9.144,0.));
#1826 = LINE('',#1827,#1828);
#1827 = CARTESIAN_POINT('',(6.58,-8.89,0.254));
#1828 = VECTOR('',#1829,1.);
#1829 = DIRECTION('',(0.,-0.707106781187,-0.707106781187));
#1830 = ORIENTED_EDGE('',*,*,#1831,.T.);
#1831 = EDGE_CURVE('',#1824,#1832,#1834,.T.);
#1832 = VERTEX_POINT('',#1833);
#1833 = CARTESIAN_POINT('',(6.58,-11.176,0.));
#1834 = LINE('',#1835,#1836);
#1835 = CARTESIAN_POINT('',(6.58,-9.144,0.));
#1836 = VECTOR('',#1837,1.);
#1837 = DIRECTION('',(0.,-1.,0.));
#1838 = ORIENTED_EDGE('',*,*,#1839,.T.);
#1839 = EDGE_CURVE('',#1832,#1840,#1842,.T.);
#1840 = VERTEX_POINT('',#1841);
#1841 = CARTESIAN_POINT('',(6.58,-11.43,0.254));
#1842 = LINE('',#1843,#1844);
#1843 = CARTESIAN_POINT('',(6.58,-11.176,0.));
#1844 = VECTOR('',#1845,1.);
#1845 = DIRECTION('',(0.,-0.707106781187,0.707106781187));
#1846 = ORIENTED_EDGE('',*,*,#1847,.T.);
#1847 = EDGE_CURVE('',#1840,#1848,#1850,.T.);
#1848 = VERTEX_POINT('',#1849);
#1849 = CARTESIAN_POINT('',(6.58,-11.684,0.));
#1850 = LINE('',#1851,#1852);
#1851 = CARTESIAN_POINT('',(6.58,-11.43,0.254));
#1852 = VECTOR('',#1853,1.);
#1853 = DIRECTION('',(0.,-0.707106781187,-0.707106781187));
#1854 = ORIENTED_EDGE('',*,*,#1855,.T.);
#1855 = EDGE_CURVE('',#1848,#1856,#1858,.T.);
#1856 = VERTEX_POINT('',#1857);
#1857 = CARTESIAN_POINT('',(6.58,-13.716,0.));
#1858 = LINE('',#1859,#1860);
#1859 = CARTESIAN_POINT('',(6.58,-11.684,0.));
#1860 = VECTOR('',#1861,1.);
#1861 = DIRECTION('',(0.,-1.,0.));
#1862 = ORIENTED_EDGE('',*,*,#1863,.T.);
#1863 = EDGE_CURVE('',#1856,#1864,#1866,.T.);
#1864 = VERTEX_POINT('',#1865);
#1865 = CARTESIAN_POINT('',(6.58,-13.97,0.254));
#1866 = LINE('',#1867,#1868);
#1867 = CARTESIAN_POINT('',(6.58,-13.716,0.));
#1868 = VECTOR('',#1869,1.);
#1869 = DIRECTION('',(0.,-0.707106781187,0.707106781187));
#1870 = ORIENTED_EDGE('',*,*,#1871,.T.);
#1871 = EDGE_CURVE('',#1864,#1872,#1874,.T.);
#1872 = VERTEX_POINT('',#1873);
#1873 = CARTESIAN_POINT('',(6.58,-13.97,4.826));
#1874 = LINE('',#1875,#1876);
#1875 = CARTESIAN_POINT('',(6.58,-13.97,0.254));
#1876 = VECTOR('',#1877,1.);
#1877 = DIRECTION('',(0.,0.,1.));
#1878 = ORIENTED_EDGE('',*,*,#1879,.T.);
#1879 = EDGE_CURVE('',#1872,#1880,#1882,.T.);
#1880 = VERTEX_POINT('',#1881);
#1881 = CARTESIAN_POINT('',(6.58,-13.716,5.08));
#1882 = LINE('',#1883,#1884);
#1883 = CARTESIAN_POINT('',(6.58,-13.97,4.826));
#1884 = VECTOR('',#1885,1.);
#1885 = DIRECTION('',(0.,0.707106781187,0.707106781187));
#1886 = ORIENTED_EDGE('',*,*,#1887,.T.);
#1887 = EDGE_CURVE('',#1880,#1888,#1890,.T.);
#1888 = VERTEX_POINT('',#1889);
#1889 = CARTESIAN_POINT('',(6.58,-11.684,5.08));
#1890 = LINE('',#1891,#1892);
#1891 = CARTESIAN_POINT('',(6.58,-13.716,5.08));
#1892 = VECTOR('',#1893,1.);
#1893 = DIRECTION('',(0.,1.,0.));
#1894 = ORIENTED_EDGE('',*,*,#1895,.T.);
#1895 = EDGE_CURVE('',#1888,#1896,#1898,.T.);
#1896 = VERTEX_POINT('',#1897);
#1897 = CARTESIAN_POINT('',(6.58,-11.43,4.826));
#1898 = LINE('',#1899,#1900);
#1899 = CARTESIAN_POINT('',(6.58,-11.684,5.08));
#1900 = VECTOR('',#1901,1.);
#1901 = DIRECTION('',(0.,0.707106781187,-0.707106781187));
#1902 = ORIENTED_EDGE('',*,*,#1903,.T.);
#1903 = EDGE_CURVE('',#1896,#1904,#1906,.T.);
#1904 = VERTEX_POINT('',#1905);
#1905 = CARTESIAN_POINT('',(6.58,-11.176,5.08));
#1906 = LINE('',#1907,#1908);
#1907 = CARTESIAN_POINT('',(6.58,-11.43,4.826));
#1908 = VECTOR('',#1909,1.);
#1909 = DIRECTION('',(0.,0.707106781187,0.707106781187));
#1910 = ORIENTED_EDGE('',*,*,#1911,.T.);
#1911 = EDGE_CURVE('',#1904,#1912,#1914,.T.);
#1912 = VERTEX_POINT('',#1913);
#1913 = CARTESIAN_POINT('',(6.58,-9.144,5.08));
#1914 = LINE('',#1915,#1916);
#1915 = CARTESIAN_POINT('',(6.58,-11.176,5.08));
#1916 = VECTOR('',#1917,1.);
#1917 = DIRECTION('',(0.,1.,0.));
#1918 = ORIENTED_EDGE('',*,*,#1919,.T.);
#1919 = EDGE_CURVE('',#1912,#1920,#1922,.T.);
#1920 = VERTEX_POINT('',#1921);
#1921 = CARTESIAN_POINT('',(6.58,-8.89,4.826));
#1922 = LINE('',#1923,#1924);
#1923 = CARTESIAN_POINT('',(6.58,-9.144,5.08));
#1924 = VECTOR('',#1925,1.);
#1925 = DIRECTION('',(0.,0.707106781187,-0.707106781187));
#1926 = ORIENTED_EDGE('',*,*,#1927,.T.);
#1927 = EDGE_CURVE('',#1920,#1928,#1930,.T.);
#1928 = VERTEX_POINT('',#1929);
#1929 = CARTESIAN_POINT('',(6.58,-8.636,5.08));
#1930 = LINE('',#1931,#1932);
#1931 = CARTESIAN_POINT('',(6.58,-8.89,4.826));
#1932 = VECTOR('',#1933,1.);
#1933 = DIRECTION('',(0.,0.707106781187,0.707106781187));
#1934 = ORIENTED_EDGE('',*,*,#1935,.T.);
#1935 = EDGE_CURVE('',#1928,#1936,#1938,.T.);
#1936 = VERTEX_POINT('',#1937);
#1937 = CARTESIAN_POINT('',(6.58,-6.604,5.08));
#1938 = LINE('',#1939,#1940);
#1939 = CARTESIAN_POINT('',(6.58,-8.636,5.08));
#1940 = VECTOR('',#1941,1.);
#1941 = DIRECTION('',(0.,1.,0.));
#1942 = ORIENTED_EDGE('',*,*,#1943,.T.);
#1943 = EDGE_CURVE('',#1936,#1944,#1946,.T.);
#1944 = VERTEX_POINT('',#1945);
#1945 = CARTESIAN_POINT('',(6.58,-6.35,4.826));
#1946 = LINE('',#1947,#1948);
#1947 = CARTESIAN_POINT('',(6.58,-6.604,5.08));
#1948 = VECTOR('',#1949,1.);
#1949 = DIRECTION('',(0.,0.707106781187,-0.707106781187));
#1950 = ORIENTED_EDGE('',*,*,#1951,.T.);
#1951 = EDGE_CURVE('',#1944,#1952,#1954,.T.);
#1952 = VERTEX_POINT('',#1953);
#1953 = CARTESIAN_POINT('',(6.58,-6.096,5.08));
#1954 = LINE('',#1955,#1956);
#1955 = CARTESIAN_POINT('',(6.58,-6.35,4.826));
#1956 = VECTOR('',#1957,1.);
#1957 = DIRECTION('',(0.,0.707106781187,0.707106781187));
#1958 = ORIENTED_EDGE('',*,*,#1959,.T.);
#1959 = EDGE_CURVE('',#1952,#1960,#1962,.T.);
#1960 = VERTEX_POINT('',#1961);
#1961 = CARTESIAN_POINT('',(6.58,-4.064,5.08));
#1962 = LINE('',#1963,#1964);
#1963 = CARTESIAN_POINT('',(6.58,-6.096,5.08));
#1964 = VECTOR('',#1965,1.);
#1965 = DIRECTION('',(0.,1.,0.));
#1966 = ORIENTED_EDGE('',*,*,#1967,.T.);
#1967 = EDGE_CURVE('',#1960,#1968,#1970,.T.);
#1968 = VERTEX_POINT('',#1969);
#1969 = CARTESIAN_POINT('',(6.58,-3.81,4.826));
#1970 = LINE('',#1971,#1972);
#1971 = CARTESIAN_POINT('',(6.58,-4.064,5.08));
#1972 = VECTOR('',#1973,1.);
#1973 = DIRECTION('',(0.,0.707106781187,-0.707106781187));
#1974 = ORIENTED_EDGE('',*,*,#1975,.T.);
#1975 = EDGE_CURVE('',#1968,#1976,#1978,.T.);
#1976 = VERTEX_POINT('',#1977);
#1977 = CARTESIAN_POINT('',(6.58,-3.556,5.08));
#1978 = LINE('',#1979,#1980);
#1979 = CARTESIAN_POINT('',(6.58,-3.81,4.826));
#1980 = VECTOR('',#1981,1.);
#1981 = DIRECTION('',(0.,0.707106781187,0.707106781187));
#1982 = ORIENTED_EDGE('',*,*,#1983,.T.);
#1983 = EDGE_CURVE('',#1976,#1984,#1986,.T.);
#1984 = VERTEX_POINT('',#1985);
#1985 = CARTESIAN_POINT('',(6.58,-1.524,5.08));
#1986 = LINE('',#1987,#1988);
#1987 = CARTESIAN_POINT('',(6.58,-3.556,5.08));
#1988 = VECTOR('',#1989,1.);
#1989 = DIRECTION('',(0.,1.,0.));
#1990 = ORIENTED_EDGE('',*,*,#1991,.T.);
#1991 = EDGE_CURVE('',#1984,#1992,#1994,.T.);
#1992 = VERTEX_POINT('',#1993);
#1993 = CARTESIAN_POINT('',(6.58,-1.27,4.826));
#1994 = LINE('',#1995,#1996);
#1995 = CARTESIAN_POINT('',(6.58,-1.524,5.08));
#1996 = VECTOR('',#1997,1.);
#1997 = DIRECTION('',(0.,0.707106781187,-0.707106781187));
#1998 = ORIENTED_EDGE('',*,*,#1999,.T.);
#1999 = EDGE_CURVE('',#1992,#2000,#2002,.T.);
#2000 = VERTEX_POINT('',#2001);
#2001 = CARTESIAN_POINT('',(6.58,-1.016,5.08));
#2002 = LINE('',#2003,#2004);
#2003 = CARTESIAN_POINT('',(6.58,-1.27,4.826));
#2004 = VECTOR('',#2005,1.);
#2005 = DIRECTION('',(0.,0.707106781187,0.707106781187));
#2006 = ORIENTED_EDGE('',*,*,#2007,.T.);
#2007 = EDGE_CURVE('',#2000,#2008,#2010,.T.);
#2008 = VERTEX_POINT('',#2009);
#2009 = CARTESIAN_POINT('',(6.58,1.016,5.08));
#2010 = LINE('',#2011,#2012);
#2011 = CARTESIAN_POINT('',(6.58,-1.016,5.08));
#2012 = VECTOR('',#2013,1.);
#2013 = DIRECTION('',(0.,1.,0.));
#2014 = ORIENTED_EDGE('',*,*,#2015,.T.);
#2015 = EDGE_CURVE('',#2008,#985,#2016,.T.);
#2016 = LINE('',#2017,#2018);
#2017 = CARTESIAN_POINT('',(6.58,1.016,5.08));
#2018 = VECTOR('',#2019,1.);
#2019 = DIRECTION('',(0.,0.707106781187,-0.707106781187));
#2020 = ORIENTED_EDGE('',*,*,#992,.T.);
#2021 = FACE_BOUND('',#2022,.F.);
#2022 = EDGE_LOOP('',(#2023,#2033,#2041,#2049));
#2023 = ORIENTED_EDGE('',*,*,#2024,.F.);
#2024 = EDGE_CURVE('',#2025,#2027,#2029,.T.);
#2025 = VERTEX_POINT('',#2026);
#2026 = CARTESIAN_POINT('',(6.58,-10.48,4.13));
#2027 = VERTEX_POINT('',#2028);
#2028 = CARTESIAN_POINT('',(6.58,-9.84,4.13));
#2029 = LINE('',#2030,#2031);
#2030 = CARTESIAN_POINT('',(6.58,-8.095,4.13));
#2031 = VECTOR('',#2032,1.);
#2032 = DIRECTION('',(0.,1.,0.));
#2033 = ORIENTED_EDGE('',*,*,#2034,.T.);
#2034 = EDGE_CURVE('',#2025,#2035,#2037,.T.);
#2035 = VERTEX_POINT('',#2036);
#2036 = CARTESIAN_POINT('',(6.58,-10.48,3.49));
#2037 = LINE('',#2038,#2039);
#2038 = CARTESIAN_POINT('',(6.58,-10.48,2.545602845731));
#2039 = VECTOR('',#2040,1.);
#2040 = DIRECTION('',(0.,0.,-1.));
#2041 = ORIENTED_EDGE('',*,*,#2042,.F.);
#2042 = EDGE_CURVE('',#2043,#2035,#2045,.T.);
#2043 = VERTEX_POINT('',#2044);
#2044 = CARTESIAN_POINT('',(6.58,-9.84,3.49));
#2045 = LINE('',#2046,#2047);
#2046 = CARTESIAN_POINT('',(6.58,-8.095,3.49));
#2047 = VECTOR('',#2048,1.);
#2048 = DIRECTION('',(0.,-1.,0.));
#2049 = ORIENTED_EDGE('',*,*,#2050,.F.);
#2050 = EDGE_CURVE('',#2027,#2043,#2051,.T.);
#2051 = LINE('',#2052,#2053);
#2052 = CARTESIAN_POINT('',(6.58,-9.84,2.545602845731));
#2053 = VECTOR('',#2054,1.);
#2054 = DIRECTION('',(0.,0.,-1.));
#2055 = FACE_BOUND('',#2056,.F.);
#2056 = EDGE_LOOP('',(#2057,#2067,#2075,#2083));
#2057 = ORIENTED_EDGE('',*,*,#2058,.F.);
#2058 = EDGE_CURVE('',#2059,#2061,#2063,.T.);
#2059 = VERTEX_POINT('',#2060);
#2060 = CARTESIAN_POINT('',(6.58,-7.3,4.13));
#2061 = VERTEX_POINT('',#2062);
#2062 = CARTESIAN_POINT('',(6.58,-7.3,3.49));
#2063 = LINE('',#2064,#2065);
#2064 = CARTESIAN_POINT('',(6.58,-7.3,2.545602845731));
#2065 = VECTOR('',#2066,1.);
#2066 = DIRECTION('',(0.,0.,-1.));
#2067 = ORIENTED_EDGE('',*,*,#2068,.F.);
#2068 = EDGE_CURVE('',#2069,#2059,#2071,.T.);
#2069 = VERTEX_POINT('',#2070);
#2070 = CARTESIAN_POINT('',(6.58,-7.94,4.13));
#2071 = LINE('',#2072,#2073);
#2072 = CARTESIAN_POINT('',(6.58,-6.825,4.13));
#2073 = VECTOR('',#2074,1.);
#2074 = DIRECTION('',(0.,1.,0.));
#2075 = ORIENTED_EDGE('',*,*,#2076,.T.);
#2076 = EDGE_CURVE('',#2069,#2077,#2079,.T.);
#2077 = VERTEX_POINT('',#2078);
#2078 = CARTESIAN_POINT('',(6.58,-7.94,3.49));
#2079 = LINE('',#2080,#2081);
#2080 = CARTESIAN_POINT('',(6.58,-7.94,2.545602845731));
#2081 = VECTOR('',#2082,1.);
#2082 = DIRECTION('',(0.,0.,-1.));
#2083 = ORIENTED_EDGE('',*,*,#2084,.F.);
#2084 = EDGE_CURVE('',#2061,#2077,#2085,.T.);
#2085 = LINE('',#2086,#2087);
#2086 = CARTESIAN_POINT('',(6.58,-6.825,3.49));
#2087 = VECTOR('',#2088,1.);
#2088 = DIRECTION('',(0.,-1.,0.));
#2089 = FACE_BOUND('',#2090,.F.);
#2090 = EDGE_LOOP('',(#2091,#2101,#2109,#2117));
#2091 = ORIENTED_EDGE('',*,*,#2092,.F.);
#2092 = EDGE_CURVE('',#2093,#2095,#2097,.T.);
#2093 = VERTEX_POINT('',#2094);
#2094 = CARTESIAN_POINT('',(6.58,-2.86,4.13));
#2095 = VERTEX_POINT('',#2096);
#2096 = CARTESIAN_POINT('',(6.58,-2.22,4.13));
#2097 = LINE('',#2098,#2099);
#2098 = CARTESIAN_POINT('',(6.58,-4.285,4.13));
#2099 = VECTOR('',#2100,1.);
#2100 = DIRECTION('',(0.,1.,0.));
#2101 = ORIENTED_EDGE('',*,*,#2102,.T.);
#2102 = EDGE_CURVE('',#2093,#2103,#2105,.T.);
#2103 = VERTEX_POINT('',#2104);
#2104 = CARTESIAN_POINT('',(6.58,-2.86,3.49));
#2105 = LINE('',#2106,#2107);
#2106 = CARTESIAN_POINT('',(6.58,-2.86,2.545602845731));
#2107 = VECTOR('',#2108,1.);
#2108 = DIRECTION('',(0.,0.,-1.));
#2109 = ORIENTED_EDGE('',*,*,#2110,.F.);
#2110 = EDGE_CURVE('',#2111,#2103,#2113,.T.);
#2111 = VERTEX_POINT('',#2112);
#2112 = CARTESIAN_POINT('',(6.58,-2.22,3.49));
#2113 = LINE('',#2114,#2115);
#2114 = CARTESIAN_POINT('',(6.58,-4.285,3.49));
#2115 = VECTOR('',#2116,1.);
#2116 = DIRECTION('',(0.,-1.,0.));
#2117 = ORIENTED_EDGE('',*,*,#2118,.F.);
#2118 = EDGE_CURVE('',#2095,#2111,#2119,.T.);
#2119 = LINE('',#2120,#2121);
#2120 = CARTESIAN_POINT('',(6.58,-2.22,2.545602845731));
#2121 = VECTOR('',#2122,1.);
#2122 = DIRECTION('',(0.,0.,-1.));
#2123 = FACE_BOUND('',#2124,.F.);
#2124 = EDGE_LOOP('',(#2125,#2135,#2143,#2151));
#2125 = ORIENTED_EDGE('',*,*,#2126,.F.);
#2126 = EDGE_CURVE('',#2127,#2129,#2131,.T.);
#2127 = VERTEX_POINT('',#2128);
#2128 = CARTESIAN_POINT('',(6.58,-4.76,4.13));
#2129 = VERTEX_POINT('',#2130);
#2130 = CARTESIAN_POINT('',(6.58,-4.76,3.49));
#2131 = LINE('',#2132,#2133);
#2132 = CARTESIAN_POINT('',(6.58,-4.76,2.545602845731));
#2133 = VECTOR('',#2134,1.);
#2134 = DIRECTION('',(0.,0.,-1.));
#2135 = ORIENTED_EDGE('',*,*,#2136,.F.);
#2136 = EDGE_CURVE('',#2137,#2127,#2139,.T.);
#2137 = VERTEX_POINT('',#2138);
#2138 = CARTESIAN_POINT('',(6.58,-5.4,4.13));
#2139 = LINE('',#2140,#2141);
#2140 = CARTESIAN_POINT('',(6.58,-5.555,4.13));
#2141 = VECTOR('',#2142,1.);
#2142 = DIRECTION('',(0.,1.,0.));
#2143 = ORIENTED_EDGE('',*,*,#2144,.T.);
#2144 = EDGE_CURVE('',#2137,#2145,#2147,.T.);
#2145 = VERTEX_POINT('',#2146);
#2146 = CARTESIAN_POINT('',(6.58,-5.4,3.49));
#2147 = LINE('',#2148,#2149);
#2148 = CARTESIAN_POINT('',(6.58,-5.4,2.545602845731));
#2149 = VECTOR('',#2150,1.);
#2150 = DIRECTION('',(0.,0.,-1.));
#2151 = ORIENTED_EDGE('',*,*,#2152,.F.);
#2152 = EDGE_CURVE('',#2129,#2145,#2153,.T.);
#2153 = LINE('',#2154,#2155);
#2154 = CARTESIAN_POINT('',(6.58,-5.555,3.49));
#2155 = VECTOR('',#2156,1.);
#2156 = DIRECTION('',(0.,-1.,0.));
#2157 = FACE_BOUND('',#2158,.F.);
#2158 = EDGE_LOOP('',(#2159,#2169,#2177,#2185));
#2159 = ORIENTED_EDGE('',*,*,#2160,.F.);
#2160 = EDGE_CURVE('',#2161,#2163,#2165,.T.);
#2161 = VERTEX_POINT('',#2162);
#2162 = CARTESIAN_POINT('',(6.58,-12.38,3.49));
#2163 = VERTEX_POINT('',#2164);
#2164 = CARTESIAN_POINT('',(6.58,-13.02,3.49));
#2165 = LINE('',#2166,#2167);
#2166 = CARTESIAN_POINT('',(6.58,-9.365,3.49));
#2167 = VECTOR('',#2168,1.);
#2168 = DIRECTION('',(0.,-1.,0.));
#2169 = ORIENTED_EDGE('',*,*,#2170,.F.);
#2170 = EDGE_CURVE('',#2171,#2161,#2173,.T.);
#2171 = VERTEX_POINT('',#2172);
#2172 = CARTESIAN_POINT('',(6.58,-12.38,4.13));
#2173 = LINE('',#2174,#2175);
#2174 = CARTESIAN_POINT('',(6.58,-12.38,2.545602845731));
#2175 = VECTOR('',#2176,1.);
#2176 = DIRECTION('',(0.,0.,-1.));
#2177 = ORIENTED_EDGE('',*,*,#2178,.F.);
#2178 = EDGE_CURVE('',#2179,#2171,#2181,.T.);
#2179 = VERTEX_POINT('',#2180);
#2180 = CARTESIAN_POINT('',(6.58,-13.02,4.13));
#2181 = LINE('',#2182,#2183);
#2182 = CARTESIAN_POINT('',(6.58,-9.365,4.13));
#2183 = VECTOR('',#2184,1.);
#2184 = DIRECTION('',(0.,1.,0.));
#2185 = ORIENTED_EDGE('',*,*,#2186,.T.);
#2186 = EDGE_CURVE('',#2179,#2163,#2187,.T.);
#2187 = LINE('',#2188,#2189);
#2188 = CARTESIAN_POINT('',(6.58,-13.02,2.545602845731));
#2189 = VECTOR('',#2190,1.);
#2190 = DIRECTION('',(0.,0.,-1.));
#2191 = FACE_BOUND('',#2192,.F.);
#2192 = EDGE_LOOP('',(#2193,#2203,#2211,#2219));
#2193 = ORIENTED_EDGE('',*,*,#2194,.F.);
#2194 = EDGE_CURVE('',#2195,#2197,#2199,.T.);
#2195 = VERTEX_POINT('',#2196);
#2196 = CARTESIAN_POINT('',(6.58,-10.48,1.59));
#2197 = VERTEX_POINT('',#2198);
#2198 = CARTESIAN_POINT('',(6.58,-9.84,1.59));
#2199 = LINE('',#2200,#2201);
#2200 = CARTESIAN_POINT('',(6.58,-8.095,1.59));
#2201 = VECTOR('',#2202,1.);
#2202 = DIRECTION('',(0.,1.,0.));
#2203 = ORIENTED_EDGE('',*,*,#2204,.T.);
#2204 = EDGE_CURVE('',#2195,#2205,#2207,.T.);
#2205 = VERTEX_POINT('',#2206);
#2206 = CARTESIAN_POINT('',(6.58,-10.48,0.95));
#2207 = LINE('',#2208,#2209);
#2208 = CARTESIAN_POINT('',(6.58,-10.48,1.559540133779));
#2209 = VECTOR('',#2210,1.);
#2210 = DIRECTION('',(0.,-1.161915124245E-33,-1.));
#2211 = ORIENTED_EDGE('',*,*,#2212,.F.);
#2212 = EDGE_CURVE('',#2213,#2205,#2215,.T.);
#2213 = VERTEX_POINT('',#2214);
#2214 = CARTESIAN_POINT('',(6.58,-9.84,0.95));
#2215 = LINE('',#2216,#2217);
#2216 = CARTESIAN_POINT('',(6.58,-8.095,0.95));
#2217 = VECTOR('',#2218,1.);
#2218 = DIRECTION('',(0.,-1.,0.));
#2219 = ORIENTED_EDGE('',*,*,#2220,.F.);
#2220 = EDGE_CURVE('',#2197,#2213,#2221,.T.);
#2221 = LINE('',#2222,#2223);
#2222 = CARTESIAN_POINT('',(6.58,-9.84,1.559540133779));
#2223 = VECTOR('',#2224,1.);
#2224 = DIRECTION('',(0.,-1.161915124245E-33,-1.));
#2225 = FACE_BOUND('',#2226,.F.);
#2226 = EDGE_LOOP('',(#2227,#2237,#2245,#2253));
#2227 = ORIENTED_EDGE('',*,*,#2228,.F.);
#2228 = EDGE_CURVE('',#2229,#2231,#2233,.T.);
#2229 = VERTEX_POINT('',#2230);
#2230 = CARTESIAN_POINT('',(6.58,-7.94,1.59));
#2231 = VERTEX_POINT('',#2232);
#2232 = CARTESIAN_POINT('',(6.58,-7.3,1.59));
#2233 = LINE('',#2234,#2235);
#2234 = CARTESIAN_POINT('',(6.58,-6.825,1.59));
#2235 = VECTOR('',#2236,1.);
#2236 = DIRECTION('',(0.,1.,0.));
#2237 = ORIENTED_EDGE('',*,*,#2238,.T.);
#2238 = EDGE_CURVE('',#2229,#2239,#2241,.T.);
#2239 = VERTEX_POINT('',#2240);
#2240 = CARTESIAN_POINT('',(6.58,-7.94,0.95));
#2241 = LINE('',#2242,#2243);
#2242 = CARTESIAN_POINT('',(6.58,-7.94,1.559540133779));
#2243 = VECTOR('',#2244,1.);
#2244 = DIRECTION('',(0.,-1.161915124245E-33,-1.));
#2245 = ORIENTED_EDGE('',*,*,#2246,.F.);
#2246 = EDGE_CURVE('',#2247,#2239,#2249,.T.);
#2247 = VERTEX_POINT('',#2248);
#2248 = CARTESIAN_POINT('',(6.58,-7.3,0.95));
#2249 = LINE('',#2250,#2251);
#2250 = CARTESIAN_POINT('',(6.58,-6.825,0.95));
#2251 = VECTOR('',#2252,1.);
#2252 = DIRECTION('',(0.,-1.,0.));
#2253 = ORIENTED_EDGE('',*,*,#2254,.F.);
#2254 = EDGE_CURVE('',#2231,#2247,#2255,.T.);
#2255 = LINE('',#2256,#2257);
#2256 = CARTESIAN_POINT('',(6.58,-7.3,1.559540133779));
#2257 = VECTOR('',#2258,1.);
#2258 = DIRECTION('',(0.,-1.161915124245E-33,-1.));
#2259 = FACE_BOUND('',#2260,.F.);
#2260 = EDGE_LOOP('',(#2261,#2271,#2279,#2287));
#2261 = ORIENTED_EDGE('',*,*,#2262,.F.);
#2262 = EDGE_CURVE('',#2263,#2265,#2267,.T.);
#2263 = VERTEX_POINT('',#2264);
#2264 = CARTESIAN_POINT('',(6.58,-2.86,1.59));
#2265 = VERTEX_POINT('',#2266);
#2266 = CARTESIAN_POINT('',(6.58,-2.22,1.59));
#2267 = LINE('',#2268,#2269);
#2268 = CARTESIAN_POINT('',(6.58,-4.285,1.59));
#2269 = VECTOR('',#2270,1.);
#2270 = DIRECTION('',(0.,1.,0.));
#2271 = ORIENTED_EDGE('',*,*,#2272,.T.);
#2272 = EDGE_CURVE('',#2263,#2273,#2275,.T.);
#2273 = VERTEX_POINT('',#2274);
#2274 = CARTESIAN_POINT('',(6.58,-2.86,0.95));
#2275 = LINE('',#2276,#2277);
#2276 = CARTESIAN_POINT('',(6.58,-2.86,1.559540133779));
#2277 = VECTOR('',#2278,1.);
#2278 = DIRECTION('',(0.,-1.161915124245E-33,-1.));
#2279 = ORIENTED_EDGE('',*,*,#2280,.F.);
#2280 = EDGE_CURVE('',#2281,#2273,#2283,.T.);
#2281 = VERTEX_POINT('',#2282);
#2282 = CARTESIAN_POINT('',(6.58,-2.22,0.95));
#2283 = LINE('',#2284,#2285);
#2284 = CARTESIAN_POINT('',(6.58,-4.285,0.95));
#2285 = VECTOR('',#2286,1.);
#2286 = DIRECTION('',(0.,-1.,0.));
#2287 = ORIENTED_EDGE('',*,*,#2288,.F.);
#2288 = EDGE_CURVE('',#2265,#2281,#2289,.T.);
#2289 = LINE('',#2290,#2291);
#2290 = CARTESIAN_POINT('',(6.58,-2.22,1.559540133779));
#2291 = VECTOR('',#2292,1.);
#2292 = DIRECTION('',(0.,-1.161915124245E-33,-1.));
#2293 = FACE_BOUND('',#2294,.F.);
#2294 = EDGE_LOOP('',(#2295,#2305,#2313,#2321));
#2295 = ORIENTED_EDGE('',*,*,#2296,.F.);
#2296 = EDGE_CURVE('',#2297,#2299,#2301,.T.);
#2297 = VERTEX_POINT('',#2298);
#2298 = CARTESIAN_POINT('',(6.58,-4.76,1.59));
#2299 = VERTEX_POINT('',#2300);
#2300 = CARTESIAN_POINT('',(6.58,-4.76,0.95));
#2301 = LINE('',#2302,#2303);
#2302 = CARTESIAN_POINT('',(6.58,-4.76,1.559540133779));
#2303 = VECTOR('',#2304,1.);
#2304 = DIRECTION('',(0.,-1.161915124245E-33,-1.));
#2305 = ORIENTED_EDGE('',*,*,#2306,.F.);
#2306 = EDGE_CURVE('',#2307,#2297,#2309,.T.);
#2307 = VERTEX_POINT('',#2308);
#2308 = CARTESIAN_POINT('',(6.58,-5.4,1.59));
#2309 = LINE('',#2310,#2311);
#2310 = CARTESIAN_POINT('',(6.58,-5.555,1.59));
#2311 = VECTOR('',#2312,1.);
#2312 = DIRECTION('',(0.,1.,0.));
#2313 = ORIENTED_EDGE('',*,*,#2314,.T.);
#2314 = EDGE_CURVE('',#2307,#2315,#2317,.T.);
#2315 = VERTEX_POINT('',#2316);
#2316 = CARTESIAN_POINT('',(6.58,-5.4,0.95));
#2317 = LINE('',#2318,#2319);
#2318 = CARTESIAN_POINT('',(6.58,-5.4,1.559540133779));
#2319 = VECTOR('',#2320,1.);
#2320 = DIRECTION('',(0.,-1.161915124245E-33,-1.));
#2321 = ORIENTED_EDGE('',*,*,#2322,.F.);
#2322 = EDGE_CURVE('',#2299,#2315,#2323,.T.);
#2323 = LINE('',#2324,#2325);
#2324 = CARTESIAN_POINT('',(6.58,-5.555,0.95));
#2325 = VECTOR('',#2326,1.);
#2326 = DIRECTION('',(0.,-1.,0.));
#2327 = FACE_BOUND('',#2328,.F.);
#2328 = EDGE_LOOP('',(#2329,#2339,#2347,#2355));
#2329 = ORIENTED_EDGE('',*,*,#2330,.F.);
#2330 = EDGE_CURVE('',#2331,#2333,#2335,.T.);
#2331 = VERTEX_POINT('',#2332);
#2332 = CARTESIAN_POINT('',(6.58,-12.38,1.59));
#2333 = VERTEX_POINT('',#2334);
#2334 = CARTESIAN_POINT('',(6.58,-12.38,0.95));
#2335 = LINE('',#2336,#2337);
#2336 = CARTESIAN_POINT('',(6.58,-12.38,1.559540133779));
#2337 = VECTOR('',#2338,1.);
#2338 = DIRECTION('',(0.,-1.161915124245E-33,-1.));
#2339 = ORIENTED_EDGE('',*,*,#2340,.F.);
#2340 = EDGE_CURVE('',#2341,#2331,#2343,.T.);
#2341 = VERTEX_POINT('',#2342);
#2342 = CARTESIAN_POINT('',(6.58,-13.02,1.59));
#2343 = LINE('',#2344,#2345);
#2344 = CARTESIAN_POINT('',(6.58,-9.365,1.59));
#2345 = VECTOR('',#2346,1.);
#2346 = DIRECTION('',(0.,1.,0.));
#2347 = ORIENTED_EDGE('',*,*,#2348,.T.);
#2348 = EDGE_CURVE('',#2341,#2349,#2351,.T.);
#2349 = VERTEX_POINT('',#2350);
#2350 = CARTESIAN_POINT('',(6.58,-13.02,0.95));
#2351 = LINE('',#2352,#2353);
#2352 = CARTESIAN_POINT('',(6.58,-13.02,1.559540133779));
#2353 = VECTOR('',#2354,1.);
#2354 = DIRECTION('',(0.,-1.161915124245E-33,-1.));
#2355 = ORIENTED_EDGE('',*,*,#2356,.F.);
#2356 = EDGE_CURVE('',#2333,#2349,#2357,.T.);
#2357 = LINE('',#2358,#2359);
#2358 = CARTESIAN_POINT('',(6.58,-9.365,0.95));
#2359 = VECTOR('',#2360,1.);
#2360 = DIRECTION('',(0.,-1.,0.));
#2361 = FACE_BOUND('',#2362,.F.);
#2362 = EDGE_LOOP('',(#2363,#2373,#2381,#2389));
#2363 = ORIENTED_EDGE('',*,*,#2364,.F.);
#2364 = EDGE_CURVE('',#2365,#2367,#2369,.T.);
#2365 = VERTEX_POINT('',#2366);
#2366 = CARTESIAN_POINT('',(6.58,0.32,4.13));
#2367 = VERTEX_POINT('',#2368);
#2368 = CARTESIAN_POINT('',(6.58,0.32,3.49));
#2369 = LINE('',#2370,#2371);
#2370 = CARTESIAN_POINT('',(6.58,0.32,2.545602845731));
#2371 = VECTOR('',#2372,1.);
#2372 = DIRECTION('',(0.,0.,-1.));
#2373 = ORIENTED_EDGE('',*,*,#2374,.F.);
#2374 = EDGE_CURVE('',#2375,#2365,#2377,.T.);
#2375 = VERTEX_POINT('',#2376);
#2376 = CARTESIAN_POINT('',(6.58,-0.32,4.13));
#2377 = LINE('',#2378,#2379);
#2378 = CARTESIAN_POINT('',(6.58,-3.015,4.13));
#2379 = VECTOR('',#2380,1.);
#2380 = DIRECTION('',(0.,1.,0.));
#2381 = ORIENTED_EDGE('',*,*,#2382,.T.);
#2382 = EDGE_CURVE('',#2375,#2383,#2385,.T.);
#2383 = VERTEX_POINT('',#2384);
#2384 = CARTESIAN_POINT('',(6.58,-0.32,3.49));
#2385 = LINE('',#2386,#2387);
#2386 = CARTESIAN_POINT('',(6.58,-0.32,2.545602845731));
#2387 = VECTOR('',#2388,1.);
#2388 = DIRECTION('',(0.,0.,-1.));
#2389 = ORIENTED_EDGE('',*,*,#2390,.F.);
#2390 = EDGE_CURVE('',#2367,#2383,#2391,.T.);
#2391 = LINE('',#2392,#2393);
#2392 = CARTESIAN_POINT('',(6.58,-3.015,3.49));
#2393 = VECTOR('',#2394,1.);
#2394 = DIRECTION('',(0.,-1.,0.));
#2395 = FACE_BOUND('',#2396,.F.);
#2396 = EDGE_LOOP('',(#2397,#2407,#2415,#2423));
#2397 = ORIENTED_EDGE('',*,*,#2398,.F.);
#2398 = EDGE_CURVE('',#2399,#2401,#2403,.T.);
#2399 = VERTEX_POINT('',#2400);
#2400 = CARTESIAN_POINT('',(6.58,-0.32,1.59));
#2401 = VERTEX_POINT('',#2402);
#2402 = CARTESIAN_POINT('',(6.58,0.32,1.59));
#2403 = LINE('',#2404,#2405);
#2404 = CARTESIAN_POINT('',(6.58,-3.015,1.59));
#2405 = VECTOR('',#2406,1.);
#2406 = DIRECTION('',(0.,1.,0.));
#2407 = ORIENTED_EDGE('',*,*,#2408,.T.);
#2408 = EDGE_CURVE('',#2399,#2409,#2411,.T.);
#2409 = VERTEX_POINT('',#2410);
#2410 = CARTESIAN_POINT('',(6.58,-0.32,0.95));
#2411 = LINE('',#2412,#2413);
#2412 = CARTESIAN_POINT('',(6.58,-0.32,1.559540133779));
#2413 = VECTOR('',#2414,1.);
#2414 = DIRECTION('',(0.,-1.161915124245E-33,-1.));
#2415 = ORIENTED_EDGE('',*,*,#2416,.F.);
#2416 = EDGE_CURVE('',#2417,#2409,#2419,.T.);
#2417 = VERTEX_POINT('',#2418);
#2418 = CARTESIAN_POINT('',(6.58,0.32,0.95));
#2419 = LINE('',#2420,#2421);
#2420 = CARTESIAN_POINT('',(6.58,-3.015,0.95));
#2421 = VECTOR('',#2422,1.);
#2422 = DIRECTION('',(0.,-1.,0.));
#2423 = ORIENTED_EDGE('',*,*,#2424,.F.);
#2424 = EDGE_CURVE('',#2401,#2417,#2425,.T.);
#2425 = LINE('',#2426,#2427);
#2426 = CARTESIAN_POINT('',(6.58,0.32,1.559540133779));
#2427 = VECTOR('',#2428,1.);
#2428 = DIRECTION('',(0.,-1.161915124245E-33,-1.));
#2429 = PLANE('',#2430);
#2430 = AXIS2_PLACEMENT_3D('',#2431,#2432,#2433);
#2431 = CARTESIAN_POINT('',(6.58,-6.35,2.54));
#2432 = DIRECTION('',(-1.,-0.,-0.));
#2433 = DIRECTION('',(0.,0.,-1.));
#2434 = ADVANCED_FACE('',(#2435),#2446,.T.);
#2435 = FACE_BOUND('',#2436,.T.);
#2436 = EDGE_LOOP('',(#2437,#2443,#2444,#2445));
#2437 = ORIENTED_EDGE('',*,*,#2438,.T.);
#2438 = EDGE_CURVE('',#1311,#2008,#2439,.T.);
#2439 = LINE('',#2440,#2441);
#2440 = CARTESIAN_POINT('',(4.04,1.016,5.08));
#2441 = VECTOR('',#2442,1.);
#2442 = DIRECTION('',(1.,0.,0.));
#2443 = ORIENTED_EDGE('',*,*,#2015,.T.);
#2444 = ORIENTED_EDGE('',*,*,#982,.F.);
#2445 = ORIENTED_EDGE('',*,*,#1318,.F.);
#2446 = PLANE('',#2447);
#2447 = AXIS2_PLACEMENT_3D('',#2448,#2449,#2450);
#2448 = CARTESIAN_POINT('',(4.04,1.016,5.08));
#2449 = DIRECTION('',(0.,0.707106781187,0.707106781187));
#2450 = DIRECTION('',(0.,0.707106781187,-0.707106781187));
#2451 = ADVANCED_FACE('',(#2452),#2463,.T.);
#2452 = FACE_BOUND('',#2453,.T.);
#2453 = EDGE_LOOP('',(#2454,#2455,#2456,#2462));
#2454 = ORIENTED_EDGE('',*,*,#1022,.T.);
#2455 = ORIENTED_EDGE('',*,*,#1743,.T.);
#2456 = ORIENTED_EDGE('',*,*,#2457,.F.);
#2457 = EDGE_CURVE('',#1047,#1744,#2458,.T.);
#2458 = LINE('',#2459,#2460);
#2459 = CARTESIAN_POINT('',(4.04,-1.27,0.254));
#2460 = VECTOR('',#2461,1.);
#2461 = DIRECTION('',(1.,0.,0.));
#2462 = ORIENTED_EDGE('',*,*,#1046,.F.);
#2463 = PLANE('',#2464);
#2464 = AXIS2_PLACEMENT_3D('',#2465,#2466,#2467);
#2465 = CARTESIAN_POINT('',(4.04,-1.016,0.));
#2466 = DIRECTION('',(-0.,-0.707106781187,-0.707106781187));
#2467 = DIRECTION('',(0.,-0.707106781187,0.707106781187));
#2468 = ADVANCED_FACE('',(#2469),#2480,.T.);
#2469 = FACE_BOUND('',#2470,.T.);
#2470 = EDGE_LOOP('',(#2471,#2477,#2478,#2479));
#2471 = ORIENTED_EDGE('',*,*,#2472,.T.);
#2472 = EDGE_CURVE('',#1303,#2000,#2473,.T.);
#2473 = LINE('',#2474,#2475);
#2474 = CARTESIAN_POINT('',(4.04,-1.016,5.08));
#2475 = VECTOR('',#2476,1.);
#2476 = DIRECTION('',(1.,0.,0.));
#2477 = ORIENTED_EDGE('',*,*,#2007,.T.);
#2478 = ORIENTED_EDGE('',*,*,#2438,.F.);
#2479 = ORIENTED_EDGE('',*,*,#1310,.F.);
#2480 = PLANE('',#2481);
#2481 = AXIS2_PLACEMENT_3D('',#2482,#2483,#2484);
#2482 = CARTESIAN_POINT('',(4.04,-1.016,5.08));
#2483 = DIRECTION('',(0.,0.,1.));
#2484 = DIRECTION('',(0.,1.,0.));
#2485 = ADVANCED_FACE('',(#2486),#2497,.T.);
#2486 = FACE_BOUND('',#2487,.T.);
#2487 = EDGE_LOOP('',(#2488,#2489,#2490,#2496));
#2488 = ORIENTED_EDGE('',*,*,#2457,.T.);
#2489 = ORIENTED_EDGE('',*,*,#1751,.T.);
#2490 = ORIENTED_EDGE('',*,*,#2491,.F.);
#2491 = EDGE_CURVE('',#1055,#1752,#2492,.T.);
#2492 = LINE('',#2493,#2494);
#2493 = CARTESIAN_POINT('',(4.04,-1.524,0.));
#2494 = VECTOR('',#2495,1.);
#2495 = DIRECTION('',(1.,0.,0.));
#2496 = ORIENTED_EDGE('',*,*,#1054,.F.);
#2497 = PLANE('',#2498);
#2498 = AXIS2_PLACEMENT_3D('',#2499,#2500,#2501);
#2499 = CARTESIAN_POINT('',(4.04,-1.27,0.254));
#2500 = DIRECTION('',(0.,0.707106781187,-0.707106781187));
#2501 = DIRECTION('',(0.,-0.707106781187,-0.707106781187));
#2502 = ADVANCED_FACE('',(#2503),#2514,.T.);
#2503 = FACE_BOUND('',#2504,.T.);
#2504 = EDGE_LOOP('',(#2505,#2511,#2512,#2513));
#2505 = ORIENTED_EDGE('',*,*,#2506,.T.);
#2506 = EDGE_CURVE('',#1295,#1992,#2507,.T.);
#2507 = LINE('',#2508,#2509);
#2508 = CARTESIAN_POINT('',(4.04,-1.27,4.826));
#2509 = VECTOR('',#2510,1.);
#2510 = DIRECTION('',(1.,0.,0.));
#2511 = ORIENTED_EDGE('',*,*,#1999,.T.);
#2512 = ORIENTED_EDGE('',*,*,#2472,.F.);
#2513 = ORIENTED_EDGE('',*,*,#1302,.F.);
#2514 = PLANE('',#2515);
#2515 = AXIS2_PLACEMENT_3D('',#2516,#2517,#2518);
#2516 = CARTESIAN_POINT('',(4.04,-1.27,4.826));
#2517 = DIRECTION('',(0.,-0.707106781187,0.707106781187));
#2518 = DIRECTION('',(0.,0.707106781187,0.707106781187));
#2519 = ADVANCED_FACE('',(#2520),#2531,.T.);
#2520 = FACE_BOUND('',#2521,.T.);
#2521 = EDGE_LOOP('',(#2522,#2523,#2524,#2530));
#2522 = ORIENTED_EDGE('',*,*,#2491,.T.);
#2523 = ORIENTED_EDGE('',*,*,#1759,.T.);
#2524 = ORIENTED_EDGE('',*,*,#2525,.F.);
#2525 = EDGE_CURVE('',#1063,#1760,#2526,.T.);
#2526 = LINE('',#2527,#2528);
#2527 = CARTESIAN_POINT('',(4.04,-3.556,0.));
#2528 = VECTOR('',#2529,1.);
#2529 = DIRECTION('',(1.,0.,0.));
#2530 = ORIENTED_EDGE('',*,*,#1062,.F.);
#2531 = PLANE('',#2532);
#2532 = AXIS2_PLACEMENT_3D('',#2533,#2534,#2535);
#2533 = CARTESIAN_POINT('',(4.04,-1.524,0.));
#2534 = DIRECTION('',(-0.,-0.,-1.));
#2535 = DIRECTION('',(0.,-1.,0.));
#2536 = ADVANCED_FACE('',(#2537),#2548,.T.);
#2537 = FACE_BOUND('',#2538,.T.);
#2538 = EDGE_LOOP('',(#2539,#2545,#2546,#2547));
#2539 = ORIENTED_EDGE('',*,*,#2540,.T.);
#2540 = EDGE_CURVE('',#1287,#1984,#2541,.T.);
#2541 = LINE('',#2542,#2543);
#2542 = CARTESIAN_POINT('',(4.04,-1.524,5.08));
#2543 = VECTOR('',#2544,1.);
#2544 = DIRECTION('',(1.,0.,0.));
#2545 = ORIENTED_EDGE('',*,*,#1991,.T.);
#2546 = ORIENTED_EDGE('',*,*,#2506,.F.);
#2547 = ORIENTED_EDGE('',*,*,#1294,.F.);
#2548 = PLANE('',#2549);
#2549 = AXIS2_PLACEMENT_3D('',#2550,#2551,#2552);
#2550 = CARTESIAN_POINT('',(4.04,-1.524,5.08));
#2551 = DIRECTION('',(0.,0.707106781187,0.707106781187));
#2552 = DIRECTION('',(0.,0.707106781187,-0.707106781187));
#2553 = ADVANCED_FACE('',(#2554),#2565,.T.);
#2554 = FACE_BOUND('',#2555,.T.);
#2555 = EDGE_LOOP('',(#2556,#2557,#2558,#2564));
#2556 = ORIENTED_EDGE('',*,*,#2525,.T.);
#2557 = ORIENTED_EDGE('',*,*,#1767,.T.);
#2558 = ORIENTED_EDGE('',*,*,#2559,.F.);
#2559 = EDGE_CURVE('',#1071,#1768,#2560,.T.);
#2560 = LINE('',#2561,#2562);
#2561 = CARTESIAN_POINT('',(4.04,-3.81,0.254));
#2562 = VECTOR('',#2563,1.);
#2563 = DIRECTION('',(1.,0.,0.));
#2564 = ORIENTED_EDGE('',*,*,#1070,.F.);
#2565 = PLANE('',#2566);
#2566 = AXIS2_PLACEMENT_3D('',#2567,#2568,#2569);
#2567 = CARTESIAN_POINT('',(4.04,-3.556,0.));
#2568 = DIRECTION('',(-0.,-0.707106781187,-0.707106781187));
#2569 = DIRECTION('',(0.,-0.707106781187,0.707106781187));
#2570 = ADVANCED_FACE('',(#2571),#2582,.T.);
#2571 = FACE_BOUND('',#2572,.T.);
#2572 = EDGE_LOOP('',(#2573,#2579,#2580,#2581));
#2573 = ORIENTED_EDGE('',*,*,#2574,.T.);
#2574 = EDGE_CURVE('',#1279,#1976,#2575,.T.);
#2575 = LINE('',#2576,#2577);
#2576 = CARTESIAN_POINT('',(4.04,-3.556,5.08));
#2577 = VECTOR('',#2578,1.);
#2578 = DIRECTION('',(1.,0.,0.));
#2579 = ORIENTED_EDGE('',*,*,#1983,.T.);
#2580 = ORIENTED_EDGE('',*,*,#2540,.F.);
#2581 = ORIENTED_EDGE('',*,*,#1286,.F.);
#2582 = PLANE('',#2583);
#2583 = AXIS2_PLACEMENT_3D('',#2584,#2585,#2586);
#2584 = CARTESIAN_POINT('',(4.04,-3.556,5.08));
#2585 = DIRECTION('',(0.,0.,1.));
#2586 = DIRECTION('',(0.,1.,0.));
#2587 = ADVANCED_FACE('',(#2588),#2599,.T.);
#2588 = FACE_BOUND('',#2589,.T.);
#2589 = EDGE_LOOP('',(#2590,#2591,#2592,#2598));
#2590 = ORIENTED_EDGE('',*,*,#2559,.T.);
#2591 = ORIENTED_EDGE('',*,*,#1775,.T.);
#2592 = ORIENTED_EDGE('',*,*,#2593,.F.);
#2593 = EDGE_CURVE('',#1079,#1776,#2594,.T.);
#2594 = LINE('',#2595,#2596);
#2595 = CARTESIAN_POINT('',(4.04,-4.064,0.));
#2596 = VECTOR('',#2597,1.);
#2597 = DIRECTION('',(1.,0.,0.));
#2598 = ORIENTED_EDGE('',*,*,#1078,.F.);
#2599 = PLANE('',#2600);
#2600 = AXIS2_PLACEMENT_3D('',#2601,#2602,#2603);
#2601 = CARTESIAN_POINT('',(4.04,-3.81,0.254));
#2602 = DIRECTION('',(0.,0.707106781187,-0.707106781187));
#2603 = DIRECTION('',(0.,-0.707106781187,-0.707106781187));
#2604 = ADVANCED_FACE('',(#2605),#2616,.T.);
#2605 = FACE_BOUND('',#2606,.T.);
#2606 = EDGE_LOOP('',(#2607,#2613,#2614,#2615));
#2607 = ORIENTED_EDGE('',*,*,#2608,.T.);
#2608 = EDGE_CURVE('',#1271,#1968,#2609,.T.);
#2609 = LINE('',#2610,#2611);
#2610 = CARTESIAN_POINT('',(4.04,-3.81,4.826));
#2611 = VECTOR('',#2612,1.);
#2612 = DIRECTION('',(1.,0.,0.));
#2613 = ORIENTED_EDGE('',*,*,#1975,.T.);
#2614 = ORIENTED_EDGE('',*,*,#2574,.F.);
#2615 = ORIENTED_EDGE('',*,*,#1278,.F.);
#2616 = PLANE('',#2617);
#2617 = AXIS2_PLACEMENT_3D('',#2618,#2619,#2620);
#2618 = CARTESIAN_POINT('',(4.04,-3.81,4.826));
#2619 = DIRECTION('',(0.,-0.707106781187,0.707106781187));
#2620 = DIRECTION('',(0.,0.707106781187,0.707106781187));
#2621 = ADVANCED_FACE('',(#2622),#2633,.T.);
#2622 = FACE_BOUND('',#2623,.T.);
#2623 = EDGE_LOOP('',(#2624,#2625,#2626,#2632));
#2624 = ORIENTED_EDGE('',*,*,#2593,.T.);
#2625 = ORIENTED_EDGE('',*,*,#1783,.T.);
#2626 = ORIENTED_EDGE('',*,*,#2627,.F.);
#2627 = EDGE_CURVE('',#1087,#1784,#2628,.T.);
#2628 = LINE('',#2629,#2630);
#2629 = CARTESIAN_POINT('',(4.04,-6.096,0.));
#2630 = VECTOR('',#2631,1.);
#2631 = DIRECTION('',(1.,0.,0.));
#2632 = ORIENTED_EDGE('',*,*,#1086,.F.);
#2633 = PLANE('',#2634);
#2634 = AXIS2_PLACEMENT_3D('',#2635,#2636,#2637);
#2635 = CARTESIAN_POINT('',(4.04,-4.064,0.));
#2636 = DIRECTION('',(-0.,-0.,-1.));
#2637 = DIRECTION('',(0.,-1.,0.));
#2638 = ADVANCED_FACE('',(#2639),#2650,.T.);
#2639 = FACE_BOUND('',#2640,.T.);
#2640 = EDGE_LOOP('',(#2641,#2647,#2648,#2649));
#2641 = ORIENTED_EDGE('',*,*,#2642,.T.);
#2642 = EDGE_CURVE('',#1263,#1960,#2643,.T.);
#2643 = LINE('',#2644,#2645);
#2644 = CARTESIAN_POINT('',(4.04,-4.064,5.08));
#2645 = VECTOR('',#2646,1.);
#2646 = DIRECTION('',(1.,0.,0.));
#2647 = ORIENTED_EDGE('',*,*,#1967,.T.);
#2648 = ORIENTED_EDGE('',*,*,#2608,.F.);
#2649 = ORIENTED_EDGE('',*,*,#1270,.F.);
#2650 = PLANE('',#2651);
#2651 = AXIS2_PLACEMENT_3D('',#2652,#2653,#2654);
#2652 = CARTESIAN_POINT('',(4.04,-4.064,5.08));
#2653 = DIRECTION('',(0.,0.707106781187,0.707106781187));
#2654 = DIRECTION('',(0.,0.707106781187,-0.707106781187));
#2655 = ADVANCED_FACE('',(#2656),#2667,.T.);
#2656 = FACE_BOUND('',#2657,.T.);
#2657 = EDGE_LOOP('',(#2658,#2659,#2660,#2666));
#2658 = ORIENTED_EDGE('',*,*,#2627,.T.);
#2659 = ORIENTED_EDGE('',*,*,#1791,.T.);
#2660 = ORIENTED_EDGE('',*,*,#2661,.F.);
#2661 = EDGE_CURVE('',#1095,#1792,#2662,.T.);
#2662 = LINE('',#2663,#2664);
#2663 = CARTESIAN_POINT('',(4.04,-6.35,0.254));
#2664 = VECTOR('',#2665,1.);
#2665 = DIRECTION('',(1.,0.,0.));
#2666 = ORIENTED_EDGE('',*,*,#1094,.F.);
#2667 = PLANE('',#2668);
#2668 = AXIS2_PLACEMENT_3D('',#2669,#2670,#2671);
#2669 = CARTESIAN_POINT('',(4.04,-6.096,0.));
#2670 = DIRECTION('',(-0.,-0.707106781187,-0.707106781187));
#2671 = DIRECTION('',(0.,-0.707106781187,0.707106781187));
#2672 = ADVANCED_FACE('',(#2673),#2684,.T.);
#2673 = FACE_BOUND('',#2674,.T.);
#2674 = EDGE_LOOP('',(#2675,#2681,#2682,#2683));
#2675 = ORIENTED_EDGE('',*,*,#2676,.T.);
#2676 = EDGE_CURVE('',#1255,#1952,#2677,.T.);
#2677 = LINE('',#2678,#2679);
#2678 = CARTESIAN_POINT('',(4.04,-6.096,5.08));
#2679 = VECTOR('',#2680,1.);
#2680 = DIRECTION('',(1.,0.,0.));
#2681 = ORIENTED_EDGE('',*,*,#1959,.T.);
#2682 = ORIENTED_EDGE('',*,*,#2642,.F.);
#2683 = ORIENTED_EDGE('',*,*,#1262,.F.);
#2684 = PLANE('',#2685);
#2685 = AXIS2_PLACEMENT_3D('',#2686,#2687,#2688);
#2686 = CARTESIAN_POINT('',(4.04,-6.096,5.08));
#2687 = DIRECTION('',(0.,0.,1.));
#2688 = DIRECTION('',(0.,1.,0.));
#2689 = ADVANCED_FACE('',(#2690),#2701,.T.);
#2690 = FACE_BOUND('',#2691,.T.);
#2691 = EDGE_LOOP('',(#2692,#2693,#2694,#2700));
#2692 = ORIENTED_EDGE('',*,*,#2661,.T.);
#2693 = ORIENTED_EDGE('',*,*,#1799,.T.);
#2694 = ORIENTED_EDGE('',*,*,#2695,.F.);
#2695 = EDGE_CURVE('',#1103,#1800,#2696,.T.);
#2696 = LINE('',#2697,#2698);
#2697 = CARTESIAN_POINT('',(4.04,-6.604,0.));
#2698 = VECTOR('',#2699,1.);
#2699 = DIRECTION('',(1.,0.,0.));
#2700 = ORIENTED_EDGE('',*,*,#1102,.F.);
#2701 = PLANE('',#2702);
#2702 = AXIS2_PLACEMENT_3D('',#2703,#2704,#2705);
#2703 = CARTESIAN_POINT('',(4.04,-6.35,0.254));
#2704 = DIRECTION('',(0.,0.707106781187,-0.707106781187));
#2705 = DIRECTION('',(0.,-0.707106781187,-0.707106781187));
#2706 = ADVANCED_FACE('',(#2707),#2718,.T.);
#2707 = FACE_BOUND('',#2708,.T.);
#2708 = EDGE_LOOP('',(#2709,#2715,#2716,#2717));
#2709 = ORIENTED_EDGE('',*,*,#2710,.T.);
#2710 = EDGE_CURVE('',#1247,#1944,#2711,.T.);
#2711 = LINE('',#2712,#2713);
#2712 = CARTESIAN_POINT('',(4.04,-6.35,4.826));
#2713 = VECTOR('',#2714,1.);
#2714 = DIRECTION('',(1.,0.,0.));
#2715 = ORIENTED_EDGE('',*,*,#1951,.T.);
#2716 = ORIENTED_EDGE('',*,*,#2676,.F.);
#2717 = ORIENTED_EDGE('',*,*,#1254,.F.);
#2718 = PLANE('',#2719);
#2719 = AXIS2_PLACEMENT_3D('',#2720,#2721,#2722);
#2720 = CARTESIAN_POINT('',(4.04,-6.35,4.826));
#2721 = DIRECTION('',(0.,-0.707106781187,0.707106781187));
#2722 = DIRECTION('',(0.,0.707106781187,0.707106781187));
#2723 = ADVANCED_FACE('',(#2724),#2735,.T.);
#2724 = FACE_BOUND('',#2725,.T.);
#2725 = EDGE_LOOP('',(#2726,#2727,#2728,#2734));
#2726 = ORIENTED_EDGE('',*,*,#2695,.T.);
#2727 = ORIENTED_EDGE('',*,*,#1807,.T.);
#2728 = ORIENTED_EDGE('',*,*,#2729,.F.);
#2729 = EDGE_CURVE('',#1111,#1808,#2730,.T.);
#2730 = LINE('',#2731,#2732);
#2731 = CARTESIAN_POINT('',(4.04,-8.636,0.));
#2732 = VECTOR('',#2733,1.);
#2733 = DIRECTION('',(1.,0.,0.));
#2734 = ORIENTED_EDGE('',*,*,#1110,.F.);
#2735 = PLANE('',#2736);
#2736 = AXIS2_PLACEMENT_3D('',#2737,#2738,#2739);
#2737 = CARTESIAN_POINT('',(4.04,-6.604,0.));
#2738 = DIRECTION('',(-0.,-0.,-1.));
#2739 = DIRECTION('',(0.,-1.,0.));
#2740 = ADVANCED_FACE('',(#2741),#2752,.T.);
#2741 = FACE_BOUND('',#2742,.T.);
#2742 = EDGE_LOOP('',(#2743,#2749,#2750,#2751));
#2743 = ORIENTED_EDGE('',*,*,#2744,.T.);
#2744 = EDGE_CURVE('',#1239,#1936,#2745,.T.);
#2745 = LINE('',#2746,#2747);
#2746 = CARTESIAN_POINT('',(4.04,-6.604,5.08));
#2747 = VECTOR('',#2748,1.);
#2748 = DIRECTION('',(1.,0.,0.));
#2749 = ORIENTED_EDGE('',*,*,#1943,.T.);
#2750 = ORIENTED_EDGE('',*,*,#2710,.F.);
#2751 = ORIENTED_EDGE('',*,*,#1246,.F.);
#2752 = PLANE('',#2753);
#2753 = AXIS2_PLACEMENT_3D('',#2754,#2755,#2756);
#2754 = CARTESIAN_POINT('',(4.04,-6.604,5.08));
#2755 = DIRECTION('',(0.,0.707106781187,0.707106781187));
#2756 = DIRECTION('',(0.,0.707106781187,-0.707106781187));
#2757 = ADVANCED_FACE('',(#2758),#2769,.T.);
#2758 = FACE_BOUND('',#2759,.T.);
#2759 = EDGE_LOOP('',(#2760,#2761,#2762,#2768));
#2760 = ORIENTED_EDGE('',*,*,#2729,.T.);
#2761 = ORIENTED_EDGE('',*,*,#1815,.T.);
#2762 = ORIENTED_EDGE('',*,*,#2763,.F.);
#2763 = EDGE_CURVE('',#1119,#1816,#2764,.T.);
#2764 = LINE('',#2765,#2766);
#2765 = CARTESIAN_POINT('',(4.04,-8.89,0.254));
#2766 = VECTOR('',#2767,1.);
#2767 = DIRECTION('',(1.,0.,0.));
#2768 = ORIENTED_EDGE('',*,*,#1118,.F.);
#2769 = PLANE('',#2770);
#2770 = AXIS2_PLACEMENT_3D('',#2771,#2772,#2773);
#2771 = CARTESIAN_POINT('',(4.04,-8.636,0.));
#2772 = DIRECTION('',(-0.,-0.707106781187,-0.707106781187));
#2773 = DIRECTION('',(0.,-0.707106781187,0.707106781187));
#2774 = ADVANCED_FACE('',(#2775),#2786,.T.);
#2775 = FACE_BOUND('',#2776,.T.);
#2776 = EDGE_LOOP('',(#2777,#2783,#2784,#2785));
#2777 = ORIENTED_EDGE('',*,*,#2778,.T.);
#2778 = EDGE_CURVE('',#1231,#1928,#2779,.T.);
#2779 = LINE('',#2780,#2781);
#2780 = CARTESIAN_POINT('',(4.04,-8.636,5.08));
#2781 = VECTOR('',#2782,1.);
#2782 = DIRECTION('',(1.,0.,0.));
#2783 = ORIENTED_EDGE('',*,*,#1935,.T.);
#2784 = ORIENTED_EDGE('',*,*,#2744,.F.);
#2785 = ORIENTED_EDGE('',*,*,#1238,.F.);
#2786 = PLANE('',#2787);
#2787 = AXIS2_PLACEMENT_3D('',#2788,#2789,#2790);
#2788 = CARTESIAN_POINT('',(4.04,-8.636,5.08));
#2789 = DIRECTION('',(0.,0.,1.));
#2790 = DIRECTION('',(0.,1.,0.));
#2791 = ADVANCED_FACE('',(#2792),#2803,.T.);
#2792 = FACE_BOUND('',#2793,.T.);
#2793 = EDGE_LOOP('',(#2794,#2795,#2796,#2802));
#2794 = ORIENTED_EDGE('',*,*,#2763,.T.);
#2795 = ORIENTED_EDGE('',*,*,#1823,.T.);
#2796 = ORIENTED_EDGE('',*,*,#2797,.F.);
#2797 = EDGE_CURVE('',#1127,#1824,#2798,.T.);
#2798 = LINE('',#2799,#2800);
#2799 = CARTESIAN_POINT('',(4.04,-9.144,0.));
#2800 = VECTOR('',#2801,1.);
#2801 = DIRECTION('',(1.,0.,0.));
#2802 = ORIENTED_EDGE('',*,*,#1126,.F.);
#2803 = PLANE('',#2804);
#2804 = AXIS2_PLACEMENT_3D('',#2805,#2806,#2807);
#2805 = CARTESIAN_POINT('',(4.04,-8.89,0.254));
#2806 = DIRECTION('',(0.,0.707106781187,-0.707106781187));
#2807 = DIRECTION('',(0.,-0.707106781187,-0.707106781187));
#2808 = ADVANCED_FACE('',(#2809),#2820,.T.);
#2809 = FACE_BOUND('',#2810,.T.);
#2810 = EDGE_LOOP('',(#2811,#2817,#2818,#2819));
#2811 = ORIENTED_EDGE('',*,*,#2812,.T.);
#2812 = EDGE_CURVE('',#1223,#1920,#2813,.T.);
#2813 = LINE('',#2814,#2815);
#2814 = CARTESIAN_POINT('',(4.04,-8.89,4.826));
#2815 = VECTOR('',#2816,1.);
#2816 = DIRECTION('',(1.,0.,0.));
#2817 = ORIENTED_EDGE('',*,*,#1927,.T.);
#2818 = ORIENTED_EDGE('',*,*,#2778,.F.);
#2819 = ORIENTED_EDGE('',*,*,#1230,.F.);
#2820 = PLANE('',#2821);
#2821 = AXIS2_PLACEMENT_3D('',#2822,#2823,#2824);
#2822 = CARTESIAN_POINT('',(4.04,-8.89,4.826));
#2823 = DIRECTION('',(0.,-0.707106781187,0.707106781187));
#2824 = DIRECTION('',(0.,0.707106781187,0.707106781187));
#2825 = ADVANCED_FACE('',(#2826),#2837,.T.);
#2826 = FACE_BOUND('',#2827,.T.);
#2827 = EDGE_LOOP('',(#2828,#2829,#2830,#2836));
#2828 = ORIENTED_EDGE('',*,*,#2797,.T.);
#2829 = ORIENTED_EDGE('',*,*,#1831,.T.);
#2830 = ORIENTED_EDGE('',*,*,#2831,.F.);
#2831 = EDGE_CURVE('',#1135,#1832,#2832,.T.);
#2832 = LINE('',#2833,#2834);
#2833 = CARTESIAN_POINT('',(4.04,-11.176,0.));
#2834 = VECTOR('',#2835,1.);
#2835 = DIRECTION('',(1.,0.,0.));
#2836 = ORIENTED_EDGE('',*,*,#1134,.F.);
#2837 = PLANE('',#2838);
#2838 = AXIS2_PLACEMENT_3D('',#2839,#2840,#2841);
#2839 = CARTESIAN_POINT('',(4.04,-9.144,0.));
#2840 = DIRECTION('',(-0.,-0.,-1.));
#2841 = DIRECTION('',(0.,-1.,0.));
#2842 = ADVANCED_FACE('',(#2843),#2854,.T.);
#2843 = FACE_BOUND('',#2844,.T.);
#2844 = EDGE_LOOP('',(#2845,#2851,#2852,#2853));
#2845 = ORIENTED_EDGE('',*,*,#2846,.T.);
#2846 = EDGE_CURVE('',#1215,#1912,#2847,.T.);
#2847 = LINE('',#2848,#2849);
#2848 = CARTESIAN_POINT('',(4.04,-9.144,5.08));
#2849 = VECTOR('',#2850,1.);
#2850 = DIRECTION('',(1.,0.,0.));
#2851 = ORIENTED_EDGE('',*,*,#1919,.T.);
#2852 = ORIENTED_EDGE('',*,*,#2812,.F.);
#2853 = ORIENTED_EDGE('',*,*,#1222,.F.);
#2854 = PLANE('',#2855);
#2855 = AXIS2_PLACEMENT_3D('',#2856,#2857,#2858);
#2856 = CARTESIAN_POINT('',(4.04,-9.144,5.08));
#2857 = DIRECTION('',(0.,0.707106781187,0.707106781187));
#2858 = DIRECTION('',(0.,0.707106781187,-0.707106781187));
#2859 = ADVANCED_FACE('',(#2860),#2871,.T.);
#2860 = FACE_BOUND('',#2861,.T.);
#2861 = EDGE_LOOP('',(#2862,#2863,#2864,#2870));
#2862 = ORIENTED_EDGE('',*,*,#2831,.T.);
#2863 = ORIENTED_EDGE('',*,*,#1839,.T.);
#2864 = ORIENTED_EDGE('',*,*,#2865,.F.);
#2865 = EDGE_CURVE('',#1143,#1840,#2866,.T.);
#2866 = LINE('',#2867,#2868);
#2867 = CARTESIAN_POINT('',(4.04,-11.43,0.254));
#2868 = VECTOR('',#2869,1.);
#2869 = DIRECTION('',(1.,0.,0.));
#2870 = ORIENTED_EDGE('',*,*,#1142,.F.);
#2871 = PLANE('',#2872);
#2872 = AXIS2_PLACEMENT_3D('',#2873,#2874,#2875);
#2873 = CARTESIAN_POINT('',(4.04,-11.176,0.));
#2874 = DIRECTION('',(-0.,-0.707106781187,-0.707106781187));
#2875 = DIRECTION('',(0.,-0.707106781187,0.707106781187));
#2876 = ADVANCED_FACE('',(#2877),#2888,.T.);
#2877 = FACE_BOUND('',#2878,.T.);
#2878 = EDGE_LOOP('',(#2879,#2885,#2886,#2887));
#2879 = ORIENTED_EDGE('',*,*,#2880,.T.);
#2880 = EDGE_CURVE('',#1207,#1904,#2881,.T.);
#2881 = LINE('',#2882,#2883);
#2882 = CARTESIAN_POINT('',(4.04,-11.176,5.08));
#2883 = VECTOR('',#2884,1.);
#2884 = DIRECTION('',(1.,0.,0.));
#2885 = ORIENTED_EDGE('',*,*,#1911,.T.);
#2886 = ORIENTED_EDGE('',*,*,#2846,.F.);
#2887 = ORIENTED_EDGE('',*,*,#1214,.F.);
#2888 = PLANE('',#2889);
#2889 = AXIS2_PLACEMENT_3D('',#2890,#2891,#2892);
#2890 = CARTESIAN_POINT('',(4.04,-11.176,5.08));
#2891 = DIRECTION('',(0.,0.,1.));
#2892 = DIRECTION('',(0.,1.,0.));
#2893 = ADVANCED_FACE('',(#2894),#2905,.T.);
#2894 = FACE_BOUND('',#2895,.T.);
#2895 = EDGE_LOOP('',(#2896,#2897,#2898,#2904));
#2896 = ORIENTED_EDGE('',*,*,#2865,.T.);
#2897 = ORIENTED_EDGE('',*,*,#1847,.T.);
#2898 = ORIENTED_EDGE('',*,*,#2899,.F.);
#2899 = EDGE_CURVE('',#1151,#1848,#2900,.T.);
#2900 = LINE('',#2901,#2902);
#2901 = CARTESIAN_POINT('',(4.04,-11.684,0.));
#2902 = VECTOR('',#2903,1.);
#2903 = DIRECTION('',(1.,0.,0.));
#2904 = ORIENTED_EDGE('',*,*,#1150,.F.);
#2905 = PLANE('',#2906);
#2906 = AXIS2_PLACEMENT_3D('',#2907,#2908,#2909);
#2907 = CARTESIAN_POINT('',(4.04,-11.43,0.254));
#2908 = DIRECTION('',(0.,0.707106781187,-0.707106781187));
#2909 = DIRECTION('',(0.,-0.707106781187,-0.707106781187));
#2910 = ADVANCED_FACE('',(#2911),#2922,.T.);
#2911 = FACE_BOUND('',#2912,.T.);
#2912 = EDGE_LOOP('',(#2913,#2919,#2920,#2921));
#2913 = ORIENTED_EDGE('',*,*,#2914,.T.);
#2914 = EDGE_CURVE('',#1199,#1896,#2915,.T.);
#2915 = LINE('',#2916,#2917);
#2916 = CARTESIAN_POINT('',(4.04,-11.43,4.826));
#2917 = VECTOR('',#2918,1.);
#2918 = DIRECTION('',(1.,0.,0.));
#2919 = ORIENTED_EDGE('',*,*,#1903,.T.);
#2920 = ORIENTED_EDGE('',*,*,#2880,.F.);
#2921 = ORIENTED_EDGE('',*,*,#1206,.F.);
#2922 = PLANE('',#2923);
#2923 = AXIS2_PLACEMENT_3D('',#2924,#2925,#2926);
#2924 = CARTESIAN_POINT('',(4.04,-11.43,4.826));
#2925 = DIRECTION('',(0.,-0.707106781187,0.707106781187));
#2926 = DIRECTION('',(0.,0.707106781187,0.707106781187));
#2927 = ADVANCED_FACE('',(#2928),#2939,.T.);
#2928 = FACE_BOUND('',#2929,.T.);
#2929 = EDGE_LOOP('',(#2930,#2931,#2932,#2938));
#2930 = ORIENTED_EDGE('',*,*,#2899,.T.);
#2931 = ORIENTED_EDGE('',*,*,#1855,.T.);
#2932 = ORIENTED_EDGE('',*,*,#2933,.F.);
#2933 = EDGE_CURVE('',#1159,#1856,#2934,.T.);
#2934 = LINE('',#2935,#2936);
#2935 = CARTESIAN_POINT('',(4.04,-13.716,0.));
#2936 = VECTOR('',#2937,1.);
#2937 = DIRECTION('',(1.,0.,0.));
#2938 = ORIENTED_EDGE('',*,*,#1158,.F.);
#2939 = PLANE('',#2940);
#2940 = AXIS2_PLACEMENT_3D('',#2941,#2942,#2943);
#2941 = CARTESIAN_POINT('',(4.04,-11.684,0.));
#2942 = DIRECTION('',(-0.,-0.,-1.));
#2943 = DIRECTION('',(0.,-1.,0.));
#2944 = ADVANCED_FACE('',(#2945),#2956,.T.);
#2945 = FACE_BOUND('',#2946,.T.);
#2946 = EDGE_LOOP('',(#2947,#2953,#2954,#2955));
#2947 = ORIENTED_EDGE('',*,*,#2948,.T.);
#2948 = EDGE_CURVE('',#1191,#1888,#2949,.T.);
#2949 = LINE('',#2950,#2951);
#2950 = CARTESIAN_POINT('',(4.04,-11.684,5.08));
#2951 = VECTOR('',#2952,1.);
#2952 = DIRECTION('',(1.,0.,0.));
#2953 = ORIENTED_EDGE('',*,*,#1895,.T.);
#2954 = ORIENTED_EDGE('',*,*,#2914,.F.);
#2955 = ORIENTED_EDGE('',*,*,#1198,.F.);
#2956 = PLANE('',#2957);
#2957 = AXIS2_PLACEMENT_3D('',#2958,#2959,#2960);
#2958 = CARTESIAN_POINT('',(4.04,-11.684,5.08));
#2959 = DIRECTION('',(0.,0.707106781187,0.707106781187));
#2960 = DIRECTION('',(0.,0.707106781187,-0.707106781187));
#2961 = ADVANCED_FACE('',(#2962),#2973,.T.);
#2962 = FACE_BOUND('',#2963,.T.);
#2963 = EDGE_LOOP('',(#2964,#2965,#2966,#2972));
#2964 = ORIENTED_EDGE('',*,*,#2933,.T.);
#2965 = ORIENTED_EDGE('',*,*,#1863,.T.);
#2966 = ORIENTED_EDGE('',*,*,#2967,.F.);
#2967 = EDGE_CURVE('',#1167,#1864,#2968,.T.);
#2968 = LINE('',#2969,#2970);
#2969 = CARTESIAN_POINT('',(4.04,-13.97,0.254));
#2970 = VECTOR('',#2971,1.);
#2971 = DIRECTION('',(1.,0.,0.));
#2972 = ORIENTED_EDGE('',*,*,#1166,.F.);
#2973 = PLANE('',#2974);
#2974 = AXIS2_PLACEMENT_3D('',#2975,#2976,#2977);
#2975 = CARTESIAN_POINT('',(4.04,-13.716,0.));
#2976 = DIRECTION('',(-0.,-0.707106781187,-0.707106781187));
#2977 = DIRECTION('',(0.,-0.707106781187,0.707106781187));
#2978 = ADVANCED_FACE('',(#2979),#2990,.T.);
#2979 = FACE_BOUND('',#2980,.T.);
#2980 = EDGE_LOOP('',(#2981,#2987,#2988,#2989));
#2981 = ORIENTED_EDGE('',*,*,#2982,.T.);
#2982 = EDGE_CURVE('',#1183,#1880,#2983,.T.);
#2983 = LINE('',#2984,#2985);
#2984 = CARTESIAN_POINT('',(4.04,-13.716,5.08));
#2985 = VECTOR('',#2986,1.);
#2986 = DIRECTION('',(1.,0.,0.));
#2987 = ORIENTED_EDGE('',*,*,#1887,.T.);
#2988 = ORIENTED_EDGE('',*,*,#2948,.F.);
#2989 = ORIENTED_EDGE('',*,*,#1190,.F.);
#2990 = PLANE('',#2991);
#2991 = AXIS2_PLACEMENT_3D('',#2992,#2993,#2994);
#2992 = CARTESIAN_POINT('',(4.04,-13.716,5.08));
#2993 = DIRECTION('',(0.,0.,1.));
#2994 = DIRECTION('',(0.,1.,0.));
#2995 = ADVANCED_FACE('',(#2996),#3007,.T.);
#2996 = FACE_BOUND('',#2997,.T.);
#2997 = EDGE_LOOP('',(#2998,#2999,#3000,#3006));
#2998 = ORIENTED_EDGE('',*,*,#2967,.T.);
#2999 = ORIENTED_EDGE('',*,*,#1871,.T.);
#3000 = ORIENTED_EDGE('',*,*,#3001,.F.);
#3001 = EDGE_CURVE('',#1175,#1872,#3002,.T.);
#3002 = LINE('',#3003,#3004);
#3003 = CARTESIAN_POINT('',(4.04,-13.97,4.826));
#3004 = VECTOR('',#3005,1.);
#3005 = DIRECTION('',(1.,0.,0.));
#3006 = ORIENTED_EDGE('',*,*,#1174,.F.);
#3007 = PLANE('',#3008);
#3008 = AXIS2_PLACEMENT_3D('',#3009,#3010,#3011);
#3009 = CARTESIAN_POINT('',(4.04,-13.97,0.254));
#3010 = DIRECTION('',(0.,-1.,0.));
#3011 = DIRECTION('',(0.,0.,1.));
#3012 = ADVANCED_FACE('',(#3013),#3019,.T.);
#3013 = FACE_BOUND('',#3014,.T.);
#3014 = EDGE_LOOP('',(#3015,#3016,#3017,#3018));
#3015 = ORIENTED_EDGE('',*,*,#3001,.T.);
#3016 = ORIENTED_EDGE('',*,*,#1879,.T.);
#3017 = ORIENTED_EDGE('',*,*,#2982,.F.);
#3018 = ORIENTED_EDGE('',*,*,#1182,.F.);
#3019 = PLANE('',#3020);
#3020 = AXIS2_PLACEMENT_3D('',#3021,#3022,#3023);
#3021 = CARTESIAN_POINT('',(4.04,-13.97,4.826));
#3022 = DIRECTION('',(0.,-0.707106781187,0.707106781187));
#3023 = DIRECTION('',(0.,0.707106781187,0.707106781187));
#3024 = ADVANCED_FACE('',(#3025),#3050,.T.);
#3025 = FACE_BOUND('',#3026,.T.);
#3026 = EDGE_LOOP('',(#3027,#3035,#3043,#3049));
#3027 = ORIENTED_EDGE('',*,*,#3028,.F.);
#3028 = EDGE_CURVE('',#3029,#1330,#3031,.T.);
#3029 = VERTEX_POINT('',#3030);
#3030 = CARTESIAN_POINT('',(0.32,-9.84,4.13));
#3031 = LINE('',#3032,#3033);
#3032 = CARTESIAN_POINT('',(-0.32,-9.84,4.13));
#3033 = VECTOR('',#3034,1.);
#3034 = DIRECTION('',(1.,0.,6.885104028683E-17));
#3035 = ORIENTED_EDGE('',*,*,#3036,.T.);
#3036 = EDGE_CURVE('',#3029,#3037,#3039,.T.);
#3037 = VERTEX_POINT('',#3038);
#3038 = CARTESIAN_POINT('',(0.32,-10.48,4.13));
#3039 = LINE('',#3040,#3041);
#3040 = CARTESIAN_POINT('',(0.32,-9.84,4.13));
#3041 = VECTOR('',#3042,1.);
#3042 = DIRECTION('',(0.,-1.,0.));
#3043 = ORIENTED_EDGE('',*,*,#3044,.T.);
#3044 = EDGE_CURVE('',#3037,#1328,#3045,.T.);
#3045 = LINE('',#3046,#3047);
#3046 = CARTESIAN_POINT('',(-0.32,-10.48,4.13));
#3047 = VECTOR('',#3048,1.);
#3048 = DIRECTION('',(1.,0.,6.885104028683E-17));
#3049 = ORIENTED_EDGE('',*,*,#1327,.T.);
#3050 = PLANE('',#3051);
#3051 = AXIS2_PLACEMENT_3D('',#3052,#3053,#3054);
#3052 = CARTESIAN_POINT('',(-0.32,-9.84,4.13));
#3053 = DIRECTION('',(-6.885104028683E-17,0.,1.));
#3054 = DIRECTION('',(1.,0.,6.885104028683E-17));
#3055 = ADVANCED_FACE('',(#3056),#3099,.T.);
#3056 = FACE_BOUND('',#3057,.T.);
#3057 = EDGE_LOOP('',(#3058,#3067,#3068,#3069,#3077,#3085,#3093));
#3058 = ORIENTED_EDGE('',*,*,#3059,.T.);
#3059 = EDGE_CURVE('',#3060,#3029,#3062,.T.);
#3060 = VERTEX_POINT('',#3061);
#3061 = CARTESIAN_POINT('',(-0.32,-9.84,3.49));
#3062 = CIRCLE('',#3063,0.64);
#3063 = AXIS2_PLACEMENT_3D('',#3064,#3065,#3066);
#3064 = CARTESIAN_POINT('',(0.32,-9.84,3.49));
#3065 = DIRECTION('',(0.,1.,0.));
#3066 = DIRECTION('',(0.,0.,-1.));
#3067 = ORIENTED_EDGE('',*,*,#3028,.T.);
#3068 = ORIENTED_EDGE('',*,*,#1353,.T.);
#3069 = ORIENTED_EDGE('',*,*,#3070,.T.);
#3070 = EDGE_CURVE('',#1346,#3071,#3073,.T.);
#3071 = VERTEX_POINT('',#3072);
#3072 = CARTESIAN_POINT('',(0.32,-9.84,3.49));
#3073 = LINE('',#3074,#3075);
#3074 = CARTESIAN_POINT('',(12.58,-9.84,3.49));
#3075 = VECTOR('',#3076,1.);
#3076 = DIRECTION('',(-1.,0.,0.));
#3077 = ORIENTED_EDGE('',*,*,#3078,.T.);
#3078 = EDGE_CURVE('',#3071,#3079,#3081,.T.);
#3079 = VERTEX_POINT('',#3080);
#3080 = CARTESIAN_POINT('',(0.32,-9.84,-2.84));
#3081 = LINE('',#3082,#3083);
#3082 = CARTESIAN_POINT('',(0.32,-9.84,3.49));
#3083 = VECTOR('',#3084,1.);
#3084 = DIRECTION('',(0.,0.,-1.));
#3085 = ORIENTED_EDGE('',*,*,#3086,.T.);
#3086 = EDGE_CURVE('',#3079,#3087,#3089,.T.);
#3087 = VERTEX_POINT('',#3088);
#3088 = CARTESIAN_POINT('',(-0.32,-9.84,-2.84));
#3089 = LINE('',#3090,#3091);
#3090 = CARTESIAN_POINT('',(0.32,-9.84,-2.84));
#3091 = VECTOR('',#3092,1.);
#3092 = DIRECTION('',(-1.,0.,0.));
#3093 = ORIENTED_EDGE('',*,*,#3094,.T.);
#3094 = EDGE_CURVE('',#3087,#3060,#3095,.T.);
#3095 = LINE('',#3096,#3097);
#3096 = CARTESIAN_POINT('',(-0.32,-9.84,-3.));
#3097 = VECTOR('',#3098,1.);
#3098 = DIRECTION('',(0.,0.,1.));
#3099 = PLANE('',#3100);
#3100 = AXIS2_PLACEMENT_3D('',#3101,#3102,#3103);
#3101 = CARTESIAN_POINT('',(4.143794308537,-9.84,2.551205691463));
#3102 = DIRECTION('',(0.,1.,0.));
#3103 = DIRECTION('',(0.,-0.,1.));
#3104 = ADVANCED_FACE('',(#3105),#3123,.T.);
#3105 = FACE_BOUND('',#3106,.T.);
#3106 = EDGE_LOOP('',(#3107,#3108,#3109,#3117));
#3107 = ORIENTED_EDGE('',*,*,#3070,.F.);
#3108 = ORIENTED_EDGE('',*,*,#1345,.T.);
#3109 = ORIENTED_EDGE('',*,*,#3110,.T.);
#3110 = EDGE_CURVE('',#1338,#3111,#3113,.T.);
#3111 = VERTEX_POINT('',#3112);
#3112 = CARTESIAN_POINT('',(0.32,-10.48,3.49));
#3113 = LINE('',#3114,#3115);
#3114 = CARTESIAN_POINT('',(12.58,-10.48,3.49));
#3115 = VECTOR('',#3116,1.);
#3116 = DIRECTION('',(-1.,0.,0.));
#3117 = ORIENTED_EDGE('',*,*,#3118,.F.);
#3118 = EDGE_CURVE('',#3071,#3111,#3119,.T.);
#3119 = LINE('',#3120,#3121);
#3120 = CARTESIAN_POINT('',(0.32,-9.84,3.49));
#3121 = VECTOR('',#3122,1.);
#3122 = DIRECTION('',(0.,-1.,0.));
#3123 = PLANE('',#3124);
#3124 = AXIS2_PLACEMENT_3D('',#3125,#3126,#3127);
#3125 = CARTESIAN_POINT('',(12.58,-9.84,3.49));
#3126 = DIRECTION('',(-0.,-0.,-1.));
#3127 = DIRECTION('',(-1.,0.,0.));
#3128 = ADVANCED_FACE('',(#3129),#3165,.F.);
#3129 = FACE_BOUND('',#3130,.F.);
#3130 = EDGE_LOOP('',(#3131,#3140,#3141,#3142,#3143,#3151,#3159));
#3131 = ORIENTED_EDGE('',*,*,#3132,.T.);
#3132 = EDGE_CURVE('',#3133,#3037,#3135,.T.);
#3133 = VERTEX_POINT('',#3134);
#3134 = CARTESIAN_POINT('',(-0.32,-10.48,3.49));
#3135 = CIRCLE('',#3136,0.64);
#3136 = AXIS2_PLACEMENT_3D('',#3137,#3138,#3139);
#3137 = CARTESIAN_POINT('',(0.32,-10.48,3.49));
#3138 = DIRECTION('',(0.,1.,0.));
#3139 = DIRECTION('',(0.,0.,-1.));
#3140 = ORIENTED_EDGE('',*,*,#3044,.T.);
#3141 = ORIENTED_EDGE('',*,*,#1337,.T.);
#3142 = ORIENTED_EDGE('',*,*,#3110,.T.);
#3143 = ORIENTED_EDGE('',*,*,#3144,.T.);
#3144 = EDGE_CURVE('',#3111,#3145,#3147,.T.);
#3145 = VERTEX_POINT('',#3146);
#3146 = CARTESIAN_POINT('',(0.32,-10.48,-2.84));
#3147 = LINE('',#3148,#3149);
#3148 = CARTESIAN_POINT('',(0.32,-10.48,3.49));
#3149 = VECTOR('',#3150,1.);
#3150 = DIRECTION('',(0.,0.,-1.));
#3151 = ORIENTED_EDGE('',*,*,#3152,.T.);
#3152 = EDGE_CURVE('',#3145,#3153,#3155,.T.);
#3153 = VERTEX_POINT('',#3154);
#3154 = CARTESIAN_POINT('',(-0.32,-10.48,-2.84));
#3155 = LINE('',#3156,#3157);
#3156 = CARTESIAN_POINT('',(0.32,-10.48,-2.84));
#3157 = VECTOR('',#3158,1.);
#3158 = DIRECTION('',(-1.,0.,0.));
#3159 = ORIENTED_EDGE('',*,*,#3160,.T.);
#3160 = EDGE_CURVE('',#3153,#3133,#3161,.T.);
#3161 = LINE('',#3162,#3163);
#3162 = CARTESIAN_POINT('',(-0.32,-10.48,-3.));
#3163 = VECTOR('',#3164,1.);
#3164 = DIRECTION('',(0.,0.,1.));
#3165 = PLANE('',#3166);
#3166 = AXIS2_PLACEMENT_3D('',#3167,#3168,#3169);
#3167 = CARTESIAN_POINT('',(4.143794308537,-10.48,2.551205691463));
#3168 = DIRECTION('',(0.,1.,0.));
#3169 = DIRECTION('',(0.,-0.,1.));
#3170 = ADVANCED_FACE('',(#3171),#3221,.T.);
#3171 = FACE_BOUND('',#3172,.T.);
#3172 = EDGE_LOOP('',(#3173,#3184,#3190,#3191,#3199,#3207,#3215));
#3173 = ORIENTED_EDGE('',*,*,#3174,.T.);
#3174 = EDGE_CURVE('',#3175,#3177,#3179,.T.);
#3175 = VERTEX_POINT('',#3176);
#3176 = CARTESIAN_POINT('',(-0.32,-7.3,3.49));
#3177 = VERTEX_POINT('',#3178);
#3178 = CARTESIAN_POINT('',(0.32,-7.3,4.13));
#3179 = CIRCLE('',#3180,0.64);
#3180 = AXIS2_PLACEMENT_3D('',#3181,#3182,#3183);
#3181 = CARTESIAN_POINT('',(0.32,-7.3,3.49));
#3182 = DIRECTION('',(0.,1.,0.));
#3183 = DIRECTION('',(0.,0.,-1.));
#3184 = ORIENTED_EDGE('',*,*,#3185,.T.);
#3185 = EDGE_CURVE('',#3177,#1362,#3186,.T.);
#3186 = LINE('',#3187,#3188);
#3187 = CARTESIAN_POINT('',(-0.32,-7.3,4.13));
#3188 = VECTOR('',#3189,1.);
#3189 = DIRECTION('',(1.,0.,6.885104028683E-17));
#3190 = ORIENTED_EDGE('',*,*,#1361,.T.);
#3191 = ORIENTED_EDGE('',*,*,#3192,.T.);
#3192 = EDGE_CURVE('',#1364,#3193,#3195,.T.);
#3193 = VERTEX_POINT('',#3194);
#3194 = CARTESIAN_POINT('',(0.32,-7.3,3.49));
#3195 = LINE('',#3196,#3197);
#3196 = CARTESIAN_POINT('',(12.58,-7.3,3.49));
#3197 = VECTOR('',#3198,1.);
#3198 = DIRECTION('',(-1.,0.,0.));
#3199 = ORIENTED_EDGE('',*,*,#3200,.T.);
#3200 = EDGE_CURVE('',#3193,#3201,#3203,.T.);
#3201 = VERTEX_POINT('',#3202);
#3202 = CARTESIAN_POINT('',(0.32,-7.3,-2.84));
#3203 = LINE('',#3204,#3205);
#3204 = CARTESIAN_POINT('',(0.32,-7.3,3.49));
#3205 = VECTOR('',#3206,1.);
#3206 = DIRECTION('',(0.,0.,-1.));
#3207 = ORIENTED_EDGE('',*,*,#3208,.T.);
#3208 = EDGE_CURVE('',#3201,#3209,#3211,.T.);
#3209 = VERTEX_POINT('',#3210);
#3210 = CARTESIAN_POINT('',(-0.32,-7.3,-2.84));
#3211 = LINE('',#3212,#3213);
#3212 = CARTESIAN_POINT('',(0.32,-7.3,-2.84));
#3213 = VECTOR('',#3214,1.);
#3214 = DIRECTION('',(-1.,0.,0.));
#3215 = ORIENTED_EDGE('',*,*,#3216,.T.);
#3216 = EDGE_CURVE('',#3209,#3175,#3217,.T.);
#3217 = LINE('',#3218,#3219);
#3218 = CARTESIAN_POINT('',(-0.32,-7.3,-3.));
#3219 = VECTOR('',#3220,1.);
#3220 = DIRECTION('',(0.,0.,1.));
#3221 = PLANE('',#3222);
#3222 = AXIS2_PLACEMENT_3D('',#3223,#3224,#3225);
#3223 = CARTESIAN_POINT('',(4.143794308537,-7.3,2.551205691463));
#3224 = DIRECTION('',(0.,1.,0.));
#3225 = DIRECTION('',(0.,-0.,1.));
#3226 = ADVANCED_FACE('',(#3227),#3245,.T.);
#3227 = FACE_BOUND('',#3228,.T.);
#3228 = EDGE_LOOP('',(#3229,#3230,#3231,#3239));
#3229 = ORIENTED_EDGE('',*,*,#3192,.F.);
#3230 = ORIENTED_EDGE('',*,*,#1387,.T.);
#3231 = ORIENTED_EDGE('',*,*,#3232,.T.);
#3232 = EDGE_CURVE('',#1380,#3233,#3235,.T.);
#3233 = VERTEX_POINT('',#3234);
#3234 = CARTESIAN_POINT('',(0.32,-7.94,3.49));
#3235 = LINE('',#3236,#3237);
#3236 = CARTESIAN_POINT('',(12.58,-7.94,3.49));
#3237 = VECTOR('',#3238,1.);
#3238 = DIRECTION('',(-1.,0.,0.));
#3239 = ORIENTED_EDGE('',*,*,#3240,.F.);
#3240 = EDGE_CURVE('',#3193,#3233,#3241,.T.);
#3241 = LINE('',#3242,#3243);
#3242 = CARTESIAN_POINT('',(0.32,-7.3,3.49));
#3243 = VECTOR('',#3244,1.);
#3244 = DIRECTION('',(0.,-1.,0.));
#3245 = PLANE('',#3246);
#3246 = AXIS2_PLACEMENT_3D('',#3247,#3248,#3249);
#3247 = CARTESIAN_POINT('',(12.58,-7.3,3.49));
#3248 = DIRECTION('',(-0.,-0.,-1.));
#3249 = DIRECTION('',(-1.,0.,0.));
#3250 = ADVANCED_FACE('',(#3251),#3294,.F.);
#3251 = FACE_BOUND('',#3252,.F.);
#3252 = EDGE_LOOP('',(#3253,#3264,#3270,#3271,#3272,#3280,#3288));
#3253 = ORIENTED_EDGE('',*,*,#3254,.T.);
#3254 = EDGE_CURVE('',#3255,#3257,#3259,.T.);
#3255 = VERTEX_POINT('',#3256);
#3256 = CARTESIAN_POINT('',(-0.32,-7.94,3.49));
#3257 = VERTEX_POINT('',#3258);
#3258 = CARTESIAN_POINT('',(0.32,-7.94,4.13));
#3259 = CIRCLE('',#3260,0.64);
#3260 = AXIS2_PLACEMENT_3D('',#3261,#3262,#3263);
#3261 = CARTESIAN_POINT('',(0.32,-7.94,3.49));
#3262 = DIRECTION('',(0.,1.,0.));
#3263 = DIRECTION('',(0.,0.,-1.));
#3264 = ORIENTED_EDGE('',*,*,#3265,.T.);
#3265 = EDGE_CURVE('',#3257,#1372,#3266,.T.);
#3266 = LINE('',#3267,#3268);
#3267 = CARTESIAN_POINT('',(-0.32,-7.94,4.13));
#3268 = VECTOR('',#3269,1.);
#3269 = DIRECTION('',(1.,0.,6.885104028683E-17));
#3270 = ORIENTED_EDGE('',*,*,#1379,.T.);
#3271 = ORIENTED_EDGE('',*,*,#3232,.T.);
#3272 = ORIENTED_EDGE('',*,*,#3273,.T.);
#3273 = EDGE_CURVE('',#3233,#3274,#3276,.T.);
#3274 = VERTEX_POINT('',#3275);
#3275 = CARTESIAN_POINT('',(0.32,-7.94,-2.84));
#3276 = LINE('',#3277,#3278);
#3277 = CARTESIAN_POINT('',(0.32,-7.94,3.49));
#3278 = VECTOR('',#3279,1.);
#3279 = DIRECTION('',(0.,0.,-1.));
#3280 = ORIENTED_EDGE('',*,*,#3281,.T.);
#3281 = EDGE_CURVE('',#3274,#3282,#3284,.T.);
#3282 = VERTEX_POINT('',#3283);
#3283 = CARTESIAN_POINT('',(-0.32,-7.94,-2.84));
#3284 = LINE('',#3285,#3286);
#3285 = CARTESIAN_POINT('',(0.32,-7.94,-2.84));
#3286 = VECTOR('',#3287,1.);
#3287 = DIRECTION('',(-1.,0.,0.));
#3288 = ORIENTED_EDGE('',*,*,#3289,.T.);
#3289 = EDGE_CURVE('',#3282,#3255,#3290,.T.);
#3290 = LINE('',#3291,#3292);
#3291 = CARTESIAN_POINT('',(-0.32,-7.94,-3.));
#3292 = VECTOR('',#3293,1.);
#3293 = DIRECTION('',(0.,0.,1.));
#3294 = PLANE('',#3295);
#3295 = AXIS2_PLACEMENT_3D('',#3296,#3297,#3298);
#3296 = CARTESIAN_POINT('',(4.143794308537,-7.94,2.551205691463));
#3297 = DIRECTION('',(0.,1.,0.));
#3298 = DIRECTION('',(0.,-0.,1.));
#3299 = ADVANCED_FACE('',(#3300),#3311,.T.);
#3300 = FACE_BOUND('',#3301,.T.);
#3301 = EDGE_LOOP('',(#3302,#3303,#3309,#3310));
#3302 = ORIENTED_EDGE('',*,*,#3185,.F.);
#3303 = ORIENTED_EDGE('',*,*,#3304,.T.);
#3304 = EDGE_CURVE('',#3177,#3257,#3305,.T.);
#3305 = LINE('',#3306,#3307);
#3306 = CARTESIAN_POINT('',(0.32,-7.3,4.13));
#3307 = VECTOR('',#3308,1.);
#3308 = DIRECTION('',(0.,-1.,0.));
#3309 = ORIENTED_EDGE('',*,*,#3265,.T.);
#3310 = ORIENTED_EDGE('',*,*,#1371,.T.);
#3311 = PLANE('',#3312);
#3312 = AXIS2_PLACEMENT_3D('',#3313,#3314,#3315);
#3313 = CARTESIAN_POINT('',(-0.32,-7.3,4.13));
#3314 = DIRECTION('',(-6.885104028683E-17,0.,1.));
#3315 = DIRECTION('',(1.,0.,6.885104028683E-17));
#3316 = ADVANCED_FACE('',(#3317),#3342,.T.);
#3317 = FACE_BOUND('',#3318,.T.);
#3318 = EDGE_LOOP('',(#3319,#3327,#3335,#3341));
#3319 = ORIENTED_EDGE('',*,*,#3320,.F.);
#3320 = EDGE_CURVE('',#3321,#1398,#3323,.T.);
#3321 = VERTEX_POINT('',#3322);
#3322 = CARTESIAN_POINT('',(0.32,-2.22,4.13));
#3323 = LINE('',#3324,#3325);
#3324 = CARTESIAN_POINT('',(-0.32,-2.22,4.13));
#3325 = VECTOR('',#3326,1.);
#3326 = DIRECTION('',(1.,0.,6.885104028683E-17));
#3327 = ORIENTED_EDGE('',*,*,#3328,.T.);
#3328 = EDGE_CURVE('',#3321,#3329,#3331,.T.);
#3329 = VERTEX_POINT('',#3330);
#3330 = CARTESIAN_POINT('',(0.32,-2.86,4.13));
#3331 = LINE('',#3332,#3333);
#3332 = CARTESIAN_POINT('',(0.32,-2.22,4.13));
#3333 = VECTOR('',#3334,1.);
#3334 = DIRECTION('',(0.,-1.,0.));
#3335 = ORIENTED_EDGE('',*,*,#3336,.T.);
#3336 = EDGE_CURVE('',#3329,#1396,#3337,.T.);
#3337 = LINE('',#3338,#3339);
#3338 = CARTESIAN_POINT('',(-0.32,-2.86,4.13));
#3339 = VECTOR('',#3340,1.);
#3340 = DIRECTION('',(1.,0.,6.885104028683E-17));
#3341 = ORIENTED_EDGE('',*,*,#1395,.T.);
#3342 = PLANE('',#3343);
#3343 = AXIS2_PLACEMENT_3D('',#3344,#3345,#3346);
#3344 = CARTESIAN_POINT('',(-0.32,-2.22,4.13));
#3345 = DIRECTION('',(-6.885104028683E-17,0.,1.));
#3346 = DIRECTION('',(1.,0.,6.885104028683E-17));
#3347 = ADVANCED_FACE('',(#3348),#3391,.T.);
#3348 = FACE_BOUND('',#3349,.T.);
#3349 = EDGE_LOOP('',(#3350,#3359,#3360,#3361,#3369,#3377,#3385));
#3350 = ORIENTED_EDGE('',*,*,#3351,.T.);
#3351 = EDGE_CURVE('',#3352,#3321,#3354,.T.);
#3352 = VERTEX_POINT('',#3353);
#3353 = CARTESIAN_POINT('',(-0.32,-2.22,3.49));
#3354 = CIRCLE('',#3355,0.64);
#3355 = AXIS2_PLACEMENT_3D('',#3356,#3357,#3358);
#3356 = CARTESIAN_POINT('',(0.32,-2.22,3.49));
#3357 = DIRECTION('',(0.,1.,0.));
#3358 = DIRECTION('',(0.,0.,-1.));
#3359 = ORIENTED_EDGE('',*,*,#3320,.T.);
#3360 = ORIENTED_EDGE('',*,*,#1421,.T.);
#3361 = ORIENTED_EDGE('',*,*,#3362,.T.);
#3362 = EDGE_CURVE('',#1414,#3363,#3365,.T.);
#3363 = VERTEX_POINT('',#3364);
#3364 = CARTESIAN_POINT('',(0.32,-2.22,3.49));
#3365 = LINE('',#3366,#3367);
#3366 = CARTESIAN_POINT('',(12.58,-2.22,3.49));
#3367 = VECTOR('',#3368,1.);
#3368 = DIRECTION('',(-1.,0.,0.));
#3369 = ORIENTED_EDGE('',*,*,#3370,.T.);
#3370 = EDGE_CURVE('',#3363,#3371,#3373,.T.);
#3371 = VERTEX_POINT('',#3372);
#3372 = CARTESIAN_POINT('',(0.32,-2.22,-2.84));
#3373 = LINE('',#3374,#3375);
#3374 = CARTESIAN_POINT('',(0.32,-2.22,3.49));
#3375 = VECTOR('',#3376,1.);
#3376 = DIRECTION('',(0.,0.,-1.));
#3377 = ORIENTED_EDGE('',*,*,#3378,.T.);
#3378 = EDGE_CURVE('',#3371,#3379,#3381,.T.);
#3379 = VERTEX_POINT('',#3380);
#3380 = CARTESIAN_POINT('',(-0.32,-2.22,-2.84));
#3381 = LINE('',#3382,#3383);
#3382 = CARTESIAN_POINT('',(0.32,-2.22,-2.84));
#3383 = VECTOR('',#3384,1.);
#3384 = DIRECTION('',(-1.,0.,0.));
#3385 = ORIENTED_EDGE('',*,*,#3386,.T.);
#3386 = EDGE_CURVE('',#3379,#3352,#3387,.T.);
#3387 = LINE('',#3388,#3389);
#3388 = CARTESIAN_POINT('',(-0.32,-2.22,-3.));
#3389 = VECTOR('',#3390,1.);
#3390 = DIRECTION('',(0.,0.,1.));
#3391 = PLANE('',#3392);
#3392 = AXIS2_PLACEMENT_3D('',#3393,#3394,#3395);
#3393 = CARTESIAN_POINT('',(4.143794308537,-2.22,2.551205691463));
#3394 = DIRECTION('',(0.,1.,0.));
#3395 = DIRECTION('',(0.,-0.,1.));
#3396 = ADVANCED_FACE('',(#3397),#3415,.T.);
#3397 = FACE_BOUND('',#3398,.T.);
#3398 = EDGE_LOOP('',(#3399,#3400,#3401,#3409));
#3399 = ORIENTED_EDGE('',*,*,#3362,.F.);
#3400 = ORIENTED_EDGE('',*,*,#1413,.T.);
#3401 = ORIENTED_EDGE('',*,*,#3402,.T.);
#3402 = EDGE_CURVE('',#1406,#3403,#3405,.T.);
#3403 = VERTEX_POINT('',#3404);
#3404 = CARTESIAN_POINT('',(0.32,-2.86,3.49));
#3405 = LINE('',#3406,#3407);
#3406 = CARTESIAN_POINT('',(12.58,-2.86,3.49));
#3407 = VECTOR('',#3408,1.);
#3408 = DIRECTION('',(-1.,0.,0.));
#3409 = ORIENTED_EDGE('',*,*,#3410,.F.);
#3410 = EDGE_CURVE('',#3363,#3403,#3411,.T.);
#3411 = LINE('',#3412,#3413);
#3412 = CARTESIAN_POINT('',(0.32,-2.22,3.49));
#3413 = VECTOR('',#3414,1.);
#3414 = DIRECTION('',(0.,-1.,0.));
#3415 = PLANE('',#3416);
#3416 = AXIS2_PLACEMENT_3D('',#3417,#3418,#3419);
#3417 = CARTESIAN_POINT('',(12.58,-2.22,3.49));
#3418 = DIRECTION('',(-0.,-0.,-1.));
#3419 = DIRECTION('',(-1.,0.,0.));
#3420 = ADVANCED_FACE('',(#3421),#3457,.F.);
#3421 = FACE_BOUND('',#3422,.F.);
#3422 = EDGE_LOOP('',(#3423,#3432,#3433,#3434,#3435,#3443,#3451));
#3423 = ORIENTED_EDGE('',*,*,#3424,.T.);
#3424 = EDGE_CURVE('',#3425,#3329,#3427,.T.);
#3425 = VERTEX_POINT('',#3426);
#3426 = CARTESIAN_POINT('',(-0.32,-2.86,3.49));
#3427 = CIRCLE('',#3428,0.64);
#3428 = AXIS2_PLACEMENT_3D('',#3429,#3430,#3431);
#3429 = CARTESIAN_POINT('',(0.32,-2.86,3.49));
#3430 = DIRECTION('',(0.,1.,0.));
#3431 = DIRECTION('',(0.,0.,-1.));
#3432 = ORIENTED_EDGE('',*,*,#3336,.T.);
#3433 = ORIENTED_EDGE('',*,*,#1405,.T.);
#3434 = ORIENTED_EDGE('',*,*,#3402,.T.);
#3435 = ORIENTED_EDGE('',*,*,#3436,.T.);
#3436 = EDGE_CURVE('',#3403,#3437,#3439,.T.);
#3437 = VERTEX_POINT('',#3438);
#3438 = CARTESIAN_POINT('',(0.32,-2.86,-2.84));
#3439 = LINE('',#3440,#3441);
#3440 = CARTESIAN_POINT('',(0.32,-2.86,3.49));
#3441 = VECTOR('',#3442,1.);
#3442 = DIRECTION('',(0.,0.,-1.));
#3443 = ORIENTED_EDGE('',*,*,#3444,.T.);
#3444 = EDGE_CURVE('',#3437,#3445,#3447,.T.);
#3445 = VERTEX_POINT('',#3446);
#3446 = CARTESIAN_POINT('',(-0.32,-2.86,-2.84));
#3447 = LINE('',#3448,#3449);
#3448 = CARTESIAN_POINT('',(0.32,-2.86,-2.84));
#3449 = VECTOR('',#3450,1.);
#3450 = DIRECTION('',(-1.,0.,0.));
#3451 = ORIENTED_EDGE('',*,*,#3452,.T.);
#3452 = EDGE_CURVE('',#3445,#3425,#3453,.T.);
#3453 = LINE('',#3454,#3455);
#3454 = CARTESIAN_POINT('',(-0.32,-2.86,-3.));
#3455 = VECTOR('',#3456,1.);
#3456 = DIRECTION('',(0.,0.,1.));
#3457 = PLANE('',#3458);
#3458 = AXIS2_PLACEMENT_3D('',#3459,#3460,#3461);
#3459 = CARTESIAN_POINT('',(4.143794308537,-2.86,2.551205691463));
#3460 = DIRECTION('',(0.,1.,0.));
#3461 = DIRECTION('',(0.,-0.,1.));
#3462 = ADVANCED_FACE('',(#3463),#3513,.T.);
#3463 = FACE_BOUND('',#3464,.T.);
#3464 = EDGE_LOOP('',(#3465,#3476,#3482,#3483,#3491,#3499,#3507));
#3465 = ORIENTED_EDGE('',*,*,#3466,.T.);
#3466 = EDGE_CURVE('',#3467,#3469,#3471,.T.);
#3467 = VERTEX_POINT('',#3468);
#3468 = CARTESIAN_POINT('',(-0.32,-4.76,3.49));
#3469 = VERTEX_POINT('',#3470);
#3470 = CARTESIAN_POINT('',(0.32,-4.76,4.13));
#3471 = CIRCLE('',#3472,0.64);
#3472 = AXIS2_PLACEMENT_3D('',#3473,#3474,#3475);
#3473 = CARTESIAN_POINT('',(0.32,-4.76,3.49));
#3474 = DIRECTION('',(0.,1.,0.));
#3475 = DIRECTION('',(0.,0.,-1.));
#3476 = ORIENTED_EDGE('',*,*,#3477,.T.);
#3477 = EDGE_CURVE('',#3469,#1430,#3478,.T.);
#3478 = LINE('',#3479,#3480);
#3479 = CARTESIAN_POINT('',(-0.32,-4.76,4.13));
#3480 = VECTOR('',#3481,1.);
#3481 = DIRECTION('',(1.,0.,6.885104028683E-17));
#3482 = ORIENTED_EDGE('',*,*,#1429,.T.);
#3483 = ORIENTED_EDGE('',*,*,#3484,.T.);
#3484 = EDGE_CURVE('',#1432,#3485,#3487,.T.);
#3485 = VERTEX_POINT('',#3486);
#3486 = CARTESIAN_POINT('',(0.32,-4.76,3.49));
#3487 = LINE('',#3488,#3489);
#3488 = CARTESIAN_POINT('',(12.58,-4.76,3.49));
#3489 = VECTOR('',#3490,1.);
#3490 = DIRECTION('',(-1.,0.,0.));
#3491 = ORIENTED_EDGE('',*,*,#3492,.T.);
#3492 = EDGE_CURVE('',#3485,#3493,#3495,.T.);
#3493 = VERTEX_POINT('',#3494);
#3494 = CARTESIAN_POINT('',(0.32,-4.76,-2.84));
#3495 = LINE('',#3496,#3497);
#3496 = CARTESIAN_POINT('',(0.32,-4.76,3.49));
#3497 = VECTOR('',#3498,1.);
#3498 = DIRECTION('',(0.,0.,-1.));
#3499 = ORIENTED_EDGE('',*,*,#3500,.T.);
#3500 = EDGE_CURVE('',#3493,#3501,#3503,.T.);
#3501 = VERTEX_POINT('',#3502);
#3502 = CARTESIAN_POINT('',(-0.32,-4.76,-2.84));
#3503 = LINE('',#3504,#3505);
#3504 = CARTESIAN_POINT('',(0.32,-4.76,-2.84));
#3505 = VECTOR('',#3506,1.);
#3506 = DIRECTION('',(-1.,0.,0.));
#3507 = ORIENTED_EDGE('',*,*,#3508,.T.);
#3508 = EDGE_CURVE('',#3501,#3467,#3509,.T.);
#3509 = LINE('',#3510,#3511);
#3510 = CARTESIAN_POINT('',(-0.32,-4.76,-3.));
#3511 = VECTOR('',#3512,1.);
#3512 = DIRECTION('',(0.,0.,1.));
#3513 = PLANE('',#3514);
#3514 = AXIS2_PLACEMENT_3D('',#3515,#3516,#3517);
#3515 = CARTESIAN_POINT('',(4.143794308537,-4.76,2.551205691463));
#3516 = DIRECTION('',(0.,1.,0.));
#3517 = DIRECTION('',(0.,-0.,1.));
#3518 = ADVANCED_FACE('',(#3519),#3537,.T.);
#3519 = FACE_BOUND('',#3520,.T.);
#3520 = EDGE_LOOP('',(#3521,#3522,#3523,#3531));
#3521 = ORIENTED_EDGE('',*,*,#3484,.F.);
#3522 = ORIENTED_EDGE('',*,*,#1455,.T.);
#3523 = ORIENTED_EDGE('',*,*,#3524,.T.);
#3524 = EDGE_CURVE('',#1448,#3525,#3527,.T.);
#3525 = VERTEX_POINT('',#3526);
#3526 = CARTESIAN_POINT('',(0.32,-5.4,3.49));
#3527 = LINE('',#3528,#3529);
#3528 = CARTESIAN_POINT('',(12.58,-5.4,3.49));
#3529 = VECTOR('',#3530,1.);
#3530 = DIRECTION('',(-1.,0.,0.));
#3531 = ORIENTED_EDGE('',*,*,#3532,.F.);
#3532 = EDGE_CURVE('',#3485,#3525,#3533,.T.);
#3533 = LINE('',#3534,#3535);
#3534 = CARTESIAN_POINT('',(0.32,-4.76,3.49));
#3535 = VECTOR('',#3536,1.);
#3536 = DIRECTION('',(0.,-1.,0.));
#3537 = PLANE('',#3538);
#3538 = AXIS2_PLACEMENT_3D('',#3539,#3540,#3541);
#3539 = CARTESIAN_POINT('',(12.58,-4.76,3.49));
#3540 = DIRECTION('',(-0.,-0.,-1.));
#3541 = DIRECTION('',(-1.,0.,0.));
#3542 = ADVANCED_FACE('',(#3543),#3586,.F.);
#3543 = FACE_BOUND('',#3544,.F.);
#3544 = EDGE_LOOP('',(#3545,#3556,#3562,#3563,#3564,#3572,#3580));
#3545 = ORIENTED_EDGE('',*,*,#3546,.T.);
#3546 = EDGE_CURVE('',#3547,#3549,#3551,.T.);
#3547 = VERTEX_POINT('',#3548);
#3548 = CARTESIAN_POINT('',(-0.32,-5.4,3.49));
#3549 = VERTEX_POINT('',#3550);
#3550 = CARTESIAN_POINT('',(0.32,-5.4,4.13));
#3551 = CIRCLE('',#3552,0.64);
#3552 = AXIS2_PLACEMENT_3D('',#3553,#3554,#3555);
#3553 = CARTESIAN_POINT('',(0.32,-5.4,3.49));
#3554 = DIRECTION('',(0.,1.,0.));
#3555 = DIRECTION('',(0.,0.,-1.));
#3556 = ORIENTED_EDGE('',*,*,#3557,.T.);
#3557 = EDGE_CURVE('',#3549,#1440,#3558,.T.);
#3558 = LINE('',#3559,#3560);
#3559 = CARTESIAN_POINT('',(-0.32,-5.4,4.13));
#3560 = VECTOR('',#3561,1.);
#3561 = DIRECTION('',(1.,0.,6.885104028683E-17));
#3562 = ORIENTED_EDGE('',*,*,#1447,.T.);
#3563 = ORIENTED_EDGE('',*,*,#3524,.T.);
#3564 = ORIENTED_EDGE('',*,*,#3565,.T.);
#3565 = EDGE_CURVE('',#3525,#3566,#3568,.T.);
#3566 = VERTEX_POINT('',#3567);
#3567 = CARTESIAN_POINT('',(0.32,-5.4,-2.84));
#3568 = LINE('',#3569,#3570);
#3569 = CARTESIAN_POINT('',(0.32,-5.4,3.49));
#3570 = VECTOR('',#3571,1.);
#3571 = DIRECTION('',(0.,0.,-1.));
#3572 = ORIENTED_EDGE('',*,*,#3573,.T.);
#3573 = EDGE_CURVE('',#3566,#3574,#3576,.T.);
#3574 = VERTEX_POINT('',#3575);
#3575 = CARTESIAN_POINT('',(-0.32,-5.4,-2.84));
#3576 = LINE('',#3577,#3578);
#3577 = CARTESIAN_POINT('',(0.32,-5.4,-2.84));
#3578 = VECTOR('',#3579,1.);
#3579 = DIRECTION('',(-1.,0.,0.));
#3580 = ORIENTED_EDGE('',*,*,#3581,.T.);
#3581 = EDGE_CURVE('',#3574,#3547,#3582,.T.);
#3582 = LINE('',#3583,#3584);
#3583 = CARTESIAN_POINT('',(-0.32,-5.4,-3.));
#3584 = VECTOR('',#3585,1.);
#3585 = DIRECTION('',(0.,0.,1.));
#3586 = PLANE('',#3587);
#3587 = AXIS2_PLACEMENT_3D('',#3588,#3589,#3590);
#3588 = CARTESIAN_POINT('',(4.143794308537,-5.4,2.551205691463));
#3589 = DIRECTION('',(0.,1.,0.));
#3590 = DIRECTION('',(0.,-0.,1.));
#3591 = ADVANCED_FACE('',(#3592),#3603,.T.);
#3592 = FACE_BOUND('',#3593,.T.);
#3593 = EDGE_LOOP('',(#3594,#3595,#3601,#3602));
#3594 = ORIENTED_EDGE('',*,*,#3477,.F.);
#3595 = ORIENTED_EDGE('',*,*,#3596,.T.);
#3596 = EDGE_CURVE('',#3469,#3549,#3597,.T.);
#3597 = LINE('',#3598,#3599);
#3598 = CARTESIAN_POINT('',(0.32,-4.76,4.13));
#3599 = VECTOR('',#3600,1.);
#3600 = DIRECTION('',(0.,-1.,0.));
#3601 = ORIENTED_EDGE('',*,*,#3557,.T.);
#3602 = ORIENTED_EDGE('',*,*,#1439,.T.);
#3603 = PLANE('',#3604);
#3604 = AXIS2_PLACEMENT_3D('',#3605,#3606,#3607);
#3605 = CARTESIAN_POINT('',(-0.32,-4.76,4.13));
#3606 = DIRECTION('',(-6.885104028683E-17,0.,1.));
#3607 = DIRECTION('',(1.,0.,6.885104028683E-17));
#3608 = ADVANCED_FACE('',(#3609),#3634,.T.);
#3609 = FACE_BOUND('',#3610,.T.);
#3610 = EDGE_LOOP('',(#3611,#3619,#3620,#3628));
#3611 = ORIENTED_EDGE('',*,*,#3612,.F.);
#3612 = EDGE_CURVE('',#1464,#3613,#3615,.T.);
#3613 = VERTEX_POINT('',#3614);
#3614 = CARTESIAN_POINT('',(0.32,-12.38,3.49));
#3615 = LINE('',#3616,#3617);
#3616 = CARTESIAN_POINT('',(12.58,-12.38,3.49));
#3617 = VECTOR('',#3618,1.);
#3618 = DIRECTION('',(-1.,0.,0.));
#3619 = ORIENTED_EDGE('',*,*,#1463,.T.);
#3620 = ORIENTED_EDGE('',*,*,#3621,.T.);
#3621 = EDGE_CURVE('',#1466,#3622,#3624,.T.);
#3622 = VERTEX_POINT('',#3623);
#3623 = CARTESIAN_POINT('',(0.32,-13.02,3.49));
#3624 = LINE('',#3625,#3626);
#3625 = CARTESIAN_POINT('',(12.58,-13.02,3.49));
#3626 = VECTOR('',#3627,1.);
#3627 = DIRECTION('',(-1.,0.,0.));
#3628 = ORIENTED_EDGE('',*,*,#3629,.F.);
#3629 = EDGE_CURVE('',#3613,#3622,#3630,.T.);
#3630 = LINE('',#3631,#3632);
#3631 = CARTESIAN_POINT('',(0.32,-12.38,3.49));
#3632 = VECTOR('',#3633,1.);
#3633 = DIRECTION('',(0.,-1.,0.));
#3634 = PLANE('',#3635);
#3635 = AXIS2_PLACEMENT_3D('',#3636,#3637,#3638);
#3636 = CARTESIAN_POINT('',(12.58,-12.38,3.49));
#3637 = DIRECTION('',(-0.,-0.,-1.));
#3638 = DIRECTION('',(-1.,0.,0.));
#3639 = ADVANCED_FACE('',(#3640),#3683,.F.);
#3640 = FACE_BOUND('',#3641,.F.);
#3641 = EDGE_LOOP('',(#3642,#3653,#3659,#3660,#3661,#3669,#3677));
#3642 = ORIENTED_EDGE('',*,*,#3643,.T.);
#3643 = EDGE_CURVE('',#3644,#3646,#3648,.T.);
#3644 = VERTEX_POINT('',#3645);
#3645 = CARTESIAN_POINT('',(-0.32,-13.02,3.49));
#3646 = VERTEX_POINT('',#3647);
#3647 = CARTESIAN_POINT('',(0.32,-13.02,4.13));
#3648 = CIRCLE('',#3649,0.64);
#3649 = AXIS2_PLACEMENT_3D('',#3650,#3651,#3652);
#3650 = CARTESIAN_POINT('',(0.32,-13.02,3.49));
#3651 = DIRECTION('',(0.,1.,0.));
#3652 = DIRECTION('',(0.,0.,-1.));
#3653 = ORIENTED_EDGE('',*,*,#3654,.T.);
#3654 = EDGE_CURVE('',#3646,#1482,#3655,.T.);
#3655 = LINE('',#3656,#3657);
#3656 = CARTESIAN_POINT('',(-0.32,-13.02,4.13));
#3657 = VECTOR('',#3658,1.);
#3658 = DIRECTION('',(1.,0.,6.885104028683E-17));
#3659 = ORIENTED_EDGE('',*,*,#1489,.T.);
#3660 = ORIENTED_EDGE('',*,*,#3621,.T.);
#3661 = ORIENTED_EDGE('',*,*,#3662,.T.);
#3662 = EDGE_CURVE('',#3622,#3663,#3665,.T.);
#3663 = VERTEX_POINT('',#3664);
#3664 = CARTESIAN_POINT('',(0.32,-13.02,-2.84));
#3665 = LINE('',#3666,#3667);
#3666 = CARTESIAN_POINT('',(0.32,-13.02,3.49));
#3667 = VECTOR('',#3668,1.);
#3668 = DIRECTION('',(0.,0.,-1.));
#3669 = ORIENTED_EDGE('',*,*,#3670,.T.);
#3670 = EDGE_CURVE('',#3663,#3671,#3673,.T.);
#3671 = VERTEX_POINT('',#3672);
#3672 = CARTESIAN_POINT('',(-0.32,-13.02,-2.84));
#3673 = LINE('',#3674,#3675);
#3674 = CARTESIAN_POINT('',(0.32,-13.02,-2.84));
#3675 = VECTOR('',#3676,1.);
#3676 = DIRECTION('',(-1.,0.,0.));
#3677 = ORIENTED_EDGE('',*,*,#3678,.T.);
#3678 = EDGE_CURVE('',#3671,#3644,#3679,.T.);
#3679 = LINE('',#3680,#3681);
#3680 = CARTESIAN_POINT('',(-0.32,-13.02,-3.));
#3681 = VECTOR('',#3682,1.);
#3682 = DIRECTION('',(0.,0.,1.));
#3683 = PLANE('',#3684);
#3684 = AXIS2_PLACEMENT_3D('',#3685,#3686,#3687);
#3685 = CARTESIAN_POINT('',(4.143794308537,-13.02,2.551205691463));
#3686 = DIRECTION('',(0.,1.,0.));
#3687 = DIRECTION('',(0.,-0.,1.));
#3688 = ADVANCED_FACE('',(#3689),#3707,.T.);
#3689 = FACE_BOUND('',#3690,.T.);
#3690 = EDGE_LOOP('',(#3691,#3699,#3705,#3706));
#3691 = ORIENTED_EDGE('',*,*,#3692,.F.);
#3692 = EDGE_CURVE('',#3693,#1474,#3695,.T.);
#3693 = VERTEX_POINT('',#3694);
#3694 = CARTESIAN_POINT('',(0.32,-12.38,4.13));
#3695 = LINE('',#3696,#3697);
#3696 = CARTESIAN_POINT('',(-0.32,-12.38,4.13));
#3697 = VECTOR('',#3698,1.);
#3698 = DIRECTION('',(1.,0.,6.885104028683E-17));
#3699 = ORIENTED_EDGE('',*,*,#3700,.T.);
#3700 = EDGE_CURVE('',#3693,#3646,#3701,.T.);
#3701 = LINE('',#3702,#3703);
#3702 = CARTESIAN_POINT('',(0.32,-12.38,4.13));
#3703 = VECTOR('',#3704,1.);
#3704 = DIRECTION('',(0.,-1.,0.));
#3705 = ORIENTED_EDGE('',*,*,#3654,.T.);
#3706 = ORIENTED_EDGE('',*,*,#1481,.T.);
#3707 = PLANE('',#3708);
#3708 = AXIS2_PLACEMENT_3D('',#3709,#3710,#3711);
#3709 = CARTESIAN_POINT('',(-0.32,-12.38,4.13));
#3710 = DIRECTION('',(-6.885104028683E-17,0.,1.));
#3711 = DIRECTION('',(1.,0.,6.885104028683E-17));
#3712 = ADVANCED_FACE('',(#3713),#3749,.T.);
#3713 = FACE_BOUND('',#3714,.T.);
#3714 = EDGE_LOOP('',(#3715,#3724,#3725,#3726,#3727,#3735,#3743));
#3715 = ORIENTED_EDGE('',*,*,#3716,.T.);
#3716 = EDGE_CURVE('',#3717,#3693,#3719,.T.);
#3717 = VERTEX_POINT('',#3718);
#3718 = CARTESIAN_POINT('',(-0.32,-12.38,3.49));
#3719 = CIRCLE('',#3720,0.64);
#3720 = AXIS2_PLACEMENT_3D('',#3721,#3722,#3723);
#3721 = CARTESIAN_POINT('',(0.32,-12.38,3.49));
#3722 = DIRECTION('',(0.,1.,0.));
#3723 = DIRECTION('',(0.,0.,-1.));
#3724 = ORIENTED_EDGE('',*,*,#3692,.T.);
#3725 = ORIENTED_EDGE('',*,*,#1473,.T.);
#3726 = ORIENTED_EDGE('',*,*,#3612,.T.);
#3727 = ORIENTED_EDGE('',*,*,#3728,.T.);
#3728 = EDGE_CURVE('',#3613,#3729,#3731,.T.);
#3729 = VERTEX_POINT('',#3730);
#3730 = CARTESIAN_POINT('',(0.32,-12.38,-2.84));
#3731 = LINE('',#3732,#3733);
#3732 = CARTESIAN_POINT('',(0.32,-12.38,3.49));
#3733 = VECTOR('',#3734,1.);
#3734 = DIRECTION('',(0.,0.,-1.));
#3735 = ORIENTED_EDGE('',*,*,#3736,.T.);
#3736 = EDGE_CURVE('',#3729,#3737,#3739,.T.);
#3737 = VERTEX_POINT('',#3738);
#3738 = CARTESIAN_POINT('',(-0.32,-12.38,-2.84));
#3739 = LINE('',#3740,#3741);
#3740 = CARTESIAN_POINT('',(0.32,-12.38,-2.84));
#3741 = VECTOR('',#3742,1.);
#3742 = DIRECTION('',(-1.,0.,0.));
#3743 = ORIENTED_EDGE('',*,*,#3744,.T.);
#3744 = EDGE_CURVE('',#3737,#3717,#3745,.T.);
#3745 = LINE('',#3746,#3747);
#3746 = CARTESIAN_POINT('',(-0.32,-12.38,-3.));
#3747 = VECTOR('',#3748,1.);
#3748 = DIRECTION('',(0.,0.,1.));
#3749 = PLANE('',#3750);
#3750 = AXIS2_PLACEMENT_3D('',#3751,#3752,#3753);
#3751 = CARTESIAN_POINT('',(4.143794308537,-12.38,2.551205691463));
#3752 = DIRECTION('',(0.,1.,0.));
#3753 = DIRECTION('',(0.,-0.,1.));
#3754 = ADVANCED_FACE('',(#3755),#3780,.T.);
#3755 = FACE_BOUND('',#3756,.T.);
#3756 = EDGE_LOOP('',(#3757,#3765,#3773,#3779));
#3757 = ORIENTED_EDGE('',*,*,#3758,.F.);
#3758 = EDGE_CURVE('',#3759,#1500,#3761,.T.);
#3759 = VERTEX_POINT('',#3760);
#3760 = CARTESIAN_POINT('',(2.86,-9.84,1.59));
#3761 = LINE('',#3762,#3763);
#3762 = CARTESIAN_POINT('',(2.22,-9.84,1.59));
#3763 = VECTOR('',#3764,1.);
#3764 = DIRECTION('',(1.,0.,2.143287692327E-17));
#3765 = ORIENTED_EDGE('',*,*,#3766,.T.);
#3766 = EDGE_CURVE('',#3759,#3767,#3769,.T.);
#3767 = VERTEX_POINT('',#3768);
#3768 = CARTESIAN_POINT('',(2.86,-10.48,1.59));
#3769 = LINE('',#3770,#3771);
#3770 = CARTESIAN_POINT('',(2.86,-9.84,1.59));
#3771 = VECTOR('',#3772,1.);
#3772 = DIRECTION('',(0.,-1.,0.));
#3773 = ORIENTED_EDGE('',*,*,#3774,.T.);
#3774 = EDGE_CURVE('',#3767,#1498,#3775,.T.);
#3775 = LINE('',#3776,#3777);
#3776 = CARTESIAN_POINT('',(2.22,-10.48,1.59));
#3777 = VECTOR('',#3778,1.);
#3778 = DIRECTION('',(1.,0.,2.143287692327E-17));
#3779 = ORIENTED_EDGE('',*,*,#1497,.T.);
#3780 = PLANE('',#3781);
#3781 = AXIS2_PLACEMENT_3D('',#3782,#3783,#3784);
#3782 = CARTESIAN_POINT('',(2.22,-9.84,1.59));
#3783 = DIRECTION('',(-2.143287692327E-17,0.,1.));
#3784 = DIRECTION('',(1.,0.,2.143287692327E-17));
#3785 = ADVANCED_FACE('',(#3786),#3829,.T.);
#3786 = FACE_BOUND('',#3787,.T.);
#3787 = EDGE_LOOP('',(#3788,#3797,#3798,#3799,#3807,#3815,#3823));
#3788 = ORIENTED_EDGE('',*,*,#3789,.T.);
#3789 = EDGE_CURVE('',#3790,#3759,#3792,.T.);
#3790 = VERTEX_POINT('',#3791);
#3791 = CARTESIAN_POINT('',(2.22,-9.84,0.95));
#3792 = CIRCLE('',#3793,0.64);
#3793 = AXIS2_PLACEMENT_3D('',#3794,#3795,#3796);
#3794 = CARTESIAN_POINT('',(2.86,-9.84,0.95));
#3795 = DIRECTION('',(0.,1.,0.));
#3796 = DIRECTION('',(0.,0.,-1.));
#3797 = ORIENTED_EDGE('',*,*,#3758,.T.);
#3798 = ORIENTED_EDGE('',*,*,#1523,.T.);
#3799 = ORIENTED_EDGE('',*,*,#3800,.T.);
#3800 = EDGE_CURVE('',#1516,#3801,#3803,.T.);
#3801 = VERTEX_POINT('',#3802);
#3802 = CARTESIAN_POINT('',(2.86,-9.84,0.95));
#3803 = LINE('',#3804,#3805);
#3804 = CARTESIAN_POINT('',(12.58,-9.84,0.95));
#3805 = VECTOR('',#3806,1.);
#3806 = DIRECTION('',(-1.,0.,0.));
#3807 = ORIENTED_EDGE('',*,*,#3808,.T.);
#3808 = EDGE_CURVE('',#3801,#3809,#3811,.T.);
#3809 = VERTEX_POINT('',#3810);
#3810 = CARTESIAN_POINT('',(2.86,-9.84,-2.84));
#3811 = LINE('',#3812,#3813);
#3812 = CARTESIAN_POINT('',(2.86,-9.84,0.95));
#3813 = VECTOR('',#3814,1.);
#3814 = DIRECTION('',(0.,0.,-1.));
#3815 = ORIENTED_EDGE('',*,*,#3816,.T.);
#3816 = EDGE_CURVE('',#3809,#3817,#3819,.T.);
#3817 = VERTEX_POINT('',#3818);
#3818 = CARTESIAN_POINT('',(2.22,-9.84,-2.84));
#3819 = LINE('',#3820,#3821);
#3820 = CARTESIAN_POINT('',(2.86,-9.84,-2.84));
#3821 = VECTOR('',#3822,1.);
#3822 = DIRECTION('',(-1.,0.,0.));
#3823 = ORIENTED_EDGE('',*,*,#3824,.T.);
#3824 = EDGE_CURVE('',#3817,#3790,#3825,.T.);
#3825 = LINE('',#3826,#3827);
#3826 = CARTESIAN_POINT('',(2.22,-9.84,-3.));
#3827 = VECTOR('',#3828,1.);
#3828 = DIRECTION('',(0.,0.,1.));
#3829 = PLANE('',#3830);
#3830 = AXIS2_PLACEMENT_3D('',#3831,#3832,#3833);
#3831 = CARTESIAN_POINT('',(6.115919732441,-9.84,0.579080267559));
#3832 = DIRECTION('',(1.223822766313E-33,1.,-1.161915124245E-33));
#3833 = DIRECTION('',(1.,-1.223822766313E-33,0.));
#3834 = ADVANCED_FACE('',(#3835),#3853,.T.);
#3835 = FACE_BOUND('',#3836,.T.);
#3836 = EDGE_LOOP('',(#3837,#3838,#3839,#3847));
#3837 = ORIENTED_EDGE('',*,*,#3800,.F.);
#3838 = ORIENTED_EDGE('',*,*,#1515,.T.);
#3839 = ORIENTED_EDGE('',*,*,#3840,.T.);
#3840 = EDGE_CURVE('',#1508,#3841,#3843,.T.);
#3841 = VERTEX_POINT('',#3842);
#3842 = CARTESIAN_POINT('',(2.86,-10.48,0.95));
#3843 = LINE('',#3844,#3845);
#3844 = CARTESIAN_POINT('',(12.58,-10.48,0.95));
#3845 = VECTOR('',#3846,1.);
#3846 = DIRECTION('',(-1.,0.,0.));
#3847 = ORIENTED_EDGE('',*,*,#3848,.F.);
#3848 = EDGE_CURVE('',#3801,#3841,#3849,.T.);
#3849 = LINE('',#3850,#3851);
#3850 = CARTESIAN_POINT('',(2.86,-9.84,0.95));
#3851 = VECTOR('',#3852,1.);
#3852 = DIRECTION('',(0.,-1.,0.));
#3853 = PLANE('',#3854);
#3854 = AXIS2_PLACEMENT_3D('',#3855,#3856,#3857);
#3855 = CARTESIAN_POINT('',(12.58,-9.84,0.95));
#3856 = DIRECTION('',(-0.,-0.,-1.));
#3857 = DIRECTION('',(-1.,0.,0.));
#3858 = ADVANCED_FACE('',(#3859),#3895,.F.);
#3859 = FACE_BOUND('',#3860,.F.);
#3860 = EDGE_LOOP('',(#3861,#3870,#3871,#3872,#3873,#3881,#3889));
#3861 = ORIENTED_EDGE('',*,*,#3862,.T.);
#3862 = EDGE_CURVE('',#3863,#3767,#3865,.T.);
#3863 = VERTEX_POINT('',#3864);
#3864 = CARTESIAN_POINT('',(2.22,-10.48,0.95));
#3865 = CIRCLE('',#3866,0.64);
#3866 = AXIS2_PLACEMENT_3D('',#3867,#3868,#3869);
#3867 = CARTESIAN_POINT('',(2.86,-10.48,0.95));
#3868 = DIRECTION('',(0.,1.,0.));
#3869 = DIRECTION('',(0.,0.,-1.));
#3870 = ORIENTED_EDGE('',*,*,#3774,.T.);
#3871 = ORIENTED_EDGE('',*,*,#1507,.T.);
#3872 = ORIENTED_EDGE('',*,*,#3840,.T.);
#3873 = ORIENTED_EDGE('',*,*,#3874,.T.);
#3874 = EDGE_CURVE('',#3841,#3875,#3877,.T.);
#3875 = VERTEX_POINT('',#3876);
#3876 = CARTESIAN_POINT('',(2.86,-10.48,-2.84));
#3877 = LINE('',#3878,#3879);
#3878 = CARTESIAN_POINT('',(2.86,-10.48,0.95));
#3879 = VECTOR('',#3880,1.);
#3880 = DIRECTION('',(0.,0.,-1.));
#3881 = ORIENTED_EDGE('',*,*,#3882,.T.);
#3882 = EDGE_CURVE('',#3875,#3883,#3885,.T.);
#3883 = VERTEX_POINT('',#3884);
#3884 = CARTESIAN_POINT('',(2.22,-10.48,-2.84));
#3885 = LINE('',#3886,#3887);
#3886 = CARTESIAN_POINT('',(2.86,-10.48,-2.84));
#3887 = VECTOR('',#3888,1.);
#3888 = DIRECTION('',(-1.,0.,0.));
#3889 = ORIENTED_EDGE('',*,*,#3890,.T.);
#3890 = EDGE_CURVE('',#3883,#3863,#3891,.T.);
#3891 = LINE('',#3892,#3893);
#3892 = CARTESIAN_POINT('',(2.22,-10.48,-3.));
#3893 = VECTOR('',#3894,1.);
#3894 = DIRECTION('',(0.,0.,1.));
#3895 = PLANE('',#3896);
#3896 = AXIS2_PLACEMENT_3D('',#3897,#3898,#3899);
#3897 = CARTESIAN_POINT('',(6.115919732441,-10.48,0.579080267559));
#3898 = DIRECTION('',(1.223822766313E-33,1.,-1.161915124245E-33));
#3899 = DIRECTION('',(1.,-1.223822766313E-33,0.));
#3900 = ADVANCED_FACE('',(#3901),#3926,.T.);
#3901 = FACE_BOUND('',#3902,.T.);
#3902 = EDGE_LOOP('',(#3903,#3911,#3919,#3925));
#3903 = ORIENTED_EDGE('',*,*,#3904,.F.);
#3904 = EDGE_CURVE('',#3905,#1534,#3907,.T.);
#3905 = VERTEX_POINT('',#3906);
#3906 = CARTESIAN_POINT('',(2.86,-7.3,1.59));
#3907 = LINE('',#3908,#3909);
#3908 = CARTESIAN_POINT('',(2.22,-7.3,1.59));
#3909 = VECTOR('',#3910,1.);
#3910 = DIRECTION('',(1.,0.,2.143287692327E-17));
#3911 = ORIENTED_EDGE('',*,*,#3912,.T.);
#3912 = EDGE_CURVE('',#3905,#3913,#3915,.T.);
#3913 = VERTEX_POINT('',#3914);
#3914 = CARTESIAN_POINT('',(2.86,-7.94,1.59));
#3915 = LINE('',#3916,#3917);
#3916 = CARTESIAN_POINT('',(2.86,-7.3,1.59));
#3917 = VECTOR('',#3918,1.);
#3918 = DIRECTION('',(0.,-1.,0.));
#3919 = ORIENTED_EDGE('',*,*,#3920,.T.);
#3920 = EDGE_CURVE('',#3913,#1532,#3921,.T.);
#3921 = LINE('',#3922,#3923);
#3922 = CARTESIAN_POINT('',(2.22,-7.94,1.59));
#3923 = VECTOR('',#3924,1.);
#3924 = DIRECTION('',(1.,0.,2.143287692327E-17));
#3925 = ORIENTED_EDGE('',*,*,#1531,.T.);
#3926 = PLANE('',#3927);
#3927 = AXIS2_PLACEMENT_3D('',#3928,#3929,#3930);
#3928 = CARTESIAN_POINT('',(2.22,-7.3,1.59));
#3929 = DIRECTION('',(-2.143287692327E-17,0.,1.));
#3930 = DIRECTION('',(1.,0.,2.143287692327E-17));
#3931 = ADVANCED_FACE('',(#3932),#3975,.T.);
#3932 = FACE_BOUND('',#3933,.T.);
#3933 = EDGE_LOOP('',(#3934,#3943,#3944,#3945,#3953,#3961,#3969));
#3934 = ORIENTED_EDGE('',*,*,#3935,.T.);
#3935 = EDGE_CURVE('',#3936,#3905,#3938,.T.);
#3936 = VERTEX_POINT('',#3937);
#3937 = CARTESIAN_POINT('',(2.22,-7.3,0.95));
#3938 = CIRCLE('',#3939,0.64);
#3939 = AXIS2_PLACEMENT_3D('',#3940,#3941,#3942);
#3940 = CARTESIAN_POINT('',(2.86,-7.3,0.95));
#3941 = DIRECTION('',(0.,1.,0.));
#3942 = DIRECTION('',(0.,0.,-1.));
#3943 = ORIENTED_EDGE('',*,*,#3904,.T.);
#3944 = ORIENTED_EDGE('',*,*,#1557,.T.);
#3945 = ORIENTED_EDGE('',*,*,#3946,.T.);
#3946 = EDGE_CURVE('',#1550,#3947,#3949,.T.);
#3947 = VERTEX_POINT('',#3948);
#3948 = CARTESIAN_POINT('',(2.86,-7.3,0.95));
#3949 = LINE('',#3950,#3951);
#3950 = CARTESIAN_POINT('',(12.58,-7.3,0.95));
#3951 = VECTOR('',#3952,1.);
#3952 = DIRECTION('',(-1.,0.,0.));
#3953 = ORIENTED_EDGE('',*,*,#3954,.T.);
#3954 = EDGE_CURVE('',#3947,#3955,#3957,.T.);
#3955 = VERTEX_POINT('',#3956);
#3956 = CARTESIAN_POINT('',(2.86,-7.3,-2.84));
#3957 = LINE('',#3958,#3959);
#3958 = CARTESIAN_POINT('',(2.86,-7.3,0.95));
#3959 = VECTOR('',#3960,1.);
#3960 = DIRECTION('',(0.,0.,-1.));
#3961 = ORIENTED_EDGE('',*,*,#3962,.T.);
#3962 = EDGE_CURVE('',#3955,#3963,#3965,.T.);
#3963 = VERTEX_POINT('',#3964);
#3964 = CARTESIAN_POINT('',(2.22,-7.3,-2.84));
#3965 = LINE('',#3966,#3967);
#3966 = CARTESIAN_POINT('',(2.86,-7.3,-2.84));
#3967 = VECTOR('',#3968,1.);
#3968 = DIRECTION('',(-1.,0.,0.));
#3969 = ORIENTED_EDGE('',*,*,#3970,.T.);
#3970 = EDGE_CURVE('',#3963,#3936,#3971,.T.);
#3971 = LINE('',#3972,#3973);
#3972 = CARTESIAN_POINT('',(2.22,-7.3,-3.));
#3973 = VECTOR('',#3974,1.);
#3974 = DIRECTION('',(0.,0.,1.));
#3975 = PLANE('',#3976);
#3976 = AXIS2_PLACEMENT_3D('',#3977,#3978,#3979);
#3977 = CARTESIAN_POINT('',(6.115919732441,-7.3,0.579080267559));
#3978 = DIRECTION('',(1.223822766313E-33,1.,-1.161915124245E-33));
#3979 = DIRECTION('',(1.,-1.223822766313E-33,0.));
#3980 = ADVANCED_FACE('',(#3981),#3999,.T.);
#3981 = FACE_BOUND('',#3982,.T.);
#3982 = EDGE_LOOP('',(#3983,#3984,#3985,#3993));
#3983 = ORIENTED_EDGE('',*,*,#3946,.F.);
#3984 = ORIENTED_EDGE('',*,*,#1549,.T.);
#3985 = ORIENTED_EDGE('',*,*,#3986,.T.);
#3986 = EDGE_CURVE('',#1542,#3987,#3989,.T.);
#3987 = VERTEX_POINT('',#3988);
#3988 = CARTESIAN_POINT('',(2.86,-7.94,0.95));
#3989 = LINE('',#3990,#3991);
#3990 = CARTESIAN_POINT('',(12.58,-7.94,0.95));
#3991 = VECTOR('',#3992,1.);
#3992 = DIRECTION('',(-1.,0.,0.));
#3993 = ORIENTED_EDGE('',*,*,#3994,.F.);
#3994 = EDGE_CURVE('',#3947,#3987,#3995,.T.);
#3995 = LINE('',#3996,#3997);
#3996 = CARTESIAN_POINT('',(2.86,-7.3,0.95));
#3997 = VECTOR('',#3998,1.);
#3998 = DIRECTION('',(0.,-1.,0.));
#3999 = PLANE('',#4000);
#4000 = AXIS2_PLACEMENT_3D('',#4001,#4002,#4003);
#4001 = CARTESIAN_POINT('',(12.58,-7.3,0.95));
#4002 = DIRECTION('',(-0.,-0.,-1.));
#4003 = DIRECTION('',(-1.,0.,0.));
#4004 = ADVANCED_FACE('',(#4005),#4041,.F.);
#4005 = FACE_BOUND('',#4006,.F.);
#4006 = EDGE_LOOP('',(#4007,#4016,#4017,#4018,#4019,#4027,#4035));
#4007 = ORIENTED_EDGE('',*,*,#4008,.T.);
#4008 = EDGE_CURVE('',#4009,#3913,#4011,.T.);
#4009 = VERTEX_POINT('',#4010);
#4010 = CARTESIAN_POINT('',(2.22,-7.94,0.95));
#4011 = CIRCLE('',#4012,0.64);
#4012 = AXIS2_PLACEMENT_3D('',#4013,#4014,#4015);
#4013 = CARTESIAN_POINT('',(2.86,-7.94,0.95));
#4014 = DIRECTION('',(0.,1.,0.));
#4015 = DIRECTION('',(0.,0.,-1.));
#4016 = ORIENTED_EDGE('',*,*,#3920,.T.);
#4017 = ORIENTED_EDGE('',*,*,#1541,.T.);
#4018 = ORIENTED_EDGE('',*,*,#3986,.T.);
#4019 = ORIENTED_EDGE('',*,*,#4020,.T.);
#4020 = EDGE_CURVE('',#3987,#4021,#4023,.T.);
#4021 = VERTEX_POINT('',#4022);
#4022 = CARTESIAN_POINT('',(2.86,-7.94,-2.84));
#4023 = LINE('',#4024,#4025);
#4024 = CARTESIAN_POINT('',(2.86,-7.94,0.95));
#4025 = VECTOR('',#4026,1.);
#4026 = DIRECTION('',(0.,0.,-1.));
#4027 = ORIENTED_EDGE('',*,*,#4028,.T.);
#4028 = EDGE_CURVE('',#4021,#4029,#4031,.T.);
#4029 = VERTEX_POINT('',#4030);
#4030 = CARTESIAN_POINT('',(2.22,-7.94,-2.84));
#4031 = LINE('',#4032,#4033);
#4032 = CARTESIAN_POINT('',(2.86,-7.94,-2.84));
#4033 = VECTOR('',#4034,1.);
#4034 = DIRECTION('',(-1.,0.,0.));
#4035 = ORIENTED_EDGE('',*,*,#4036,.T.);
#4036 = EDGE_CURVE('',#4029,#4009,#4037,.T.);
#4037 = LINE('',#4038,#4039);
#4038 = CARTESIAN_POINT('',(2.22,-7.94,-3.));
#4039 = VECTOR('',#4040,1.);
#4040 = DIRECTION('',(0.,0.,1.));
#4041 = PLANE('',#4042);
#4042 = AXIS2_PLACEMENT_3D('',#4043,#4044,#4045);
#4043 = CARTESIAN_POINT('',(6.115919732441,-7.94,0.579080267559));
#4044 = DIRECTION('',(1.223822766313E-33,1.,-1.161915124245E-33));
#4045 = DIRECTION('',(1.,-1.223822766313E-33,0.));
#4046 = ADVANCED_FACE('',(#4047),#4072,.T.);
#4047 = FACE_BOUND('',#4048,.T.);
#4048 = EDGE_LOOP('',(#4049,#4057,#4065,#4071));
#4049 = ORIENTED_EDGE('',*,*,#4050,.F.);
#4050 = EDGE_CURVE('',#4051,#1568,#4053,.T.);
#4051 = VERTEX_POINT('',#4052);
#4052 = CARTESIAN_POINT('',(2.86,-2.22,1.59));
#4053 = LINE('',#4054,#4055);
#4054 = CARTESIAN_POINT('',(2.22,-2.22,1.59));
#4055 = VECTOR('',#4056,1.);
#4056 = DIRECTION('',(1.,0.,2.143287692327E-17));
#4057 = ORIENTED_EDGE('',*,*,#4058,.T.);
#4058 = EDGE_CURVE('',#4051,#4059,#4061,.T.);
#4059 = VERTEX_POINT('',#4060);
#4060 = CARTESIAN_POINT('',(2.86,-2.86,1.59));
#4061 = LINE('',#4062,#4063);
#4062 = CARTESIAN_POINT('',(2.86,-2.22,1.59));
#4063 = VECTOR('',#4064,1.);
#4064 = DIRECTION('',(0.,-1.,0.));
#4065 = ORIENTED_EDGE('',*,*,#4066,.T.);
#4066 = EDGE_CURVE('',#4059,#1566,#4067,.T.);
#4067 = LINE('',#4068,#4069);
#4068 = CARTESIAN_POINT('',(2.22,-2.86,1.59));
#4069 = VECTOR('',#4070,1.);
#4070 = DIRECTION('',(1.,0.,2.143287692327E-17));
#4071 = ORIENTED_EDGE('',*,*,#1565,.T.);
#4072 = PLANE('',#4073);
#4073 = AXIS2_PLACEMENT_3D('',#4074,#4075,#4076);
#4074 = CARTESIAN_POINT('',(2.22,-2.22,1.59));
#4075 = DIRECTION('',(-2.143287692327E-17,0.,1.));
#4076 = DIRECTION('',(1.,0.,2.143287692327E-17));
#4077 = ADVANCED_FACE('',(#4078),#4121,.T.);
#4078 = FACE_BOUND('',#4079,.T.);
#4079 = EDGE_LOOP('',(#4080,#4089,#4090,#4091,#4099,#4107,#4115));
#4080 = ORIENTED_EDGE('',*,*,#4081,.T.);
#4081 = EDGE_CURVE('',#4082,#4051,#4084,.T.);
#4082 = VERTEX_POINT('',#4083);
#4083 = CARTESIAN_POINT('',(2.22,-2.22,0.95));
#4084 = CIRCLE('',#4085,0.64);
#4085 = AXIS2_PLACEMENT_3D('',#4086,#4087,#4088);
#4086 = CARTESIAN_POINT('',(2.86,-2.22,0.95));
#4087 = DIRECTION('',(0.,1.,0.));
#4088 = DIRECTION('',(0.,0.,-1.));
#4089 = ORIENTED_EDGE('',*,*,#4050,.T.);
#4090 = ORIENTED_EDGE('',*,*,#1591,.T.);
#4091 = ORIENTED_EDGE('',*,*,#4092,.T.);
#4092 = EDGE_CURVE('',#1584,#4093,#4095,.T.);
#4093 = VERTEX_POINT('',#4094);
#4094 = CARTESIAN_POINT('',(2.86,-2.22,0.95));
#4095 = LINE('',#4096,#4097);
#4096 = CARTESIAN_POINT('',(12.58,-2.22,0.95));
#4097 = VECTOR('',#4098,1.);
#4098 = DIRECTION('',(-1.,0.,0.));
#4099 = ORIENTED_EDGE('',*,*,#4100,.T.);
#4100 = EDGE_CURVE('',#4093,#4101,#4103,.T.);
#4101 = VERTEX_POINT('',#4102);
#4102 = CARTESIAN_POINT('',(2.86,-2.22,-2.84));
#4103 = LINE('',#4104,#4105);
#4104 = CARTESIAN_POINT('',(2.86,-2.22,0.95));
#4105 = VECTOR('',#4106,1.);
#4106 = DIRECTION('',(0.,0.,-1.));
#4107 = ORIENTED_EDGE('',*,*,#4108,.T.);
#4108 = EDGE_CURVE('',#4101,#4109,#4111,.T.);
#4109 = VERTEX_POINT('',#4110);
#4110 = CARTESIAN_POINT('',(2.22,-2.22,-2.84));
#4111 = LINE('',#4112,#4113);
#4112 = CARTESIAN_POINT('',(2.86,-2.22,-2.84));
#4113 = VECTOR('',#4114,1.);
#4114 = DIRECTION('',(-1.,0.,0.));
#4115 = ORIENTED_EDGE('',*,*,#4116,.T.);
#4116 = EDGE_CURVE('',#4109,#4082,#4117,.T.);
#4117 = LINE('',#4118,#4119);
#4118 = CARTESIAN_POINT('',(2.22,-2.22,-3.));
#4119 = VECTOR('',#4120,1.);
#4120 = DIRECTION('',(0.,0.,1.));
#4121 = PLANE('',#4122);
#4122 = AXIS2_PLACEMENT_3D('',#4123,#4124,#4125);
#4123 = CARTESIAN_POINT('',(6.115919732441,-2.22,0.579080267559));
#4124 = DIRECTION('',(1.223822766313E-33,1.,-1.161915124245E-33));
#4125 = DIRECTION('',(1.,-1.223822766313E-33,0.));
#4126 = ADVANCED_FACE('',(#4127),#4145,.T.);
#4127 = FACE_BOUND('',#4128,.T.);
#4128 = EDGE_LOOP('',(#4129,#4130,#4131,#4139));
#4129 = ORIENTED_EDGE('',*,*,#4092,.F.);
#4130 = ORIENTED_EDGE('',*,*,#1583,.T.);
#4131 = ORIENTED_EDGE('',*,*,#4132,.T.);
#4132 = EDGE_CURVE('',#1576,#4133,#4135,.T.);
#4133 = VERTEX_POINT('',#4134);
#4134 = CARTESIAN_POINT('',(2.86,-2.86,0.95));
#4135 = LINE('',#4136,#4137);
#4136 = CARTESIAN_POINT('',(12.58,-2.86,0.95));
#4137 = VECTOR('',#4138,1.);
#4138 = DIRECTION('',(-1.,0.,0.));
#4139 = ORIENTED_EDGE('',*,*,#4140,.F.);
#4140 = EDGE_CURVE('',#4093,#4133,#4141,.T.);
#4141 = LINE('',#4142,#4143);
#4142 = CARTESIAN_POINT('',(2.86,-2.22,0.95));
#4143 = VECTOR('',#4144,1.);
#4144 = DIRECTION('',(0.,-1.,0.));
#4145 = PLANE('',#4146);
#4146 = AXIS2_PLACEMENT_3D('',#4147,#4148,#4149);
#4147 = CARTESIAN_POINT('',(12.58,-2.22,0.95));
#4148 = DIRECTION('',(-0.,-0.,-1.));
#4149 = DIRECTION('',(-1.,0.,0.));
#4150 = ADVANCED_FACE('',(#4151),#4187,.F.);
#4151 = FACE_BOUND('',#4152,.F.);
#4152 = EDGE_LOOP('',(#4153,#4162,#4163,#4164,#4165,#4173,#4181));
#4153 = ORIENTED_EDGE('',*,*,#4154,.T.);
#4154 = EDGE_CURVE('',#4155,#4059,#4157,.T.);
#4155 = VERTEX_POINT('',#4156);
#4156 = CARTESIAN_POINT('',(2.22,-2.86,0.95));
#4157 = CIRCLE('',#4158,0.64);
#4158 = AXIS2_PLACEMENT_3D('',#4159,#4160,#4161);
#4159 = CARTESIAN_POINT('',(2.86,-2.86,0.95));
#4160 = DIRECTION('',(0.,1.,0.));
#4161 = DIRECTION('',(0.,0.,-1.));
#4162 = ORIENTED_EDGE('',*,*,#4066,.T.);
#4163 = ORIENTED_EDGE('',*,*,#1575,.T.);
#4164 = ORIENTED_EDGE('',*,*,#4132,.T.);
#4165 = ORIENTED_EDGE('',*,*,#4166,.T.);
#4166 = EDGE_CURVE('',#4133,#4167,#4169,.T.);
#4167 = VERTEX_POINT('',#4168);
#4168 = CARTESIAN_POINT('',(2.86,-2.86,-2.84));
#4169 = LINE('',#4170,#4171);
#4170 = CARTESIAN_POINT('',(2.86,-2.86,0.95));
#4171 = VECTOR('',#4172,1.);
#4172 = DIRECTION('',(0.,0.,-1.));
#4173 = ORIENTED_EDGE('',*,*,#4174,.T.);
#4174 = EDGE_CURVE('',#4167,#4175,#4177,.T.);
#4175 = VERTEX_POINT('',#4176);
#4176 = CARTESIAN_POINT('',(2.22,-2.86,-2.84));
#4177 = LINE('',#4178,#4179);
#4178 = CARTESIAN_POINT('',(2.86,-2.86,-2.84));
#4179 = VECTOR('',#4180,1.);
#4180 = DIRECTION('',(-1.,0.,0.));
#4181 = ORIENTED_EDGE('',*,*,#4182,.T.);
#4182 = EDGE_CURVE('',#4175,#4155,#4183,.T.);
#4183 = LINE('',#4184,#4185);
#4184 = CARTESIAN_POINT('',(2.22,-2.86,-3.));
#4185 = VECTOR('',#4186,1.);
#4186 = DIRECTION('',(0.,0.,1.));
#4187 = PLANE('',#4188);
#4188 = AXIS2_PLACEMENT_3D('',#4189,#4190,#4191);
#4189 = CARTESIAN_POINT('',(6.115919732441,-2.86,0.579080267559));
#4190 = DIRECTION('',(1.223822766313E-33,1.,-1.161915124245E-33));
#4191 = DIRECTION('',(1.,-1.223822766313E-33,0.));
#4192 = ADVANCED_FACE('',(#4193),#4243,.T.);
#4193 = FACE_BOUND('',#4194,.T.);
#4194 = EDGE_LOOP('',(#4195,#4206,#4212,#4213,#4221,#4229,#4237));
#4195 = ORIENTED_EDGE('',*,*,#4196,.T.);
#4196 = EDGE_CURVE('',#4197,#4199,#4201,.T.);
#4197 = VERTEX_POINT('',#4198);
#4198 = CARTESIAN_POINT('',(2.22,-4.76,0.95));
#4199 = VERTEX_POINT('',#4200);
#4200 = CARTESIAN_POINT('',(2.86,-4.76,1.59));
#4201 = CIRCLE('',#4202,0.64);
#4202 = AXIS2_PLACEMENT_3D('',#4203,#4204,#4205);
#4203 = CARTESIAN_POINT('',(2.86,-4.76,0.95));
#4204 = DIRECTION('',(0.,1.,0.));
#4205 = DIRECTION('',(0.,0.,-1.));
#4206 = ORIENTED_EDGE('',*,*,#4207,.T.);
#4207 = EDGE_CURVE('',#4199,#1600,#4208,.T.);
#4208 = LINE('',#4209,#4210);
#4209 = CARTESIAN_POINT('',(2.22,-4.76,1.59));
#4210 = VECTOR('',#4211,1.);
#4211 = DIRECTION('',(1.,0.,2.143287692327E-17));
#4212 = ORIENTED_EDGE('',*,*,#1599,.T.);
#4213 = ORIENTED_EDGE('',*,*,#4214,.T.);
#4214 = EDGE_CURVE('',#1602,#4215,#4217,.T.);
#4215 = VERTEX_POINT('',#4216);
#4216 = CARTESIAN_POINT('',(2.86,-4.76,0.95));
#4217 = LINE('',#4218,#4219);
#4218 = CARTESIAN_POINT('',(12.58,-4.76,0.95));
#4219 = VECTOR('',#4220,1.);
#4220 = DIRECTION('',(-1.,0.,0.));
#4221 = ORIENTED_EDGE('',*,*,#4222,.T.);
#4222 = EDGE_CURVE('',#4215,#4223,#4225,.T.);
#4223 = VERTEX_POINT('',#4224);
#4224 = CARTESIAN_POINT('',(2.86,-4.76,-2.84));
#4225 = LINE('',#4226,#4227);
#4226 = CARTESIAN_POINT('',(2.86,-4.76,0.95));
#4227 = VECTOR('',#4228,1.);
#4228 = DIRECTION('',(0.,0.,-1.));
#4229 = ORIENTED_EDGE('',*,*,#4230,.T.);
#4230 = EDGE_CURVE('',#4223,#4231,#4233,.T.);
#4231 = VERTEX_POINT('',#4232);
#4232 = CARTESIAN_POINT('',(2.22,-4.76,-2.84));
#4233 = LINE('',#4234,#4235);
#4234 = CARTESIAN_POINT('',(2.86,-4.76,-2.84));
#4235 = VECTOR('',#4236,1.);
#4236 = DIRECTION('',(-1.,0.,0.));
#4237 = ORIENTED_EDGE('',*,*,#4238,.T.);
#4238 = EDGE_CURVE('',#4231,#4197,#4239,.T.);
#4239 = LINE('',#4240,#4241);
#4240 = CARTESIAN_POINT('',(2.22,-4.76,-3.));
#4241 = VECTOR('',#4242,1.);
#4242 = DIRECTION('',(0.,0.,1.));
#4243 = PLANE('',#4244);
#4244 = AXIS2_PLACEMENT_3D('',#4245,#4246,#4247);
#4245 = CARTESIAN_POINT('',(6.115919732441,-4.76,0.579080267559));
#4246 = DIRECTION('',(1.223822766313E-33,1.,-1.161915124245E-33));
#4247 = DIRECTION('',(1.,-1.223822766313E-33,0.));
#4248 = ADVANCED_FACE('',(#4249),#4267,.T.);
#4249 = FACE_BOUND('',#4250,.T.);
#4250 = EDGE_LOOP('',(#4251,#4252,#4253,#4261));
#4251 = ORIENTED_EDGE('',*,*,#4214,.F.);
#4252 = ORIENTED_EDGE('',*,*,#1625,.T.);
#4253 = ORIENTED_EDGE('',*,*,#4254,.T.);
#4254 = EDGE_CURVE('',#1618,#4255,#4257,.T.);
#4255 = VERTEX_POINT('',#4256);
#4256 = CARTESIAN_POINT('',(2.86,-5.4,0.95));
#4257 = LINE('',#4258,#4259);
#4258 = CARTESIAN_POINT('',(12.58,-5.4,0.95));
#4259 = VECTOR('',#4260,1.);
#4260 = DIRECTION('',(-1.,0.,0.));
#4261 = ORIENTED_EDGE('',*,*,#4262,.F.);
#4262 = EDGE_CURVE('',#4215,#4255,#4263,.T.);
#4263 = LINE('',#4264,#4265);
#4264 = CARTESIAN_POINT('',(2.86,-4.76,0.95));
#4265 = VECTOR('',#4266,1.);
#4266 = DIRECTION('',(0.,-1.,0.));
#4267 = PLANE('',#4268);
#4268 = AXIS2_PLACEMENT_3D('',#4269,#4270,#4271);
#4269 = CARTESIAN_POINT('',(12.58,-4.76,0.95));
#4270 = DIRECTION('',(-0.,-0.,-1.));
#4271 = DIRECTION('',(-1.,0.,0.));
#4272 = ADVANCED_FACE('',(#4273),#4316,.F.);
#4273 = FACE_BOUND('',#4274,.F.);
#4274 = EDGE_LOOP('',(#4275,#4286,#4292,#4293,#4294,#4302,#4310));
#4275 = ORIENTED_EDGE('',*,*,#4276,.T.);
#4276 = EDGE_CURVE('',#4277,#4279,#4281,.T.);
#4277 = VERTEX_POINT('',#4278);
#4278 = CARTESIAN_POINT('',(2.22,-5.4,0.95));
#4279 = VERTEX_POINT('',#4280);
#4280 = CARTESIAN_POINT('',(2.86,-5.4,1.59));
#4281 = CIRCLE('',#4282,0.64);
#4282 = AXIS2_PLACEMENT_3D('',#4283,#4284,#4285);
#4283 = CARTESIAN_POINT('',(2.86,-5.4,0.95));
#4284 = DIRECTION('',(0.,1.,0.));
#4285 = DIRECTION('',(0.,0.,-1.));
#4286 = ORIENTED_EDGE('',*,*,#4287,.T.);
#4287 = EDGE_CURVE('',#4279,#1610,#4288,.T.);
#4288 = LINE('',#4289,#4290);
#4289 = CARTESIAN_POINT('',(2.22,-5.4,1.59));
#4290 = VECTOR('',#4291,1.);
#4291 = DIRECTION('',(1.,0.,2.143287692327E-17));
#4292 = ORIENTED_EDGE('',*,*,#1617,.T.);
#4293 = ORIENTED_EDGE('',*,*,#4254,.T.);
#4294 = ORIENTED_EDGE('',*,*,#4295,.T.);
#4295 = EDGE_CURVE('',#4255,#4296,#4298,.T.);
#4296 = VERTEX_POINT('',#4297);
#4297 = CARTESIAN_POINT('',(2.86,-5.4,-2.84));
#4298 = LINE('',#4299,#4300);
#4299 = CARTESIAN_POINT('',(2.86,-5.4,0.95));
#4300 = VECTOR('',#4301,1.);
#4301 = DIRECTION('',(0.,0.,-1.));
#4302 = ORIENTED_EDGE('',*,*,#4303,.T.);
#4303 = EDGE_CURVE('',#4296,#4304,#4306,.T.);
#4304 = VERTEX_POINT('',#4305);
#4305 = CARTESIAN_POINT('',(2.22,-5.4,-2.84));
#4306 = LINE('',#4307,#4308);
#4307 = CARTESIAN_POINT('',(2.86,-5.4,-2.84));
#4308 = VECTOR('',#4309,1.);
#4309 = DIRECTION('',(-1.,0.,0.));
#4310 = ORIENTED_EDGE('',*,*,#4311,.T.);
#4311 = EDGE_CURVE('',#4304,#4277,#4312,.T.);
#4312 = LINE('',#4313,#4314);
#4313 = CARTESIAN_POINT('',(2.22,-5.4,-3.));
#4314 = VECTOR('',#4315,1.);
#4315 = DIRECTION('',(0.,0.,1.));
#4316 = PLANE('',#4317);
#4317 = AXIS2_PLACEMENT_3D('',#4318,#4319,#4320);
#4318 = CARTESIAN_POINT('',(6.115919732441,-5.4,0.579080267559));
#4319 = DIRECTION('',(1.223822766313E-33,1.,-1.161915124245E-33));
#4320 = DIRECTION('',(1.,-1.223822766313E-33,0.));
#4321 = ADVANCED_FACE('',(#4322),#4333,.T.);
#4322 = FACE_BOUND('',#4323,.T.);
#4323 = EDGE_LOOP('',(#4324,#4325,#4331,#4332));
#4324 = ORIENTED_EDGE('',*,*,#4207,.F.);
#4325 = ORIENTED_EDGE('',*,*,#4326,.T.);
#4326 = EDGE_CURVE('',#4199,#4279,#4327,.T.);
#4327 = LINE('',#4328,#4329);
#4328 = CARTESIAN_POINT('',(2.86,-4.76,1.59));
#4329 = VECTOR('',#4330,1.);
#4330 = DIRECTION('',(0.,-1.,0.));
#4331 = ORIENTED_EDGE('',*,*,#4287,.T.);
#4332 = ORIENTED_EDGE('',*,*,#1609,.T.);
#4333 = PLANE('',#4334);
#4334 = AXIS2_PLACEMENT_3D('',#4335,#4336,#4337);
#4335 = CARTESIAN_POINT('',(2.22,-4.76,1.59));
#4336 = DIRECTION('',(-2.143287692327E-17,0.,1.));
#4337 = DIRECTION('',(1.,0.,2.143287692327E-17));
#4338 = ADVANCED_FACE('',(#4339),#4389,.T.);
#4339 = FACE_BOUND('',#4340,.T.);
#4340 = EDGE_LOOP('',(#4341,#4352,#4358,#4359,#4367,#4375,#4383));
#4341 = ORIENTED_EDGE('',*,*,#4342,.T.);
#4342 = EDGE_CURVE('',#4343,#4345,#4347,.T.);
#4343 = VERTEX_POINT('',#4344);
#4344 = CARTESIAN_POINT('',(2.22,-12.38,0.95));
#4345 = VERTEX_POINT('',#4346);
#4346 = CARTESIAN_POINT('',(2.86,-12.38,1.59));
#4347 = CIRCLE('',#4348,0.64);
#4348 = AXIS2_PLACEMENT_3D('',#4349,#4350,#4351);
#4349 = CARTESIAN_POINT('',(2.86,-12.38,0.95));
#4350 = DIRECTION('',(0.,1.,0.));
#4351 = DIRECTION('',(0.,0.,-1.));
#4352 = ORIENTED_EDGE('',*,*,#4353,.T.);
#4353 = EDGE_CURVE('',#4345,#1634,#4354,.T.);
#4354 = LINE('',#4355,#4356);
#4355 = CARTESIAN_POINT('',(2.22,-12.38,1.59));
#4356 = VECTOR('',#4357,1.);
#4357 = DIRECTION('',(1.,0.,2.143287692327E-17));
#4358 = ORIENTED_EDGE('',*,*,#1633,.T.);
#4359 = ORIENTED_EDGE('',*,*,#4360,.T.);
#4360 = EDGE_CURVE('',#1636,#4361,#4363,.T.);
#4361 = VERTEX_POINT('',#4362);
#4362 = CARTESIAN_POINT('',(2.86,-12.38,0.95));
#4363 = LINE('',#4364,#4365);
#4364 = CARTESIAN_POINT('',(12.58,-12.38,0.95));
#4365 = VECTOR('',#4366,1.);
#4366 = DIRECTION('',(-1.,0.,0.));
#4367 = ORIENTED_EDGE('',*,*,#4368,.T.);
#4368 = EDGE_CURVE('',#4361,#4369,#4371,.T.);
#4369 = VERTEX_POINT('',#4370);
#4370 = CARTESIAN_POINT('',(2.86,-12.38,-2.84));
#4371 = LINE('',#4372,#4373);
#4372 = CARTESIAN_POINT('',(2.86,-12.38,0.95));
#4373 = VECTOR('',#4374,1.);
#4374 = DIRECTION('',(0.,0.,-1.));
#4375 = ORIENTED_EDGE('',*,*,#4376,.T.);
#4376 = EDGE_CURVE('',#4369,#4377,#4379,.T.);
#4377 = VERTEX_POINT('',#4378);
#4378 = CARTESIAN_POINT('',(2.22,-12.38,-2.84));
#4379 = LINE('',#4380,#4381);
#4380 = CARTESIAN_POINT('',(2.86,-12.38,-2.84));
#4381 = VECTOR('',#4382,1.);
#4382 = DIRECTION('',(-1.,0.,0.));
#4383 = ORIENTED_EDGE('',*,*,#4384,.T.);
#4384 = EDGE_CURVE('',#4377,#4343,#4385,.T.);
#4385 = LINE('',#4386,#4387);
#4386 = CARTESIAN_POINT('',(2.22,-12.38,-3.));
#4387 = VECTOR('',#4388,1.);
#4388 = DIRECTION('',(0.,0.,1.));
#4389 = PLANE('',#4390);
#4390 = AXIS2_PLACEMENT_3D('',#4391,#4392,#4393);
#4391 = CARTESIAN_POINT('',(6.115919732441,-12.38,0.579080267559));
#4392 = DIRECTION('',(1.223822766313E-33,1.,-1.161915124245E-33));
#4393 = DIRECTION('',(1.,-1.223822766313E-33,0.));
#4394 = ADVANCED_FACE('',(#4395),#4413,.T.);
#4395 = FACE_BOUND('',#4396,.T.);
#4396 = EDGE_LOOP('',(#4397,#4398,#4399,#4407));
#4397 = ORIENTED_EDGE('',*,*,#4360,.F.);
#4398 = ORIENTED_EDGE('',*,*,#1659,.T.);
#4399 = ORIENTED_EDGE('',*,*,#4400,.T.);
#4400 = EDGE_CURVE('',#1652,#4401,#4403,.T.);
#4401 = VERTEX_POINT('',#4402);
#4402 = CARTESIAN_POINT('',(2.86,-13.02,0.95));
#4403 = LINE('',#4404,#4405);
#4404 = CARTESIAN_POINT('',(12.58,-13.02,0.95));
#4405 = VECTOR('',#4406,1.);
#4406 = DIRECTION('',(-1.,0.,0.));
#4407 = ORIENTED_EDGE('',*,*,#4408,.F.);
#4408 = EDGE_CURVE('',#4361,#4401,#4409,.T.);
#4409 = LINE('',#4410,#4411);
#4410 = CARTESIAN_POINT('',(2.86,-12.38,0.95));
#4411 = VECTOR('',#4412,1.);
#4412 = DIRECTION('',(0.,-1.,0.));
#4413 = PLANE('',#4414);
#4414 = AXIS2_PLACEMENT_3D('',#4415,#4416,#4417);
#4415 = CARTESIAN_POINT('',(12.58,-12.38,0.95));
#4416 = DIRECTION('',(-0.,-0.,-1.));
#4417 = DIRECTION('',(-1.,0.,0.));
#4418 = ADVANCED_FACE('',(#4419),#4462,.F.);
#4419 = FACE_BOUND('',#4420,.F.);
#4420 = EDGE_LOOP('',(#4421,#4432,#4438,#4439,#4440,#4448,#4456));
#4421 = ORIENTED_EDGE('',*,*,#4422,.T.);
#4422 = EDGE_CURVE('',#4423,#4425,#4427,.T.);
#4423 = VERTEX_POINT('',#4424);
#4424 = CARTESIAN_POINT('',(2.22,-13.02,0.95));
#4425 = VERTEX_POINT('',#4426);
#4426 = CARTESIAN_POINT('',(2.86,-13.02,1.59));
#4427 = CIRCLE('',#4428,0.64);
#4428 = AXIS2_PLACEMENT_3D('',#4429,#4430,#4431);
#4429 = CARTESIAN_POINT('',(2.86,-13.02,0.95));
#4430 = DIRECTION('',(0.,1.,0.));
#4431 = DIRECTION('',(0.,0.,-1.));
#4432 = ORIENTED_EDGE('',*,*,#4433,.T.);
#4433 = EDGE_CURVE('',#4425,#1644,#4434,.T.);
#4434 = LINE('',#4435,#4436);
#4435 = CARTESIAN_POINT('',(2.22,-13.02,1.59));
#4436 = VECTOR('',#4437,1.);
#4437 = DIRECTION('',(1.,0.,2.143287692327E-17));
#4438 = ORIENTED_EDGE('',*,*,#1651,.T.);
#4439 = ORIENTED_EDGE('',*,*,#4400,.T.);
#4440 = ORIENTED_EDGE('',*,*,#4441,.T.);
#4441 = EDGE_CURVE('',#4401,#4442,#4444,.T.);
#4442 = VERTEX_POINT('',#4443);
#4443 = CARTESIAN_POINT('',(2.86,-13.02,-2.84));
#4444 = LINE('',#4445,#4446);
#4445 = CARTESIAN_POINT('',(2.86,-13.02,0.95));
#4446 = VECTOR('',#4447,1.);
#4447 = DIRECTION('',(0.,0.,-1.));
#4448 = ORIENTED_EDGE('',*,*,#4449,.T.);
#4449 = EDGE_CURVE('',#4442,#4450,#4452,.T.);
#4450 = VERTEX_POINT('',#4451);
#4451 = CARTESIAN_POINT('',(2.22,-13.02,-2.84));
#4452 = LINE('',#4453,#4454);
#4453 = CARTESIAN_POINT('',(2.86,-13.02,-2.84));
#4454 = VECTOR('',#4455,1.);
#4455 = DIRECTION('',(-1.,0.,0.));
#4456 = ORIENTED_EDGE('',*,*,#4457,.T.);
#4457 = EDGE_CURVE('',#4450,#4423,#4458,.T.);
#4458 = LINE('',#4459,#4460);
#4459 = CARTESIAN_POINT('',(2.22,-13.02,-3.));
#4460 = VECTOR('',#4461,1.);
#4461 = DIRECTION('',(0.,0.,1.));
#4462 = PLANE('',#4463);
#4463 = AXIS2_PLACEMENT_3D('',#4464,#4465,#4466);
#4464 = CARTESIAN_POINT('',(6.115919732441,-13.02,0.579080267559));
#4465 = DIRECTION('',(1.223822766313E-33,1.,-1.161915124245E-33));
#4466 = DIRECTION('',(1.,-1.223822766313E-33,0.));
#4467 = ADVANCED_FACE('',(#4468),#4479,.T.);
#4468 = FACE_BOUND('',#4469,.T.);
#4469 = EDGE_LOOP('',(#4470,#4471,#4477,#4478));
#4470 = ORIENTED_EDGE('',*,*,#4353,.F.);
#4471 = ORIENTED_EDGE('',*,*,#4472,.T.);
#4472 = EDGE_CURVE('',#4345,#4425,#4473,.T.);
#4473 = LINE('',#4474,#4475);
#4474 = CARTESIAN_POINT('',(2.86,-12.38,1.59));
#4475 = VECTOR('',#4476,1.);
#4476 = DIRECTION('',(0.,-1.,0.));
#4477 = ORIENTED_EDGE('',*,*,#4433,.T.);
#4478 = ORIENTED_EDGE('',*,*,#1643,.T.);
#4479 = PLANE('',#4480);
#4480 = AXIS2_PLACEMENT_3D('',#4481,#4482,#4483);
#4481 = CARTESIAN_POINT('',(2.22,-12.38,1.59));
#4482 = DIRECTION('',(-2.143287692327E-17,0.,1.));
#4483 = DIRECTION('',(1.,0.,2.143287692327E-17));
#4484 = ADVANCED_FACE('',(#4485),#4535,.T.);
#4485 = FACE_BOUND('',#4486,.T.);
#4486 = EDGE_LOOP('',(#4487,#4498,#4504,#4505,#4513,#4521,#4529));
#4487 = ORIENTED_EDGE('',*,*,#4488,.T.);
#4488 = EDGE_CURVE('',#4489,#4491,#4493,.T.);
#4489 = VERTEX_POINT('',#4490);
#4490 = CARTESIAN_POINT('',(-0.32,0.32,3.49));
#4491 = VERTEX_POINT('',#4492);
#4492 = CARTESIAN_POINT('',(0.32,0.32,4.13));
#4493 = CIRCLE('',#4494,0.64);
#4494 = AXIS2_PLACEMENT_3D('',#4495,#4496,#4497);
#4495 = CARTESIAN_POINT('',(0.32,0.32,3.49));
#4496 = DIRECTION('',(0.,1.,0.));
#4497 = DIRECTION('',(0.,0.,-1.));
#4498 = ORIENTED_EDGE('',*,*,#4499,.T.);
#4499 = EDGE_CURVE('',#4491,#1668,#4500,.T.);
#4500 = LINE('',#4501,#4502);
#4501 = CARTESIAN_POINT('',(-0.32,0.32,4.13));
#4502 = VECTOR('',#4503,1.);
#4503 = DIRECTION('',(1.,0.,6.885104028683E-17));
#4504 = ORIENTED_EDGE('',*,*,#1667,.T.);
#4505 = ORIENTED_EDGE('',*,*,#4506,.T.);
#4506 = EDGE_CURVE('',#1670,#4507,#4509,.T.);
#4507 = VERTEX_POINT('',#4508);
#4508 = CARTESIAN_POINT('',(0.32,0.32,3.49));
#4509 = LINE('',#4510,#4511);
#4510 = CARTESIAN_POINT('',(12.58,0.32,3.49));
#4511 = VECTOR('',#4512,1.);
#4512 = DIRECTION('',(-1.,0.,0.));
#4513 = ORIENTED_EDGE('',*,*,#4514,.T.);
#4514 = EDGE_CURVE('',#4507,#4515,#4517,.T.);
#4515 = VERTEX_POINT('',#4516);
#4516 = CARTESIAN_POINT('',(0.32,0.32,-2.84));
#4517 = LINE('',#4518,#4519);
#4518 = CARTESIAN_POINT('',(0.32,0.32,3.49));
#4519 = VECTOR('',#4520,1.);
#4520 = DIRECTION('',(0.,0.,-1.));
#4521 = ORIENTED_EDGE('',*,*,#4522,.T.);
#4522 = EDGE_CURVE('',#4515,#4523,#4525,.T.);
#4523 = VERTEX_POINT('',#4524);
#4524 = CARTESIAN_POINT('',(-0.32,0.32,-2.84));
#4525 = LINE('',#4526,#4527);
#4526 = CARTESIAN_POINT('',(0.32,0.32,-2.84));
#4527 = VECTOR('',#4528,1.);
#4528 = DIRECTION('',(-1.,0.,0.));
#4529 = ORIENTED_EDGE('',*,*,#4530,.T.);
#4530 = EDGE_CURVE('',#4523,#4489,#4531,.T.);
#4531 = LINE('',#4532,#4533);
#4532 = CARTESIAN_POINT('',(-0.32,0.32,-3.));
#4533 = VECTOR('',#4534,1.);
#4534 = DIRECTION('',(0.,0.,1.));
#4535 = PLANE('',#4536);
#4536 = AXIS2_PLACEMENT_3D('',#4537,#4538,#4539);
#4537 = CARTESIAN_POINT('',(4.143794308537,0.32,2.551205691463));
#4538 = DIRECTION('',(0.,1.,0.));
#4539 = DIRECTION('',(0.,-0.,1.));
#4540 = ADVANCED_FACE('',(#4541),#4559,.T.);
#4541 = FACE_BOUND('',#4542,.T.);
#4542 = EDGE_LOOP('',(#4543,#4544,#4545,#4553));
#4543 = ORIENTED_EDGE('',*,*,#4506,.F.);
#4544 = ORIENTED_EDGE('',*,*,#1693,.T.);
#4545 = ORIENTED_EDGE('',*,*,#4546,.T.);
#4546 = EDGE_CURVE('',#1686,#4547,#4549,.T.);
#4547 = VERTEX_POINT('',#4548);
#4548 = CARTESIAN_POINT('',(0.32,-0.32,3.49));
#4549 = LINE('',#4550,#4551);
#4550 = CARTESIAN_POINT('',(12.58,-0.32,3.49));
#4551 = VECTOR('',#4552,1.);
#4552 = DIRECTION('',(-1.,0.,0.));
#4553 = ORIENTED_EDGE('',*,*,#4554,.F.);
#4554 = EDGE_CURVE('',#4507,#4547,#4555,.T.);
#4555 = LINE('',#4556,#4557);
#4556 = CARTESIAN_POINT('',(0.32,0.32,3.49));
#4557 = VECTOR('',#4558,1.);
#4558 = DIRECTION('',(0.,-1.,0.));
#4559 = PLANE('',#4560);
#4560 = AXIS2_PLACEMENT_3D('',#4561,#4562,#4563);
#4561 = CARTESIAN_POINT('',(12.58,0.32,3.49));
#4562 = DIRECTION('',(-0.,-0.,-1.));
#4563 = DIRECTION('',(-1.,0.,0.));
#4564 = ADVANCED_FACE('',(#4565),#4608,.F.);
#4565 = FACE_BOUND('',#4566,.F.);
#4566 = EDGE_LOOP('',(#4567,#4578,#4584,#4585,#4586,#4594,#4602));
#4567 = ORIENTED_EDGE('',*,*,#4568,.T.);
#4568 = EDGE_CURVE('',#4569,#4571,#4573,.T.);
#4569 = VERTEX_POINT('',#4570);
#4570 = CARTESIAN_POINT('',(-0.32,-0.32,3.49));
#4571 = VERTEX_POINT('',#4572);
#4572 = CARTESIAN_POINT('',(0.32,-0.32,4.13));
#4573 = CIRCLE('',#4574,0.64);
#4574 = AXIS2_PLACEMENT_3D('',#4575,#4576,#4577);
#4575 = CARTESIAN_POINT('',(0.32,-0.32,3.49));
#4576 = DIRECTION('',(0.,1.,0.));
#4577 = DIRECTION('',(0.,0.,-1.));
#4578 = ORIENTED_EDGE('',*,*,#4579,.T.);
#4579 = EDGE_CURVE('',#4571,#1678,#4580,.T.);
#4580 = LINE('',#4581,#4582);
#4581 = CARTESIAN_POINT('',(-0.32,-0.32,4.13));
#4582 = VECTOR('',#4583,1.);
#4583 = DIRECTION('',(1.,0.,6.885104028683E-17));
#4584 = ORIENTED_EDGE('',*,*,#1685,.T.);
#4585 = ORIENTED_EDGE('',*,*,#4546,.T.);
#4586 = ORIENTED_EDGE('',*,*,#4587,.T.);
#4587 = EDGE_CURVE('',#4547,#4588,#4590,.T.);
#4588 = VERTEX_POINT('',#4589);
#4589 = CARTESIAN_POINT('',(0.32,-0.32,-2.84));
#4590 = LINE('',#4591,#4592);
#4591 = CARTESIAN_POINT('',(0.32,-0.32,3.49));
#4592 = VECTOR('',#4593,1.);
#4593 = DIRECTION('',(0.,0.,-1.));
#4594 = ORIENTED_EDGE('',*,*,#4595,.T.);
#4595 = EDGE_CURVE('',#4588,#4596,#4598,.T.);
#4596 = VERTEX_POINT('',#4597);
#4597 = CARTESIAN_POINT('',(-0.32,-0.32,-2.84));
#4598 = LINE('',#4599,#4600);
#4599 = CARTESIAN_POINT('',(0.32,-0.32,-2.84));
#4600 = VECTOR('',#4601,1.);
#4601 = DIRECTION('',(-1.,0.,0.));
#4602 = ORIENTED_EDGE('',*,*,#4603,.T.);
#4603 = EDGE_CURVE('',#4596,#4569,#4604,.T.);
#4604 = LINE('',#4605,#4606);
#4605 = CARTESIAN_POINT('',(-0.32,-0.32,-3.));
#4606 = VECTOR('',#4607,1.);
#4607 = DIRECTION('',(0.,0.,1.));
#4608 = PLANE('',#4609);
#4609 = AXIS2_PLACEMENT_3D('',#4610,#4611,#4612);
#4610 = CARTESIAN_POINT('',(4.143794308537,-0.32,2.551205691463));
#4611 = DIRECTION('',(0.,1.,0.));
#4612 = DIRECTION('',(0.,-0.,1.));
#4613 = ADVANCED_FACE('',(#4614),#4625,.T.);
#4614 = FACE_BOUND('',#4615,.T.);
#4615 = EDGE_LOOP('',(#4616,#4617,#4623,#4624));
#4616 = ORIENTED_EDGE('',*,*,#4499,.F.);
#4617 = ORIENTED_EDGE('',*,*,#4618,.T.);
#4618 = EDGE_CURVE('',#4491,#4571,#4619,.T.);
#4619 = LINE('',#4620,#4621);
#4620 = CARTESIAN_POINT('',(0.32,0.32,4.13));
#4621 = VECTOR('',#4622,1.);
#4622 = DIRECTION('',(0.,-1.,0.));
#4623 = ORIENTED_EDGE('',*,*,#4579,.T.);
#4624 = ORIENTED_EDGE('',*,*,#1677,.T.);
#4625 = PLANE('',#4626);
#4626 = AXIS2_PLACEMENT_3D('',#4627,#4628,#4629);
#4627 = CARTESIAN_POINT('',(-0.32,0.32,4.13));
#4628 = DIRECTION('',(-6.885104028683E-17,0.,1.));
#4629 = DIRECTION('',(1.,0.,6.885104028683E-17));
#4630 = ADVANCED_FACE('',(#4631),#4656,.T.);
#4631 = FACE_BOUND('',#4632,.T.);
#4632 = EDGE_LOOP('',(#4633,#4641,#4649,#4655));
#4633 = ORIENTED_EDGE('',*,*,#4634,.F.);
#4634 = EDGE_CURVE('',#4635,#1704,#4637,.T.);
#4635 = VERTEX_POINT('',#4636);
#4636 = CARTESIAN_POINT('',(2.86,0.32,1.59));
#4637 = LINE('',#4638,#4639);
#4638 = CARTESIAN_POINT('',(2.22,0.32,1.59));
#4639 = VECTOR('',#4640,1.);
#4640 = DIRECTION('',(1.,0.,2.143287692327E-17));
#4641 = ORIENTED_EDGE('',*,*,#4642,.T.);
#4642 = EDGE_CURVE('',#4635,#4643,#4645,.T.);
#4643 = VERTEX_POINT('',#4644);
#4644 = CARTESIAN_POINT('',(2.86,-0.32,1.59));
#4645 = LINE('',#4646,#4647);
#4646 = CARTESIAN_POINT('',(2.86,0.32,1.59));
#4647 = VECTOR('',#4648,1.);
#4648 = DIRECTION('',(0.,-1.,0.));
#4649 = ORIENTED_EDGE('',*,*,#4650,.T.);
#4650 = EDGE_CURVE('',#4643,#1702,#4651,.T.);
#4651 = LINE('',#4652,#4653);
#4652 = CARTESIAN_POINT('',(2.22,-0.32,1.59));
#4653 = VECTOR('',#4654,1.);
#4654 = DIRECTION('',(1.,0.,2.143287692327E-17));
#4655 = ORIENTED_EDGE('',*,*,#1701,.T.);
#4656 = PLANE('',#4657);
#4657 = AXIS2_PLACEMENT_3D('',#4658,#4659,#4660);
#4658 = CARTESIAN_POINT('',(2.22,0.32,1.59));
#4659 = DIRECTION('',(-2.143287692327E-17,0.,1.));
#4660 = DIRECTION('',(1.,0.,2.143287692327E-17));
#4661 = ADVANCED_FACE('',(#4662),#4705,.T.);
#4662 = FACE_BOUND('',#4663,.T.);
#4663 = EDGE_LOOP('',(#4664,#4673,#4674,#4675,#4683,#4691,#4699));
#4664 = ORIENTED_EDGE('',*,*,#4665,.T.);
#4665 = EDGE_CURVE('',#4666,#4635,#4668,.T.);
#4666 = VERTEX_POINT('',#4667);
#4667 = CARTESIAN_POINT('',(2.22,0.32,0.95));
#4668 = CIRCLE('',#4669,0.64);
#4669 = AXIS2_PLACEMENT_3D('',#4670,#4671,#4672);
#4670 = CARTESIAN_POINT('',(2.86,0.32,0.95));
#4671 = DIRECTION('',(0.,1.,0.));
#4672 = DIRECTION('',(0.,0.,-1.));
#4673 = ORIENTED_EDGE('',*,*,#4634,.T.);
#4674 = ORIENTED_EDGE('',*,*,#1727,.T.);
#4675 = ORIENTED_EDGE('',*,*,#4676,.T.);
#4676 = EDGE_CURVE('',#1720,#4677,#4679,.T.);
#4677 = VERTEX_POINT('',#4678);
#4678 = CARTESIAN_POINT('',(2.86,0.32,0.95));
#4679 = LINE('',#4680,#4681);
#4680 = CARTESIAN_POINT('',(12.58,0.32,0.95));
#4681 = VECTOR('',#4682,1.);
#4682 = DIRECTION('',(-1.,0.,0.));
#4683 = ORIENTED_EDGE('',*,*,#4684,.T.);
#4684 = EDGE_CURVE('',#4677,#4685,#4687,.T.);
#4685 = VERTEX_POINT('',#4686);
#4686 = CARTESIAN_POINT('',(2.86,0.32,-2.84));
#4687 = LINE('',#4688,#4689);
#4688 = CARTESIAN_POINT('',(2.86,0.32,0.95));
#4689 = VECTOR('',#4690,1.);
#4690 = DIRECTION('',(0.,0.,-1.));
#4691 = ORIENTED_EDGE('',*,*,#4692,.T.);
#4692 = EDGE_CURVE('',#4685,#4693,#4695,.T.);
#4693 = VERTEX_POINT('',#4694);
#4694 = CARTESIAN_POINT('',(2.22,0.32,-2.84));
#4695 = LINE('',#4696,#4697);
#4696 = CARTESIAN_POINT('',(2.86,0.32,-2.84));
#4697 = VECTOR('',#4698,1.);
#4698 = DIRECTION('',(-1.,0.,0.));
#4699 = ORIENTED_EDGE('',*,*,#4700,.T.);
#4700 = EDGE_CURVE('',#4693,#4666,#4701,.T.);
#4701 = LINE('',#4702,#4703);
#4702 = CARTESIAN_POINT('',(2.22,0.32,-3.));
#4703 = VECTOR('',#4704,1.);
#4704 = DIRECTION('',(0.,0.,1.));
#4705 = PLANE('',#4706);
#4706 = AXIS2_PLACEMENT_3D('',#4707,#4708,#4709);
#4707 = CARTESIAN_POINT('',(6.115919732441,0.32,0.579080267559));
#4708 = DIRECTION('',(1.223822766313E-33,1.,-1.161915124245E-33));
#4709 = DIRECTION('',(1.,-1.223822766313E-33,0.));
#4710 = ADVANCED_FACE('',(#4711),#4729,.T.);
#4711 = FACE_BOUND('',#4712,.T.);
#4712 = EDGE_LOOP('',(#4713,#4714,#4715,#4723));
#4713 = ORIENTED_EDGE('',*,*,#4676,.F.);
#4714 = ORIENTED_EDGE('',*,*,#1719,.T.);
#4715 = ORIENTED_EDGE('',*,*,#4716,.T.);
#4716 = EDGE_CURVE('',#1712,#4717,#4719,.T.);
#4717 = VERTEX_POINT('',#4718);
#4718 = CARTESIAN_POINT('',(2.86,-0.32,0.95));
#4719 = LINE('',#4720,#4721);
#4720 = CARTESIAN_POINT('',(12.58,-0.32,0.95));
#4721 = VECTOR('',#4722,1.);
#4722 = DIRECTION('',(-1.,0.,0.));
#4723 = ORIENTED_EDGE('',*,*,#4724,.F.);
#4724 = EDGE_CURVE('',#4677,#4717,#4725,.T.);
#4725 = LINE('',#4726,#4727);
#4726 = CARTESIAN_POINT('',(2.86,0.32,0.95));
#4727 = VECTOR('',#4728,1.);
#4728 = DIRECTION('',(0.,-1.,0.));
#4729 = PLANE('',#4730);
#4730 = AXIS2_PLACEMENT_3D('',#4731,#4732,#4733);
#4731 = CARTESIAN_POINT('',(12.58,0.32,0.95));
#4732 = DIRECTION('',(-0.,-0.,-1.));
#4733 = DIRECTION('',(-1.,0.,0.));
#4734 = ADVANCED_FACE('',(#4735),#4771,.F.);
#4735 = FACE_BOUND('',#4736,.F.);
#4736 = EDGE_LOOP('',(#4737,#4746,#4747,#4748,#4749,#4757,#4765));
#4737 = ORIENTED_EDGE('',*,*,#4738,.T.);
#4738 = EDGE_CURVE('',#4739,#4643,#4741,.T.);
#4739 = VERTEX_POINT('',#4740);
#4740 = CARTESIAN_POINT('',(2.22,-0.32,0.95));
#4741 = CIRCLE('',#4742,0.64);
#4742 = AXIS2_PLACEMENT_3D('',#4743,#4744,#4745);
#4743 = CARTESIAN_POINT('',(2.86,-0.32,0.95));
#4744 = DIRECTION('',(0.,1.,0.));
#4745 = DIRECTION('',(0.,0.,-1.));
#4746 = ORIENTED_EDGE('',*,*,#4650,.T.);
#4747 = ORIENTED_EDGE('',*,*,#1711,.T.);
#4748 = ORIENTED_EDGE('',*,*,#4716,.T.);
#4749 = ORIENTED_EDGE('',*,*,#4750,.T.);
#4750 = EDGE_CURVE('',#4717,#4751,#4753,.T.);
#4751 = VERTEX_POINT('',#4752);
#4752 = CARTESIAN_POINT('',(2.86,-0.32,-2.84));
#4753 = LINE('',#4754,#4755);
#4754 = CARTESIAN_POINT('',(2.86,-0.32,0.95));
#4755 = VECTOR('',#4756,1.);
#4756 = DIRECTION('',(0.,0.,-1.));
#4757 = ORIENTED_EDGE('',*,*,#4758,.T.);
#4758 = EDGE_CURVE('',#4751,#4759,#4761,.T.);
#4759 = VERTEX_POINT('',#4760);
#4760 = CARTESIAN_POINT('',(2.22,-0.32,-2.84));
#4761 = LINE('',#4762,#4763);
#4762 = CARTESIAN_POINT('',(2.86,-0.32,-2.84));
#4763 = VECTOR('',#4764,1.);
#4764 = DIRECTION('',(-1.,0.,0.));
#4765 = ORIENTED_EDGE('',*,*,#4766,.T.);
#4766 = EDGE_CURVE('',#4759,#4739,#4767,.T.);
#4767 = LINE('',#4768,#4769);
#4768 = CARTESIAN_POINT('',(2.22,-0.32,-3.));
#4769 = VECTOR('',#4770,1.);
#4770 = DIRECTION('',(0.,0.,1.));
#4771 = PLANE('',#4772);
#4772 = AXIS2_PLACEMENT_3D('',#4773,#4774,#4775);
#4773 = CARTESIAN_POINT('',(6.115919732441,-0.32,0.579080267559));
#4774 = DIRECTION('',(1.223822766313E-33,1.,-1.161915124245E-33));
#4775 = DIRECTION('',(1.,-1.223822766313E-33,0.));
#4776 = ADVANCED_FACE('',(#4777),#4802,.T.);
#4777 = FACE_BOUND('',#4778,.T.);
#4778 = EDGE_LOOP('',(#4779,#4787,#4788,#4796));
#4779 = ORIENTED_EDGE('',*,*,#4780,.F.);
#4780 = EDGE_CURVE('',#2027,#4781,#4783,.T.);
#4781 = VERTEX_POINT('',#4782);
#4782 = CARTESIAN_POINT('',(12.42,-9.84,4.13));
#4783 = LINE('',#4784,#4785);
#4784 = CARTESIAN_POINT('',(-0.32,-9.84,4.13));
#4785 = VECTOR('',#4786,1.);
#4786 = DIRECTION('',(1.,0.,6.885104028683E-17));
#4787 = ORIENTED_EDGE('',*,*,#2024,.F.);
#4788 = ORIENTED_EDGE('',*,*,#4789,.T.);
#4789 = EDGE_CURVE('',#2025,#4790,#4792,.T.);
#4790 = VERTEX_POINT('',#4791);
#4791 = CARTESIAN_POINT('',(12.42,-10.48,4.13));
#4792 = LINE('',#4793,#4794);
#4793 = CARTESIAN_POINT('',(-0.32,-10.48,4.13));
#4794 = VECTOR('',#4795,1.);
#4795 = DIRECTION('',(1.,0.,6.885104028683E-17));
#4796 = ORIENTED_EDGE('',*,*,#4797,.F.);
#4797 = EDGE_CURVE('',#4781,#4790,#4798,.T.);
#4798 = LINE('',#4799,#4800);
#4799 = CARTESIAN_POINT('',(12.42,-9.84,4.13));
#4800 = VECTOR('',#4801,1.);
#4801 = DIRECTION('',(0.,-1.,0.));
#4802 = PLANE('',#4803);
#4803 = AXIS2_PLACEMENT_3D('',#4804,#4805,#4806);
#4804 = CARTESIAN_POINT('',(-0.32,-9.84,4.13));
#4805 = DIRECTION('',(-6.885104028683E-17,0.,1.));
#4806 = DIRECTION('',(1.,0.,6.885104028683E-17));
#4807 = ADVANCED_FACE('',(#4808),#4826,.T.);
#4808 = FACE_BOUND('',#4809,.T.);
#4809 = EDGE_LOOP('',(#4810,#4811,#4812,#4820));
#4810 = ORIENTED_EDGE('',*,*,#2050,.F.);
#4811 = ORIENTED_EDGE('',*,*,#4780,.T.);
#4812 = ORIENTED_EDGE('',*,*,#4813,.T.);
#4813 = EDGE_CURVE('',#4781,#4814,#4816,.T.);
#4814 = VERTEX_POINT('',#4815);
#4815 = CARTESIAN_POINT('',(12.42,-9.84,3.49));
#4816 = LINE('',#4817,#4818);
#4817 = CARTESIAN_POINT('',(12.42,-9.84,4.13));
#4818 = VECTOR('',#4819,1.);
#4819 = DIRECTION('',(0.,0.,-1.));
#4820 = ORIENTED_EDGE('',*,*,#4821,.T.);
#4821 = EDGE_CURVE('',#4814,#2043,#4822,.T.);
#4822 = LINE('',#4823,#4824);
#4823 = CARTESIAN_POINT('',(12.58,-9.84,3.49));
#4824 = VECTOR('',#4825,1.);
#4825 = DIRECTION('',(-1.,0.,0.));
#4826 = PLANE('',#4827);
#4827 = AXIS2_PLACEMENT_3D('',#4828,#4829,#4830);
#4828 = CARTESIAN_POINT('',(4.143794308537,-9.84,2.551205691463));
#4829 = DIRECTION('',(0.,1.,0.));
#4830 = DIRECTION('',(0.,-0.,1.));
#4831 = ADVANCED_FACE('',(#4832),#4850,.T.);
#4832 = FACE_BOUND('',#4833,.T.);
#4833 = EDGE_LOOP('',(#4834,#4835,#4843,#4849));
#4834 = ORIENTED_EDGE('',*,*,#4821,.F.);
#4835 = ORIENTED_EDGE('',*,*,#4836,.T.);
#4836 = EDGE_CURVE('',#4814,#4837,#4839,.T.);
#4837 = VERTEX_POINT('',#4838);
#4838 = CARTESIAN_POINT('',(12.42,-10.48,3.49));
#4839 = LINE('',#4840,#4841);
#4840 = CARTESIAN_POINT('',(12.42,-9.84,3.49));
#4841 = VECTOR('',#4842,1.);
#4842 = DIRECTION('',(0.,-1.,0.));
#4843 = ORIENTED_EDGE('',*,*,#4844,.T.);
#4844 = EDGE_CURVE('',#4837,#2035,#4845,.T.);
#4845 = LINE('',#4846,#4847);
#4846 = CARTESIAN_POINT('',(12.58,-10.48,3.49));
#4847 = VECTOR('',#4848,1.);
#4848 = DIRECTION('',(-1.,0.,0.));
#4849 = ORIENTED_EDGE('',*,*,#2042,.F.);
#4850 = PLANE('',#4851);
#4851 = AXIS2_PLACEMENT_3D('',#4852,#4853,#4854);
#4852 = CARTESIAN_POINT('',(12.58,-9.84,3.49));
#4853 = DIRECTION('',(-0.,-0.,-1.));
#4854 = DIRECTION('',(-1.,0.,0.));
#4855 = ADVANCED_FACE('',(#4856),#4867,.F.);
#4856 = FACE_BOUND('',#4857,.F.);
#4857 = EDGE_LOOP('',(#4858,#4859,#4860,#4866));
#4858 = ORIENTED_EDGE('',*,*,#2034,.F.);
#4859 = ORIENTED_EDGE('',*,*,#4789,.T.);
#4860 = ORIENTED_EDGE('',*,*,#4861,.T.);
#4861 = EDGE_CURVE('',#4790,#4837,#4862,.T.);
#4862 = LINE('',#4863,#4864);
#4863 = CARTESIAN_POINT('',(12.42,-10.48,4.13));
#4864 = VECTOR('',#4865,1.);
#4865 = DIRECTION('',(0.,0.,-1.));
#4866 = ORIENTED_EDGE('',*,*,#4844,.T.);
#4867 = PLANE('',#4868);
#4868 = AXIS2_PLACEMENT_3D('',#4869,#4870,#4871);
#4869 = CARTESIAN_POINT('',(4.143794308537,-10.48,2.551205691463));
#4870 = DIRECTION('',(0.,1.,0.));
#4871 = DIRECTION('',(0.,-0.,1.));
#4872 = ADVANCED_FACE('',(#4873),#4898,.T.);
#4873 = FACE_BOUND('',#4874,.T.);
#4874 = EDGE_LOOP('',(#4875,#4876,#4884,#4892));
#4875 = ORIENTED_EDGE('',*,*,#2058,.F.);
#4876 = ORIENTED_EDGE('',*,*,#4877,.T.);
#4877 = EDGE_CURVE('',#2059,#4878,#4880,.T.);
#4878 = VERTEX_POINT('',#4879);
#4879 = CARTESIAN_POINT('',(12.42,-7.3,4.13));
#4880 = LINE('',#4881,#4882);
#4881 = CARTESIAN_POINT('',(-0.32,-7.3,4.13));
#4882 = VECTOR('',#4883,1.);
#4883 = DIRECTION('',(1.,0.,6.885104028683E-17));
#4884 = ORIENTED_EDGE('',*,*,#4885,.T.);
#4885 = EDGE_CURVE('',#4878,#4886,#4888,.T.);
#4886 = VERTEX_POINT('',#4887);
#4887 = CARTESIAN_POINT('',(12.42,-7.3,3.49));
#4888 = LINE('',#4889,#4890);
#4889 = CARTESIAN_POINT('',(12.42,-7.3,4.13));
#4890 = VECTOR('',#4891,1.);
#4891 = DIRECTION('',(0.,0.,-1.));
#4892 = ORIENTED_EDGE('',*,*,#4893,.T.);
#4893 = EDGE_CURVE('',#4886,#2061,#4894,.T.);
#4894 = LINE('',#4895,#4896);
#4895 = CARTESIAN_POINT('',(12.58,-7.3,3.49));
#4896 = VECTOR('',#4897,1.);
#4897 = DIRECTION('',(-1.,0.,0.));
#4898 = PLANE('',#4899);
#4899 = AXIS2_PLACEMENT_3D('',#4900,#4901,#4902);
#4900 = CARTESIAN_POINT('',(4.143794308537,-7.3,2.551205691463));
#4901 = DIRECTION('',(0.,1.,0.));
#4902 = DIRECTION('',(0.,-0.,1.));
#4903 = ADVANCED_FACE('',(#4904),#4922,.T.);
#4904 = FACE_BOUND('',#4905,.T.);
#4905 = EDGE_LOOP('',(#4906,#4907,#4915,#4921));
#4906 = ORIENTED_EDGE('',*,*,#4893,.F.);
#4907 = ORIENTED_EDGE('',*,*,#4908,.T.);
#4908 = EDGE_CURVE('',#4886,#4909,#4911,.T.);
#4909 = VERTEX_POINT('',#4910);
#4910 = CARTESIAN_POINT('',(12.42,-7.94,3.49));
#4911 = LINE('',#4912,#4913);
#4912 = CARTESIAN_POINT('',(12.42,-7.3,3.49));
#4913 = VECTOR('',#4914,1.);
#4914 = DIRECTION('',(0.,-1.,0.));
#4915 = ORIENTED_EDGE('',*,*,#4916,.T.);
#4916 = EDGE_CURVE('',#4909,#2077,#4917,.T.);
#4917 = LINE('',#4918,#4919);
#4918 = CARTESIAN_POINT('',(12.58,-7.94,3.49));
#4919 = VECTOR('',#4920,1.);
#4920 = DIRECTION('',(-1.,0.,0.));
#4921 = ORIENTED_EDGE('',*,*,#2084,.F.);
#4922 = PLANE('',#4923);
#4923 = AXIS2_PLACEMENT_3D('',#4924,#4925,#4926);
#4924 = CARTESIAN_POINT('',(12.58,-7.3,3.49));
#4925 = DIRECTION('',(-0.,-0.,-1.));
#4926 = DIRECTION('',(-1.,0.,0.));
#4927 = ADVANCED_FACE('',(#4928),#4946,.F.);
#4928 = FACE_BOUND('',#4929,.F.);
#4929 = EDGE_LOOP('',(#4930,#4931,#4939,#4945));
#4930 = ORIENTED_EDGE('',*,*,#2076,.F.);
#4931 = ORIENTED_EDGE('',*,*,#4932,.T.);
#4932 = EDGE_CURVE('',#2069,#4933,#4935,.T.);
#4933 = VERTEX_POINT('',#4934);
#4934 = CARTESIAN_POINT('',(12.42,-7.94,4.13));
#4935 = LINE('',#4936,#4937);
#4936 = CARTESIAN_POINT('',(-0.32,-7.94,4.13));
#4937 = VECTOR('',#4938,1.);
#4938 = DIRECTION('',(1.,0.,6.885104028683E-17));
#4939 = ORIENTED_EDGE('',*,*,#4940,.T.);
#4940 = EDGE_CURVE('',#4933,#4909,#4941,.T.);
#4941 = LINE('',#4942,#4943);
#4942 = CARTESIAN_POINT('',(12.42,-7.94,4.13));
#4943 = VECTOR('',#4944,1.);
#4944 = DIRECTION('',(0.,0.,-1.));
#4945 = ORIENTED_EDGE('',*,*,#4916,.T.);
#4946 = PLANE('',#4947);
#4947 = AXIS2_PLACEMENT_3D('',#4948,#4949,#4950);
#4948 = CARTESIAN_POINT('',(4.143794308537,-7.94,2.551205691463));
#4949 = DIRECTION('',(0.,1.,0.));
#4950 = DIRECTION('',(0.,-0.,1.));
#4951 = ADVANCED_FACE('',(#4952),#4963,.T.);
#4952 = FACE_BOUND('',#4953,.T.);
#4953 = EDGE_LOOP('',(#4954,#4955,#4956,#4957));
#4954 = ORIENTED_EDGE('',*,*,#4877,.F.);
#4955 = ORIENTED_EDGE('',*,*,#2068,.F.);
#4956 = ORIENTED_EDGE('',*,*,#4932,.T.);
#4957 = ORIENTED_EDGE('',*,*,#4958,.F.);
#4958 = EDGE_CURVE('',#4878,#4933,#4959,.T.);
#4959 = LINE('',#4960,#4961);
#4960 = CARTESIAN_POINT('',(12.42,-7.3,4.13));
#4961 = VECTOR('',#4962,1.);
#4962 = DIRECTION('',(0.,-1.,0.));
#4963 = PLANE('',#4964);
#4964 = AXIS2_PLACEMENT_3D('',#4965,#4966,#4967);
#4965 = CARTESIAN_POINT('',(-0.32,-7.3,4.13));
#4966 = DIRECTION('',(-6.885104028683E-17,0.,1.));
#4967 = DIRECTION('',(1.,0.,6.885104028683E-17));
#4968 = ADVANCED_FACE('',(#4969),#4994,.T.);
#4969 = FACE_BOUND('',#4970,.T.);
#4970 = EDGE_LOOP('',(#4971,#4979,#4980,#4988));
#4971 = ORIENTED_EDGE('',*,*,#4972,.F.);
#4972 = EDGE_CURVE('',#2095,#4973,#4975,.T.);
#4973 = VERTEX_POINT('',#4974);
#4974 = CARTESIAN_POINT('',(12.42,-2.22,4.13));
#4975 = LINE('',#4976,#4977);
#4976 = CARTESIAN_POINT('',(-0.32,-2.22,4.13));
#4977 = VECTOR('',#4978,1.);
#4978 = DIRECTION('',(1.,0.,6.885104028683E-17));
#4979 = ORIENTED_EDGE('',*,*,#2092,.F.);
#4980 = ORIENTED_EDGE('',*,*,#4981,.T.);
#4981 = EDGE_CURVE('',#2093,#4982,#4984,.T.);
#4982 = VERTEX_POINT('',#4983);
#4983 = CARTESIAN_POINT('',(12.42,-2.86,4.13));
#4984 = LINE('',#4985,#4986);
#4985 = CARTESIAN_POINT('',(-0.32,-2.86,4.13));
#4986 = VECTOR('',#4987,1.);
#4987 = DIRECTION('',(1.,0.,6.885104028683E-17));
#4988 = ORIENTED_EDGE('',*,*,#4989,.F.);
#4989 = EDGE_CURVE('',#4973,#4982,#4990,.T.);
#4990 = LINE('',#4991,#4992);
#4991 = CARTESIAN_POINT('',(12.42,-2.22,4.13));
#4992 = VECTOR('',#4993,1.);
#4993 = DIRECTION('',(0.,-1.,0.));
#4994 = PLANE('',#4995);
#4995 = AXIS2_PLACEMENT_3D('',#4996,#4997,#4998);
#4996 = CARTESIAN_POINT('',(-0.32,-2.22,4.13));
#4997 = DIRECTION('',(-6.885104028683E-17,0.,1.));
#4998 = DIRECTION('',(1.,0.,6.885104028683E-17));
#4999 = ADVANCED_FACE('',(#5000),#5018,.T.);
#5000 = FACE_BOUND('',#5001,.T.);
#5001 = EDGE_LOOP('',(#5002,#5003,#5004,#5012));
#5002 = ORIENTED_EDGE('',*,*,#2118,.F.);
#5003 = ORIENTED_EDGE('',*,*,#4972,.T.);
#5004 = ORIENTED_EDGE('',*,*,#5005,.T.);
#5005 = EDGE_CURVE('',#4973,#5006,#5008,.T.);
#5006 = VERTEX_POINT('',#5007);
#5007 = CARTESIAN_POINT('',(12.42,-2.22,3.49));
#5008 = LINE('',#5009,#5010);
#5009 = CARTESIAN_POINT('',(12.42,-2.22,4.13));
#5010 = VECTOR('',#5011,1.);
#5011 = DIRECTION('',(0.,0.,-1.));
#5012 = ORIENTED_EDGE('',*,*,#5013,.T.);
#5013 = EDGE_CURVE('',#5006,#2111,#5014,.T.);
#5014 = LINE('',#5015,#5016);
#5015 = CARTESIAN_POINT('',(12.58,-2.22,3.49));
#5016 = VECTOR('',#5017,1.);
#5017 = DIRECTION('',(-1.,0.,0.));
#5018 = PLANE('',#5019);
#5019 = AXIS2_PLACEMENT_3D('',#5020,#5021,#5022);
#5020 = CARTESIAN_POINT('',(4.143794308537,-2.22,2.551205691463));
#5021 = DIRECTION('',(0.,1.,0.));
#5022 = DIRECTION('',(0.,-0.,1.));
#5023 = ADVANCED_FACE('',(#5024),#5042,.T.);
#5024 = FACE_BOUND('',#5025,.T.);
#5025 = EDGE_LOOP('',(#5026,#5027,#5035,#5041));
#5026 = ORIENTED_EDGE('',*,*,#5013,.F.);
#5027 = ORIENTED_EDGE('',*,*,#5028,.T.);
#5028 = EDGE_CURVE('',#5006,#5029,#5031,.T.);
#5029 = VERTEX_POINT('',#5030);
#5030 = CARTESIAN_POINT('',(12.42,-2.86,3.49));
#5031 = LINE('',#5032,#5033);
#5032 = CARTESIAN_POINT('',(12.42,-2.22,3.49));
#5033 = VECTOR('',#5034,1.);
#5034 = DIRECTION('',(0.,-1.,0.));
#5035 = ORIENTED_EDGE('',*,*,#5036,.T.);
#5036 = EDGE_CURVE('',#5029,#2103,#5037,.T.);
#5037 = LINE('',#5038,#5039);
#5038 = CARTESIAN_POINT('',(12.58,-2.86,3.49));
#5039 = VECTOR('',#5040,1.);
#5040 = DIRECTION('',(-1.,0.,0.));
#5041 = ORIENTED_EDGE('',*,*,#2110,.F.);
#5042 = PLANE('',#5043);
#5043 = AXIS2_PLACEMENT_3D('',#5044,#5045,#5046);
#5044 = CARTESIAN_POINT('',(12.58,-2.22,3.49));
#5045 = DIRECTION('',(-0.,-0.,-1.));
#5046 = DIRECTION('',(-1.,0.,0.));
#5047 = ADVANCED_FACE('',(#5048),#5059,.F.);
#5048 = FACE_BOUND('',#5049,.F.);
#5049 = EDGE_LOOP('',(#5050,#5051,#5052,#5058));
#5050 = ORIENTED_EDGE('',*,*,#2102,.F.);
#5051 = ORIENTED_EDGE('',*,*,#4981,.T.);
#5052 = ORIENTED_EDGE('',*,*,#5053,.T.);
#5053 = EDGE_CURVE('',#4982,#5029,#5054,.T.);
#5054 = LINE('',#5055,#5056);
#5055 = CARTESIAN_POINT('',(12.42,-2.86,4.13));
#5056 = VECTOR('',#5057,1.);
#5057 = DIRECTION('',(0.,0.,-1.));
#5058 = ORIENTED_EDGE('',*,*,#5036,.T.);
#5059 = PLANE('',#5060);
#5060 = AXIS2_PLACEMENT_3D('',#5061,#5062,#5063);
#5061 = CARTESIAN_POINT('',(4.143794308537,-2.86,2.551205691463));
#5062 = DIRECTION('',(0.,1.,0.));
#5063 = DIRECTION('',(0.,-0.,1.));
#5064 = ADVANCED_FACE('',(#5065),#5090,.T.);
#5065 = FACE_BOUND('',#5066,.T.);
#5066 = EDGE_LOOP('',(#5067,#5068,#5076,#5084));
#5067 = ORIENTED_EDGE('',*,*,#2126,.F.);
#5068 = ORIENTED_EDGE('',*,*,#5069,.T.);
#5069 = EDGE_CURVE('',#2127,#5070,#5072,.T.);
#5070 = VERTEX_POINT('',#5071);
#5071 = CARTESIAN_POINT('',(12.42,-4.76,4.13));
#5072 = LINE('',#5073,#5074);
#5073 = CARTESIAN_POINT('',(-0.32,-4.76,4.13));
#5074 = VECTOR('',#5075,1.);
#5075 = DIRECTION('',(1.,0.,6.885104028683E-17));
#5076 = ORIENTED_EDGE('',*,*,#5077,.T.);
#5077 = EDGE_CURVE('',#5070,#5078,#5080,.T.);
#5078 = VERTEX_POINT('',#5079);
#5079 = CARTESIAN_POINT('',(12.42,-4.76,3.49));
#5080 = LINE('',#5081,#5082);
#5081 = CARTESIAN_POINT('',(12.42,-4.76,4.13));
#5082 = VECTOR('',#5083,1.);
#5083 = DIRECTION('',(0.,0.,-1.));
#5084 = ORIENTED_EDGE('',*,*,#5085,.T.);
#5085 = EDGE_CURVE('',#5078,#2129,#5086,.T.);
#5086 = LINE('',#5087,#5088);
#5087 = CARTESIAN_POINT('',(12.58,-4.76,3.49));
#5088 = VECTOR('',#5089,1.);
#5089 = DIRECTION('',(-1.,0.,0.));
#5090 = PLANE('',#5091);
#5091 = AXIS2_PLACEMENT_3D('',#5092,#5093,#5094);
#5092 = CARTESIAN_POINT('',(4.143794308537,-4.76,2.551205691463));
#5093 = DIRECTION('',(0.,1.,0.));
#5094 = DIRECTION('',(0.,-0.,1.));
#5095 = ADVANCED_FACE('',(#5096),#5114,.T.);
#5096 = FACE_BOUND('',#5097,.T.);
#5097 = EDGE_LOOP('',(#5098,#5099,#5107,#5113));
#5098 = ORIENTED_EDGE('',*,*,#5085,.F.);
#5099 = ORIENTED_EDGE('',*,*,#5100,.T.);
#5100 = EDGE_CURVE('',#5078,#5101,#5103,.T.);
#5101 = VERTEX_POINT('',#5102);
#5102 = CARTESIAN_POINT('',(12.42,-5.4,3.49));
#5103 = LINE('',#5104,#5105);
#5104 = CARTESIAN_POINT('',(12.42,-4.76,3.49));
#5105 = VECTOR('',#5106,1.);
#5106 = DIRECTION('',(0.,-1.,0.));
#5107 = ORIENTED_EDGE('',*,*,#5108,.T.);
#5108 = EDGE_CURVE('',#5101,#2145,#5109,.T.);
#5109 = LINE('',#5110,#5111);
#5110 = CARTESIAN_POINT('',(12.58,-5.4,3.49));
#5111 = VECTOR('',#5112,1.);
#5112 = DIRECTION('',(-1.,0.,0.));
#5113 = ORIENTED_EDGE('',*,*,#2152,.F.);
#5114 = PLANE('',#5115);
#5115 = AXIS2_PLACEMENT_3D('',#5116,#5117,#5118);
#5116 = CARTESIAN_POINT('',(12.58,-4.76,3.49));
#5117 = DIRECTION('',(-0.,-0.,-1.));
#5118 = DIRECTION('',(-1.,0.,0.));
#5119 = ADVANCED_FACE('',(#5120),#5138,.F.);
#5120 = FACE_BOUND('',#5121,.F.);
#5121 = EDGE_LOOP('',(#5122,#5123,#5131,#5137));
#5122 = ORIENTED_EDGE('',*,*,#2144,.F.);
#5123 = ORIENTED_EDGE('',*,*,#5124,.T.);
#5124 = EDGE_CURVE('',#2137,#5125,#5127,.T.);
#5125 = VERTEX_POINT('',#5126);
#5126 = CARTESIAN_POINT('',(12.42,-5.4,4.13));
#5127 = LINE('',#5128,#5129);
#5128 = CARTESIAN_POINT('',(-0.32,-5.4,4.13));
#5129 = VECTOR('',#5130,1.);
#5130 = DIRECTION('',(1.,0.,6.885104028683E-17));
#5131 = ORIENTED_EDGE('',*,*,#5132,.T.);
#5132 = EDGE_CURVE('',#5125,#5101,#5133,.T.);
#5133 = LINE('',#5134,#5135);
#5134 = CARTESIAN_POINT('',(12.42,-5.4,4.13));
#5135 = VECTOR('',#5136,1.);
#5136 = DIRECTION('',(0.,0.,-1.));
#5137 = ORIENTED_EDGE('',*,*,#5108,.T.);
#5138 = PLANE('',#5139);
#5139 = AXIS2_PLACEMENT_3D('',#5140,#5141,#5142);
#5140 = CARTESIAN_POINT('',(4.143794308537,-5.4,2.551205691463));
#5141 = DIRECTION('',(0.,1.,0.));
#5142 = DIRECTION('',(0.,-0.,1.));
#5143 = ADVANCED_FACE('',(#5144),#5155,.T.);
#5144 = FACE_BOUND('',#5145,.T.);
#5145 = EDGE_LOOP('',(#5146,#5147,#5148,#5149));
#5146 = ORIENTED_EDGE('',*,*,#5069,.F.);
#5147 = ORIENTED_EDGE('',*,*,#2136,.F.);
#5148 = ORIENTED_EDGE('',*,*,#5124,.T.);
#5149 = ORIENTED_EDGE('',*,*,#5150,.F.);
#5150 = EDGE_CURVE('',#5070,#5125,#5151,.T.);
#5151 = LINE('',#5152,#5153);
#5152 = CARTESIAN_POINT('',(12.42,-4.76,4.13));
#5153 = VECTOR('',#5154,1.);
#5154 = DIRECTION('',(0.,-1.,0.));
#5155 = PLANE('',#5156);
#5156 = AXIS2_PLACEMENT_3D('',#5157,#5158,#5159);
#5157 = CARTESIAN_POINT('',(-0.32,-4.76,4.13));
#5158 = DIRECTION('',(-6.885104028683E-17,0.,1.));
#5159 = DIRECTION('',(1.,0.,6.885104028683E-17));
#5160 = ADVANCED_FACE('',(#5161),#5186,.T.);
#5161 = FACE_BOUND('',#5162,.T.);
#5162 = EDGE_LOOP('',(#5163,#5171,#5179,#5185));
#5163 = ORIENTED_EDGE('',*,*,#5164,.F.);
#5164 = EDGE_CURVE('',#5165,#2161,#5167,.T.);
#5165 = VERTEX_POINT('',#5166);
#5166 = CARTESIAN_POINT('',(12.42,-12.38,3.49));
#5167 = LINE('',#5168,#5169);
#5168 = CARTESIAN_POINT('',(12.58,-12.38,3.49));
#5169 = VECTOR('',#5170,1.);
#5170 = DIRECTION('',(-1.,0.,0.));
#5171 = ORIENTED_EDGE('',*,*,#5172,.T.);
#5172 = EDGE_CURVE('',#5165,#5173,#5175,.T.);
#5173 = VERTEX_POINT('',#5174);
#5174 = CARTESIAN_POINT('',(12.42,-13.02,3.49));
#5175 = LINE('',#5176,#5177);
#5176 = CARTESIAN_POINT('',(12.42,-12.38,3.49));
#5177 = VECTOR('',#5178,1.);
#5178 = DIRECTION('',(0.,-1.,0.));
#5179 = ORIENTED_EDGE('',*,*,#5180,.T.);
#5180 = EDGE_CURVE('',#5173,#2163,#5181,.T.);
#5181 = LINE('',#5182,#5183);
#5182 = CARTESIAN_POINT('',(12.58,-13.02,3.49));
#5183 = VECTOR('',#5184,1.);
#5184 = DIRECTION('',(-1.,0.,0.));
#5185 = ORIENTED_EDGE('',*,*,#2160,.F.);
#5186 = PLANE('',#5187);
#5187 = AXIS2_PLACEMENT_3D('',#5188,#5189,#5190);
#5188 = CARTESIAN_POINT('',(12.58,-12.38,3.49));
#5189 = DIRECTION('',(-0.,-0.,-1.));
#5190 = DIRECTION('',(-1.,0.,0.));
#5191 = ADVANCED_FACE('',(#5192),#5210,.F.);
#5192 = FACE_BOUND('',#5193,.F.);
#5193 = EDGE_LOOP('',(#5194,#5195,#5203,#5209));
#5194 = ORIENTED_EDGE('',*,*,#2186,.F.);
#5195 = ORIENTED_EDGE('',*,*,#5196,.T.);
#5196 = EDGE_CURVE('',#2179,#5197,#5199,.T.);
#5197 = VERTEX_POINT('',#5198);
#5198 = CARTESIAN_POINT('',(12.42,-13.02,4.13));
#5199 = LINE('',#5200,#5201);
#5200 = CARTESIAN_POINT('',(-0.32,-13.02,4.13));
#5201 = VECTOR('',#5202,1.);
#5202 = DIRECTION('',(1.,0.,6.885104028683E-17));
#5203 = ORIENTED_EDGE('',*,*,#5204,.T.);
#5204 = EDGE_CURVE('',#5197,#5173,#5205,.T.);
#5205 = LINE('',#5206,#5207);
#5206 = CARTESIAN_POINT('',(12.42,-13.02,4.13));
#5207 = VECTOR('',#5208,1.);
#5208 = DIRECTION('',(0.,0.,-1.));
#5209 = ORIENTED_EDGE('',*,*,#5180,.T.);
#5210 = PLANE('',#5211);
#5211 = AXIS2_PLACEMENT_3D('',#5212,#5213,#5214);
#5212 = CARTESIAN_POINT('',(4.143794308537,-13.02,2.551205691463));
#5213 = DIRECTION('',(0.,1.,0.));
#5214 = DIRECTION('',(0.,-0.,1.));
#5215 = ADVANCED_FACE('',(#5216),#5234,.T.);
#5216 = FACE_BOUND('',#5217,.T.);
#5217 = EDGE_LOOP('',(#5218,#5226,#5227,#5228));
#5218 = ORIENTED_EDGE('',*,*,#5219,.F.);
#5219 = EDGE_CURVE('',#2171,#5220,#5222,.T.);
#5220 = VERTEX_POINT('',#5221);
#5221 = CARTESIAN_POINT('',(12.42,-12.38,4.13));
#5222 = LINE('',#5223,#5224);
#5223 = CARTESIAN_POINT('',(-0.32,-12.38,4.13));
#5224 = VECTOR('',#5225,1.);
#5225 = DIRECTION('',(1.,0.,6.885104028683E-17));
#5226 = ORIENTED_EDGE('',*,*,#2178,.F.);
#5227 = ORIENTED_EDGE('',*,*,#5196,.T.);
#5228 = ORIENTED_EDGE('',*,*,#5229,.F.);
#5229 = EDGE_CURVE('',#5220,#5197,#5230,.T.);
#5230 = LINE('',#5231,#5232);
#5231 = CARTESIAN_POINT('',(12.42,-12.38,4.13));
#5232 = VECTOR('',#5233,1.);
#5233 = DIRECTION('',(0.,-1.,0.));
#5234 = PLANE('',#5235);
#5235 = AXIS2_PLACEMENT_3D('',#5236,#5237,#5238);
#5236 = CARTESIAN_POINT('',(-0.32,-12.38,4.13));
#5237 = DIRECTION('',(-6.885104028683E-17,0.,1.));
#5238 = DIRECTION('',(1.,0.,6.885104028683E-17));
#5239 = ADVANCED_FACE('',(#5240),#5251,.T.);
#5240 = FACE_BOUND('',#5241,.T.);
#5241 = EDGE_LOOP('',(#5242,#5243,#5244,#5250));
#5242 = ORIENTED_EDGE('',*,*,#2170,.F.);
#5243 = ORIENTED_EDGE('',*,*,#5219,.T.);
#5244 = ORIENTED_EDGE('',*,*,#5245,.T.);
#5245 = EDGE_CURVE('',#5220,#5165,#5246,.T.);
#5246 = LINE('',#5247,#5248);
#5247 = CARTESIAN_POINT('',(12.42,-12.38,4.13));
#5248 = VECTOR('',#5249,1.);
#5249 = DIRECTION('',(0.,0.,-1.));
#5250 = ORIENTED_EDGE('',*,*,#5164,.T.);
#5251 = PLANE('',#5252);
#5252 = AXIS2_PLACEMENT_3D('',#5253,#5254,#5255);
#5253 = CARTESIAN_POINT('',(4.143794308537,-12.38,2.551205691463));
#5254 = DIRECTION('',(0.,1.,0.));
#5255 = DIRECTION('',(0.,-0.,1.));
#5256 = ADVANCED_FACE('',(#5257),#5282,.T.);
#5257 = FACE_BOUND('',#5258,.T.);
#5258 = EDGE_LOOP('',(#5259,#5267,#5268,#5276));
#5259 = ORIENTED_EDGE('',*,*,#5260,.F.);
#5260 = EDGE_CURVE('',#2197,#5261,#5263,.T.);
#5261 = VERTEX_POINT('',#5262);
#5262 = CARTESIAN_POINT('',(12.42,-9.84,1.59));
#5263 = LINE('',#5264,#5265);
#5264 = CARTESIAN_POINT('',(2.22,-9.84,1.59));
#5265 = VECTOR('',#5266,1.);
#5266 = DIRECTION('',(1.,0.,2.143287692327E-17));
#5267 = ORIENTED_EDGE('',*,*,#2194,.F.);
#5268 = ORIENTED_EDGE('',*,*,#5269,.T.);
#5269 = EDGE_CURVE('',#2195,#5270,#5272,.T.);
#5270 = VERTEX_POINT('',#5271);
#5271 = CARTESIAN_POINT('',(12.42,-10.48,1.59));
#5272 = LINE('',#5273,#5274);
#5273 = CARTESIAN_POINT('',(2.22,-10.48,1.59));
#5274 = VECTOR('',#5275,1.);
#5275 = DIRECTION('',(1.,0.,2.143287692327E-17));
#5276 = ORIENTED_EDGE('',*,*,#5277,.F.);
#5277 = EDGE_CURVE('',#5261,#5270,#5278,.T.);
#5278 = LINE('',#5279,#5280);
#5279 = CARTESIAN_POINT('',(12.42,-9.84,1.59));
#5280 = VECTOR('',#5281,1.);
#5281 = DIRECTION('',(0.,-1.,0.));
#5282 = PLANE('',#5283);
#5283 = AXIS2_PLACEMENT_3D('',#5284,#5285,#5286);
#5284 = CARTESIAN_POINT('',(2.22,-9.84,1.59));
#5285 = DIRECTION('',(-2.143287692327E-17,0.,1.));
#5286 = DIRECTION('',(1.,0.,2.143287692327E-17));
#5287 = ADVANCED_FACE('',(#5288),#5306,.T.);
#5288 = FACE_BOUND('',#5289,.T.);
#5289 = EDGE_LOOP('',(#5290,#5291,#5292,#5300));
#5290 = ORIENTED_EDGE('',*,*,#2220,.F.);
#5291 = ORIENTED_EDGE('',*,*,#5260,.T.);
#5292 = ORIENTED_EDGE('',*,*,#5293,.T.);
#5293 = EDGE_CURVE('',#5261,#5294,#5296,.T.);
#5294 = VERTEX_POINT('',#5295);
#5295 = CARTESIAN_POINT('',(12.42,-9.84,0.95));
#5296 = LINE('',#5297,#5298);
#5297 = CARTESIAN_POINT('',(12.42,-9.84,1.59));
#5298 = VECTOR('',#5299,1.);
#5299 = DIRECTION('',(0.,0.,-1.));
#5300 = ORIENTED_EDGE('',*,*,#5301,.T.);
#5301 = EDGE_CURVE('',#5294,#2213,#5302,.T.);
#5302 = LINE('',#5303,#5304);
#5303 = CARTESIAN_POINT('',(12.58,-9.84,0.95));
#5304 = VECTOR('',#5305,1.);
#5305 = DIRECTION('',(-1.,0.,0.));
#5306 = PLANE('',#5307);
#5307 = AXIS2_PLACEMENT_3D('',#5308,#5309,#5310);
#5308 = CARTESIAN_POINT('',(6.115919732441,-9.84,0.579080267559));
#5309 = DIRECTION('',(1.223822766313E-33,1.,-1.161915124245E-33));
#5310 = DIRECTION('',(1.,-1.223822766313E-33,0.));
#5311 = ADVANCED_FACE('',(#5312),#5330,.T.);
#5312 = FACE_BOUND('',#5313,.T.);
#5313 = EDGE_LOOP('',(#5314,#5315,#5323,#5329));
#5314 = ORIENTED_EDGE('',*,*,#5301,.F.);
#5315 = ORIENTED_EDGE('',*,*,#5316,.T.);
#5316 = EDGE_CURVE('',#5294,#5317,#5319,.T.);
#5317 = VERTEX_POINT('',#5318);
#5318 = CARTESIAN_POINT('',(12.42,-10.48,0.95));
#5319 = LINE('',#5320,#5321);
#5320 = CARTESIAN_POINT('',(12.42,-9.84,0.95));
#5321 = VECTOR('',#5322,1.);
#5322 = DIRECTION('',(0.,-1.,0.));
#5323 = ORIENTED_EDGE('',*,*,#5324,.T.);
#5324 = EDGE_CURVE('',#5317,#2205,#5325,.T.);
#5325 = LINE('',#5326,#5327);
#5326 = CARTESIAN_POINT('',(12.58,-10.48,0.95));
#5327 = VECTOR('',#5328,1.);
#5328 = DIRECTION('',(-1.,0.,0.));
#5329 = ORIENTED_EDGE('',*,*,#2212,.F.);
#5330 = PLANE('',#5331);
#5331 = AXIS2_PLACEMENT_3D('',#5332,#5333,#5334);
#5332 = CARTESIAN_POINT('',(12.58,-9.84,0.95));
#5333 = DIRECTION('',(-0.,-0.,-1.));
#5334 = DIRECTION('',(-1.,0.,0.));
#5335 = ADVANCED_FACE('',(#5336),#5347,.F.);
#5336 = FACE_BOUND('',#5337,.F.);
#5337 = EDGE_LOOP('',(#5338,#5339,#5340,#5346));
#5338 = ORIENTED_EDGE('',*,*,#2204,.F.);
#5339 = ORIENTED_EDGE('',*,*,#5269,.T.);
#5340 = ORIENTED_EDGE('',*,*,#5341,.T.);
#5341 = EDGE_CURVE('',#5270,#5317,#5342,.T.);
#5342 = LINE('',#5343,#5344);
#5343 = CARTESIAN_POINT('',(12.42,-10.48,1.59));
#5344 = VECTOR('',#5345,1.);
#5345 = DIRECTION('',(0.,0.,-1.));
#5346 = ORIENTED_EDGE('',*,*,#5324,.T.);
#5347 = PLANE('',#5348);
#5348 = AXIS2_PLACEMENT_3D('',#5349,#5350,#5351);
#5349 = CARTESIAN_POINT('',(6.115919732441,-10.48,0.579080267559));
#5350 = DIRECTION('',(1.223822766313E-33,1.,-1.161915124245E-33));
#5351 = DIRECTION('',(1.,-1.223822766313E-33,0.));
#5352 = ADVANCED_FACE('',(#5353),#5378,.T.);
#5353 = FACE_BOUND('',#5354,.T.);
#5354 = EDGE_LOOP('',(#5355,#5363,#5364,#5372));
#5355 = ORIENTED_EDGE('',*,*,#5356,.F.);
#5356 = EDGE_CURVE('',#2231,#5357,#5359,.T.);
#5357 = VERTEX_POINT('',#5358);
#5358 = CARTESIAN_POINT('',(12.42,-7.3,1.59));
#5359 = LINE('',#5360,#5361);
#5360 = CARTESIAN_POINT('',(2.22,-7.3,1.59));
#5361 = VECTOR('',#5362,1.);
#5362 = DIRECTION('',(1.,0.,2.143287692327E-17));
#5363 = ORIENTED_EDGE('',*,*,#2228,.F.);
#5364 = ORIENTED_EDGE('',*,*,#5365,.T.);
#5365 = EDGE_CURVE('',#2229,#5366,#5368,.T.);
#5366 = VERTEX_POINT('',#5367);
#5367 = CARTESIAN_POINT('',(12.42,-7.94,1.59));
#5368 = LINE('',#5369,#5370);
#5369 = CARTESIAN_POINT('',(2.22,-7.94,1.59));
#5370 = VECTOR('',#5371,1.);
#5371 = DIRECTION('',(1.,0.,2.143287692327E-17));
#5372 = ORIENTED_EDGE('',*,*,#5373,.F.);
#5373 = EDGE_CURVE('',#5357,#5366,#5374,.T.);
#5374 = LINE('',#5375,#5376);
#5375 = CARTESIAN_POINT('',(12.42,-7.3,1.59));
#5376 = VECTOR('',#5377,1.);
#5377 = DIRECTION('',(0.,-1.,0.));
#5378 = PLANE('',#5379);
#5379 = AXIS2_PLACEMENT_3D('',#5380,#5381,#5382);
#5380 = CARTESIAN_POINT('',(2.22,-7.3,1.59));
#5381 = DIRECTION('',(-2.143287692327E-17,0.,1.));
#5382 = DIRECTION('',(1.,0.,2.143287692327E-17));
#5383 = ADVANCED_FACE('',(#5384),#5402,.T.);
#5384 = FACE_BOUND('',#5385,.T.);
#5385 = EDGE_LOOP('',(#5386,#5387,#5388,#5396));
#5386 = ORIENTED_EDGE('',*,*,#2254,.F.);
#5387 = ORIENTED_EDGE('',*,*,#5356,.T.);
#5388 = ORIENTED_EDGE('',*,*,#5389,.T.);
#5389 = EDGE_CURVE('',#5357,#5390,#5392,.T.);
#5390 = VERTEX_POINT('',#5391);
#5391 = CARTESIAN_POINT('',(12.42,-7.3,0.95));
#5392 = LINE('',#5393,#5394);
#5393 = CARTESIAN_POINT('',(12.42,-7.3,1.59));
#5394 = VECTOR('',#5395,1.);
#5395 = DIRECTION('',(0.,0.,-1.));
#5396 = ORIENTED_EDGE('',*,*,#5397,.T.);
#5397 = EDGE_CURVE('',#5390,#2247,#5398,.T.);
#5398 = LINE('',#5399,#5400);
#5399 = CARTESIAN_POINT('',(12.58,-7.3,0.95));
#5400 = VECTOR('',#5401,1.);
#5401 = DIRECTION('',(-1.,0.,0.));
#5402 = PLANE('',#5403);
#5403 = AXIS2_PLACEMENT_3D('',#5404,#5405,#5406);
#5404 = CARTESIAN_POINT('',(6.115919732441,-7.3,0.579080267559));
#5405 = DIRECTION('',(1.223822766313E-33,1.,-1.161915124245E-33));
#5406 = DIRECTION('',(1.,-1.223822766313E-33,0.));
#5407 = ADVANCED_FACE('',(#5408),#5426,.T.);
#5408 = FACE_BOUND('',#5409,.T.);
#5409 = EDGE_LOOP('',(#5410,#5411,#5419,#5425));
#5410 = ORIENTED_EDGE('',*,*,#5397,.F.);
#5411 = ORIENTED_EDGE('',*,*,#5412,.T.);
#5412 = EDGE_CURVE('',#5390,#5413,#5415,.T.);
#5413 = VERTEX_POINT('',#5414);
#5414 = CARTESIAN_POINT('',(12.42,-7.94,0.95));
#5415 = LINE('',#5416,#5417);
#5416 = CARTESIAN_POINT('',(12.42,-7.3,0.95));
#5417 = VECTOR('',#5418,1.);
#5418 = DIRECTION('',(0.,-1.,0.));
#5419 = ORIENTED_EDGE('',*,*,#5420,.T.);
#5420 = EDGE_CURVE('',#5413,#2239,#5421,.T.);
#5421 = LINE('',#5422,#5423);
#5422 = CARTESIAN_POINT('',(12.58,-7.94,0.95));
#5423 = VECTOR('',#5424,1.);
#5424 = DIRECTION('',(-1.,0.,0.));
#5425 = ORIENTED_EDGE('',*,*,#2246,.F.);
#5426 = PLANE('',#5427);
#5427 = AXIS2_PLACEMENT_3D('',#5428,#5429,#5430);
#5428 = CARTESIAN_POINT('',(12.58,-7.3,0.95));
#5429 = DIRECTION('',(-0.,-0.,-1.));
#5430 = DIRECTION('',(-1.,0.,0.));
#5431 = ADVANCED_FACE('',(#5432),#5443,.F.);
#5432 = FACE_BOUND('',#5433,.F.);
#5433 = EDGE_LOOP('',(#5434,#5435,#5436,#5442));
#5434 = ORIENTED_EDGE('',*,*,#2238,.F.);
#5435 = ORIENTED_EDGE('',*,*,#5365,.T.);
#5436 = ORIENTED_EDGE('',*,*,#5437,.T.);
#5437 = EDGE_CURVE('',#5366,#5413,#5438,.T.);
#5438 = LINE('',#5439,#5440);
#5439 = CARTESIAN_POINT('',(12.42,-7.94,1.59));
#5440 = VECTOR('',#5441,1.);
#5441 = DIRECTION('',(0.,0.,-1.));
#5442 = ORIENTED_EDGE('',*,*,#5420,.T.);
#5443 = PLANE('',#5444);
#5444 = AXIS2_PLACEMENT_3D('',#5445,#5446,#5447);
#5445 = CARTESIAN_POINT('',(6.115919732441,-7.94,0.579080267559));
#5446 = DIRECTION('',(1.223822766313E-33,1.,-1.161915124245E-33));
#5447 = DIRECTION('',(1.,-1.223822766313E-33,0.));
#5448 = ADVANCED_FACE('',(#5449),#5474,.T.);
#5449 = FACE_BOUND('',#5450,.T.);
#5450 = EDGE_LOOP('',(#5451,#5459,#5460,#5468));
#5451 = ORIENTED_EDGE('',*,*,#5452,.F.);
#5452 = EDGE_CURVE('',#2265,#5453,#5455,.T.);
#5453 = VERTEX_POINT('',#5454);
#5454 = CARTESIAN_POINT('',(12.42,-2.22,1.59));
#5455 = LINE('',#5456,#5457);
#5456 = CARTESIAN_POINT('',(2.22,-2.22,1.59));
#5457 = VECTOR('',#5458,1.);
#5458 = DIRECTION('',(1.,0.,2.143287692327E-17));
#5459 = ORIENTED_EDGE('',*,*,#2262,.F.);
#5460 = ORIENTED_EDGE('',*,*,#5461,.T.);
#5461 = EDGE_CURVE('',#2263,#5462,#5464,.T.);
#5462 = VERTEX_POINT('',#5463);
#5463 = CARTESIAN_POINT('',(12.42,-2.86,1.59));
#5464 = LINE('',#5465,#5466);
#5465 = CARTESIAN_POINT('',(2.22,-2.86,1.59));
#5466 = VECTOR('',#5467,1.);
#5467 = DIRECTION('',(1.,0.,2.143287692327E-17));
#5468 = ORIENTED_EDGE('',*,*,#5469,.F.);
#5469 = EDGE_CURVE('',#5453,#5462,#5470,.T.);
#5470 = LINE('',#5471,#5472);
#5471 = CARTESIAN_POINT('',(12.42,-2.22,1.59));
#5472 = VECTOR('',#5473,1.);
#5473 = DIRECTION('',(0.,-1.,0.));
#5474 = PLANE('',#5475);
#5475 = AXIS2_PLACEMENT_3D('',#5476,#5477,#5478);
#5476 = CARTESIAN_POINT('',(2.22,-2.22,1.59));
#5477 = DIRECTION('',(-2.143287692327E-17,0.,1.));
#5478 = DIRECTION('',(1.,0.,2.143287692327E-17));
#5479 = ADVANCED_FACE('',(#5480),#5498,.T.);
#5480 = FACE_BOUND('',#5481,.T.);
#5481 = EDGE_LOOP('',(#5482,#5483,#5484,#5492));
#5482 = ORIENTED_EDGE('',*,*,#2288,.F.);
#5483 = ORIENTED_EDGE('',*,*,#5452,.T.);
#5484 = ORIENTED_EDGE('',*,*,#5485,.T.);
#5485 = EDGE_CURVE('',#5453,#5486,#5488,.T.);
#5486 = VERTEX_POINT('',#5487);
#5487 = CARTESIAN_POINT('',(12.42,-2.22,0.95));
#5488 = LINE('',#5489,#5490);
#5489 = CARTESIAN_POINT('',(12.42,-2.22,1.59));
#5490 = VECTOR('',#5491,1.);
#5491 = DIRECTION('',(0.,0.,-1.));
#5492 = ORIENTED_EDGE('',*,*,#5493,.T.);
#5493 = EDGE_CURVE('',#5486,#2281,#5494,.T.);
#5494 = LINE('',#5495,#5496);
#5495 = CARTESIAN_POINT('',(12.58,-2.22,0.95));
#5496 = VECTOR('',#5497,1.);
#5497 = DIRECTION('',(-1.,0.,0.));
#5498 = PLANE('',#5499);
#5499 = AXIS2_PLACEMENT_3D('',#5500,#5501,#5502);
#5500 = CARTESIAN_POINT('',(6.115919732441,-2.22,0.579080267559));
#5501 = DIRECTION('',(1.223822766313E-33,1.,-1.161915124245E-33));
#5502 = DIRECTION('',(1.,-1.223822766313E-33,0.));
#5503 = ADVANCED_FACE('',(#5504),#5522,.T.);
#5504 = FACE_BOUND('',#5505,.T.);
#5505 = EDGE_LOOP('',(#5506,#5507,#5515,#5521));
#5506 = ORIENTED_EDGE('',*,*,#5493,.F.);
#5507 = ORIENTED_EDGE('',*,*,#5508,.T.);
#5508 = EDGE_CURVE('',#5486,#5509,#5511,.T.);
#5509 = VERTEX_POINT('',#5510);
#5510 = CARTESIAN_POINT('',(12.42,-2.86,0.95));
#5511 = LINE('',#5512,#5513);
#5512 = CARTESIAN_POINT('',(12.42,-2.22,0.95));
#5513 = VECTOR('',#5514,1.);
#5514 = DIRECTION('',(0.,-1.,0.));
#5515 = ORIENTED_EDGE('',*,*,#5516,.T.);
#5516 = EDGE_CURVE('',#5509,#2273,#5517,.T.);
#5517 = LINE('',#5518,#5519);
#5518 = CARTESIAN_POINT('',(12.58,-2.86,0.95));
#5519 = VECTOR('',#5520,1.);
#5520 = DIRECTION('',(-1.,0.,0.));
#5521 = ORIENTED_EDGE('',*,*,#2280,.F.);
#5522 = PLANE('',#5523);
#5523 = AXIS2_PLACEMENT_3D('',#5524,#5525,#5526);
#5524 = CARTESIAN_POINT('',(12.58,-2.22,0.95));
#5525 = DIRECTION('',(-0.,-0.,-1.));
#5526 = DIRECTION('',(-1.,0.,0.));
#5527 = ADVANCED_FACE('',(#5528),#5539,.F.);
#5528 = FACE_BOUND('',#5529,.F.);
#5529 = EDGE_LOOP('',(#5530,#5531,#5532,#5538));
#5530 = ORIENTED_EDGE('',*,*,#2272,.F.);
#5531 = ORIENTED_EDGE('',*,*,#5461,.T.);
#5532 = ORIENTED_EDGE('',*,*,#5533,.T.);
#5533 = EDGE_CURVE('',#5462,#5509,#5534,.T.);
#5534 = LINE('',#5535,#5536);
#5535 = CARTESIAN_POINT('',(12.42,-2.86,1.59));
#5536 = VECTOR('',#5537,1.);
#5537 = DIRECTION('',(0.,0.,-1.));
#5538 = ORIENTED_EDGE('',*,*,#5516,.T.);
#5539 = PLANE('',#5540);
#5540 = AXIS2_PLACEMENT_3D('',#5541,#5542,#5543);
#5541 = CARTESIAN_POINT('',(6.115919732441,-2.86,0.579080267559));
#5542 = DIRECTION('',(1.223822766313E-33,1.,-1.161915124245E-33));
#5543 = DIRECTION('',(1.,-1.223822766313E-33,0.));
#5544 = ADVANCED_FACE('',(#5545),#5570,.T.);
#5545 = FACE_BOUND('',#5546,.T.);
#5546 = EDGE_LOOP('',(#5547,#5548,#5556,#5564));
#5547 = ORIENTED_EDGE('',*,*,#2296,.F.);
#5548 = ORIENTED_EDGE('',*,*,#5549,.T.);
#5549 = EDGE_CURVE('',#2297,#5550,#5552,.T.);
#5550 = VERTEX_POINT('',#5551);
#5551 = CARTESIAN_POINT('',(12.42,-4.76,1.59));
#5552 = LINE('',#5553,#5554);
#5553 = CARTESIAN_POINT('',(2.22,-4.76,1.59));
#5554 = VECTOR('',#5555,1.);
#5555 = DIRECTION('',(1.,0.,2.143287692327E-17));
#5556 = ORIENTED_EDGE('',*,*,#5557,.T.);
#5557 = EDGE_CURVE('',#5550,#5558,#5560,.T.);
#5558 = VERTEX_POINT('',#5559);
#5559 = CARTESIAN_POINT('',(12.42,-4.76,0.95));
#5560 = LINE('',#5561,#5562);
#5561 = CARTESIAN_POINT('',(12.42,-4.76,1.59));
#5562 = VECTOR('',#5563,1.);
#5563 = DIRECTION('',(0.,0.,-1.));
#5564 = ORIENTED_EDGE('',*,*,#5565,.T.);
#5565 = EDGE_CURVE('',#5558,#2299,#5566,.T.);
#5566 = LINE('',#5567,#5568);
#5567 = CARTESIAN_POINT('',(12.58,-4.76,0.95));
#5568 = VECTOR('',#5569,1.);
#5569 = DIRECTION('',(-1.,0.,0.));
#5570 = PLANE('',#5571);
#5571 = AXIS2_PLACEMENT_3D('',#5572,#5573,#5574);
#5572 = CARTESIAN_POINT('',(6.115919732441,-4.76,0.579080267559));
#5573 = DIRECTION('',(1.223822766313E-33,1.,-1.161915124245E-33));
#5574 = DIRECTION('',(1.,-1.223822766313E-33,0.));
#5575 = ADVANCED_FACE('',(#5576),#5594,.T.);
#5576 = FACE_BOUND('',#5577,.T.);
#5577 = EDGE_LOOP('',(#5578,#5579,#5587,#5593));
#5578 = ORIENTED_EDGE('',*,*,#5565,.F.);
#5579 = ORIENTED_EDGE('',*,*,#5580,.T.);
#5580 = EDGE_CURVE('',#5558,#5581,#5583,.T.);
#5581 = VERTEX_POINT('',#5582);
#5582 = CARTESIAN_POINT('',(12.42,-5.4,0.95));
#5583 = LINE('',#5584,#5585);
#5584 = CARTESIAN_POINT('',(12.42,-4.76,0.95));
#5585 = VECTOR('',#5586,1.);
#5586 = DIRECTION('',(0.,-1.,0.));
#5587 = ORIENTED_EDGE('',*,*,#5588,.T.);
#5588 = EDGE_CURVE('',#5581,#2315,#5589,.T.);
#5589 = LINE('',#5590,#5591);
#5590 = CARTESIAN_POINT('',(12.58,-5.4,0.95));
#5591 = VECTOR('',#5592,1.);
#5592 = DIRECTION('',(-1.,0.,0.));
#5593 = ORIENTED_EDGE('',*,*,#2322,.F.);
#5594 = PLANE('',#5595);
#5595 = AXIS2_PLACEMENT_3D('',#5596,#5597,#5598);
#5596 = CARTESIAN_POINT('',(12.58,-4.76,0.95));
#5597 = DIRECTION('',(-0.,-0.,-1.));
#5598 = DIRECTION('',(-1.,0.,0.));
#5599 = ADVANCED_FACE('',(#5600),#5618,.F.);
#5600 = FACE_BOUND('',#5601,.F.);
#5601 = EDGE_LOOP('',(#5602,#5603,#5611,#5617));
#5602 = ORIENTED_EDGE('',*,*,#2314,.F.);
#5603 = ORIENTED_EDGE('',*,*,#5604,.T.);
#5604 = EDGE_CURVE('',#2307,#5605,#5607,.T.);
#5605 = VERTEX_POINT('',#5606);
#5606 = CARTESIAN_POINT('',(12.42,-5.4,1.59));
#5607 = LINE('',#5608,#5609);
#5608 = CARTESIAN_POINT('',(2.22,-5.4,1.59));
#5609 = VECTOR('',#5610,1.);
#5610 = DIRECTION('',(1.,0.,2.143287692327E-17));
#5611 = ORIENTED_EDGE('',*,*,#5612,.T.);
#5612 = EDGE_CURVE('',#5605,#5581,#5613,.T.);
#5613 = LINE('',#5614,#5615);
#5614 = CARTESIAN_POINT('',(12.42,-5.4,1.59));
#5615 = VECTOR('',#5616,1.);
#5616 = DIRECTION('',(0.,0.,-1.));
#5617 = ORIENTED_EDGE('',*,*,#5588,.T.);
#5618 = PLANE('',#5619);
#5619 = AXIS2_PLACEMENT_3D('',#5620,#5621,#5622);
#5620 = CARTESIAN_POINT('',(6.115919732441,-5.4,0.579080267559));
#5621 = DIRECTION('',(1.223822766313E-33,1.,-1.161915124245E-33));
#5622 = DIRECTION('',(1.,-1.223822766313E-33,0.));
#5623 = ADVANCED_FACE('',(#5624),#5635,.T.);
#5624 = FACE_BOUND('',#5625,.T.);
#5625 = EDGE_LOOP('',(#5626,#5627,#5628,#5629));
#5626 = ORIENTED_EDGE('',*,*,#5549,.F.);
#5627 = ORIENTED_EDGE('',*,*,#2306,.F.);
#5628 = ORIENTED_EDGE('',*,*,#5604,.T.);
#5629 = ORIENTED_EDGE('',*,*,#5630,.F.);
#5630 = EDGE_CURVE('',#5550,#5605,#5631,.T.);
#5631 = LINE('',#5632,#5633);
#5632 = CARTESIAN_POINT('',(12.42,-4.76,1.59));
#5633 = VECTOR('',#5634,1.);
#5634 = DIRECTION('',(0.,-1.,0.));
#5635 = PLANE('',#5636);
#5636 = AXIS2_PLACEMENT_3D('',#5637,#5638,#5639);
#5637 = CARTESIAN_POINT('',(2.22,-4.76,1.59));
#5638 = DIRECTION('',(-2.143287692327E-17,0.,1.));
#5639 = DIRECTION('',(1.,0.,2.143287692327E-17));
#5640 = ADVANCED_FACE('',(#5641),#5666,.T.);
#5641 = FACE_BOUND('',#5642,.T.);
#5642 = EDGE_LOOP('',(#5643,#5644,#5652,#5660));
#5643 = ORIENTED_EDGE('',*,*,#2330,.F.);
#5644 = ORIENTED_EDGE('',*,*,#5645,.T.);
#5645 = EDGE_CURVE('',#2331,#5646,#5648,.T.);
#5646 = VERTEX_POINT('',#5647);
#5647 = CARTESIAN_POINT('',(12.42,-12.38,1.59));
#5648 = LINE('',#5649,#5650);
#5649 = CARTESIAN_POINT('',(2.22,-12.38,1.59));
#5650 = VECTOR('',#5651,1.);
#5651 = DIRECTION('',(1.,0.,2.143287692327E-17));
#5652 = ORIENTED_EDGE('',*,*,#5653,.T.);
#5653 = EDGE_CURVE('',#5646,#5654,#5656,.T.);
#5654 = VERTEX_POINT('',#5655);
#5655 = CARTESIAN_POINT('',(12.42,-12.38,0.95));
#5656 = LINE('',#5657,#5658);
#5657 = CARTESIAN_POINT('',(12.42,-12.38,1.59));
#5658 = VECTOR('',#5659,1.);
#5659 = DIRECTION('',(0.,0.,-1.));
#5660 = ORIENTED_EDGE('',*,*,#5661,.T.);
#5661 = EDGE_CURVE('',#5654,#2333,#5662,.T.);
#5662 = LINE('',#5663,#5664);
#5663 = CARTESIAN_POINT('',(12.58,-12.38,0.95));
#5664 = VECTOR('',#5665,1.);
#5665 = DIRECTION('',(-1.,0.,0.));
#5666 = PLANE('',#5667);
#5667 = AXIS2_PLACEMENT_3D('',#5668,#5669,#5670);
#5668 = CARTESIAN_POINT('',(6.115919732441,-12.38,0.579080267559));
#5669 = DIRECTION('',(1.223822766313E-33,1.,-1.161915124245E-33));
#5670 = DIRECTION('',(1.,-1.223822766313E-33,0.));
#5671 = ADVANCED_FACE('',(#5672),#5690,.T.);
#5672 = FACE_BOUND('',#5673,.T.);
#5673 = EDGE_LOOP('',(#5674,#5675,#5683,#5689));
#5674 = ORIENTED_EDGE('',*,*,#5661,.F.);
#5675 = ORIENTED_EDGE('',*,*,#5676,.T.);
#5676 = EDGE_CURVE('',#5654,#5677,#5679,.T.);
#5677 = VERTEX_POINT('',#5678);
#5678 = CARTESIAN_POINT('',(12.42,-13.02,0.95));
#5679 = LINE('',#5680,#5681);
#5680 = CARTESIAN_POINT('',(12.42,-12.38,0.95));
#5681 = VECTOR('',#5682,1.);
#5682 = DIRECTION('',(0.,-1.,0.));
#5683 = ORIENTED_EDGE('',*,*,#5684,.T.);
#5684 = EDGE_CURVE('',#5677,#2349,#5685,.T.);
#5685 = LINE('',#5686,#5687);
#5686 = CARTESIAN_POINT('',(12.58,-13.02,0.95));
#5687 = VECTOR('',#5688,1.);
#5688 = DIRECTION('',(-1.,0.,0.));
#5689 = ORIENTED_EDGE('',*,*,#2356,.F.);
#5690 = PLANE('',#5691);
#5691 = AXIS2_PLACEMENT_3D('',#5692,#5693,#5694);
#5692 = CARTESIAN_POINT('',(12.58,-12.38,0.95));
#5693 = DIRECTION('',(-0.,-0.,-1.));
#5694 = DIRECTION('',(-1.,0.,0.));
#5695 = ADVANCED_FACE('',(#5696),#5714,.F.);
#5696 = FACE_BOUND('',#5697,.F.);
#5697 = EDGE_LOOP('',(#5698,#5699,#5707,#5713));
#5698 = ORIENTED_EDGE('',*,*,#2348,.F.);
#5699 = ORIENTED_EDGE('',*,*,#5700,.T.);
#5700 = EDGE_CURVE('',#2341,#5701,#5703,.T.);
#5701 = VERTEX_POINT('',#5702);
#5702 = CARTESIAN_POINT('',(12.42,-13.02,1.59));
#5703 = LINE('',#5704,#5705);
#5704 = CARTESIAN_POINT('',(2.22,-13.02,1.59));
#5705 = VECTOR('',#5706,1.);
#5706 = DIRECTION('',(1.,0.,2.143287692327E-17));
#5707 = ORIENTED_EDGE('',*,*,#5708,.T.);
#5708 = EDGE_CURVE('',#5701,#5677,#5709,.T.);
#5709 = LINE('',#5710,#5711);
#5710 = CARTESIAN_POINT('',(12.42,-13.02,1.59));
#5711 = VECTOR('',#5712,1.);
#5712 = DIRECTION('',(0.,0.,-1.));
#5713 = ORIENTED_EDGE('',*,*,#5684,.T.);
#5714 = PLANE('',#5715);
#5715 = AXIS2_PLACEMENT_3D('',#5716,#5717,#5718);
#5716 = CARTESIAN_POINT('',(6.115919732441,-13.02,0.579080267559));
#5717 = DIRECTION('',(1.223822766313E-33,1.,-1.161915124245E-33));
#5718 = DIRECTION('',(1.,-1.223822766313E-33,0.));
#5719 = ADVANCED_FACE('',(#5720),#5731,.T.);
#5720 = FACE_BOUND('',#5721,.T.);
#5721 = EDGE_LOOP('',(#5722,#5723,#5724,#5725));
#5722 = ORIENTED_EDGE('',*,*,#5645,.F.);
#5723 = ORIENTED_EDGE('',*,*,#2340,.F.);
#5724 = ORIENTED_EDGE('',*,*,#5700,.T.);
#5725 = ORIENTED_EDGE('',*,*,#5726,.F.);
#5726 = EDGE_CURVE('',#5646,#5701,#5727,.T.);
#5727 = LINE('',#5728,#5729);
#5728 = CARTESIAN_POINT('',(12.42,-12.38,1.59));
#5729 = VECTOR('',#5730,1.);
#5730 = DIRECTION('',(0.,-1.,0.));
#5731 = PLANE('',#5732);
#5732 = AXIS2_PLACEMENT_3D('',#5733,#5734,#5735);
#5733 = CARTESIAN_POINT('',(2.22,-12.38,1.59));
#5734 = DIRECTION('',(-2.143287692327E-17,0.,1.));
#5735 = DIRECTION('',(1.,0.,2.143287692327E-17));
#5736 = ADVANCED_FACE('',(#5737),#5762,.T.);
#5737 = FACE_BOUND('',#5738,.T.);
#5738 = EDGE_LOOP('',(#5739,#5740,#5748,#5756));
#5739 = ORIENTED_EDGE('',*,*,#2364,.F.);
#5740 = ORIENTED_EDGE('',*,*,#5741,.T.);
#5741 = EDGE_CURVE('',#2365,#5742,#5744,.T.);
#5742 = VERTEX_POINT('',#5743);
#5743 = CARTESIAN_POINT('',(12.42,0.32,4.13));
#5744 = LINE('',#5745,#5746);
#5745 = CARTESIAN_POINT('',(-0.32,0.32,4.13));
#5746 = VECTOR('',#5747,1.);
#5747 = DIRECTION('',(1.,0.,6.885104028683E-17));
#5748 = ORIENTED_EDGE('',*,*,#5749,.T.);
#5749 = EDGE_CURVE('',#5742,#5750,#5752,.T.);
#5750 = VERTEX_POINT('',#5751);
#5751 = CARTESIAN_POINT('',(12.42,0.32,3.49));
#5752 = LINE('',#5753,#5754);
#5753 = CARTESIAN_POINT('',(12.42,0.32,4.13));
#5754 = VECTOR('',#5755,1.);
#5755 = DIRECTION('',(0.,0.,-1.));
#5756 = ORIENTED_EDGE('',*,*,#5757,.T.);
#5757 = EDGE_CURVE('',#5750,#2367,#5758,.T.);
#5758 = LINE('',#5759,#5760);
#5759 = CARTESIAN_POINT('',(12.58,0.32,3.49));
#5760 = VECTOR('',#5761,1.);
#5761 = DIRECTION('',(-1.,0.,0.));
#5762 = PLANE('',#5763);
#5763 = AXIS2_PLACEMENT_3D('',#5764,#5765,#5766);
#5764 = CARTESIAN_POINT('',(4.143794308537,0.32,2.551205691463));
#5765 = DIRECTION('',(0.,1.,0.));
#5766 = DIRECTION('',(0.,-0.,1.));
#5767 = ADVANCED_FACE('',(#5768),#5786,.T.);
#5768 = FACE_BOUND('',#5769,.T.);
#5769 = EDGE_LOOP('',(#5770,#5771,#5779,#5785));
#5770 = ORIENTED_EDGE('',*,*,#5757,.F.);
#5771 = ORIENTED_EDGE('',*,*,#5772,.T.);
#5772 = EDGE_CURVE('',#5750,#5773,#5775,.T.);
#5773 = VERTEX_POINT('',#5774);
#5774 = CARTESIAN_POINT('',(12.42,-0.32,3.49));
#5775 = LINE('',#5776,#5777);
#5776 = CARTESIAN_POINT('',(12.42,0.32,3.49));
#5777 = VECTOR('',#5778,1.);
#5778 = DIRECTION('',(0.,-1.,0.));
#5779 = ORIENTED_EDGE('',*,*,#5780,.T.);
#5780 = EDGE_CURVE('',#5773,#2383,#5781,.T.);
#5781 = LINE('',#5782,#5783);
#5782 = CARTESIAN_POINT('',(12.58,-0.32,3.49));
#5783 = VECTOR('',#5784,1.);
#5784 = DIRECTION('',(-1.,0.,0.));
#5785 = ORIENTED_EDGE('',*,*,#2390,.F.);
#5786 = PLANE('',#5787);
#5787 = AXIS2_PLACEMENT_3D('',#5788,#5789,#5790);
#5788 = CARTESIAN_POINT('',(12.58,0.32,3.49));
#5789 = DIRECTION('',(-0.,-0.,-1.));
#5790 = DIRECTION('',(-1.,0.,0.));
#5791 = ADVANCED_FACE('',(#5792),#5810,.F.);
#5792 = FACE_BOUND('',#5793,.F.);
#5793 = EDGE_LOOP('',(#5794,#5795,#5803,#5809));
#5794 = ORIENTED_EDGE('',*,*,#2382,.F.);
#5795 = ORIENTED_EDGE('',*,*,#5796,.T.);
#5796 = EDGE_CURVE('',#2375,#5797,#5799,.T.);
#5797 = VERTEX_POINT('',#5798);
#5798 = CARTESIAN_POINT('',(12.42,-0.32,4.13));
#5799 = LINE('',#5800,#5801);
#5800 = CARTESIAN_POINT('',(-0.32,-0.32,4.13));
#5801 = VECTOR('',#5802,1.);
#5802 = DIRECTION('',(1.,0.,6.885104028683E-17));
#5803 = ORIENTED_EDGE('',*,*,#5804,.T.);
#5804 = EDGE_CURVE('',#5797,#5773,#5805,.T.);
#5805 = LINE('',#5806,#5807);
#5806 = CARTESIAN_POINT('',(12.42,-0.32,4.13));
#5807 = VECTOR('',#5808,1.);
#5808 = DIRECTION('',(0.,0.,-1.));
#5809 = ORIENTED_EDGE('',*,*,#5780,.T.);
#5810 = PLANE('',#5811);
#5811 = AXIS2_PLACEMENT_3D('',#5812,#5813,#5814);
#5812 = CARTESIAN_POINT('',(4.143794308537,-0.32,2.551205691463));
#5813 = DIRECTION('',(0.,1.,0.));
#5814 = DIRECTION('',(0.,-0.,1.));
#5815 = ADVANCED_FACE('',(#5816),#5827,.T.);
#5816 = FACE_BOUND('',#5817,.T.);
#5817 = EDGE_LOOP('',(#5818,#5819,#5820,#5821));
#5818 = ORIENTED_EDGE('',*,*,#5741,.F.);
#5819 = ORIENTED_EDGE('',*,*,#2374,.F.);
#5820 = ORIENTED_EDGE('',*,*,#5796,.T.);
#5821 = ORIENTED_EDGE('',*,*,#5822,.F.);
#5822 = EDGE_CURVE('',#5742,#5797,#5823,.T.);
#5823 = LINE('',#5824,#5825);
#5824 = CARTESIAN_POINT('',(12.42,0.32,4.13));
#5825 = VECTOR('',#5826,1.);
#5826 = DIRECTION('',(0.,-1.,0.));
#5827 = PLANE('',#5828);
#5828 = AXIS2_PLACEMENT_3D('',#5829,#5830,#5831);
#5829 = CARTESIAN_POINT('',(-0.32,0.32,4.13));
#5830 = DIRECTION('',(-6.885104028683E-17,0.,1.));
#5831 = DIRECTION('',(1.,0.,6.885104028683E-17));
#5832 = ADVANCED_FACE('',(#5833),#5858,.T.);
#5833 = FACE_BOUND('',#5834,.T.);
#5834 = EDGE_LOOP('',(#5835,#5843,#5844,#5852));
#5835 = ORIENTED_EDGE('',*,*,#5836,.F.);
#5836 = EDGE_CURVE('',#2401,#5837,#5839,.T.);
#5837 = VERTEX_POINT('',#5838);
#5838 = CARTESIAN_POINT('',(12.42,0.32,1.59));
#5839 = LINE('',#5840,#5841);
#5840 = CARTESIAN_POINT('',(2.22,0.32,1.59));
#5841 = VECTOR('',#5842,1.);
#5842 = DIRECTION('',(1.,0.,2.143287692327E-17));
#5843 = ORIENTED_EDGE('',*,*,#2398,.F.);
#5844 = ORIENTED_EDGE('',*,*,#5845,.T.);
#5845 = EDGE_CURVE('',#2399,#5846,#5848,.T.);
#5846 = VERTEX_POINT('',#5847);
#5847 = CARTESIAN_POINT('',(12.42,-0.32,1.59));
#5848 = LINE('',#5849,#5850);
#5849 = CARTESIAN_POINT('',(2.22,-0.32,1.59));
#5850 = VECTOR('',#5851,1.);
#5851 = DIRECTION('',(1.,0.,2.143287692327E-17));
#5852 = ORIENTED_EDGE('',*,*,#5853,.F.);
#5853 = EDGE_CURVE('',#5837,#5846,#5854,.T.);
#5854 = LINE('',#5855,#5856);
#5855 = CARTESIAN_POINT('',(12.42,0.32,1.59));
#5856 = VECTOR('',#5857,1.);
#5857 = DIRECTION('',(0.,-1.,0.));
#5858 = PLANE('',#5859);
#5859 = AXIS2_PLACEMENT_3D('',#5860,#5861,#5862);
#5860 = CARTESIAN_POINT('',(2.22,0.32,1.59));
#5861 = DIRECTION('',(-2.143287692327E-17,0.,1.));
#5862 = DIRECTION('',(1.,0.,2.143287692327E-17));
#5863 = ADVANCED_FACE('',(#5864),#5882,.T.);
#5864 = FACE_BOUND('',#5865,.T.);
#5865 = EDGE_LOOP('',(#5866,#5867,#5868,#5876));
#5866 = ORIENTED_EDGE('',*,*,#2424,.F.);
#5867 = ORIENTED_EDGE('',*,*,#5836,.T.);
#5868 = ORIENTED_EDGE('',*,*,#5869,.T.);
#5869 = EDGE_CURVE('',#5837,#5870,#5872,.T.);
#5870 = VERTEX_POINT('',#5871);
#5871 = CARTESIAN_POINT('',(12.42,0.32,0.95));
#5872 = LINE('',#5873,#5874);
#5873 = CARTESIAN_POINT('',(12.42,0.32,1.59));
#5874 = VECTOR('',#5875,1.);
#5875 = DIRECTION('',(0.,0.,-1.));
#5876 = ORIENTED_EDGE('',*,*,#5877,.T.);
#5877 = EDGE_CURVE('',#5870,#2417,#5878,.T.);
#5878 = LINE('',#5879,#5880);
#5879 = CARTESIAN_POINT('',(12.58,0.32,0.95));
#5880 = VECTOR('',#5881,1.);
#5881 = DIRECTION('',(-1.,0.,0.));
#5882 = PLANE('',#5883);
#5883 = AXIS2_PLACEMENT_3D('',#5884,#5885,#5886);
#5884 = CARTESIAN_POINT('',(6.115919732441,0.32,0.579080267559));
#5885 = DIRECTION('',(1.223822766313E-33,1.,-1.161915124245E-33));
#5886 = DIRECTION('',(1.,-1.223822766313E-33,0.));
#5887 = ADVANCED_FACE('',(#5888),#5906,.T.);
#5888 = FACE_BOUND('',#5889,.T.);
#5889 = EDGE_LOOP('',(#5890,#5891,#5899,#5905));
#5890 = ORIENTED_EDGE('',*,*,#5877,.F.);
#5891 = ORIENTED_EDGE('',*,*,#5892,.T.);
#5892 = EDGE_CURVE('',#5870,#5893,#5895,.T.);
#5893 = VERTEX_POINT('',#5894);
#5894 = CARTESIAN_POINT('',(12.42,-0.32,0.95));
#5895 = LINE('',#5896,#5897);
#5896 = CARTESIAN_POINT('',(12.42,0.32,0.95));
#5897 = VECTOR('',#5898,1.);
#5898 = DIRECTION('',(0.,-1.,0.));
#5899 = ORIENTED_EDGE('',*,*,#5900,.T.);
#5900 = EDGE_CURVE('',#5893,#2409,#5901,.T.);
#5901 = LINE('',#5902,#5903);
#5902 = CARTESIAN_POINT('',(12.58,-0.32,0.95));
#5903 = VECTOR('',#5904,1.);
#5904 = DIRECTION('',(-1.,0.,0.));
#5905 = ORIENTED_EDGE('',*,*,#2416,.F.);
#5906 = PLANE('',#5907);
#5907 = AXIS2_PLACEMENT_3D('',#5908,#5909,#5910);
#5908 = CARTESIAN_POINT('',(12.58,0.32,0.95));
#5909 = DIRECTION('',(-0.,-0.,-1.));
#5910 = DIRECTION('',(-1.,0.,0.));
#5911 = ADVANCED_FACE('',(#5912),#5923,.F.);
#5912 = FACE_BOUND('',#5913,.F.);
#5913 = EDGE_LOOP('',(#5914,#5915,#5916,#5922));
#5914 = ORIENTED_EDGE('',*,*,#2408,.F.);
#5915 = ORIENTED_EDGE('',*,*,#5845,.T.);
#5916 = ORIENTED_EDGE('',*,*,#5917,.T.);
#5917 = EDGE_CURVE('',#5846,#5893,#5918,.T.);
#5918 = LINE('',#5919,#5920);
#5919 = CARTESIAN_POINT('',(12.42,-0.32,1.59));
#5920 = VECTOR('',#5921,1.);
#5921 = DIRECTION('',(0.,0.,-1.));
#5922 = ORIENTED_EDGE('',*,*,#5900,.T.);
#5923 = PLANE('',#5924);
#5924 = AXIS2_PLACEMENT_3D('',#5925,#5926,#5927);
#5925 = CARTESIAN_POINT('',(6.115919732441,-0.32,0.579080267559));
#5926 = DIRECTION('',(1.223822766313E-33,1.,-1.161915124245E-33));
#5927 = DIRECTION('',(1.,-1.223822766313E-33,0.));
#5928 = ADVANCED_FACE('',(#5929),#5940,.T.);
#5929 = FACE_BOUND('',#5930,.T.);
#5930 = EDGE_LOOP('',(#5931,#5937,#5938,#5939));
#5931 = ORIENTED_EDGE('',*,*,#5932,.T.);
#5932 = EDGE_CURVE('',#3060,#3133,#5933,.T.);
#5933 = LINE('',#5934,#5935);
#5934 = CARTESIAN_POINT('',(-0.32,-9.84,3.49));
#5935 = VECTOR('',#5936,1.);
#5936 = DIRECTION('',(0.,-1.,0.));
#5937 = ORIENTED_EDGE('',*,*,#3132,.T.);
#5938 = ORIENTED_EDGE('',*,*,#3036,.F.);
#5939 = ORIENTED_EDGE('',*,*,#3059,.F.);
#5940 = CYLINDRICAL_SURFACE('',#5941,0.64);
#5941 = AXIS2_PLACEMENT_3D('',#5942,#5943,#5944);
#5942 = CARTESIAN_POINT('',(0.32,-9.84,3.49));
#5943 = DIRECTION('',(0.,-1.,0.));
#5944 = DIRECTION('',(-1.,0.,0.));
#5945 = ADVANCED_FACE('',(#5946),#5957,.T.);
#5946 = FACE_BOUND('',#5947,.T.);
#5947 = EDGE_LOOP('',(#5948,#5949,#5955,#5956));
#5948 = ORIENTED_EDGE('',*,*,#3094,.F.);
#5949 = ORIENTED_EDGE('',*,*,#5950,.T.);
#5950 = EDGE_CURVE('',#3087,#3153,#5951,.T.);
#5951 = LINE('',#5952,#5953);
#5952 = CARTESIAN_POINT('',(-0.32,-9.84,-2.84));
#5953 = VECTOR('',#5954,1.);
#5954 = DIRECTION('',(0.,-1.,0.));
#5955 = ORIENTED_EDGE('',*,*,#3160,.T.);
#5956 = ORIENTED_EDGE('',*,*,#5932,.F.);
#5957 = PLANE('',#5958);
#5958 = AXIS2_PLACEMENT_3D('',#5959,#5960,#5961);
#5959 = CARTESIAN_POINT('',(-0.32,-9.84,-3.));
#5960 = DIRECTION('',(-1.,0.,0.));
#5961 = DIRECTION('',(0.,0.,1.));
#5962 = ADVANCED_FACE('',(#5963),#5988,.T.);
#5963 = FACE_BOUND('',#5964,.F.);
#5964 = EDGE_LOOP('',(#5965,#5973,#5974,#5982));
#5965 = ORIENTED_EDGE('',*,*,#5966,.T.);
#5966 = EDGE_CURVE('',#5967,#3079,#5969,.T.);
#5967 = VERTEX_POINT('',#5968);
#5968 = CARTESIAN_POINT('',(0.16,-10.,-3.));
#5969 = LINE('',#5970,#5971);
#5970 = CARTESIAN_POINT('',(0.266666666667,-9.893333333333,
    -2.893333333333));
#5971 = VECTOR('',#5972,1.);
#5972 = DIRECTION('',(0.57735026919,0.57735026919,0.57735026919));
#5973 = ORIENTED_EDGE('',*,*,#3086,.T.);
#5974 = ORIENTED_EDGE('',*,*,#5975,.T.);
#5975 = EDGE_CURVE('',#3087,#5976,#5978,.T.);
#5976 = VERTEX_POINT('',#5977);
#5977 = CARTESIAN_POINT('',(-0.16,-10.,-3.));
#5978 = LINE('',#5979,#5980);
#5979 = CARTESIAN_POINT('',(-0.16,-10.,-3.));
#5980 = VECTOR('',#5981,1.);
#5981 = DIRECTION('',(0.57735026919,-0.57735026919,-0.57735026919));
#5982 = ORIENTED_EDGE('',*,*,#5983,.F.);
#5983 = EDGE_CURVE('',#5967,#5976,#5984,.T.);
#5984 = LINE('',#5985,#5986);
#5985 = CARTESIAN_POINT('',(0.32,-10.,-3.));
#5986 = VECTOR('',#5987,1.);
#5987 = DIRECTION('',(-1.,0.,0.));
#5988 = PLANE('',#5989);
#5989 = AXIS2_PLACEMENT_3D('',#5990,#5991,#5992);
#5990 = CARTESIAN_POINT('',(0.32,-9.92,-2.92));
#5991 = DIRECTION('',(-1.735167508357E-18,0.707106781187,-0.707106781187
    ));
#5992 = DIRECTION('',(1.,1.226948711654E-18,-1.226948711654E-18));
#5993 = ADVANCED_FACE('',(#5994),#6005,.T.);
#5994 = FACE_BOUND('',#5995,.T.);
#5995 = EDGE_LOOP('',(#5996,#5997,#5998,#5999));
#5996 = ORIENTED_EDGE('',*,*,#3078,.F.);
#5997 = ORIENTED_EDGE('',*,*,#3118,.T.);
#5998 = ORIENTED_EDGE('',*,*,#3144,.T.);
#5999 = ORIENTED_EDGE('',*,*,#6000,.F.);
#6000 = EDGE_CURVE('',#3079,#3145,#6001,.T.);
#6001 = LINE('',#6002,#6003);
#6002 = CARTESIAN_POINT('',(0.32,-9.84,-2.84));
#6003 = VECTOR('',#6004,1.);
#6004 = DIRECTION('',(0.,-1.,0.));
#6005 = PLANE('',#6006);
#6006 = AXIS2_PLACEMENT_3D('',#6007,#6008,#6009);
#6007 = CARTESIAN_POINT('',(0.32,-9.84,3.49));
#6008 = DIRECTION('',(1.,0.,0.));
#6009 = DIRECTION('',(0.,0.,-1.));
#6010 = ADVANCED_FACE('',(#6011),#6036,.F.);
#6011 = FACE_BOUND('',#6012,.F.);
#6012 = EDGE_LOOP('',(#6013,#6021,#6029,#6035));
#6013 = ORIENTED_EDGE('',*,*,#6014,.F.);
#6014 = EDGE_CURVE('',#6015,#3145,#6017,.T.);
#6015 = VERTEX_POINT('',#6016);
#6016 = CARTESIAN_POINT('',(0.16,-10.32,-3.));
#6017 = LINE('',#6018,#6019);
#6018 = CARTESIAN_POINT('',(0.16,-10.32,-3.));
#6019 = VECTOR('',#6020,1.);
#6020 = DIRECTION('',(0.57735026919,-0.57735026919,0.57735026919));
#6021 = ORIENTED_EDGE('',*,*,#6022,.T.);
#6022 = EDGE_CURVE('',#6015,#6023,#6025,.T.);
#6023 = VERTEX_POINT('',#6024);
#6024 = CARTESIAN_POINT('',(-0.16,-10.32,-3.));
#6025 = LINE('',#6026,#6027);
#6026 = CARTESIAN_POINT('',(0.32,-10.32,-3.));
#6027 = VECTOR('',#6028,1.);
#6028 = DIRECTION('',(-1.,0.,0.));
#6029 = ORIENTED_EDGE('',*,*,#6030,.T.);
#6030 = EDGE_CURVE('',#6023,#3153,#6031,.T.);
#6031 = LINE('',#6032,#6033);
#6032 = CARTESIAN_POINT('',(-5.333333333333E-02,-10.21333333333,
    -3.106666666667));
#6033 = VECTOR('',#6034,1.);
#6034 = DIRECTION('',(-0.57735026919,-0.57735026919,0.57735026919));
#6035 = ORIENTED_EDGE('',*,*,#3152,.F.);
#6036 = PLANE('',#6037);
#6037 = AXIS2_PLACEMENT_3D('',#6038,#6039,#6040);
#6038 = CARTESIAN_POINT('',(0.32,-10.4,-2.92));
#6039 = DIRECTION('',(1.735167508357E-18,0.707106781187,0.707106781187)
  );
#6040 = DIRECTION('',(-1.,1.226948711654E-18,1.226948711654E-18));
#6041 = ADVANCED_FACE('',(#6042),#6053,.T.);
#6042 = FACE_BOUND('',#6043,.T.);
#6043 = EDGE_LOOP('',(#6044,#6050,#6051,#6052));
#6044 = ORIENTED_EDGE('',*,*,#6045,.T.);
#6045 = EDGE_CURVE('',#3175,#3255,#6046,.T.);
#6046 = LINE('',#6047,#6048);
#6047 = CARTESIAN_POINT('',(-0.32,-7.3,3.49));
#6048 = VECTOR('',#6049,1.);
#6049 = DIRECTION('',(0.,-1.,0.));
#6050 = ORIENTED_EDGE('',*,*,#3254,.T.);
#6051 = ORIENTED_EDGE('',*,*,#3304,.F.);
#6052 = ORIENTED_EDGE('',*,*,#3174,.F.);
#6053 = CYLINDRICAL_SURFACE('',#6054,0.64);
#6054 = AXIS2_PLACEMENT_3D('',#6055,#6056,#6057);
#6055 = CARTESIAN_POINT('',(0.32,-7.3,3.49));
#6056 = DIRECTION('',(0.,-1.,0.));
#6057 = DIRECTION('',(-1.,0.,0.));
#6058 = ADVANCED_FACE('',(#6059),#6070,.T.);
#6059 = FACE_BOUND('',#6060,.T.);
#6060 = EDGE_LOOP('',(#6061,#6062,#6068,#6069));
#6061 = ORIENTED_EDGE('',*,*,#3216,.F.);
#6062 = ORIENTED_EDGE('',*,*,#6063,.T.);
#6063 = EDGE_CURVE('',#3209,#3282,#6064,.T.);
#6064 = LINE('',#6065,#6066);
#6065 = CARTESIAN_POINT('',(-0.32,-7.3,-2.84));
#6066 = VECTOR('',#6067,1.);
#6067 = DIRECTION('',(0.,-1.,0.));
#6068 = ORIENTED_EDGE('',*,*,#3289,.T.);
#6069 = ORIENTED_EDGE('',*,*,#6045,.F.);
#6070 = PLANE('',#6071);
#6071 = AXIS2_PLACEMENT_3D('',#6072,#6073,#6074);
#6072 = CARTESIAN_POINT('',(-0.32,-7.3,-3.));
#6073 = DIRECTION('',(-1.,0.,0.));
#6074 = DIRECTION('',(0.,0.,1.));
#6075 = ADVANCED_FACE('',(#6076),#6101,.T.);
#6076 = FACE_BOUND('',#6077,.F.);
#6077 = EDGE_LOOP('',(#6078,#6086,#6087,#6095));
#6078 = ORIENTED_EDGE('',*,*,#6079,.T.);
#6079 = EDGE_CURVE('',#6080,#3201,#6082,.T.);
#6080 = VERTEX_POINT('',#6081);
#6081 = CARTESIAN_POINT('',(0.16,-7.46,-3.));
#6082 = LINE('',#6083,#6084);
#6083 = CARTESIAN_POINT('',(0.266666666667,-7.353333333333,
    -2.893333333333));
#6084 = VECTOR('',#6085,1.);
#6085 = DIRECTION('',(0.57735026919,0.57735026919,0.57735026919));
#6086 = ORIENTED_EDGE('',*,*,#3208,.T.);
#6087 = ORIENTED_EDGE('',*,*,#6088,.T.);
#6088 = EDGE_CURVE('',#3209,#6089,#6091,.T.);
#6089 = VERTEX_POINT('',#6090);
#6090 = CARTESIAN_POINT('',(-0.16,-7.46,-3.));
#6091 = LINE('',#6092,#6093);
#6092 = CARTESIAN_POINT('',(-0.16,-7.46,-3.));
#6093 = VECTOR('',#6094,1.);
#6094 = DIRECTION('',(0.57735026919,-0.57735026919,-0.57735026919));
#6095 = ORIENTED_EDGE('',*,*,#6096,.F.);
#6096 = EDGE_CURVE('',#6080,#6089,#6097,.T.);
#6097 = LINE('',#6098,#6099);
#6098 = CARTESIAN_POINT('',(0.32,-7.46,-3.));
#6099 = VECTOR('',#6100,1.);
#6100 = DIRECTION('',(-1.,0.,0.));
#6101 = PLANE('',#6102);
#6102 = AXIS2_PLACEMENT_3D('',#6103,#6104,#6105);
#6103 = CARTESIAN_POINT('',(0.32,-7.38,-2.92));
#6104 = DIRECTION('',(-1.735167508357E-18,0.707106781187,-0.707106781187
    ));
#6105 = DIRECTION('',(1.,1.226948711654E-18,-1.226948711654E-18));
#6106 = ADVANCED_FACE('',(#6107),#6118,.T.);
#6107 = FACE_BOUND('',#6108,.T.);
#6108 = EDGE_LOOP('',(#6109,#6110,#6111,#6112));
#6109 = ORIENTED_EDGE('',*,*,#3200,.F.);
#6110 = ORIENTED_EDGE('',*,*,#3240,.T.);
#6111 = ORIENTED_EDGE('',*,*,#3273,.T.);
#6112 = ORIENTED_EDGE('',*,*,#6113,.F.);
#6113 = EDGE_CURVE('',#3201,#3274,#6114,.T.);
#6114 = LINE('',#6115,#6116);
#6115 = CARTESIAN_POINT('',(0.32,-7.3,-2.84));
#6116 = VECTOR('',#6117,1.);
#6117 = DIRECTION('',(0.,-1.,0.));
#6118 = PLANE('',#6119);
#6119 = AXIS2_PLACEMENT_3D('',#6120,#6121,#6122);
#6120 = CARTESIAN_POINT('',(0.32,-7.3,3.49));
#6121 = DIRECTION('',(1.,0.,0.));
#6122 = DIRECTION('',(0.,0.,-1.));
#6123 = ADVANCED_FACE('',(#6124),#6149,.F.);
#6124 = FACE_BOUND('',#6125,.F.);
#6125 = EDGE_LOOP('',(#6126,#6134,#6142,#6148));
#6126 = ORIENTED_EDGE('',*,*,#6127,.F.);
#6127 = EDGE_CURVE('',#6128,#3274,#6130,.T.);
#6128 = VERTEX_POINT('',#6129);
#6129 = CARTESIAN_POINT('',(0.16,-7.78,-3.));
#6130 = LINE('',#6131,#6132);
#6131 = CARTESIAN_POINT('',(0.16,-7.78,-3.));
#6132 = VECTOR('',#6133,1.);
#6133 = DIRECTION('',(0.57735026919,-0.57735026919,0.57735026919));
#6134 = ORIENTED_EDGE('',*,*,#6135,.T.);
#6135 = EDGE_CURVE('',#6128,#6136,#6138,.T.);
#6136 = VERTEX_POINT('',#6137);
#6137 = CARTESIAN_POINT('',(-0.16,-7.78,-3.));
#6138 = LINE('',#6139,#6140);
#6139 = CARTESIAN_POINT('',(0.32,-7.78,-3.));
#6140 = VECTOR('',#6141,1.);
#6141 = DIRECTION('',(-1.,0.,0.));
#6142 = ORIENTED_EDGE('',*,*,#6143,.T.);
#6143 = EDGE_CURVE('',#6136,#3282,#6144,.T.);
#6144 = LINE('',#6145,#6146);
#6145 = CARTESIAN_POINT('',(-5.333333333333E-02,-7.673333333333,
    -3.106666666667));
#6146 = VECTOR('',#6147,1.);
#6147 = DIRECTION('',(-0.57735026919,-0.57735026919,0.57735026919));
#6148 = ORIENTED_EDGE('',*,*,#3281,.F.);
#6149 = PLANE('',#6150);
#6150 = AXIS2_PLACEMENT_3D('',#6151,#6152,#6153);
#6151 = CARTESIAN_POINT('',(0.32,-7.86,-2.92));
#6152 = DIRECTION('',(1.735167508357E-18,0.707106781187,0.707106781187)
  );
#6153 = DIRECTION('',(-1.,1.226948711654E-18,1.226948711654E-18));
#6154 = ADVANCED_FACE('',(#6155),#6166,.T.);
#6155 = FACE_BOUND('',#6156,.T.);
#6156 = EDGE_LOOP('',(#6157,#6163,#6164,#6165));
#6157 = ORIENTED_EDGE('',*,*,#6158,.T.);
#6158 = EDGE_CURVE('',#3352,#3425,#6159,.T.);
#6159 = LINE('',#6160,#6161);
#6160 = CARTESIAN_POINT('',(-0.32,-2.22,3.49));
#6161 = VECTOR('',#6162,1.);
#6162 = DIRECTION('',(0.,-1.,0.));
#6163 = ORIENTED_EDGE('',*,*,#3424,.T.);
#6164 = ORIENTED_EDGE('',*,*,#3328,.F.);
#6165 = ORIENTED_EDGE('',*,*,#3351,.F.);
#6166 = CYLINDRICAL_SURFACE('',#6167,0.64);
#6167 = AXIS2_PLACEMENT_3D('',#6168,#6169,#6170);
#6168 = CARTESIAN_POINT('',(0.32,-2.22,3.49));
#6169 = DIRECTION('',(0.,-1.,0.));
#6170 = DIRECTION('',(-1.,0.,0.));
#6171 = ADVANCED_FACE('',(#6172),#6183,.T.);
#6172 = FACE_BOUND('',#6173,.T.);
#6173 = EDGE_LOOP('',(#6174,#6175,#6181,#6182));
#6174 = ORIENTED_EDGE('',*,*,#3386,.F.);
#6175 = ORIENTED_EDGE('',*,*,#6176,.T.);
#6176 = EDGE_CURVE('',#3379,#3445,#6177,.T.);
#6177 = LINE('',#6178,#6179);
#6178 = CARTESIAN_POINT('',(-0.32,-2.22,-2.84));
#6179 = VECTOR('',#6180,1.);
#6180 = DIRECTION('',(0.,-1.,0.));
#6181 = ORIENTED_EDGE('',*,*,#3452,.T.);
#6182 = ORIENTED_EDGE('',*,*,#6158,.F.);
#6183 = PLANE('',#6184);
#6184 = AXIS2_PLACEMENT_3D('',#6185,#6186,#6187);
#6185 = CARTESIAN_POINT('',(-0.32,-2.22,-3.));
#6186 = DIRECTION('',(-1.,0.,0.));
#6187 = DIRECTION('',(0.,0.,1.));
#6188 = ADVANCED_FACE('',(#6189),#6214,.T.);
#6189 = FACE_BOUND('',#6190,.F.);
#6190 = EDGE_LOOP('',(#6191,#6199,#6200,#6208));
#6191 = ORIENTED_EDGE('',*,*,#6192,.T.);
#6192 = EDGE_CURVE('',#6193,#3371,#6195,.T.);
#6193 = VERTEX_POINT('',#6194);
#6194 = CARTESIAN_POINT('',(0.16,-2.38,-3.));
#6195 = LINE('',#6196,#6197);
#6196 = CARTESIAN_POINT('',(0.266666666667,-2.273333333333,
    -2.893333333333));
#6197 = VECTOR('',#6198,1.);
#6198 = DIRECTION('',(0.57735026919,0.57735026919,0.57735026919));
#6199 = ORIENTED_EDGE('',*,*,#3378,.T.);
#6200 = ORIENTED_EDGE('',*,*,#6201,.T.);
#6201 = EDGE_CURVE('',#3379,#6202,#6204,.T.);
#6202 = VERTEX_POINT('',#6203);
#6203 = CARTESIAN_POINT('',(-0.16,-2.38,-3.));
#6204 = LINE('',#6205,#6206);
#6205 = CARTESIAN_POINT('',(-0.16,-2.38,-3.));
#6206 = VECTOR('',#6207,1.);
#6207 = DIRECTION('',(0.57735026919,-0.57735026919,-0.57735026919));
#6208 = ORIENTED_EDGE('',*,*,#6209,.F.);
#6209 = EDGE_CURVE('',#6193,#6202,#6210,.T.);
#6210 = LINE('',#6211,#6212);
#6211 = CARTESIAN_POINT('',(0.32,-2.38,-3.));
#6212 = VECTOR('',#6213,1.);
#6213 = DIRECTION('',(-1.,0.,0.));
#6214 = PLANE('',#6215);
#6215 = AXIS2_PLACEMENT_3D('',#6216,#6217,#6218);
#6216 = CARTESIAN_POINT('',(0.32,-2.3,-2.92));
#6217 = DIRECTION('',(-1.735167508357E-18,0.707106781187,-0.707106781187
    ));
#6218 = DIRECTION('',(1.,1.226948711654E-18,-1.226948711654E-18));
#6219 = ADVANCED_FACE('',(#6220),#6231,.T.);
#6220 = FACE_BOUND('',#6221,.T.);
#6221 = EDGE_LOOP('',(#6222,#6223,#6224,#6225));
#6222 = ORIENTED_EDGE('',*,*,#3370,.F.);
#6223 = ORIENTED_EDGE('',*,*,#3410,.T.);
#6224 = ORIENTED_EDGE('',*,*,#3436,.T.);
#6225 = ORIENTED_EDGE('',*,*,#6226,.F.);
#6226 = EDGE_CURVE('',#3371,#3437,#6227,.T.);
#6227 = LINE('',#6228,#6229);
#6228 = CARTESIAN_POINT('',(0.32,-2.22,-2.84));
#6229 = VECTOR('',#6230,1.);
#6230 = DIRECTION('',(0.,-1.,0.));
#6231 = PLANE('',#6232);
#6232 = AXIS2_PLACEMENT_3D('',#6233,#6234,#6235);
#6233 = CARTESIAN_POINT('',(0.32,-2.22,3.49));
#6234 = DIRECTION('',(1.,0.,0.));
#6235 = DIRECTION('',(0.,0.,-1.));
#6236 = ADVANCED_FACE('',(#6237),#6262,.F.);
#6237 = FACE_BOUND('',#6238,.F.);
#6238 = EDGE_LOOP('',(#6239,#6247,#6255,#6261));
#6239 = ORIENTED_EDGE('',*,*,#6240,.F.);
#6240 = EDGE_CURVE('',#6241,#3437,#6243,.T.);
#6241 = VERTEX_POINT('',#6242);
#6242 = CARTESIAN_POINT('',(0.16,-2.7,-3.));
#6243 = LINE('',#6244,#6245);
#6244 = CARTESIAN_POINT('',(0.16,-2.7,-3.));
#6245 = VECTOR('',#6246,1.);
#6246 = DIRECTION('',(0.57735026919,-0.57735026919,0.57735026919));
#6247 = ORIENTED_EDGE('',*,*,#6248,.T.);
#6248 = EDGE_CURVE('',#6241,#6249,#6251,.T.);
#6249 = VERTEX_POINT('',#6250);
#6250 = CARTESIAN_POINT('',(-0.16,-2.7,-3.));
#6251 = LINE('',#6252,#6253);
#6252 = CARTESIAN_POINT('',(0.32,-2.7,-3.));
#6253 = VECTOR('',#6254,1.);
#6254 = DIRECTION('',(-1.,0.,0.));
#6255 = ORIENTED_EDGE('',*,*,#6256,.T.);
#6256 = EDGE_CURVE('',#6249,#3445,#6257,.T.);
#6257 = LINE('',#6258,#6259);
#6258 = CARTESIAN_POINT('',(-5.333333333333E-02,-2.593333333333,
    -3.106666666667));
#6259 = VECTOR('',#6260,1.);
#6260 = DIRECTION('',(-0.57735026919,-0.57735026919,0.57735026919));
#6261 = ORIENTED_EDGE('',*,*,#3444,.F.);
#6262 = PLANE('',#6263);
#6263 = AXIS2_PLACEMENT_3D('',#6264,#6265,#6266);
#6264 = CARTESIAN_POINT('',(0.32,-2.78,-2.92));
#6265 = DIRECTION('',(1.735167508357E-18,0.707106781187,0.707106781187)
  );
#6266 = DIRECTION('',(-1.,1.226948711654E-18,1.226948711654E-18));
#6267 = ADVANCED_FACE('',(#6268),#6279,.T.);
#6268 = FACE_BOUND('',#6269,.T.);
#6269 = EDGE_LOOP('',(#6270,#6276,#6277,#6278));
#6270 = ORIENTED_EDGE('',*,*,#6271,.T.);
#6271 = EDGE_CURVE('',#3467,#3547,#6272,.T.);
#6272 = LINE('',#6273,#6274);
#6273 = CARTESIAN_POINT('',(-0.32,-4.76,3.49));
#6274 = VECTOR('',#6275,1.);
#6275 = DIRECTION('',(0.,-1.,0.));
#6276 = ORIENTED_EDGE('',*,*,#3546,.T.);
#6277 = ORIENTED_EDGE('',*,*,#3596,.F.);
#6278 = ORIENTED_EDGE('',*,*,#3466,.F.);
#6279 = CYLINDRICAL_SURFACE('',#6280,0.64);
#6280 = AXIS2_PLACEMENT_3D('',#6281,#6282,#6283);
#6281 = CARTESIAN_POINT('',(0.32,-4.76,3.49));
#6282 = DIRECTION('',(0.,-1.,0.));
#6283 = DIRECTION('',(-1.,0.,0.));
#6284 = ADVANCED_FACE('',(#6285),#6296,.T.);
#6285 = FACE_BOUND('',#6286,.T.);
#6286 = EDGE_LOOP('',(#6287,#6288,#6294,#6295));
#6287 = ORIENTED_EDGE('',*,*,#3508,.F.);
#6288 = ORIENTED_EDGE('',*,*,#6289,.T.);
#6289 = EDGE_CURVE('',#3501,#3574,#6290,.T.);
#6290 = LINE('',#6291,#6292);
#6291 = CARTESIAN_POINT('',(-0.32,-4.76,-2.84));
#6292 = VECTOR('',#6293,1.);
#6293 = DIRECTION('',(0.,-1.,0.));
#6294 = ORIENTED_EDGE('',*,*,#3581,.T.);
#6295 = ORIENTED_EDGE('',*,*,#6271,.F.);
#6296 = PLANE('',#6297);
#6297 = AXIS2_PLACEMENT_3D('',#6298,#6299,#6300);
#6298 = CARTESIAN_POINT('',(-0.32,-4.76,-3.));
#6299 = DIRECTION('',(-1.,0.,0.));
#6300 = DIRECTION('',(0.,0.,1.));
#6301 = ADVANCED_FACE('',(#6302),#6327,.T.);
#6302 = FACE_BOUND('',#6303,.F.);
#6303 = EDGE_LOOP('',(#6304,#6312,#6313,#6321));
#6304 = ORIENTED_EDGE('',*,*,#6305,.T.);
#6305 = EDGE_CURVE('',#6306,#3493,#6308,.T.);
#6306 = VERTEX_POINT('',#6307);
#6307 = CARTESIAN_POINT('',(0.16,-4.92,-3.));
#6308 = LINE('',#6309,#6310);
#6309 = CARTESIAN_POINT('',(0.266666666667,-4.813333333333,
    -2.893333333333));
#6310 = VECTOR('',#6311,1.);
#6311 = DIRECTION('',(0.57735026919,0.57735026919,0.57735026919));
#6312 = ORIENTED_EDGE('',*,*,#3500,.T.);
#6313 = ORIENTED_EDGE('',*,*,#6314,.T.);
#6314 = EDGE_CURVE('',#3501,#6315,#6317,.T.);
#6315 = VERTEX_POINT('',#6316);
#6316 = CARTESIAN_POINT('',(-0.16,-4.92,-3.));
#6317 = LINE('',#6318,#6319);
#6318 = CARTESIAN_POINT('',(-0.16,-4.92,-3.));
#6319 = VECTOR('',#6320,1.);
#6320 = DIRECTION('',(0.57735026919,-0.57735026919,-0.57735026919));
#6321 = ORIENTED_EDGE('',*,*,#6322,.F.);
#6322 = EDGE_CURVE('',#6306,#6315,#6323,.T.);
#6323 = LINE('',#6324,#6325);
#6324 = CARTESIAN_POINT('',(0.32,-4.92,-3.));
#6325 = VECTOR('',#6326,1.);
#6326 = DIRECTION('',(-1.,0.,0.));
#6327 = PLANE('',#6328);
#6328 = AXIS2_PLACEMENT_3D('',#6329,#6330,#6331);
#6329 = CARTESIAN_POINT('',(0.32,-4.84,-2.92));
#6330 = DIRECTION('',(-1.735167508357E-18,0.707106781187,-0.707106781187
    ));
#6331 = DIRECTION('',(1.,1.226948711654E-18,-1.226948711654E-18));
#6332 = ADVANCED_FACE('',(#6333),#6344,.T.);
#6333 = FACE_BOUND('',#6334,.T.);
#6334 = EDGE_LOOP('',(#6335,#6336,#6337,#6338));
#6335 = ORIENTED_EDGE('',*,*,#3492,.F.);
#6336 = ORIENTED_EDGE('',*,*,#3532,.T.);
#6337 = ORIENTED_EDGE('',*,*,#3565,.T.);
#6338 = ORIENTED_EDGE('',*,*,#6339,.F.);
#6339 = EDGE_CURVE('',#3493,#3566,#6340,.T.);
#6340 = LINE('',#6341,#6342);
#6341 = CARTESIAN_POINT('',(0.32,-4.76,-2.84));
#6342 = VECTOR('',#6343,1.);
#6343 = DIRECTION('',(0.,-1.,0.));
#6344 = PLANE('',#6345);
#6345 = AXIS2_PLACEMENT_3D('',#6346,#6347,#6348);
#6346 = CARTESIAN_POINT('',(0.32,-4.76,3.49));
#6347 = DIRECTION('',(1.,0.,0.));
#6348 = DIRECTION('',(0.,0.,-1.));
#6349 = ADVANCED_FACE('',(#6350),#6375,.F.);
#6350 = FACE_BOUND('',#6351,.F.);
#6351 = EDGE_LOOP('',(#6352,#6360,#6368,#6374));
#6352 = ORIENTED_EDGE('',*,*,#6353,.F.);
#6353 = EDGE_CURVE('',#6354,#3566,#6356,.T.);
#6354 = VERTEX_POINT('',#6355);
#6355 = CARTESIAN_POINT('',(0.16,-5.24,-3.));
#6356 = LINE('',#6357,#6358);
#6357 = CARTESIAN_POINT('',(0.16,-5.24,-3.));
#6358 = VECTOR('',#6359,1.);
#6359 = DIRECTION('',(0.57735026919,-0.57735026919,0.57735026919));
#6360 = ORIENTED_EDGE('',*,*,#6361,.T.);
#6361 = EDGE_CURVE('',#6354,#6362,#6364,.T.);
#6362 = VERTEX_POINT('',#6363);
#6363 = CARTESIAN_POINT('',(-0.16,-5.24,-3.));
#6364 = LINE('',#6365,#6366);
#6365 = CARTESIAN_POINT('',(0.32,-5.24,-3.));
#6366 = VECTOR('',#6367,1.);
#6367 = DIRECTION('',(-1.,0.,0.));
#6368 = ORIENTED_EDGE('',*,*,#6369,.T.);
#6369 = EDGE_CURVE('',#6362,#3574,#6370,.T.);
#6370 = LINE('',#6371,#6372);
#6371 = CARTESIAN_POINT('',(-5.333333333333E-02,-5.133333333333,
    -3.106666666667));
#6372 = VECTOR('',#6373,1.);
#6373 = DIRECTION('',(-0.57735026919,-0.57735026919,0.57735026919));
#6374 = ORIENTED_EDGE('',*,*,#3573,.F.);
#6375 = PLANE('',#6376);
#6376 = AXIS2_PLACEMENT_3D('',#6377,#6378,#6379);
#6377 = CARTESIAN_POINT('',(0.32,-5.32,-2.92));
#6378 = DIRECTION('',(1.735167508357E-18,0.707106781187,0.707106781187)
  );
#6379 = DIRECTION('',(-1.,1.226948711654E-18,1.226948711654E-18));
#6380 = ADVANCED_FACE('',(#6381),#6392,.T.);
#6381 = FACE_BOUND('',#6382,.T.);
#6382 = EDGE_LOOP('',(#6383,#6384,#6385,#6386));
#6383 = ORIENTED_EDGE('',*,*,#3728,.F.);
#6384 = ORIENTED_EDGE('',*,*,#3629,.T.);
#6385 = ORIENTED_EDGE('',*,*,#3662,.T.);
#6386 = ORIENTED_EDGE('',*,*,#6387,.F.);
#6387 = EDGE_CURVE('',#3729,#3663,#6388,.T.);
#6388 = LINE('',#6389,#6390);
#6389 = CARTESIAN_POINT('',(0.32,-12.38,-2.84));
#6390 = VECTOR('',#6391,1.);
#6391 = DIRECTION('',(0.,-1.,0.));
#6392 = PLANE('',#6393);
#6393 = AXIS2_PLACEMENT_3D('',#6394,#6395,#6396);
#6394 = CARTESIAN_POINT('',(0.32,-12.38,3.49));
#6395 = DIRECTION('',(1.,0.,0.));
#6396 = DIRECTION('',(0.,0.,-1.));
#6397 = ADVANCED_FACE('',(#6398),#6409,.T.);
#6398 = FACE_BOUND('',#6399,.T.);
#6399 = EDGE_LOOP('',(#6400,#6406,#6407,#6408));
#6400 = ORIENTED_EDGE('',*,*,#6401,.T.);
#6401 = EDGE_CURVE('',#3717,#3644,#6402,.T.);
#6402 = LINE('',#6403,#6404);
#6403 = CARTESIAN_POINT('',(-0.32,-12.38,3.49));
#6404 = VECTOR('',#6405,1.);
#6405 = DIRECTION('',(0.,-1.,0.));
#6406 = ORIENTED_EDGE('',*,*,#3643,.T.);
#6407 = ORIENTED_EDGE('',*,*,#3700,.F.);
#6408 = ORIENTED_EDGE('',*,*,#3716,.F.);
#6409 = CYLINDRICAL_SURFACE('',#6410,0.64);
#6410 = AXIS2_PLACEMENT_3D('',#6411,#6412,#6413);
#6411 = CARTESIAN_POINT('',(0.32,-12.38,3.49));
#6412 = DIRECTION('',(0.,-1.,0.));
#6413 = DIRECTION('',(-1.,0.,0.));
#6414 = ADVANCED_FACE('',(#6415),#6426,.T.);
#6415 = FACE_BOUND('',#6416,.T.);
#6416 = EDGE_LOOP('',(#6417,#6418,#6424,#6425));
#6417 = ORIENTED_EDGE('',*,*,#3744,.F.);
#6418 = ORIENTED_EDGE('',*,*,#6419,.T.);
#6419 = EDGE_CURVE('',#3737,#3671,#6420,.T.);
#6420 = LINE('',#6421,#6422);
#6421 = CARTESIAN_POINT('',(-0.32,-12.38,-2.84));
#6422 = VECTOR('',#6423,1.);
#6423 = DIRECTION('',(0.,-1.,0.));
#6424 = ORIENTED_EDGE('',*,*,#3678,.T.);
#6425 = ORIENTED_EDGE('',*,*,#6401,.F.);
#6426 = PLANE('',#6427);
#6427 = AXIS2_PLACEMENT_3D('',#6428,#6429,#6430);
#6428 = CARTESIAN_POINT('',(-0.32,-12.38,-3.));
#6429 = DIRECTION('',(-1.,0.,0.));
#6430 = DIRECTION('',(0.,0.,1.));
#6431 = ADVANCED_FACE('',(#6432),#6457,.F.);
#6432 = FACE_BOUND('',#6433,.F.);
#6433 = EDGE_LOOP('',(#6434,#6442,#6450,#6456));
#6434 = ORIENTED_EDGE('',*,*,#6435,.F.);
#6435 = EDGE_CURVE('',#6436,#3663,#6438,.T.);
#6436 = VERTEX_POINT('',#6437);
#6437 = CARTESIAN_POINT('',(0.16,-12.86,-3.));
#6438 = LINE('',#6439,#6440);
#6439 = CARTESIAN_POINT('',(0.16,-12.86,-3.));
#6440 = VECTOR('',#6441,1.);
#6441 = DIRECTION('',(0.57735026919,-0.57735026919,0.57735026919));
#6442 = ORIENTED_EDGE('',*,*,#6443,.T.);
#6443 = EDGE_CURVE('',#6436,#6444,#6446,.T.);
#6444 = VERTEX_POINT('',#6445);
#6445 = CARTESIAN_POINT('',(-0.16,-12.86,-3.));
#6446 = LINE('',#6447,#6448);
#6447 = CARTESIAN_POINT('',(0.32,-12.86,-3.));
#6448 = VECTOR('',#6449,1.);
#6449 = DIRECTION('',(-1.,0.,0.));
#6450 = ORIENTED_EDGE('',*,*,#6451,.T.);
#6451 = EDGE_CURVE('',#6444,#3671,#6452,.T.);
#6452 = LINE('',#6453,#6454);
#6453 = CARTESIAN_POINT('',(-5.333333333333E-02,-12.75333333333,
    -3.106666666667));
#6454 = VECTOR('',#6455,1.);
#6455 = DIRECTION('',(-0.57735026919,-0.57735026919,0.57735026919));
#6456 = ORIENTED_EDGE('',*,*,#3670,.F.);
#6457 = PLANE('',#6458);
#6458 = AXIS2_PLACEMENT_3D('',#6459,#6460,#6461);
#6459 = CARTESIAN_POINT('',(0.32,-12.94,-2.92));
#6460 = DIRECTION('',(1.735167508357E-18,0.707106781187,0.707106781187)
  );
#6461 = DIRECTION('',(-1.,1.226948711654E-18,1.226948711654E-18));
#6462 = ADVANCED_FACE('',(#6463),#6488,.T.);
#6463 = FACE_BOUND('',#6464,.F.);
#6464 = EDGE_LOOP('',(#6465,#6473,#6474,#6482));
#6465 = ORIENTED_EDGE('',*,*,#6466,.T.);
#6466 = EDGE_CURVE('',#6467,#3729,#6469,.T.);
#6467 = VERTEX_POINT('',#6468);
#6468 = CARTESIAN_POINT('',(0.16,-12.54,-3.));
#6469 = LINE('',#6470,#6471);
#6470 = CARTESIAN_POINT('',(0.266666666667,-12.43333333333,
    -2.893333333333));
#6471 = VECTOR('',#6472,1.);
#6472 = DIRECTION('',(0.57735026919,0.57735026919,0.57735026919));
#6473 = ORIENTED_EDGE('',*,*,#3736,.T.);
#6474 = ORIENTED_EDGE('',*,*,#6475,.T.);
#6475 = EDGE_CURVE('',#3737,#6476,#6478,.T.);
#6476 = VERTEX_POINT('',#6477);
#6477 = CARTESIAN_POINT('',(-0.16,-12.54,-3.));
#6478 = LINE('',#6479,#6480);
#6479 = CARTESIAN_POINT('',(-0.16,-12.54,-3.));
#6480 = VECTOR('',#6481,1.);
#6481 = DIRECTION('',(0.57735026919,-0.57735026919,-0.57735026919));
#6482 = ORIENTED_EDGE('',*,*,#6483,.F.);
#6483 = EDGE_CURVE('',#6467,#6476,#6484,.T.);
#6484 = LINE('',#6485,#6486);
#6485 = CARTESIAN_POINT('',(0.32,-12.54,-3.));
#6486 = VECTOR('',#6487,1.);
#6487 = DIRECTION('',(-1.,0.,0.));
#6488 = PLANE('',#6489);
#6489 = AXIS2_PLACEMENT_3D('',#6490,#6491,#6492);
#6490 = CARTESIAN_POINT('',(0.32,-12.46,-2.92));
#6491 = DIRECTION('',(-1.735167508357E-18,0.707106781187,-0.707106781187
    ));
#6492 = DIRECTION('',(1.,1.226948711654E-18,-1.226948711654E-18));
#6493 = ADVANCED_FACE('',(#6494),#6505,.T.);
#6494 = FACE_BOUND('',#6495,.T.);
#6495 = EDGE_LOOP('',(#6496,#6502,#6503,#6504));
#6496 = ORIENTED_EDGE('',*,*,#6497,.T.);
#6497 = EDGE_CURVE('',#3790,#3863,#6498,.T.);
#6498 = LINE('',#6499,#6500);
#6499 = CARTESIAN_POINT('',(2.22,-9.84,0.95));
#6500 = VECTOR('',#6501,1.);
#6501 = DIRECTION('',(0.,-1.,0.));
#6502 = ORIENTED_EDGE('',*,*,#3862,.T.);
#6503 = ORIENTED_EDGE('',*,*,#3766,.F.);
#6504 = ORIENTED_EDGE('',*,*,#3789,.F.);
#6505 = CYLINDRICAL_SURFACE('',#6506,0.64);
#6506 = AXIS2_PLACEMENT_3D('',#6507,#6508,#6509);
#6507 = CARTESIAN_POINT('',(2.86,-9.84,0.95));
#6508 = DIRECTION('',(0.,-1.,0.));
#6509 = DIRECTION('',(-1.,0.,0.));
#6510 = ADVANCED_FACE('',(#6511),#6522,.T.);
#6511 = FACE_BOUND('',#6512,.T.);
#6512 = EDGE_LOOP('',(#6513,#6514,#6520,#6521));
#6513 = ORIENTED_EDGE('',*,*,#3824,.F.);
#6514 = ORIENTED_EDGE('',*,*,#6515,.T.);
#6515 = EDGE_CURVE('',#3817,#3883,#6516,.T.);
#6516 = LINE('',#6517,#6518);
#6517 = CARTESIAN_POINT('',(2.22,-9.84,-2.84));
#6518 = VECTOR('',#6519,1.);
#6519 = DIRECTION('',(0.,-1.,0.));
#6520 = ORIENTED_EDGE('',*,*,#3890,.T.);
#6521 = ORIENTED_EDGE('',*,*,#6497,.F.);
#6522 = PLANE('',#6523);
#6523 = AXIS2_PLACEMENT_3D('',#6524,#6525,#6526);
#6524 = CARTESIAN_POINT('',(2.22,-9.84,-3.));
#6525 = DIRECTION('',(-1.,0.,0.));
#6526 = DIRECTION('',(0.,0.,1.));
#6527 = ADVANCED_FACE('',(#6528),#6553,.T.);
#6528 = FACE_BOUND('',#6529,.F.);
#6529 = EDGE_LOOP('',(#6530,#6538,#6539,#6547));
#6530 = ORIENTED_EDGE('',*,*,#6531,.T.);
#6531 = EDGE_CURVE('',#6532,#3809,#6534,.T.);
#6532 = VERTEX_POINT('',#6533);
#6533 = CARTESIAN_POINT('',(2.7,-10.,-3.));
#6534 = LINE('',#6535,#6536);
#6535 = CARTESIAN_POINT('',(2.806666666667,-9.893333333333,
    -2.893333333333));
#6536 = VECTOR('',#6537,1.);
#6537 = DIRECTION('',(0.57735026919,0.57735026919,0.57735026919));
#6538 = ORIENTED_EDGE('',*,*,#3816,.T.);
#6539 = ORIENTED_EDGE('',*,*,#6540,.T.);
#6540 = EDGE_CURVE('',#3817,#6541,#6543,.T.);
#6541 = VERTEX_POINT('',#6542);
#6542 = CARTESIAN_POINT('',(2.38,-10.,-3.));
#6543 = LINE('',#6544,#6545);
#6544 = CARTESIAN_POINT('',(2.38,-10.,-3.));
#6545 = VECTOR('',#6546,1.);
#6546 = DIRECTION('',(0.57735026919,-0.57735026919,-0.57735026919));
#6547 = ORIENTED_EDGE('',*,*,#6548,.F.);
#6548 = EDGE_CURVE('',#6532,#6541,#6549,.T.);
#6549 = LINE('',#6550,#6551);
#6550 = CARTESIAN_POINT('',(2.86,-10.,-3.));
#6551 = VECTOR('',#6552,1.);
#6552 = DIRECTION('',(-1.,0.,0.));
#6553 = PLANE('',#6554);
#6554 = AXIS2_PLACEMENT_3D('',#6555,#6556,#6557);
#6555 = CARTESIAN_POINT('',(2.86,-9.92,-2.92));
#6556 = DIRECTION('',(-1.735167508357E-18,0.707106781187,-0.707106781187
    ));
#6557 = DIRECTION('',(1.,1.226948711654E-18,-1.226948711654E-18));
#6558 = ADVANCED_FACE('',(#6559),#6570,.T.);
#6559 = FACE_BOUND('',#6560,.T.);
#6560 = EDGE_LOOP('',(#6561,#6562,#6563,#6564));
#6561 = ORIENTED_EDGE('',*,*,#3808,.F.);
#6562 = ORIENTED_EDGE('',*,*,#3848,.T.);
#6563 = ORIENTED_EDGE('',*,*,#3874,.T.);
#6564 = ORIENTED_EDGE('',*,*,#6565,.F.);
#6565 = EDGE_CURVE('',#3809,#3875,#6566,.T.);
#6566 = LINE('',#6567,#6568);
#6567 = CARTESIAN_POINT('',(2.86,-9.84,-2.84));
#6568 = VECTOR('',#6569,1.);
#6569 = DIRECTION('',(0.,-1.,0.));
#6570 = PLANE('',#6571);
#6571 = AXIS2_PLACEMENT_3D('',#6572,#6573,#6574);
#6572 = CARTESIAN_POINT('',(2.86,-9.84,0.95));
#6573 = DIRECTION('',(1.,0.,0.));
#6574 = DIRECTION('',(0.,0.,-1.));
#6575 = ADVANCED_FACE('',(#6576),#6601,.F.);
#6576 = FACE_BOUND('',#6577,.F.);
#6577 = EDGE_LOOP('',(#6578,#6586,#6594,#6600));
#6578 = ORIENTED_EDGE('',*,*,#6579,.F.);
#6579 = EDGE_CURVE('',#6580,#3875,#6582,.T.);
#6580 = VERTEX_POINT('',#6581);
#6581 = CARTESIAN_POINT('',(2.7,-10.32,-3.));
#6582 = LINE('',#6583,#6584);
#6583 = CARTESIAN_POINT('',(2.7,-10.32,-3.));
#6584 = VECTOR('',#6585,1.);
#6585 = DIRECTION('',(0.57735026919,-0.57735026919,0.57735026919));
#6586 = ORIENTED_EDGE('',*,*,#6587,.T.);
#6587 = EDGE_CURVE('',#6580,#6588,#6590,.T.);
#6588 = VERTEX_POINT('',#6589);
#6589 = CARTESIAN_POINT('',(2.38,-10.32,-3.));
#6590 = LINE('',#6591,#6592);
#6591 = CARTESIAN_POINT('',(2.86,-10.32,-3.));
#6592 = VECTOR('',#6593,1.);
#6593 = DIRECTION('',(-1.,0.,0.));
#6594 = ORIENTED_EDGE('',*,*,#6595,.T.);
#6595 = EDGE_CURVE('',#6588,#3883,#6596,.T.);
#6596 = LINE('',#6597,#6598);
#6597 = CARTESIAN_POINT('',(2.486666666667,-10.21333333333,
    -3.106666666667));
#6598 = VECTOR('',#6599,1.);
#6599 = DIRECTION('',(-0.57735026919,-0.57735026919,0.57735026919));
#6600 = ORIENTED_EDGE('',*,*,#3882,.F.);
#6601 = PLANE('',#6602);
#6602 = AXIS2_PLACEMENT_3D('',#6603,#6604,#6605);
#6603 = CARTESIAN_POINT('',(2.86,-10.4,-2.92));
#6604 = DIRECTION('',(1.735167508357E-18,0.707106781187,0.707106781187)
  );
#6605 = DIRECTION('',(-1.,1.226948711654E-18,1.226948711654E-18));
#6606 = ADVANCED_FACE('',(#6607),#6618,.T.);
#6607 = FACE_BOUND('',#6608,.T.);
#6608 = EDGE_LOOP('',(#6609,#6615,#6616,#6617));
#6609 = ORIENTED_EDGE('',*,*,#6610,.T.);
#6610 = EDGE_CURVE('',#3936,#4009,#6611,.T.);
#6611 = LINE('',#6612,#6613);
#6612 = CARTESIAN_POINT('',(2.22,-7.3,0.95));
#6613 = VECTOR('',#6614,1.);
#6614 = DIRECTION('',(0.,-1.,0.));
#6615 = ORIENTED_EDGE('',*,*,#4008,.T.);
#6616 = ORIENTED_EDGE('',*,*,#3912,.F.);
#6617 = ORIENTED_EDGE('',*,*,#3935,.F.);
#6618 = CYLINDRICAL_SURFACE('',#6619,0.64);
#6619 = AXIS2_PLACEMENT_3D('',#6620,#6621,#6622);
#6620 = CARTESIAN_POINT('',(2.86,-7.3,0.95));
#6621 = DIRECTION('',(0.,-1.,0.));
#6622 = DIRECTION('',(-1.,0.,0.));
#6623 = ADVANCED_FACE('',(#6624),#6635,.T.);
#6624 = FACE_BOUND('',#6625,.T.);
#6625 = EDGE_LOOP('',(#6626,#6627,#6633,#6634));
#6626 = ORIENTED_EDGE('',*,*,#3970,.F.);
#6627 = ORIENTED_EDGE('',*,*,#6628,.T.);
#6628 = EDGE_CURVE('',#3963,#4029,#6629,.T.);
#6629 = LINE('',#6630,#6631);
#6630 = CARTESIAN_POINT('',(2.22,-7.3,-2.84));
#6631 = VECTOR('',#6632,1.);
#6632 = DIRECTION('',(0.,-1.,0.));
#6633 = ORIENTED_EDGE('',*,*,#4036,.T.);
#6634 = ORIENTED_EDGE('',*,*,#6610,.F.);
#6635 = PLANE('',#6636);
#6636 = AXIS2_PLACEMENT_3D('',#6637,#6638,#6639);
#6637 = CARTESIAN_POINT('',(2.22,-7.3,-3.));
#6638 = DIRECTION('',(-1.,0.,0.));
#6639 = DIRECTION('',(0.,0.,1.));
#6640 = ADVANCED_FACE('',(#6641),#6666,.T.);
#6641 = FACE_BOUND('',#6642,.F.);
#6642 = EDGE_LOOP('',(#6643,#6651,#6652,#6660));
#6643 = ORIENTED_EDGE('',*,*,#6644,.T.);
#6644 = EDGE_CURVE('',#6645,#3955,#6647,.T.);
#6645 = VERTEX_POINT('',#6646);
#6646 = CARTESIAN_POINT('',(2.7,-7.46,-3.));
#6647 = LINE('',#6648,#6649);
#6648 = CARTESIAN_POINT('',(2.806666666667,-7.353333333333,
    -2.893333333333));
#6649 = VECTOR('',#6650,1.);
#6650 = DIRECTION('',(0.57735026919,0.57735026919,0.57735026919));
#6651 = ORIENTED_EDGE('',*,*,#3962,.T.);
#6652 = ORIENTED_EDGE('',*,*,#6653,.T.);
#6653 = EDGE_CURVE('',#3963,#6654,#6656,.T.);
#6654 = VERTEX_POINT('',#6655);
#6655 = CARTESIAN_POINT('',(2.38,-7.46,-3.));
#6656 = LINE('',#6657,#6658);
#6657 = CARTESIAN_POINT('',(2.38,-7.46,-3.));
#6658 = VECTOR('',#6659,1.);
#6659 = DIRECTION('',(0.57735026919,-0.57735026919,-0.57735026919));
#6660 = ORIENTED_EDGE('',*,*,#6661,.F.);
#6661 = EDGE_CURVE('',#6645,#6654,#6662,.T.);
#6662 = LINE('',#6663,#6664);
#6663 = CARTESIAN_POINT('',(2.86,-7.46,-3.));
#6664 = VECTOR('',#6665,1.);
#6665 = DIRECTION('',(-1.,0.,0.));
#6666 = PLANE('',#6667);
#6667 = AXIS2_PLACEMENT_3D('',#6668,#6669,#6670);
#6668 = CARTESIAN_POINT('',(2.86,-7.38,-2.92));
#6669 = DIRECTION('',(-1.735167508357E-18,0.707106781187,-0.707106781187
    ));
#6670 = DIRECTION('',(1.,1.226948711654E-18,-1.226948711654E-18));
#6671 = ADVANCED_FACE('',(#6672),#6683,.T.);
#6672 = FACE_BOUND('',#6673,.T.);
#6673 = EDGE_LOOP('',(#6674,#6675,#6676,#6677));
#6674 = ORIENTED_EDGE('',*,*,#3954,.F.);
#6675 = ORIENTED_EDGE('',*,*,#3994,.T.);
#6676 = ORIENTED_EDGE('',*,*,#4020,.T.);
#6677 = ORIENTED_EDGE('',*,*,#6678,.F.);
#6678 = EDGE_CURVE('',#3955,#4021,#6679,.T.);
#6679 = LINE('',#6680,#6681);
#6680 = CARTESIAN_POINT('',(2.86,-7.3,-2.84));
#6681 = VECTOR('',#6682,1.);
#6682 = DIRECTION('',(0.,-1.,0.));
#6683 = PLANE('',#6684);
#6684 = AXIS2_PLACEMENT_3D('',#6685,#6686,#6687);
#6685 = CARTESIAN_POINT('',(2.86,-7.3,0.95));
#6686 = DIRECTION('',(1.,0.,0.));
#6687 = DIRECTION('',(0.,0.,-1.));
#6688 = ADVANCED_FACE('',(#6689),#6714,.F.);
#6689 = FACE_BOUND('',#6690,.F.);
#6690 = EDGE_LOOP('',(#6691,#6699,#6707,#6713));
#6691 = ORIENTED_EDGE('',*,*,#6692,.F.);
#6692 = EDGE_CURVE('',#6693,#4021,#6695,.T.);
#6693 = VERTEX_POINT('',#6694);
#6694 = CARTESIAN_POINT('',(2.7,-7.78,-3.));
#6695 = LINE('',#6696,#6697);
#6696 = CARTESIAN_POINT('',(2.7,-7.78,-3.));
#6697 = VECTOR('',#6698,1.);
#6698 = DIRECTION('',(0.57735026919,-0.57735026919,0.57735026919));
#6699 = ORIENTED_EDGE('',*,*,#6700,.T.);
#6700 = EDGE_CURVE('',#6693,#6701,#6703,.T.);
#6701 = VERTEX_POINT('',#6702);
#6702 = CARTESIAN_POINT('',(2.38,-7.78,-3.));
#6703 = LINE('',#6704,#6705);
#6704 = CARTESIAN_POINT('',(2.86,-7.78,-3.));
#6705 = VECTOR('',#6706,1.);
#6706 = DIRECTION('',(-1.,0.,0.));
#6707 = ORIENTED_EDGE('',*,*,#6708,.T.);
#6708 = EDGE_CURVE('',#6701,#4029,#6709,.T.);
#6709 = LINE('',#6710,#6711);
#6710 = CARTESIAN_POINT('',(2.486666666667,-7.673333333333,
    -3.106666666667));
#6711 = VECTOR('',#6712,1.);
#6712 = DIRECTION('',(-0.57735026919,-0.57735026919,0.57735026919));
#6713 = ORIENTED_EDGE('',*,*,#4028,.F.);
#6714 = PLANE('',#6715);
#6715 = AXIS2_PLACEMENT_3D('',#6716,#6717,#6718);
#6716 = CARTESIAN_POINT('',(2.86,-7.86,-2.92));
#6717 = DIRECTION('',(1.735167508357E-18,0.707106781187,0.707106781187)
  );
#6718 = DIRECTION('',(-1.,1.226948711654E-18,1.226948711654E-18));
#6719 = ADVANCED_FACE('',(#6720),#6731,.T.);
#6720 = FACE_BOUND('',#6721,.T.);
#6721 = EDGE_LOOP('',(#6722,#6728,#6729,#6730));
#6722 = ORIENTED_EDGE('',*,*,#6723,.T.);
#6723 = EDGE_CURVE('',#4082,#4155,#6724,.T.);
#6724 = LINE('',#6725,#6726);
#6725 = CARTESIAN_POINT('',(2.22,-2.22,0.95));
#6726 = VECTOR('',#6727,1.);
#6727 = DIRECTION('',(0.,-1.,0.));
#6728 = ORIENTED_EDGE('',*,*,#4154,.T.);
#6729 = ORIENTED_EDGE('',*,*,#4058,.F.);
#6730 = ORIENTED_EDGE('',*,*,#4081,.F.);
#6731 = CYLINDRICAL_SURFACE('',#6732,0.64);
#6732 = AXIS2_PLACEMENT_3D('',#6733,#6734,#6735);
#6733 = CARTESIAN_POINT('',(2.86,-2.22,0.95));
#6734 = DIRECTION('',(0.,-1.,0.));
#6735 = DIRECTION('',(-1.,0.,0.));
#6736 = ADVANCED_FACE('',(#6737),#6748,.T.);
#6737 = FACE_BOUND('',#6738,.T.);
#6738 = EDGE_LOOP('',(#6739,#6740,#6746,#6747));
#6739 = ORIENTED_EDGE('',*,*,#4116,.F.);
#6740 = ORIENTED_EDGE('',*,*,#6741,.T.);
#6741 = EDGE_CURVE('',#4109,#4175,#6742,.T.);
#6742 = LINE('',#6743,#6744);
#6743 = CARTESIAN_POINT('',(2.22,-2.22,-2.84));
#6744 = VECTOR('',#6745,1.);
#6745 = DIRECTION('',(0.,-1.,0.));
#6746 = ORIENTED_EDGE('',*,*,#4182,.T.);
#6747 = ORIENTED_EDGE('',*,*,#6723,.F.);
#6748 = PLANE('',#6749);
#6749 = AXIS2_PLACEMENT_3D('',#6750,#6751,#6752);
#6750 = CARTESIAN_POINT('',(2.22,-2.22,-3.));
#6751 = DIRECTION('',(-1.,0.,0.));
#6752 = DIRECTION('',(0.,0.,1.));
#6753 = ADVANCED_FACE('',(#6754),#6779,.T.);
#6754 = FACE_BOUND('',#6755,.F.);
#6755 = EDGE_LOOP('',(#6756,#6764,#6765,#6773));
#6756 = ORIENTED_EDGE('',*,*,#6757,.T.);
#6757 = EDGE_CURVE('',#6758,#4101,#6760,.T.);
#6758 = VERTEX_POINT('',#6759);
#6759 = CARTESIAN_POINT('',(2.7,-2.38,-3.));
#6760 = LINE('',#6761,#6762);
#6761 = CARTESIAN_POINT('',(2.806666666667,-2.273333333333,
    -2.893333333333));
#6762 = VECTOR('',#6763,1.);
#6763 = DIRECTION('',(0.57735026919,0.57735026919,0.57735026919));
#6764 = ORIENTED_EDGE('',*,*,#4108,.T.);
#6765 = ORIENTED_EDGE('',*,*,#6766,.T.);
#6766 = EDGE_CURVE('',#4109,#6767,#6769,.T.);
#6767 = VERTEX_POINT('',#6768);
#6768 = CARTESIAN_POINT('',(2.38,-2.38,-3.));
#6769 = LINE('',#6770,#6771);
#6770 = CARTESIAN_POINT('',(2.38,-2.38,-3.));
#6771 = VECTOR('',#6772,1.);
#6772 = DIRECTION('',(0.57735026919,-0.57735026919,-0.57735026919));
#6773 = ORIENTED_EDGE('',*,*,#6774,.F.);
#6774 = EDGE_CURVE('',#6758,#6767,#6775,.T.);
#6775 = LINE('',#6776,#6777);
#6776 = CARTESIAN_POINT('',(2.86,-2.38,-3.));
#6777 = VECTOR('',#6778,1.);
#6778 = DIRECTION('',(-1.,0.,0.));
#6779 = PLANE('',#6780);
#6780 = AXIS2_PLACEMENT_3D('',#6781,#6782,#6783);
#6781 = CARTESIAN_POINT('',(2.86,-2.3,-2.92));
#6782 = DIRECTION('',(-1.735167508357E-18,0.707106781187,-0.707106781187
    ));
#6783 = DIRECTION('',(1.,1.226948711654E-18,-1.226948711654E-18));
#6784 = ADVANCED_FACE('',(#6785),#6796,.T.);
#6785 = FACE_BOUND('',#6786,.T.);
#6786 = EDGE_LOOP('',(#6787,#6788,#6789,#6790));
#6787 = ORIENTED_EDGE('',*,*,#4100,.F.);
#6788 = ORIENTED_EDGE('',*,*,#4140,.T.);
#6789 = ORIENTED_EDGE('',*,*,#4166,.T.);
#6790 = ORIENTED_EDGE('',*,*,#6791,.F.);
#6791 = EDGE_CURVE('',#4101,#4167,#6792,.T.);
#6792 = LINE('',#6793,#6794);
#6793 = CARTESIAN_POINT('',(2.86,-2.22,-2.84));
#6794 = VECTOR('',#6795,1.);
#6795 = DIRECTION('',(0.,-1.,0.));
#6796 = PLANE('',#6797);
#6797 = AXIS2_PLACEMENT_3D('',#6798,#6799,#6800);
#6798 = CARTESIAN_POINT('',(2.86,-2.22,0.95));
#6799 = DIRECTION('',(1.,0.,0.));
#6800 = DIRECTION('',(0.,0.,-1.));
#6801 = ADVANCED_FACE('',(#6802),#6827,.F.);
#6802 = FACE_BOUND('',#6803,.F.);
#6803 = EDGE_LOOP('',(#6804,#6812,#6820,#6826));
#6804 = ORIENTED_EDGE('',*,*,#6805,.F.);
#6805 = EDGE_CURVE('',#6806,#4167,#6808,.T.);
#6806 = VERTEX_POINT('',#6807);
#6807 = CARTESIAN_POINT('',(2.7,-2.7,-3.));
#6808 = LINE('',#6809,#6810);
#6809 = CARTESIAN_POINT('',(2.7,-2.7,-3.));
#6810 = VECTOR('',#6811,1.);
#6811 = DIRECTION('',(0.57735026919,-0.57735026919,0.57735026919));
#6812 = ORIENTED_EDGE('',*,*,#6813,.T.);
#6813 = EDGE_CURVE('',#6806,#6814,#6816,.T.);
#6814 = VERTEX_POINT('',#6815);
#6815 = CARTESIAN_POINT('',(2.38,-2.7,-3.));
#6816 = LINE('',#6817,#6818);
#6817 = CARTESIAN_POINT('',(2.86,-2.7,-3.));
#6818 = VECTOR('',#6819,1.);
#6819 = DIRECTION('',(-1.,0.,0.));
#6820 = ORIENTED_EDGE('',*,*,#6821,.T.);
#6821 = EDGE_CURVE('',#6814,#4175,#6822,.T.);
#6822 = LINE('',#6823,#6824);
#6823 = CARTESIAN_POINT('',(2.486666666667,-2.593333333333,
    -3.106666666667));
#6824 = VECTOR('',#6825,1.);
#6825 = DIRECTION('',(-0.57735026919,-0.57735026919,0.57735026919));
#6826 = ORIENTED_EDGE('',*,*,#4174,.F.);
#6827 = PLANE('',#6828);
#6828 = AXIS2_PLACEMENT_3D('',#6829,#6830,#6831);
#6829 = CARTESIAN_POINT('',(2.86,-2.78,-2.92));
#6830 = DIRECTION('',(1.735167508357E-18,0.707106781187,0.707106781187)
  );
#6831 = DIRECTION('',(-1.,1.226948711654E-18,1.226948711654E-18));
#6832 = ADVANCED_FACE('',(#6833),#6844,.T.);
#6833 = FACE_BOUND('',#6834,.T.);
#6834 = EDGE_LOOP('',(#6835,#6841,#6842,#6843));
#6835 = ORIENTED_EDGE('',*,*,#6836,.T.);
#6836 = EDGE_CURVE('',#4197,#4277,#6837,.T.);
#6837 = LINE('',#6838,#6839);
#6838 = CARTESIAN_POINT('',(2.22,-4.76,0.95));
#6839 = VECTOR('',#6840,1.);
#6840 = DIRECTION('',(0.,-1.,0.));
#6841 = ORIENTED_EDGE('',*,*,#4276,.T.);
#6842 = ORIENTED_EDGE('',*,*,#4326,.F.);
#6843 = ORIENTED_EDGE('',*,*,#4196,.F.);
#6844 = CYLINDRICAL_SURFACE('',#6845,0.64);
#6845 = AXIS2_PLACEMENT_3D('',#6846,#6847,#6848);
#6846 = CARTESIAN_POINT('',(2.86,-4.76,0.95));
#6847 = DIRECTION('',(0.,-1.,0.));
#6848 = DIRECTION('',(-1.,0.,0.));
#6849 = ADVANCED_FACE('',(#6850),#6861,.T.);
#6850 = FACE_BOUND('',#6851,.T.);
#6851 = EDGE_LOOP('',(#6852,#6853,#6859,#6860));
#6852 = ORIENTED_EDGE('',*,*,#4238,.F.);
#6853 = ORIENTED_EDGE('',*,*,#6854,.T.);
#6854 = EDGE_CURVE('',#4231,#4304,#6855,.T.);
#6855 = LINE('',#6856,#6857);
#6856 = CARTESIAN_POINT('',(2.22,-4.76,-2.84));
#6857 = VECTOR('',#6858,1.);
#6858 = DIRECTION('',(0.,-1.,0.));
#6859 = ORIENTED_EDGE('',*,*,#4311,.T.);
#6860 = ORIENTED_EDGE('',*,*,#6836,.F.);
#6861 = PLANE('',#6862);
#6862 = AXIS2_PLACEMENT_3D('',#6863,#6864,#6865);
#6863 = CARTESIAN_POINT('',(2.22,-4.76,-3.));
#6864 = DIRECTION('',(-1.,0.,0.));
#6865 = DIRECTION('',(0.,0.,1.));
#6866 = ADVANCED_FACE('',(#6867),#6892,.T.);
#6867 = FACE_BOUND('',#6868,.F.);
#6868 = EDGE_LOOP('',(#6869,#6877,#6878,#6886));
#6869 = ORIENTED_EDGE('',*,*,#6870,.T.);
#6870 = EDGE_CURVE('',#6871,#4223,#6873,.T.);
#6871 = VERTEX_POINT('',#6872);
#6872 = CARTESIAN_POINT('',(2.7,-4.92,-3.));
#6873 = LINE('',#6874,#6875);
#6874 = CARTESIAN_POINT('',(2.806666666667,-4.813333333333,
    -2.893333333333));
#6875 = VECTOR('',#6876,1.);
#6876 = DIRECTION('',(0.57735026919,0.57735026919,0.57735026919));
#6877 = ORIENTED_EDGE('',*,*,#4230,.T.);
#6878 = ORIENTED_EDGE('',*,*,#6879,.T.);
#6879 = EDGE_CURVE('',#4231,#6880,#6882,.T.);
#6880 = VERTEX_POINT('',#6881);
#6881 = CARTESIAN_POINT('',(2.38,-4.92,-3.));
#6882 = LINE('',#6883,#6884);
#6883 = CARTESIAN_POINT('',(2.38,-4.92,-3.));
#6884 = VECTOR('',#6885,1.);
#6885 = DIRECTION('',(0.57735026919,-0.57735026919,-0.57735026919));
#6886 = ORIENTED_EDGE('',*,*,#6887,.F.);
#6887 = EDGE_CURVE('',#6871,#6880,#6888,.T.);
#6888 = LINE('',#6889,#6890);
#6889 = CARTESIAN_POINT('',(2.86,-4.92,-3.));
#6890 = VECTOR('',#6891,1.);
#6891 = DIRECTION('',(-1.,0.,0.));
#6892 = PLANE('',#6893);
#6893 = AXIS2_PLACEMENT_3D('',#6894,#6895,#6896);
#6894 = CARTESIAN_POINT('',(2.86,-4.84,-2.92));
#6895 = DIRECTION('',(-1.735167508357E-18,0.707106781187,-0.707106781187
    ));
#6896 = DIRECTION('',(1.,1.226948711654E-18,-1.226948711654E-18));
#6897 = ADVANCED_FACE('',(#6898),#6909,.T.);
#6898 = FACE_BOUND('',#6899,.T.);
#6899 = EDGE_LOOP('',(#6900,#6901,#6902,#6903));
#6900 = ORIENTED_EDGE('',*,*,#4222,.F.);
#6901 = ORIENTED_EDGE('',*,*,#4262,.T.);
#6902 = ORIENTED_EDGE('',*,*,#4295,.T.);
#6903 = ORIENTED_EDGE('',*,*,#6904,.F.);
#6904 = EDGE_CURVE('',#4223,#4296,#6905,.T.);
#6905 = LINE('',#6906,#6907);
#6906 = CARTESIAN_POINT('',(2.86,-4.76,-2.84));
#6907 = VECTOR('',#6908,1.);
#6908 = DIRECTION('',(0.,-1.,0.));
#6909 = PLANE('',#6910);
#6910 = AXIS2_PLACEMENT_3D('',#6911,#6912,#6913);
#6911 = CARTESIAN_POINT('',(2.86,-4.76,0.95));
#6912 = DIRECTION('',(1.,0.,0.));
#6913 = DIRECTION('',(0.,0.,-1.));
#6914 = ADVANCED_FACE('',(#6915),#6940,.F.);
#6915 = FACE_BOUND('',#6916,.F.);
#6916 = EDGE_LOOP('',(#6917,#6925,#6933,#6939));
#6917 = ORIENTED_EDGE('',*,*,#6918,.F.);
#6918 = EDGE_CURVE('',#6919,#4296,#6921,.T.);
#6919 = VERTEX_POINT('',#6920);
#6920 = CARTESIAN_POINT('',(2.7,-5.24,-3.));
#6921 = LINE('',#6922,#6923);
#6922 = CARTESIAN_POINT('',(2.7,-5.24,-3.));
#6923 = VECTOR('',#6924,1.);
#6924 = DIRECTION('',(0.57735026919,-0.57735026919,0.57735026919));
#6925 = ORIENTED_EDGE('',*,*,#6926,.T.);
#6926 = EDGE_CURVE('',#6919,#6927,#6929,.T.);
#6927 = VERTEX_POINT('',#6928);
#6928 = CARTESIAN_POINT('',(2.38,-5.24,-3.));
#6929 = LINE('',#6930,#6931);
#6930 = CARTESIAN_POINT('',(2.86,-5.24,-3.));
#6931 = VECTOR('',#6932,1.);
#6932 = DIRECTION('',(-1.,0.,0.));
#6933 = ORIENTED_EDGE('',*,*,#6934,.T.);
#6934 = EDGE_CURVE('',#6927,#4304,#6935,.T.);
#6935 = LINE('',#6936,#6937);
#6936 = CARTESIAN_POINT('',(2.486666666667,-5.133333333333,
    -3.106666666667));
#6937 = VECTOR('',#6938,1.);
#6938 = DIRECTION('',(-0.57735026919,-0.57735026919,0.57735026919));
#6939 = ORIENTED_EDGE('',*,*,#4303,.F.);
#6940 = PLANE('',#6941);
#6941 = AXIS2_PLACEMENT_3D('',#6942,#6943,#6944);
#6942 = CARTESIAN_POINT('',(2.86,-5.32,-2.92));
#6943 = DIRECTION('',(1.735167508357E-18,0.707106781187,0.707106781187)
  );
#6944 = DIRECTION('',(-1.,1.226948711654E-18,1.226948711654E-18));
#6945 = ADVANCED_FACE('',(#6946),#6957,.T.);
#6946 = FACE_BOUND('',#6947,.T.);
#6947 = EDGE_LOOP('',(#6948,#6954,#6955,#6956));
#6948 = ORIENTED_EDGE('',*,*,#6949,.T.);
#6949 = EDGE_CURVE('',#4343,#4423,#6950,.T.);
#6950 = LINE('',#6951,#6952);
#6951 = CARTESIAN_POINT('',(2.22,-12.38,0.95));
#6952 = VECTOR('',#6953,1.);
#6953 = DIRECTION('',(0.,-1.,0.));
#6954 = ORIENTED_EDGE('',*,*,#4422,.T.);
#6955 = ORIENTED_EDGE('',*,*,#4472,.F.);
#6956 = ORIENTED_EDGE('',*,*,#4342,.F.);
#6957 = CYLINDRICAL_SURFACE('',#6958,0.64);
#6958 = AXIS2_PLACEMENT_3D('',#6959,#6960,#6961);
#6959 = CARTESIAN_POINT('',(2.86,-12.38,0.95));
#6960 = DIRECTION('',(0.,-1.,0.));
#6961 = DIRECTION('',(-1.,0.,0.));
#6962 = ADVANCED_FACE('',(#6963),#6974,.T.);
#6963 = FACE_BOUND('',#6964,.T.);
#6964 = EDGE_LOOP('',(#6965,#6966,#6972,#6973));
#6965 = ORIENTED_EDGE('',*,*,#4384,.F.);
#6966 = ORIENTED_EDGE('',*,*,#6967,.T.);
#6967 = EDGE_CURVE('',#4377,#4450,#6968,.T.);
#6968 = LINE('',#6969,#6970);
#6969 = CARTESIAN_POINT('',(2.22,-12.38,-2.84));
#6970 = VECTOR('',#6971,1.);
#6971 = DIRECTION('',(0.,-1.,0.));
#6972 = ORIENTED_EDGE('',*,*,#4457,.T.);
#6973 = ORIENTED_EDGE('',*,*,#6949,.F.);
#6974 = PLANE('',#6975);
#6975 = AXIS2_PLACEMENT_3D('',#6976,#6977,#6978);
#6976 = CARTESIAN_POINT('',(2.22,-12.38,-3.));
#6977 = DIRECTION('',(-1.,0.,0.));
#6978 = DIRECTION('',(0.,0.,1.));
#6979 = ADVANCED_FACE('',(#6980),#7005,.T.);
#6980 = FACE_BOUND('',#6981,.F.);
#6981 = EDGE_LOOP('',(#6982,#6990,#6991,#6999));
#6982 = ORIENTED_EDGE('',*,*,#6983,.T.);
#6983 = EDGE_CURVE('',#6984,#4369,#6986,.T.);
#6984 = VERTEX_POINT('',#6985);
#6985 = CARTESIAN_POINT('',(2.7,-12.54,-3.));
#6986 = LINE('',#6987,#6988);
#6987 = CARTESIAN_POINT('',(2.806666666667,-12.43333333333,
    -2.893333333333));
#6988 = VECTOR('',#6989,1.);
#6989 = DIRECTION('',(0.57735026919,0.57735026919,0.57735026919));
#6990 = ORIENTED_EDGE('',*,*,#4376,.T.);
#6991 = ORIENTED_EDGE('',*,*,#6992,.T.);
#6992 = EDGE_CURVE('',#4377,#6993,#6995,.T.);
#6993 = VERTEX_POINT('',#6994);
#6994 = CARTESIAN_POINT('',(2.38,-12.54,-3.));
#6995 = LINE('',#6996,#6997);
#6996 = CARTESIAN_POINT('',(2.38,-12.54,-3.));
#6997 = VECTOR('',#6998,1.);
#6998 = DIRECTION('',(0.57735026919,-0.57735026919,-0.57735026919));
#6999 = ORIENTED_EDGE('',*,*,#7000,.F.);
#7000 = EDGE_CURVE('',#6984,#6993,#7001,.T.);
#7001 = LINE('',#7002,#7003);
#7002 = CARTESIAN_POINT('',(2.86,-12.54,-3.));
#7003 = VECTOR('',#7004,1.);
#7004 = DIRECTION('',(-1.,0.,0.));
#7005 = PLANE('',#7006);
#7006 = AXIS2_PLACEMENT_3D('',#7007,#7008,#7009);
#7007 = CARTESIAN_POINT('',(2.86,-12.46,-2.92));
#7008 = DIRECTION('',(-1.735167508357E-18,0.707106781187,-0.707106781187
    ));
#7009 = DIRECTION('',(1.,1.226948711654E-18,-1.226948711654E-18));
#7010 = ADVANCED_FACE('',(#7011),#7022,.T.);
#7011 = FACE_BOUND('',#7012,.T.);
#7012 = EDGE_LOOP('',(#7013,#7014,#7015,#7016));
#7013 = ORIENTED_EDGE('',*,*,#4368,.F.);
#7014 = ORIENTED_EDGE('',*,*,#4408,.T.);
#7015 = ORIENTED_EDGE('',*,*,#4441,.T.);
#7016 = ORIENTED_EDGE('',*,*,#7017,.F.);
#7017 = EDGE_CURVE('',#4369,#4442,#7018,.T.);
#7018 = LINE('',#7019,#7020);
#7019 = CARTESIAN_POINT('',(2.86,-12.38,-2.84));
#7020 = VECTOR('',#7021,1.);
#7021 = DIRECTION('',(0.,-1.,0.));
#7022 = PLANE('',#7023);
#7023 = AXIS2_PLACEMENT_3D('',#7024,#7025,#7026);
#7024 = CARTESIAN_POINT('',(2.86,-12.38,0.95));
#7025 = DIRECTION('',(1.,0.,0.));
#7026 = DIRECTION('',(0.,0.,-1.));
#7027 = ADVANCED_FACE('',(#7028),#7053,.F.);
#7028 = FACE_BOUND('',#7029,.F.);
#7029 = EDGE_LOOP('',(#7030,#7038,#7046,#7052));
#7030 = ORIENTED_EDGE('',*,*,#7031,.F.);
#7031 = EDGE_CURVE('',#7032,#4442,#7034,.T.);
#7032 = VERTEX_POINT('',#7033);
#7033 = CARTESIAN_POINT('',(2.7,-12.86,-3.));
#7034 = LINE('',#7035,#7036);
#7035 = CARTESIAN_POINT('',(2.7,-12.86,-3.));
#7036 = VECTOR('',#7037,1.);
#7037 = DIRECTION('',(0.57735026919,-0.57735026919,0.57735026919));
#7038 = ORIENTED_EDGE('',*,*,#7039,.T.);
#7039 = EDGE_CURVE('',#7032,#7040,#7042,.T.);
#7040 = VERTEX_POINT('',#7041);
#7041 = CARTESIAN_POINT('',(2.38,-12.86,-3.));
#7042 = LINE('',#7043,#7044);
#7043 = CARTESIAN_POINT('',(2.86,-12.86,-3.));
#7044 = VECTOR('',#7045,1.);
#7045 = DIRECTION('',(-1.,0.,0.));
#7046 = ORIENTED_EDGE('',*,*,#7047,.T.);
#7047 = EDGE_CURVE('',#7040,#4450,#7048,.T.);
#7048 = LINE('',#7049,#7050);
#7049 = CARTESIAN_POINT('',(2.486666666667,-12.75333333333,
    -3.106666666667));
#7050 = VECTOR('',#7051,1.);
#7051 = DIRECTION('',(-0.57735026919,-0.57735026919,0.57735026919));
#7052 = ORIENTED_EDGE('',*,*,#4449,.F.);
#7053 = PLANE('',#7054);
#7054 = AXIS2_PLACEMENT_3D('',#7055,#7056,#7057);
#7055 = CARTESIAN_POINT('',(2.86,-12.94,-2.92));
#7056 = DIRECTION('',(1.735167508357E-18,0.707106781187,0.707106781187)
  );
#7057 = DIRECTION('',(-1.,1.226948711654E-18,1.226948711654E-18));
#7058 = ADVANCED_FACE('',(#7059),#7070,.T.);
#7059 = FACE_BOUND('',#7060,.T.);
#7060 = EDGE_LOOP('',(#7061,#7067,#7068,#7069));
#7061 = ORIENTED_EDGE('',*,*,#7062,.T.);
#7062 = EDGE_CURVE('',#4489,#4569,#7063,.T.);
#7063 = LINE('',#7064,#7065);
#7064 = CARTESIAN_POINT('',(-0.32,0.32,3.49));
#7065 = VECTOR('',#7066,1.);
#7066 = DIRECTION('',(0.,-1.,0.));
#7067 = ORIENTED_EDGE('',*,*,#4568,.T.);
#7068 = ORIENTED_EDGE('',*,*,#4618,.F.);
#7069 = ORIENTED_EDGE('',*,*,#4488,.F.);
#7070 = CYLINDRICAL_SURFACE('',#7071,0.64);
#7071 = AXIS2_PLACEMENT_3D('',#7072,#7073,#7074);
#7072 = CARTESIAN_POINT('',(0.32,0.32,3.49));
#7073 = DIRECTION('',(0.,-1.,0.));
#7074 = DIRECTION('',(-1.,0.,0.));
#7075 = ADVANCED_FACE('',(#7076),#7087,.T.);
#7076 = FACE_BOUND('',#7077,.T.);
#7077 = EDGE_LOOP('',(#7078,#7079,#7085,#7086));
#7078 = ORIENTED_EDGE('',*,*,#4530,.F.);
#7079 = ORIENTED_EDGE('',*,*,#7080,.T.);
#7080 = EDGE_CURVE('',#4523,#4596,#7081,.T.);
#7081 = LINE('',#7082,#7083);
#7082 = CARTESIAN_POINT('',(-0.32,0.32,-2.84));
#7083 = VECTOR('',#7084,1.);
#7084 = DIRECTION('',(0.,-1.,0.));
#7085 = ORIENTED_EDGE('',*,*,#4603,.T.);
#7086 = ORIENTED_EDGE('',*,*,#7062,.F.);
#7087 = PLANE('',#7088);
#7088 = AXIS2_PLACEMENT_3D('',#7089,#7090,#7091);
#7089 = CARTESIAN_POINT('',(-0.32,0.32,-3.));
#7090 = DIRECTION('',(-1.,0.,0.));
#7091 = DIRECTION('',(0.,0.,1.));
#7092 = ADVANCED_FACE('',(#7093),#7118,.T.);
#7093 = FACE_BOUND('',#7094,.F.);
#7094 = EDGE_LOOP('',(#7095,#7103,#7104,#7112));
#7095 = ORIENTED_EDGE('',*,*,#7096,.T.);
#7096 = EDGE_CURVE('',#7097,#4515,#7099,.T.);
#7097 = VERTEX_POINT('',#7098);
#7098 = CARTESIAN_POINT('',(0.16,0.16,-3.));
#7099 = LINE('',#7100,#7101);
#7100 = CARTESIAN_POINT('',(0.266666666667,0.266666666667,
    -2.893333333333));
#7101 = VECTOR('',#7102,1.);
#7102 = DIRECTION('',(0.57735026919,0.57735026919,0.57735026919));
#7103 = ORIENTED_EDGE('',*,*,#4522,.T.);
#7104 = ORIENTED_EDGE('',*,*,#7105,.T.);
#7105 = EDGE_CURVE('',#4523,#7106,#7108,.T.);
#7106 = VERTEX_POINT('',#7107);
#7107 = CARTESIAN_POINT('',(-0.16,0.16,-3.));
#7108 = LINE('',#7109,#7110);
#7109 = CARTESIAN_POINT('',(-0.16,0.16,-3.));
#7110 = VECTOR('',#7111,1.);
#7111 = DIRECTION('',(0.57735026919,-0.57735026919,-0.57735026919));
#7112 = ORIENTED_EDGE('',*,*,#7113,.F.);
#7113 = EDGE_CURVE('',#7097,#7106,#7114,.T.);
#7114 = LINE('',#7115,#7116);
#7115 = CARTESIAN_POINT('',(0.32,0.16,-3.));
#7116 = VECTOR('',#7117,1.);
#7117 = DIRECTION('',(-1.,0.,0.));
#7118 = PLANE('',#7119);
#7119 = AXIS2_PLACEMENT_3D('',#7120,#7121,#7122);
#7120 = CARTESIAN_POINT('',(0.32,0.24,-2.92));
#7121 = DIRECTION('',(-1.735167508357E-18,0.707106781187,-0.707106781187
    ));
#7122 = DIRECTION('',(1.,1.226948711654E-18,-1.226948711654E-18));
#7123 = ADVANCED_FACE('',(#7124),#7135,.T.);
#7124 = FACE_BOUND('',#7125,.T.);
#7125 = EDGE_LOOP('',(#7126,#7127,#7128,#7129));
#7126 = ORIENTED_EDGE('',*,*,#4514,.F.);
#7127 = ORIENTED_EDGE('',*,*,#4554,.T.);
#7128 = ORIENTED_EDGE('',*,*,#4587,.T.);
#7129 = ORIENTED_EDGE('',*,*,#7130,.F.);
#7130 = EDGE_CURVE('',#4515,#4588,#7131,.T.);
#7131 = LINE('',#7132,#7133);
#7132 = CARTESIAN_POINT('',(0.32,0.32,-2.84));
#7133 = VECTOR('',#7134,1.);
#7134 = DIRECTION('',(0.,-1.,0.));
#7135 = PLANE('',#7136);
#7136 = AXIS2_PLACEMENT_3D('',#7137,#7138,#7139);
#7137 = CARTESIAN_POINT('',(0.32,0.32,3.49));
#7138 = DIRECTION('',(1.,0.,0.));
#7139 = DIRECTION('',(0.,0.,-1.));
#7140 = ADVANCED_FACE('',(#7141),#7166,.F.);
#7141 = FACE_BOUND('',#7142,.F.);
#7142 = EDGE_LOOP('',(#7143,#7151,#7159,#7165));
#7143 = ORIENTED_EDGE('',*,*,#7144,.F.);
#7144 = EDGE_CURVE('',#7145,#4588,#7147,.T.);
#7145 = VERTEX_POINT('',#7146);
#7146 = CARTESIAN_POINT('',(0.16,-0.16,-3.));
#7147 = LINE('',#7148,#7149);
#7148 = CARTESIAN_POINT('',(0.16,-0.16,-3.));
#7149 = VECTOR('',#7150,1.);
#7150 = DIRECTION('',(0.57735026919,-0.57735026919,0.57735026919));
#7151 = ORIENTED_EDGE('',*,*,#7152,.T.);
#7152 = EDGE_CURVE('',#7145,#7153,#7155,.T.);
#7153 = VERTEX_POINT('',#7154);
#7154 = CARTESIAN_POINT('',(-0.16,-0.16,-3.));
#7155 = LINE('',#7156,#7157);
#7156 = CARTESIAN_POINT('',(0.32,-0.16,-3.));
#7157 = VECTOR('',#7158,1.);
#7158 = DIRECTION('',(-1.,0.,0.));
#7159 = ORIENTED_EDGE('',*,*,#7160,.T.);
#7160 = EDGE_CURVE('',#7153,#4596,#7161,.T.);
#7161 = LINE('',#7162,#7163);
#7162 = CARTESIAN_POINT('',(-5.333333333333E-02,-5.333333333333E-02,
    -3.106666666667));
#7163 = VECTOR('',#7164,1.);
#7164 = DIRECTION('',(-0.57735026919,-0.57735026919,0.57735026919));
#7165 = ORIENTED_EDGE('',*,*,#4595,.F.);
#7166 = PLANE('',#7167);
#7167 = AXIS2_PLACEMENT_3D('',#7168,#7169,#7170);
#7168 = CARTESIAN_POINT('',(0.32,-0.24,-2.92));
#7169 = DIRECTION('',(1.735167508357E-18,0.707106781187,0.707106781187)
  );
#7170 = DIRECTION('',(-1.,1.226948711654E-18,1.226948711654E-18));
#7171 = ADVANCED_FACE('',(#7172),#7183,.T.);
#7172 = FACE_BOUND('',#7173,.T.);
#7173 = EDGE_LOOP('',(#7174,#7180,#7181,#7182));
#7174 = ORIENTED_EDGE('',*,*,#7175,.T.);
#7175 = EDGE_CURVE('',#4666,#4739,#7176,.T.);
#7176 = LINE('',#7177,#7178);
#7177 = CARTESIAN_POINT('',(2.22,0.32,0.95));
#7178 = VECTOR('',#7179,1.);
#7179 = DIRECTION('',(0.,-1.,0.));
#7180 = ORIENTED_EDGE('',*,*,#4738,.T.);
#7181 = ORIENTED_EDGE('',*,*,#4642,.F.);
#7182 = ORIENTED_EDGE('',*,*,#4665,.F.);
#7183 = CYLINDRICAL_SURFACE('',#7184,0.64);
#7184 = AXIS2_PLACEMENT_3D('',#7185,#7186,#7187);
#7185 = CARTESIAN_POINT('',(2.86,0.32,0.95));
#7186 = DIRECTION('',(0.,-1.,0.));
#7187 = DIRECTION('',(-1.,0.,0.));
#7188 = ADVANCED_FACE('',(#7189),#7200,.T.);
#7189 = FACE_BOUND('',#7190,.T.);
#7190 = EDGE_LOOP('',(#7191,#7192,#7198,#7199));
#7191 = ORIENTED_EDGE('',*,*,#4700,.F.);
#7192 = ORIENTED_EDGE('',*,*,#7193,.T.);
#7193 = EDGE_CURVE('',#4693,#4759,#7194,.T.);
#7194 = LINE('',#7195,#7196);
#7195 = CARTESIAN_POINT('',(2.22,0.32,-2.84));
#7196 = VECTOR('',#7197,1.);
#7197 = DIRECTION('',(0.,-1.,0.));
#7198 = ORIENTED_EDGE('',*,*,#4766,.T.);
#7199 = ORIENTED_EDGE('',*,*,#7175,.F.);
#7200 = PLANE('',#7201);
#7201 = AXIS2_PLACEMENT_3D('',#7202,#7203,#7204);
#7202 = CARTESIAN_POINT('',(2.22,0.32,-3.));
#7203 = DIRECTION('',(-1.,0.,0.));
#7204 = DIRECTION('',(0.,0.,1.));
#7205 = ADVANCED_FACE('',(#7206),#7231,.T.);
#7206 = FACE_BOUND('',#7207,.F.);
#7207 = EDGE_LOOP('',(#7208,#7216,#7217,#7225));
#7208 = ORIENTED_EDGE('',*,*,#7209,.T.);
#7209 = EDGE_CURVE('',#7210,#4685,#7212,.T.);
#7210 = VERTEX_POINT('',#7211);
#7211 = CARTESIAN_POINT('',(2.7,0.16,-3.));
#7212 = LINE('',#7213,#7214);
#7213 = CARTESIAN_POINT('',(2.806666666667,0.266666666667,
    -2.893333333333));
#7214 = VECTOR('',#7215,1.);
#7215 = DIRECTION('',(0.57735026919,0.57735026919,0.57735026919));
#7216 = ORIENTED_EDGE('',*,*,#4692,.T.);
#7217 = ORIENTED_EDGE('',*,*,#7218,.T.);
#7218 = EDGE_CURVE('',#4693,#7219,#7221,.T.);
#7219 = VERTEX_POINT('',#7220);
#7220 = CARTESIAN_POINT('',(2.38,0.16,-3.));
#7221 = LINE('',#7222,#7223);
#7222 = CARTESIAN_POINT('',(2.38,0.16,-3.));
#7223 = VECTOR('',#7224,1.);
#7224 = DIRECTION('',(0.57735026919,-0.57735026919,-0.57735026919));
#7225 = ORIENTED_EDGE('',*,*,#7226,.F.);
#7226 = EDGE_CURVE('',#7210,#7219,#7227,.T.);
#7227 = LINE('',#7228,#7229);
#7228 = CARTESIAN_POINT('',(2.86,0.16,-3.));
#7229 = VECTOR('',#7230,1.);
#7230 = DIRECTION('',(-1.,0.,0.));
#7231 = PLANE('',#7232);
#7232 = AXIS2_PLACEMENT_3D('',#7233,#7234,#7235);
#7233 = CARTESIAN_POINT('',(2.86,0.24,-2.92));
#7234 = DIRECTION('',(-1.735167508357E-18,0.707106781187,-0.707106781187
    ));
#7235 = DIRECTION('',(1.,1.226948711654E-18,-1.226948711654E-18));
#7236 = ADVANCED_FACE('',(#7237),#7248,.T.);
#7237 = FACE_BOUND('',#7238,.T.);
#7238 = EDGE_LOOP('',(#7239,#7240,#7241,#7242));
#7239 = ORIENTED_EDGE('',*,*,#4684,.F.);
#7240 = ORIENTED_EDGE('',*,*,#4724,.T.);
#7241 = ORIENTED_EDGE('',*,*,#4750,.T.);
#7242 = ORIENTED_EDGE('',*,*,#7243,.F.);
#7243 = EDGE_CURVE('',#4685,#4751,#7244,.T.);
#7244 = LINE('',#7245,#7246);
#7245 = CARTESIAN_POINT('',(2.86,0.32,-2.84));
#7246 = VECTOR('',#7247,1.);
#7247 = DIRECTION('',(0.,-1.,0.));
#7248 = PLANE('',#7249);
#7249 = AXIS2_PLACEMENT_3D('',#7250,#7251,#7252);
#7250 = CARTESIAN_POINT('',(2.86,0.32,0.95));
#7251 = DIRECTION('',(1.,0.,0.));
#7252 = DIRECTION('',(0.,0.,-1.));
#7253 = ADVANCED_FACE('',(#7254),#7279,.F.);
#7254 = FACE_BOUND('',#7255,.F.);
#7255 = EDGE_LOOP('',(#7256,#7264,#7272,#7278));
#7256 = ORIENTED_EDGE('',*,*,#7257,.F.);
#7257 = EDGE_CURVE('',#7258,#4751,#7260,.T.);
#7258 = VERTEX_POINT('',#7259);
#7259 = CARTESIAN_POINT('',(2.7,-0.16,-3.));
#7260 = LINE('',#7261,#7262);
#7261 = CARTESIAN_POINT('',(2.7,-0.16,-3.));
#7262 = VECTOR('',#7263,1.);
#7263 = DIRECTION('',(0.57735026919,-0.57735026919,0.57735026919));
#7264 = ORIENTED_EDGE('',*,*,#7265,.T.);
#7265 = EDGE_CURVE('',#7258,#7266,#7268,.T.);
#7266 = VERTEX_POINT('',#7267);
#7267 = CARTESIAN_POINT('',(2.38,-0.16,-3.));
#7268 = LINE('',#7269,#7270);
#7269 = CARTESIAN_POINT('',(2.86,-0.16,-3.));
#7270 = VECTOR('',#7271,1.);
#7271 = DIRECTION('',(-1.,0.,0.));
#7272 = ORIENTED_EDGE('',*,*,#7273,.T.);
#7273 = EDGE_CURVE('',#7266,#4759,#7274,.T.);
#7274 = LINE('',#7275,#7276);
#7275 = CARTESIAN_POINT('',(2.486666666667,-5.333333333333E-02,
    -3.106666666667));
#7276 = VECTOR('',#7277,1.);
#7277 = DIRECTION('',(-0.57735026919,-0.57735026919,0.57735026919));
#7278 = ORIENTED_EDGE('',*,*,#4758,.F.);
#7279 = PLANE('',#7280);
#7280 = AXIS2_PLACEMENT_3D('',#7281,#7282,#7283);
#7281 = CARTESIAN_POINT('',(2.86,-0.24,-2.92));
#7282 = DIRECTION('',(1.735167508357E-18,0.707106781187,0.707106781187)
  );
#7283 = DIRECTION('',(-1.,1.226948711654E-18,1.226948711654E-18));
#7284 = ADVANCED_FACE('',(#7285),#7310,.T.);
#7285 = FACE_BOUND('',#7286,.T.);
#7286 = EDGE_LOOP('',(#7287,#7295,#7296,#7304));
#7287 = ORIENTED_EDGE('',*,*,#7288,.F.);
#7288 = EDGE_CURVE('',#4781,#7289,#7291,.T.);
#7289 = VERTEX_POINT('',#7290);
#7290 = CARTESIAN_POINT('',(12.58,-10.,3.97));
#7291 = LINE('',#7292,#7293);
#7292 = CARTESIAN_POINT('',(12.473333333333,-9.893333333333,
    4.076666666667));
#7293 = VECTOR('',#7294,1.);
#7294 = DIRECTION('',(0.57735026919,-0.57735026919,-0.57735026919));
#7295 = ORIENTED_EDGE('',*,*,#4797,.T.);
#7296 = ORIENTED_EDGE('',*,*,#7297,.T.);
#7297 = EDGE_CURVE('',#4790,#7298,#7300,.T.);
#7298 = VERTEX_POINT('',#7299);
#7299 = CARTESIAN_POINT('',(12.58,-10.32,3.97));
#7300 = LINE('',#7301,#7302);
#7301 = CARTESIAN_POINT('',(12.58,-10.32,3.97));
#7302 = VECTOR('',#7303,1.);
#7303 = DIRECTION('',(0.57735026919,0.57735026919,-0.57735026919));
#7304 = ORIENTED_EDGE('',*,*,#7305,.F.);
#7305 = EDGE_CURVE('',#7289,#7298,#7306,.T.);
#7306 = LINE('',#7307,#7308);
#7307 = CARTESIAN_POINT('',(12.58,-9.84,3.97));
#7308 = VECTOR('',#7309,1.);
#7309 = DIRECTION('',(0.,-1.,0.));
#7310 = PLANE('',#7311);
#7311 = AXIS2_PLACEMENT_3D('',#7312,#7313,#7314);
#7312 = CARTESIAN_POINT('',(12.5,-9.84,4.05));
#7313 = DIRECTION('',(0.707106781187,0.,0.707106781187));
#7314 = DIRECTION('',(0.,-1.,0.));
#7315 = ADVANCED_FACE('',(#7316),#7334,.T.);
#7316 = FACE_BOUND('',#7317,.F.);
#7317 = EDGE_LOOP('',(#7318,#7319,#7320,#7328));
#7318 = ORIENTED_EDGE('',*,*,#7288,.F.);
#7319 = ORIENTED_EDGE('',*,*,#4813,.T.);
#7320 = ORIENTED_EDGE('',*,*,#7321,.T.);
#7321 = EDGE_CURVE('',#4814,#7322,#7324,.T.);
#7322 = VERTEX_POINT('',#7323);
#7323 = CARTESIAN_POINT('',(12.58,-10.,3.65));
#7324 = LINE('',#7325,#7326);
#7325 = CARTESIAN_POINT('',(12.58,-10.,3.65));
#7326 = VECTOR('',#7327,1.);
#7327 = DIRECTION('',(0.57735026919,-0.57735026919,0.57735026919));
#7328 = ORIENTED_EDGE('',*,*,#7329,.F.);
#7329 = EDGE_CURVE('',#7289,#7322,#7330,.T.);
#7330 = LINE('',#7331,#7332);
#7331 = CARTESIAN_POINT('',(12.58,-10.,4.13));
#7332 = VECTOR('',#7333,1.);
#7333 = DIRECTION('',(0.,0.,-1.));
#7334 = PLANE('',#7335);
#7335 = AXIS2_PLACEMENT_3D('',#7336,#7337,#7338);
#7336 = CARTESIAN_POINT('',(12.5,-9.92,4.13));
#7337 = DIRECTION('',(0.707106781187,0.707106781187,-1.735167508357E-18)
  );
#7338 = DIRECTION('',(1.226948711654E-18,1.226948711654E-18,1.));
#7339 = ADVANCED_FACE('',(#7340),#7358,.T.);
#7340 = FACE_BOUND('',#7341,.F.);
#7341 = EDGE_LOOP('',(#7342,#7343,#7344,#7352));
#7342 = ORIENTED_EDGE('',*,*,#7321,.F.);
#7343 = ORIENTED_EDGE('',*,*,#4836,.T.);
#7344 = ORIENTED_EDGE('',*,*,#7345,.T.);
#7345 = EDGE_CURVE('',#4837,#7346,#7348,.T.);
#7346 = VERTEX_POINT('',#7347);
#7347 = CARTESIAN_POINT('',(12.58,-10.32,3.65));
#7348 = LINE('',#7349,#7350);
#7349 = CARTESIAN_POINT('',(12.686666666667,-10.21333333333,
    3.756666666667));
#7350 = VECTOR('',#7351,1.);
#7351 = DIRECTION('',(0.57735026919,0.57735026919,0.57735026919));
#7352 = ORIENTED_EDGE('',*,*,#7353,.F.);
#7353 = EDGE_CURVE('',#7322,#7346,#7354,.T.);
#7354 = LINE('',#7355,#7356);
#7355 = CARTESIAN_POINT('',(12.58,-9.84,3.65));
#7356 = VECTOR('',#7357,1.);
#7357 = DIRECTION('',(0.,-1.,0.));
#7358 = PLANE('',#7359);
#7359 = AXIS2_PLACEMENT_3D('',#7360,#7361,#7362);
#7360 = CARTESIAN_POINT('',(12.5,-9.84,3.57));
#7361 = DIRECTION('',(0.707106781187,0.,-0.707106781187));
#7362 = DIRECTION('',(0.,1.,0.));
#7363 = ADVANCED_FACE('',(#7364),#7375,.F.);
#7364 = FACE_BOUND('',#7365,.T.);
#7365 = EDGE_LOOP('',(#7366,#7367,#7368,#7369));
#7366 = ORIENTED_EDGE('',*,*,#7297,.F.);
#7367 = ORIENTED_EDGE('',*,*,#4861,.T.);
#7368 = ORIENTED_EDGE('',*,*,#7345,.T.);
#7369 = ORIENTED_EDGE('',*,*,#7370,.F.);
#7370 = EDGE_CURVE('',#7298,#7346,#7371,.T.);
#7371 = LINE('',#7372,#7373);
#7372 = CARTESIAN_POINT('',(12.58,-10.32,4.13));
#7373 = VECTOR('',#7374,1.);
#7374 = DIRECTION('',(0.,0.,-1.));
#7375 = PLANE('',#7376);
#7376 = AXIS2_PLACEMENT_3D('',#7377,#7378,#7379);
#7377 = CARTESIAN_POINT('',(12.5,-10.4,4.13));
#7378 = DIRECTION('',(-0.707106781187,0.707106781187,1.735167508357E-18)
  );
#7379 = DIRECTION('',(1.226948711654E-18,-1.226948711654E-18,1.));
#7380 = ADVANCED_FACE('',(#7381),#7406,.T.);
#7381 = FACE_BOUND('',#7382,.F.);
#7382 = EDGE_LOOP('',(#7383,#7391,#7392,#7400));
#7383 = ORIENTED_EDGE('',*,*,#7384,.F.);
#7384 = EDGE_CURVE('',#4878,#7385,#7387,.T.);
#7385 = VERTEX_POINT('',#7386);
#7386 = CARTESIAN_POINT('',(12.58,-7.46,3.97));
#7387 = LINE('',#7388,#7389);
#7388 = CARTESIAN_POINT('',(12.473333333333,-7.353333333333,
    4.076666666667));
#7389 = VECTOR('',#7390,1.);
#7390 = DIRECTION('',(0.57735026919,-0.57735026919,-0.57735026919));
#7391 = ORIENTED_EDGE('',*,*,#4885,.T.);
#7392 = ORIENTED_EDGE('',*,*,#7393,.T.);
#7393 = EDGE_CURVE('',#4886,#7394,#7396,.T.);
#7394 = VERTEX_POINT('',#7395);
#7395 = CARTESIAN_POINT('',(12.58,-7.46,3.65));
#7396 = LINE('',#7397,#7398);
#7397 = CARTESIAN_POINT('',(12.58,-7.46,3.65));
#7398 = VECTOR('',#7399,1.);
#7399 = DIRECTION('',(0.57735026919,-0.57735026919,0.57735026919));
#7400 = ORIENTED_EDGE('',*,*,#7401,.F.);
#7401 = EDGE_CURVE('',#7385,#7394,#7402,.T.);
#7402 = LINE('',#7403,#7404);
#7403 = CARTESIAN_POINT('',(12.58,-7.46,4.13));
#7404 = VECTOR('',#7405,1.);
#7405 = DIRECTION('',(0.,0.,-1.));
#7406 = PLANE('',#7407);
#7407 = AXIS2_PLACEMENT_3D('',#7408,#7409,#7410);
#7408 = CARTESIAN_POINT('',(12.5,-7.38,4.13));
#7409 = DIRECTION('',(0.707106781187,0.707106781187,-1.735167508357E-18)
  );
#7410 = DIRECTION('',(1.226948711654E-18,1.226948711654E-18,1.));
#7411 = ADVANCED_FACE('',(#7412),#7430,.T.);
#7412 = FACE_BOUND('',#7413,.F.);
#7413 = EDGE_LOOP('',(#7414,#7415,#7416,#7424));
#7414 = ORIENTED_EDGE('',*,*,#7393,.F.);
#7415 = ORIENTED_EDGE('',*,*,#4908,.T.);
#7416 = ORIENTED_EDGE('',*,*,#7417,.T.);
#7417 = EDGE_CURVE('',#4909,#7418,#7420,.T.);
#7418 = VERTEX_POINT('',#7419);
#7419 = CARTESIAN_POINT('',(12.58,-7.78,3.65));
#7420 = LINE('',#7421,#7422);
#7421 = CARTESIAN_POINT('',(12.686666666667,-7.673333333333,
    3.756666666667));
#7422 = VECTOR('',#7423,1.);
#7423 = DIRECTION('',(0.57735026919,0.57735026919,0.57735026919));
#7424 = ORIENTED_EDGE('',*,*,#7425,.F.);
#7425 = EDGE_CURVE('',#7394,#7418,#7426,.T.);
#7426 = LINE('',#7427,#7428);
#7427 = CARTESIAN_POINT('',(12.58,-7.3,3.65));
#7428 = VECTOR('',#7429,1.);
#7429 = DIRECTION('',(0.,-1.,0.));
#7430 = PLANE('',#7431);
#7431 = AXIS2_PLACEMENT_3D('',#7432,#7433,#7434);
#7432 = CARTESIAN_POINT('',(12.5,-7.3,3.57));
#7433 = DIRECTION('',(0.707106781187,0.,-0.707106781187));
#7434 = DIRECTION('',(0.,1.,0.));
#7435 = ADVANCED_FACE('',(#7436),#7454,.F.);
#7436 = FACE_BOUND('',#7437,.T.);
#7437 = EDGE_LOOP('',(#7438,#7446,#7447,#7448));
#7438 = ORIENTED_EDGE('',*,*,#7439,.F.);
#7439 = EDGE_CURVE('',#4933,#7440,#7442,.T.);
#7440 = VERTEX_POINT('',#7441);
#7441 = CARTESIAN_POINT('',(12.58,-7.78,3.97));
#7442 = LINE('',#7443,#7444);
#7443 = CARTESIAN_POINT('',(12.58,-7.78,3.97));
#7444 = VECTOR('',#7445,1.);
#7445 = DIRECTION('',(0.57735026919,0.57735026919,-0.57735026919));
#7446 = ORIENTED_EDGE('',*,*,#4940,.T.);
#7447 = ORIENTED_EDGE('',*,*,#7417,.T.);
#7448 = ORIENTED_EDGE('',*,*,#7449,.F.);
#7449 = EDGE_CURVE('',#7440,#7418,#7450,.T.);
#7450 = LINE('',#7451,#7452);
#7451 = CARTESIAN_POINT('',(12.58,-7.78,4.13));
#7452 = VECTOR('',#7453,1.);
#7453 = DIRECTION('',(0.,0.,-1.));
#7454 = PLANE('',#7455);
#7455 = AXIS2_PLACEMENT_3D('',#7456,#7457,#7458);
#7456 = CARTESIAN_POINT('',(12.5,-7.86,4.13));
#7457 = DIRECTION('',(-0.707106781187,0.707106781187,1.735167508357E-18)
  );
#7458 = DIRECTION('',(1.226948711654E-18,-1.226948711654E-18,1.));
#7459 = ADVANCED_FACE('',(#7460),#7471,.T.);
#7460 = FACE_BOUND('',#7461,.T.);
#7461 = EDGE_LOOP('',(#7462,#7463,#7464,#7465));
#7462 = ORIENTED_EDGE('',*,*,#7384,.F.);
#7463 = ORIENTED_EDGE('',*,*,#4958,.T.);
#7464 = ORIENTED_EDGE('',*,*,#7439,.T.);
#7465 = ORIENTED_EDGE('',*,*,#7466,.F.);
#7466 = EDGE_CURVE('',#7385,#7440,#7467,.T.);
#7467 = LINE('',#7468,#7469);
#7468 = CARTESIAN_POINT('',(12.58,-7.3,3.97));
#7469 = VECTOR('',#7470,1.);
#7470 = DIRECTION('',(0.,-1.,0.));
#7471 = PLANE('',#7472);
#7472 = AXIS2_PLACEMENT_3D('',#7473,#7474,#7475);
#7473 = CARTESIAN_POINT('',(12.5,-7.3,4.05));
#7474 = DIRECTION('',(0.707106781187,0.,0.707106781187));
#7475 = DIRECTION('',(0.,-1.,0.));
#7476 = ADVANCED_FACE('',(#7477),#7502,.T.);
#7477 = FACE_BOUND('',#7478,.T.);
#7478 = EDGE_LOOP('',(#7479,#7487,#7488,#7496));
#7479 = ORIENTED_EDGE('',*,*,#7480,.F.);
#7480 = EDGE_CURVE('',#4973,#7481,#7483,.T.);
#7481 = VERTEX_POINT('',#7482);
#7482 = CARTESIAN_POINT('',(12.58,-2.38,3.97));
#7483 = LINE('',#7484,#7485);
#7484 = CARTESIAN_POINT('',(12.473333333333,-2.273333333333,
    4.076666666667));
#7485 = VECTOR('',#7486,1.);
#7486 = DIRECTION('',(0.57735026919,-0.57735026919,-0.57735026919));
#7487 = ORIENTED_EDGE('',*,*,#4989,.T.);
#7488 = ORIENTED_EDGE('',*,*,#7489,.T.);
#7489 = EDGE_CURVE('',#4982,#7490,#7492,.T.);
#7490 = VERTEX_POINT('',#7491);
#7491 = CARTESIAN_POINT('',(12.58,-2.7,3.97));
#7492 = LINE('',#7493,#7494);
#7493 = CARTESIAN_POINT('',(12.58,-2.7,3.97));
#7494 = VECTOR('',#7495,1.);
#7495 = DIRECTION('',(0.57735026919,0.57735026919,-0.57735026919));
#7496 = ORIENTED_EDGE('',*,*,#7497,.F.);
#7497 = EDGE_CURVE('',#7481,#7490,#7498,.T.);
#7498 = LINE('',#7499,#7500);
#7499 = CARTESIAN_POINT('',(12.58,-2.22,3.97));
#7500 = VECTOR('',#7501,1.);
#7501 = DIRECTION('',(0.,-1.,0.));
#7502 = PLANE('',#7503);
#7503 = AXIS2_PLACEMENT_3D('',#7504,#7505,#7506);
#7504 = CARTESIAN_POINT('',(12.5,-2.22,4.05));
#7505 = DIRECTION('',(0.707106781187,0.,0.707106781187));
#7506 = DIRECTION('',(0.,-1.,0.));
#7507 = ADVANCED_FACE('',(#7508),#7526,.T.);
#7508 = FACE_BOUND('',#7509,.F.);
#7509 = EDGE_LOOP('',(#7510,#7511,#7512,#7520));
#7510 = ORIENTED_EDGE('',*,*,#7480,.F.);
#7511 = ORIENTED_EDGE('',*,*,#5005,.T.);
#7512 = ORIENTED_EDGE('',*,*,#7513,.T.);
#7513 = EDGE_CURVE('',#5006,#7514,#7516,.T.);
#7514 = VERTEX_POINT('',#7515);
#7515 = CARTESIAN_POINT('',(12.58,-2.38,3.65));
#7516 = LINE('',#7517,#7518);
#7517 = CARTESIAN_POINT('',(12.58,-2.38,3.65));
#7518 = VECTOR('',#7519,1.);
#7519 = DIRECTION('',(0.57735026919,-0.57735026919,0.57735026919));
#7520 = ORIENTED_EDGE('',*,*,#7521,.F.);
#7521 = EDGE_CURVE('',#7481,#7514,#7522,.T.);
#7522 = LINE('',#7523,#7524);
#7523 = CARTESIAN_POINT('',(12.58,-2.38,4.13));
#7524 = VECTOR('',#7525,1.);
#7525 = DIRECTION('',(0.,0.,-1.));
#7526 = PLANE('',#7527);
#7527 = AXIS2_PLACEMENT_3D('',#7528,#7529,#7530);
#7528 = CARTESIAN_POINT('',(12.5,-2.3,4.13));
#7529 = DIRECTION('',(0.707106781187,0.707106781187,-1.735167508357E-18)
  );
#7530 = DIRECTION('',(1.226948711654E-18,1.226948711654E-18,1.));
#7531 = ADVANCED_FACE('',(#7532),#7550,.T.);
#7532 = FACE_BOUND('',#7533,.F.);
#7533 = EDGE_LOOP('',(#7534,#7535,#7536,#7544));
#7534 = ORIENTED_EDGE('',*,*,#7513,.F.);
#7535 = ORIENTED_EDGE('',*,*,#5028,.T.);
#7536 = ORIENTED_EDGE('',*,*,#7537,.T.);
#7537 = EDGE_CURVE('',#5029,#7538,#7540,.T.);
#7538 = VERTEX_POINT('',#7539);
#7539 = CARTESIAN_POINT('',(12.58,-2.7,3.65));
#7540 = LINE('',#7541,#7542);
#7541 = CARTESIAN_POINT('',(12.686666666667,-2.593333333333,
    3.756666666667));
#7542 = VECTOR('',#7543,1.);
#7543 = DIRECTION('',(0.57735026919,0.57735026919,0.57735026919));
#7544 = ORIENTED_EDGE('',*,*,#7545,.F.);
#7545 = EDGE_CURVE('',#7514,#7538,#7546,.T.);
#7546 = LINE('',#7547,#7548);
#7547 = CARTESIAN_POINT('',(12.58,-2.22,3.65));
#7548 = VECTOR('',#7549,1.);
#7549 = DIRECTION('',(0.,-1.,0.));
#7550 = PLANE('',#7551);
#7551 = AXIS2_PLACEMENT_3D('',#7552,#7553,#7554);
#7552 = CARTESIAN_POINT('',(12.5,-2.22,3.57));
#7553 = DIRECTION('',(0.707106781187,0.,-0.707106781187));
#7554 = DIRECTION('',(0.,1.,0.));
#7555 = ADVANCED_FACE('',(#7556),#7567,.F.);
#7556 = FACE_BOUND('',#7557,.T.);
#7557 = EDGE_LOOP('',(#7558,#7559,#7560,#7561));
#7558 = ORIENTED_EDGE('',*,*,#7489,.F.);
#7559 = ORIENTED_EDGE('',*,*,#5053,.T.);
#7560 = ORIENTED_EDGE('',*,*,#7537,.T.);
#7561 = ORIENTED_EDGE('',*,*,#7562,.F.);
#7562 = EDGE_CURVE('',#7490,#7538,#7563,.T.);
#7563 = LINE('',#7564,#7565);
#7564 = CARTESIAN_POINT('',(12.58,-2.7,4.13));
#7565 = VECTOR('',#7566,1.);
#7566 = DIRECTION('',(0.,0.,-1.));
#7567 = PLANE('',#7568);
#7568 = AXIS2_PLACEMENT_3D('',#7569,#7570,#7571);
#7569 = CARTESIAN_POINT('',(12.5,-2.78,4.13));
#7570 = DIRECTION('',(-0.707106781187,0.707106781187,1.735167508357E-18)
  );
#7571 = DIRECTION('',(1.226948711654E-18,-1.226948711654E-18,1.));
#7572 = ADVANCED_FACE('',(#7573),#7598,.T.);
#7573 = FACE_BOUND('',#7574,.F.);
#7574 = EDGE_LOOP('',(#7575,#7583,#7584,#7592));
#7575 = ORIENTED_EDGE('',*,*,#7576,.F.);
#7576 = EDGE_CURVE('',#5070,#7577,#7579,.T.);
#7577 = VERTEX_POINT('',#7578);
#7578 = CARTESIAN_POINT('',(12.58,-4.92,3.97));
#7579 = LINE('',#7580,#7581);
#7580 = CARTESIAN_POINT('',(12.473333333333,-4.813333333333,
    4.076666666667));
#7581 = VECTOR('',#7582,1.);
#7582 = DIRECTION('',(0.57735026919,-0.57735026919,-0.57735026919));
#7583 = ORIENTED_EDGE('',*,*,#5077,.T.);
#7584 = ORIENTED_EDGE('',*,*,#7585,.T.);
#7585 = EDGE_CURVE('',#5078,#7586,#7588,.T.);
#7586 = VERTEX_POINT('',#7587);
#7587 = CARTESIAN_POINT('',(12.58,-4.92,3.65));
#7588 = LINE('',#7589,#7590);
#7589 = CARTESIAN_POINT('',(12.58,-4.92,3.65));
#7590 = VECTOR('',#7591,1.);
#7591 = DIRECTION('',(0.57735026919,-0.57735026919,0.57735026919));
#7592 = ORIENTED_EDGE('',*,*,#7593,.F.);
#7593 = EDGE_CURVE('',#7577,#7586,#7594,.T.);
#7594 = LINE('',#7595,#7596);
#7595 = CARTESIAN_POINT('',(12.58,-4.92,4.13));
#7596 = VECTOR('',#7597,1.);
#7597 = DIRECTION('',(0.,0.,-1.));
#7598 = PLANE('',#7599);
#7599 = AXIS2_PLACEMENT_3D('',#7600,#7601,#7602);
#7600 = CARTESIAN_POINT('',(12.5,-4.84,4.13));
#7601 = DIRECTION('',(0.707106781187,0.707106781187,-1.735167508357E-18)
  );
#7602 = DIRECTION('',(1.226948711654E-18,1.226948711654E-18,1.));
#7603 = ADVANCED_FACE('',(#7604),#7622,.T.);
#7604 = FACE_BOUND('',#7605,.F.);
#7605 = EDGE_LOOP('',(#7606,#7607,#7608,#7616));
#7606 = ORIENTED_EDGE('',*,*,#7585,.F.);
#7607 = ORIENTED_EDGE('',*,*,#5100,.T.);
#7608 = ORIENTED_EDGE('',*,*,#7609,.T.);
#7609 = EDGE_CURVE('',#5101,#7610,#7612,.T.);
#7610 = VERTEX_POINT('',#7611);
#7611 = CARTESIAN_POINT('',(12.58,-5.24,3.65));
#7612 = LINE('',#7613,#7614);
#7613 = CARTESIAN_POINT('',(12.686666666667,-5.133333333333,
    3.756666666667));
#7614 = VECTOR('',#7615,1.);
#7615 = DIRECTION('',(0.57735026919,0.57735026919,0.57735026919));
#7616 = ORIENTED_EDGE('',*,*,#7617,.F.);
#7617 = EDGE_CURVE('',#7586,#7610,#7618,.T.);
#7618 = LINE('',#7619,#7620);
#7619 = CARTESIAN_POINT('',(12.58,-4.76,3.65));
#7620 = VECTOR('',#7621,1.);
#7621 = DIRECTION('',(0.,-1.,0.));
#7622 = PLANE('',#7623);
#7623 = AXIS2_PLACEMENT_3D('',#7624,#7625,#7626);
#7624 = CARTESIAN_POINT('',(12.5,-4.76,3.57));
#7625 = DIRECTION('',(0.707106781187,0.,-0.707106781187));
#7626 = DIRECTION('',(0.,1.,0.));
#7627 = ADVANCED_FACE('',(#7628),#7646,.F.);
#7628 = FACE_BOUND('',#7629,.T.);
#7629 = EDGE_LOOP('',(#7630,#7638,#7639,#7640));
#7630 = ORIENTED_EDGE('',*,*,#7631,.F.);
#7631 = EDGE_CURVE('',#5125,#7632,#7634,.T.);
#7632 = VERTEX_POINT('',#7633);
#7633 = CARTESIAN_POINT('',(12.58,-5.24,3.97));
#7634 = LINE('',#7635,#7636);
#7635 = CARTESIAN_POINT('',(12.58,-5.24,3.97));
#7636 = VECTOR('',#7637,1.);
#7637 = DIRECTION('',(0.57735026919,0.57735026919,-0.57735026919));
#7638 = ORIENTED_EDGE('',*,*,#5132,.T.);
#7639 = ORIENTED_EDGE('',*,*,#7609,.T.);
#7640 = ORIENTED_EDGE('',*,*,#7641,.F.);
#7641 = EDGE_CURVE('',#7632,#7610,#7642,.T.);
#7642 = LINE('',#7643,#7644);
#7643 = CARTESIAN_POINT('',(12.58,-5.24,4.13));
#7644 = VECTOR('',#7645,1.);
#7645 = DIRECTION('',(0.,0.,-1.));
#7646 = PLANE('',#7647);
#7647 = AXIS2_PLACEMENT_3D('',#7648,#7649,#7650);
#7648 = CARTESIAN_POINT('',(12.5,-5.32,4.13));
#7649 = DIRECTION('',(-0.707106781187,0.707106781187,1.735167508357E-18)
  );
#7650 = DIRECTION('',(1.226948711654E-18,-1.226948711654E-18,1.));
#7651 = ADVANCED_FACE('',(#7652),#7663,.T.);
#7652 = FACE_BOUND('',#7653,.T.);
#7653 = EDGE_LOOP('',(#7654,#7655,#7656,#7657));
#7654 = ORIENTED_EDGE('',*,*,#7576,.F.);
#7655 = ORIENTED_EDGE('',*,*,#5150,.T.);
#7656 = ORIENTED_EDGE('',*,*,#7631,.T.);
#7657 = ORIENTED_EDGE('',*,*,#7658,.F.);
#7658 = EDGE_CURVE('',#7577,#7632,#7659,.T.);
#7659 = LINE('',#7660,#7661);
#7660 = CARTESIAN_POINT('',(12.58,-4.76,3.97));
#7661 = VECTOR('',#7662,1.);
#7662 = DIRECTION('',(0.,-1.,0.));
#7663 = PLANE('',#7664);
#7664 = AXIS2_PLACEMENT_3D('',#7665,#7666,#7667);
#7665 = CARTESIAN_POINT('',(12.5,-4.76,4.05));
#7666 = DIRECTION('',(0.707106781187,0.,0.707106781187));
#7667 = DIRECTION('',(0.,-1.,0.));
#7668 = ADVANCED_FACE('',(#7669),#7694,.T.);
#7669 = FACE_BOUND('',#7670,.F.);
#7670 = EDGE_LOOP('',(#7671,#7679,#7680,#7688));
#7671 = ORIENTED_EDGE('',*,*,#7672,.F.);
#7672 = EDGE_CURVE('',#5165,#7673,#7675,.T.);
#7673 = VERTEX_POINT('',#7674);
#7674 = CARTESIAN_POINT('',(12.58,-12.54,3.65));
#7675 = LINE('',#7676,#7677);
#7676 = CARTESIAN_POINT('',(12.58,-12.54,3.65));
#7677 = VECTOR('',#7678,1.);
#7678 = DIRECTION('',(0.57735026919,-0.57735026919,0.57735026919));
#7679 = ORIENTED_EDGE('',*,*,#5172,.T.);
#7680 = ORIENTED_EDGE('',*,*,#7681,.T.);
#7681 = EDGE_CURVE('',#5173,#7682,#7684,.T.);
#7682 = VERTEX_POINT('',#7683);
#7683 = CARTESIAN_POINT('',(12.58,-12.86,3.65));
#7684 = LINE('',#7685,#7686);
#7685 = CARTESIAN_POINT('',(12.686666666667,-12.75333333333,
    3.756666666667));
#7686 = VECTOR('',#7687,1.);
#7687 = DIRECTION('',(0.57735026919,0.57735026919,0.57735026919));
#7688 = ORIENTED_EDGE('',*,*,#7689,.F.);
#7689 = EDGE_CURVE('',#7673,#7682,#7690,.T.);
#7690 = LINE('',#7691,#7692);
#7691 = CARTESIAN_POINT('',(12.58,-12.38,3.65));
#7692 = VECTOR('',#7693,1.);
#7693 = DIRECTION('',(0.,-1.,0.));
#7694 = PLANE('',#7695);
#7695 = AXIS2_PLACEMENT_3D('',#7696,#7697,#7698);
#7696 = CARTESIAN_POINT('',(12.5,-12.38,3.57));
#7697 = DIRECTION('',(0.707106781187,0.,-0.707106781187));
#7698 = DIRECTION('',(0.,1.,0.));
#7699 = ADVANCED_FACE('',(#7700),#7718,.F.);
#7700 = FACE_BOUND('',#7701,.T.);
#7701 = EDGE_LOOP('',(#7702,#7710,#7711,#7712));
#7702 = ORIENTED_EDGE('',*,*,#7703,.F.);
#7703 = EDGE_CURVE('',#5197,#7704,#7706,.T.);
#7704 = VERTEX_POINT('',#7705);
#7705 = CARTESIAN_POINT('',(12.58,-12.86,3.97));
#7706 = LINE('',#7707,#7708);
#7707 = CARTESIAN_POINT('',(12.58,-12.86,3.97));
#7708 = VECTOR('',#7709,1.);
#7709 = DIRECTION('',(0.57735026919,0.57735026919,-0.57735026919));
#7710 = ORIENTED_EDGE('',*,*,#5204,.T.);
#7711 = ORIENTED_EDGE('',*,*,#7681,.T.);
#7712 = ORIENTED_EDGE('',*,*,#7713,.F.);
#7713 = EDGE_CURVE('',#7704,#7682,#7714,.T.);
#7714 = LINE('',#7715,#7716);
#7715 = CARTESIAN_POINT('',(12.58,-12.86,4.13));
#7716 = VECTOR('',#7717,1.);
#7717 = DIRECTION('',(0.,0.,-1.));
#7718 = PLANE('',#7719);
#7719 = AXIS2_PLACEMENT_3D('',#7720,#7721,#7722);
#7720 = CARTESIAN_POINT('',(12.5,-12.94,4.13));
#7721 = DIRECTION('',(-0.707106781187,0.707106781187,1.735167508357E-18)
  );
#7722 = DIRECTION('',(1.226948711654E-18,-1.226948711654E-18,1.));
#7723 = ADVANCED_FACE('',(#7724),#7742,.T.);
#7724 = FACE_BOUND('',#7725,.T.);
#7725 = EDGE_LOOP('',(#7726,#7734,#7735,#7736));
#7726 = ORIENTED_EDGE('',*,*,#7727,.F.);
#7727 = EDGE_CURVE('',#5220,#7728,#7730,.T.);
#7728 = VERTEX_POINT('',#7729);
#7729 = CARTESIAN_POINT('',(12.58,-12.54,3.97));
#7730 = LINE('',#7731,#7732);
#7731 = CARTESIAN_POINT('',(12.473333333333,-12.43333333333,
    4.076666666667));
#7732 = VECTOR('',#7733,1.);
#7733 = DIRECTION('',(0.57735026919,-0.57735026919,-0.57735026919));
#7734 = ORIENTED_EDGE('',*,*,#5229,.T.);
#7735 = ORIENTED_EDGE('',*,*,#7703,.T.);
#7736 = ORIENTED_EDGE('',*,*,#7737,.F.);
#7737 = EDGE_CURVE('',#7728,#7704,#7738,.T.);
#7738 = LINE('',#7739,#7740);
#7739 = CARTESIAN_POINT('',(12.58,-12.38,3.97));
#7740 = VECTOR('',#7741,1.);
#7741 = DIRECTION('',(0.,-1.,0.));
#7742 = PLANE('',#7743);
#7743 = AXIS2_PLACEMENT_3D('',#7744,#7745,#7746);
#7744 = CARTESIAN_POINT('',(12.5,-12.38,4.05));
#7745 = DIRECTION('',(0.707106781187,0.,0.707106781187));
#7746 = DIRECTION('',(0.,-1.,0.));
#7747 = ADVANCED_FACE('',(#7748),#7759,.T.);
#7748 = FACE_BOUND('',#7749,.F.);
#7749 = EDGE_LOOP('',(#7750,#7751,#7752,#7753));
#7750 = ORIENTED_EDGE('',*,*,#7727,.F.);
#7751 = ORIENTED_EDGE('',*,*,#5245,.T.);
#7752 = ORIENTED_EDGE('',*,*,#7672,.T.);
#7753 = ORIENTED_EDGE('',*,*,#7754,.F.);
#7754 = EDGE_CURVE('',#7728,#7673,#7755,.T.);
#7755 = LINE('',#7756,#7757);
#7756 = CARTESIAN_POINT('',(12.58,-12.54,4.13));
#7757 = VECTOR('',#7758,1.);
#7758 = DIRECTION('',(0.,0.,-1.));
#7759 = PLANE('',#7760);
#7760 = AXIS2_PLACEMENT_3D('',#7761,#7762,#7763);
#7761 = CARTESIAN_POINT('',(12.5,-12.46,4.13));
#7762 = DIRECTION('',(0.707106781187,0.707106781187,-1.735167508357E-18)
  );
#7763 = DIRECTION('',(1.226948711654E-18,1.226948711654E-18,1.));
#7764 = ADVANCED_FACE('',(#7765),#7790,.T.);
#7765 = FACE_BOUND('',#7766,.T.);
#7766 = EDGE_LOOP('',(#7767,#7775,#7776,#7784));
#7767 = ORIENTED_EDGE('',*,*,#7768,.F.);
#7768 = EDGE_CURVE('',#5261,#7769,#7771,.T.);
#7769 = VERTEX_POINT('',#7770);
#7770 = CARTESIAN_POINT('',(12.58,-10.,1.43));
#7771 = LINE('',#7772,#7773);
#7772 = CARTESIAN_POINT('',(12.473333333333,-9.893333333333,
    1.536666666667));
#7773 = VECTOR('',#7774,1.);
#7774 = DIRECTION('',(0.57735026919,-0.57735026919,-0.57735026919));
#7775 = ORIENTED_EDGE('',*,*,#5277,.T.);
#7776 = ORIENTED_EDGE('',*,*,#7777,.T.);
#7777 = EDGE_CURVE('',#5270,#7778,#7780,.T.);
#7778 = VERTEX_POINT('',#7779);
#7779 = CARTESIAN_POINT('',(12.58,-10.32,1.43));
#7780 = LINE('',#7781,#7782);
#7781 = CARTESIAN_POINT('',(12.58,-10.32,1.43));
#7782 = VECTOR('',#7783,1.);
#7783 = DIRECTION('',(0.57735026919,0.57735026919,-0.57735026919));
#7784 = ORIENTED_EDGE('',*,*,#7785,.F.);
#7785 = EDGE_CURVE('',#7769,#7778,#7786,.T.);
#7786 = LINE('',#7787,#7788);
#7787 = CARTESIAN_POINT('',(12.58,-9.84,1.43));
#7788 = VECTOR('',#7789,1.);
#7789 = DIRECTION('',(0.,-1.,0.));
#7790 = PLANE('',#7791);
#7791 = AXIS2_PLACEMENT_3D('',#7792,#7793,#7794);
#7792 = CARTESIAN_POINT('',(12.5,-9.84,1.51));
#7793 = DIRECTION('',(0.707106781187,-1.735167508357E-18,0.707106781187)
  );
#7794 = DIRECTION('',(-1.226948711654E-18,-1.,-1.226948711654E-18));
#7795 = ADVANCED_FACE('',(#7796),#7814,.T.);
#7796 = FACE_BOUND('',#7797,.F.);
#7797 = EDGE_LOOP('',(#7798,#7799,#7800,#7808));
#7798 = ORIENTED_EDGE('',*,*,#7768,.F.);
#7799 = ORIENTED_EDGE('',*,*,#5293,.T.);
#7800 = ORIENTED_EDGE('',*,*,#7801,.T.);
#7801 = EDGE_CURVE('',#5294,#7802,#7804,.T.);
#7802 = VERTEX_POINT('',#7803);
#7803 = CARTESIAN_POINT('',(12.58,-10.,1.11));
#7804 = LINE('',#7805,#7806);
#7805 = CARTESIAN_POINT('',(12.58,-10.,1.11));
#7806 = VECTOR('',#7807,1.);
#7807 = DIRECTION('',(0.57735026919,-0.57735026919,0.57735026919));
#7808 = ORIENTED_EDGE('',*,*,#7809,.F.);
#7809 = EDGE_CURVE('',#7769,#7802,#7810,.T.);
#7810 = LINE('',#7811,#7812);
#7811 = CARTESIAN_POINT('',(12.58,-10.,1.59));
#7812 = VECTOR('',#7813,1.);
#7813 = DIRECTION('',(0.,0.,-1.));
#7814 = PLANE('',#7815);
#7815 = AXIS2_PLACEMENT_3D('',#7816,#7817,#7818);
#7816 = CARTESIAN_POINT('',(12.5,-9.92,1.59));
#7817 = DIRECTION('',(0.707106781187,0.707106781187,-1.735167508357E-18)
  );
#7818 = DIRECTION('',(1.226948711654E-18,1.226948711654E-18,1.));
#7819 = ADVANCED_FACE('',(#7820),#7838,.T.);
#7820 = FACE_BOUND('',#7821,.F.);
#7821 = EDGE_LOOP('',(#7822,#7823,#7824,#7832));
#7822 = ORIENTED_EDGE('',*,*,#7801,.F.);
#7823 = ORIENTED_EDGE('',*,*,#5316,.T.);
#7824 = ORIENTED_EDGE('',*,*,#7825,.T.);
#7825 = EDGE_CURVE('',#5317,#7826,#7828,.T.);
#7826 = VERTEX_POINT('',#7827);
#7827 = CARTESIAN_POINT('',(12.58,-10.32,1.11));
#7828 = LINE('',#7829,#7830);
#7829 = CARTESIAN_POINT('',(12.686666666667,-10.21333333333,
    1.216666666667));
#7830 = VECTOR('',#7831,1.);
#7831 = DIRECTION('',(0.57735026919,0.57735026919,0.57735026919));
#7832 = ORIENTED_EDGE('',*,*,#7833,.F.);
#7833 = EDGE_CURVE('',#7802,#7826,#7834,.T.);
#7834 = LINE('',#7835,#7836);
#7835 = CARTESIAN_POINT('',(12.58,-9.84,1.11));
#7836 = VECTOR('',#7837,1.);
#7837 = DIRECTION('',(0.,-1.,0.));
#7838 = PLANE('',#7839);
#7839 = AXIS2_PLACEMENT_3D('',#7840,#7841,#7842);
#7840 = CARTESIAN_POINT('',(12.5,-9.84,1.03));
#7841 = DIRECTION('',(0.707106781187,0.,-0.707106781187));
#7842 = DIRECTION('',(0.,1.,0.));
#7843 = ADVANCED_FACE('',(#7844),#7855,.F.);
#7844 = FACE_BOUND('',#7845,.T.);
#7845 = EDGE_LOOP('',(#7846,#7847,#7848,#7849));
#7846 = ORIENTED_EDGE('',*,*,#7777,.F.);
#7847 = ORIENTED_EDGE('',*,*,#5341,.T.);
#7848 = ORIENTED_EDGE('',*,*,#7825,.T.);
#7849 = ORIENTED_EDGE('',*,*,#7850,.F.);
#7850 = EDGE_CURVE('',#7778,#7826,#7851,.T.);
#7851 = LINE('',#7852,#7853);
#7852 = CARTESIAN_POINT('',(12.58,-10.32,1.59));
#7853 = VECTOR('',#7854,1.);
#7854 = DIRECTION('',(0.,0.,-1.));
#7855 = PLANE('',#7856);
#7856 = AXIS2_PLACEMENT_3D('',#7857,#7858,#7859);
#7857 = CARTESIAN_POINT('',(12.5,-10.4,1.59));
#7858 = DIRECTION('',(-0.707106781187,0.707106781187,1.735167508357E-18)
  );
#7859 = DIRECTION('',(1.226948711654E-18,-1.226948711654E-18,1.));
#7860 = ADVANCED_FACE('',(#7861),#7886,.T.);
#7861 = FACE_BOUND('',#7862,.T.);
#7862 = EDGE_LOOP('',(#7863,#7871,#7872,#7880));
#7863 = ORIENTED_EDGE('',*,*,#7864,.F.);
#7864 = EDGE_CURVE('',#5357,#7865,#7867,.T.);
#7865 = VERTEX_POINT('',#7866);
#7866 = CARTESIAN_POINT('',(12.58,-7.46,1.43));
#7867 = LINE('',#7868,#7869);
#7868 = CARTESIAN_POINT('',(12.473333333333,-7.353333333333,
    1.536666666667));
#7869 = VECTOR('',#7870,1.);
#7870 = DIRECTION('',(0.57735026919,-0.57735026919,-0.57735026919));
#7871 = ORIENTED_EDGE('',*,*,#5373,.T.);
#7872 = ORIENTED_EDGE('',*,*,#7873,.T.);
#7873 = EDGE_CURVE('',#5366,#7874,#7876,.T.);
#7874 = VERTEX_POINT('',#7875);
#7875 = CARTESIAN_POINT('',(12.58,-7.78,1.43));
#7876 = LINE('',#7877,#7878);
#7877 = CARTESIAN_POINT('',(12.58,-7.78,1.43));
#7878 = VECTOR('',#7879,1.);
#7879 = DIRECTION('',(0.57735026919,0.57735026919,-0.57735026919));
#7880 = ORIENTED_EDGE('',*,*,#7881,.F.);
#7881 = EDGE_CURVE('',#7865,#7874,#7882,.T.);
#7882 = LINE('',#7883,#7884);
#7883 = CARTESIAN_POINT('',(12.58,-7.3,1.43));
#7884 = VECTOR('',#7885,1.);
#7885 = DIRECTION('',(0.,-1.,0.));
#7886 = PLANE('',#7887);
#7887 = AXIS2_PLACEMENT_3D('',#7888,#7889,#7890);
#7888 = CARTESIAN_POINT('',(12.5,-7.3,1.51));
#7889 = DIRECTION('',(0.707106781187,-1.735167508357E-18,0.707106781187)
  );
#7890 = DIRECTION('',(-1.226948711654E-18,-1.,-1.226948711654E-18));
#7891 = ADVANCED_FACE('',(#7892),#7910,.T.);
#7892 = FACE_BOUND('',#7893,.F.);
#7893 = EDGE_LOOP('',(#7894,#7895,#7896,#7904));
#7894 = ORIENTED_EDGE('',*,*,#7864,.F.);
#7895 = ORIENTED_EDGE('',*,*,#5389,.T.);
#7896 = ORIENTED_EDGE('',*,*,#7897,.T.);
#7897 = EDGE_CURVE('',#5390,#7898,#7900,.T.);
#7898 = VERTEX_POINT('',#7899);
#7899 = CARTESIAN_POINT('',(12.58,-7.46,1.11));
#7900 = LINE('',#7901,#7902);
#7901 = CARTESIAN_POINT('',(12.58,-7.46,1.11));
#7902 = VECTOR('',#7903,1.);
#7903 = DIRECTION('',(0.57735026919,-0.57735026919,0.57735026919));
#7904 = ORIENTED_EDGE('',*,*,#7905,.F.);
#7905 = EDGE_CURVE('',#7865,#7898,#7906,.T.);
#7906 = LINE('',#7907,#7908);
#7907 = CARTESIAN_POINT('',(12.58,-7.46,1.59));
#7908 = VECTOR('',#7909,1.);
#7909 = DIRECTION('',(0.,0.,-1.));
#7910 = PLANE('',#7911);
#7911 = AXIS2_PLACEMENT_3D('',#7912,#7913,#7914);
#7912 = CARTESIAN_POINT('',(12.5,-7.38,1.59));
#7913 = DIRECTION('',(0.707106781187,0.707106781187,-1.735167508357E-18)
  );
#7914 = DIRECTION('',(1.226948711654E-18,1.226948711654E-18,1.));
#7915 = ADVANCED_FACE('',(#7916),#7934,.T.);
#7916 = FACE_BOUND('',#7917,.F.);
#7917 = EDGE_LOOP('',(#7918,#7919,#7920,#7928));
#7918 = ORIENTED_EDGE('',*,*,#7897,.F.);
#7919 = ORIENTED_EDGE('',*,*,#5412,.T.);
#7920 = ORIENTED_EDGE('',*,*,#7921,.T.);
#7921 = EDGE_CURVE('',#5413,#7922,#7924,.T.);
#7922 = VERTEX_POINT('',#7923);
#7923 = CARTESIAN_POINT('',(12.58,-7.78,1.11));
#7924 = LINE('',#7925,#7926);
#7925 = CARTESIAN_POINT('',(12.686666666667,-7.673333333333,
    1.216666666667));
#7926 = VECTOR('',#7927,1.);
#7927 = DIRECTION('',(0.57735026919,0.57735026919,0.57735026919));
#7928 = ORIENTED_EDGE('',*,*,#7929,.F.);
#7929 = EDGE_CURVE('',#7898,#7922,#7930,.T.);
#7930 = LINE('',#7931,#7932);
#7931 = CARTESIAN_POINT('',(12.58,-7.3,1.11));
#7932 = VECTOR('',#7933,1.);
#7933 = DIRECTION('',(0.,-1.,0.));
#7934 = PLANE('',#7935);
#7935 = AXIS2_PLACEMENT_3D('',#7936,#7937,#7938);
#7936 = CARTESIAN_POINT('',(12.5,-7.3,1.03));
#7937 = DIRECTION('',(0.707106781187,0.,-0.707106781187));
#7938 = DIRECTION('',(0.,1.,0.));
#7939 = ADVANCED_FACE('',(#7940),#7951,.F.);
#7940 = FACE_BOUND('',#7941,.T.);
#7941 = EDGE_LOOP('',(#7942,#7943,#7944,#7945));
#7942 = ORIENTED_EDGE('',*,*,#7873,.F.);
#7943 = ORIENTED_EDGE('',*,*,#5437,.T.);
#7944 = ORIENTED_EDGE('',*,*,#7921,.T.);
#7945 = ORIENTED_EDGE('',*,*,#7946,.F.);
#7946 = EDGE_CURVE('',#7874,#7922,#7947,.T.);
#7947 = LINE('',#7948,#7949);
#7948 = CARTESIAN_POINT('',(12.58,-7.78,1.59));
#7949 = VECTOR('',#7950,1.);
#7950 = DIRECTION('',(0.,0.,-1.));
#7951 = PLANE('',#7952);
#7952 = AXIS2_PLACEMENT_3D('',#7953,#7954,#7955);
#7953 = CARTESIAN_POINT('',(12.5,-7.86,1.59));
#7954 = DIRECTION('',(-0.707106781187,0.707106781187,1.735167508357E-18)
  );
#7955 = DIRECTION('',(1.226948711654E-18,-1.226948711654E-18,1.));
#7956 = ADVANCED_FACE('',(#7957),#7982,.T.);
#7957 = FACE_BOUND('',#7958,.T.);
#7958 = EDGE_LOOP('',(#7959,#7967,#7968,#7976));
#7959 = ORIENTED_EDGE('',*,*,#7960,.F.);
#7960 = EDGE_CURVE('',#5453,#7961,#7963,.T.);
#7961 = VERTEX_POINT('',#7962);
#7962 = CARTESIAN_POINT('',(12.58,-2.38,1.43));
#7963 = LINE('',#7964,#7965);
#7964 = CARTESIAN_POINT('',(12.473333333333,-2.273333333333,
    1.536666666667));
#7965 = VECTOR('',#7966,1.);
#7966 = DIRECTION('',(0.57735026919,-0.57735026919,-0.57735026919));
#7967 = ORIENTED_EDGE('',*,*,#5469,.T.);
#7968 = ORIENTED_EDGE('',*,*,#7969,.T.);
#7969 = EDGE_CURVE('',#5462,#7970,#7972,.T.);
#7970 = VERTEX_POINT('',#7971);
#7971 = CARTESIAN_POINT('',(12.58,-2.7,1.43));
#7972 = LINE('',#7973,#7974);
#7973 = CARTESIAN_POINT('',(12.58,-2.7,1.43));
#7974 = VECTOR('',#7975,1.);
#7975 = DIRECTION('',(0.57735026919,0.57735026919,-0.57735026919));
#7976 = ORIENTED_EDGE('',*,*,#7977,.F.);
#7977 = EDGE_CURVE('',#7961,#7970,#7978,.T.);
#7978 = LINE('',#7979,#7980);
#7979 = CARTESIAN_POINT('',(12.58,-2.22,1.43));
#7980 = VECTOR('',#7981,1.);
#7981 = DIRECTION('',(0.,-1.,0.));
#7982 = PLANE('',#7983);
#7983 = AXIS2_PLACEMENT_3D('',#7984,#7985,#7986);
#7984 = CARTESIAN_POINT('',(12.5,-2.22,1.51));
#7985 = DIRECTION('',(0.707106781187,-1.735167508357E-18,0.707106781187)
  );
#7986 = DIRECTION('',(-1.226948711654E-18,-1.,-1.226948711654E-18));
#7987 = ADVANCED_FACE('',(#7988),#8006,.T.);
#7988 = FACE_BOUND('',#7989,.F.);
#7989 = EDGE_LOOP('',(#7990,#7991,#7992,#8000));
#7990 = ORIENTED_EDGE('',*,*,#7960,.F.);
#7991 = ORIENTED_EDGE('',*,*,#5485,.T.);
#7992 = ORIENTED_EDGE('',*,*,#7993,.T.);
#7993 = EDGE_CURVE('',#5486,#7994,#7996,.T.);
#7994 = VERTEX_POINT('',#7995);
#7995 = CARTESIAN_POINT('',(12.58,-2.38,1.11));
#7996 = LINE('',#7997,#7998);
#7997 = CARTESIAN_POINT('',(12.58,-2.38,1.11));
#7998 = VECTOR('',#7999,1.);
#7999 = DIRECTION('',(0.57735026919,-0.57735026919,0.57735026919));
#8000 = ORIENTED_EDGE('',*,*,#8001,.F.);
#8001 = EDGE_CURVE('',#7961,#7994,#8002,.T.);
#8002 = LINE('',#8003,#8004);
#8003 = CARTESIAN_POINT('',(12.58,-2.38,1.59));
#8004 = VECTOR('',#8005,1.);
#8005 = DIRECTION('',(0.,0.,-1.));
#8006 = PLANE('',#8007);
#8007 = AXIS2_PLACEMENT_3D('',#8008,#8009,#8010);
#8008 = CARTESIAN_POINT('',(12.5,-2.3,1.59));
#8009 = DIRECTION('',(0.707106781187,0.707106781187,-1.735167508357E-18)
  );
#8010 = DIRECTION('',(1.226948711654E-18,1.226948711654E-18,1.));
#8011 = ADVANCED_FACE('',(#8012),#8030,.T.);
#8012 = FACE_BOUND('',#8013,.F.);
#8013 = EDGE_LOOP('',(#8014,#8015,#8016,#8024));
#8014 = ORIENTED_EDGE('',*,*,#7993,.F.);
#8015 = ORIENTED_EDGE('',*,*,#5508,.T.);
#8016 = ORIENTED_EDGE('',*,*,#8017,.T.);
#8017 = EDGE_CURVE('',#5509,#8018,#8020,.T.);
#8018 = VERTEX_POINT('',#8019);
#8019 = CARTESIAN_POINT('',(12.58,-2.7,1.11));
#8020 = LINE('',#8021,#8022);
#8021 = CARTESIAN_POINT('',(12.686666666667,-2.593333333333,
    1.216666666667));
#8022 = VECTOR('',#8023,1.);
#8023 = DIRECTION('',(0.57735026919,0.57735026919,0.57735026919));
#8024 = ORIENTED_EDGE('',*,*,#8025,.F.);
#8025 = EDGE_CURVE('',#7994,#8018,#8026,.T.);
#8026 = LINE('',#8027,#8028);
#8027 = CARTESIAN_POINT('',(12.58,-2.22,1.11));
#8028 = VECTOR('',#8029,1.);
#8029 = DIRECTION('',(0.,-1.,0.));
#8030 = PLANE('',#8031);
#8031 = AXIS2_PLACEMENT_3D('',#8032,#8033,#8034);
#8032 = CARTESIAN_POINT('',(12.5,-2.22,1.03));
#8033 = DIRECTION('',(0.707106781187,0.,-0.707106781187));
#8034 = DIRECTION('',(0.,1.,0.));
#8035 = ADVANCED_FACE('',(#8036),#8047,.F.);
#8036 = FACE_BOUND('',#8037,.T.);
#8037 = EDGE_LOOP('',(#8038,#8039,#8040,#8041));
#8038 = ORIENTED_EDGE('',*,*,#7969,.F.);
#8039 = ORIENTED_EDGE('',*,*,#5533,.T.);
#8040 = ORIENTED_EDGE('',*,*,#8017,.T.);
#8041 = ORIENTED_EDGE('',*,*,#8042,.F.);
#8042 = EDGE_CURVE('',#7970,#8018,#8043,.T.);
#8043 = LINE('',#8044,#8045);
#8044 = CARTESIAN_POINT('',(12.58,-2.7,1.59));
#8045 = VECTOR('',#8046,1.);
#8046 = DIRECTION('',(0.,0.,-1.));
#8047 = PLANE('',#8048);
#8048 = AXIS2_PLACEMENT_3D('',#8049,#8050,#8051);
#8049 = CARTESIAN_POINT('',(12.5,-2.78,1.59));
#8050 = DIRECTION('',(-0.707106781187,0.707106781187,1.735167508357E-18)
  );
#8051 = DIRECTION('',(1.226948711654E-18,-1.226948711654E-18,1.));
#8052 = ADVANCED_FACE('',(#8053),#8078,.T.);
#8053 = FACE_BOUND('',#8054,.F.);
#8054 = EDGE_LOOP('',(#8055,#8063,#8064,#8072));
#8055 = ORIENTED_EDGE('',*,*,#8056,.F.);
#8056 = EDGE_CURVE('',#5550,#8057,#8059,.T.);
#8057 = VERTEX_POINT('',#8058);
#8058 = CARTESIAN_POINT('',(12.58,-4.92,1.43));
#8059 = LINE('',#8060,#8061);
#8060 = CARTESIAN_POINT('',(12.473333333333,-4.813333333333,
    1.536666666667));
#8061 = VECTOR('',#8062,1.);
#8062 = DIRECTION('',(0.57735026919,-0.57735026919,-0.57735026919));
#8063 = ORIENTED_EDGE('',*,*,#5557,.T.);
#8064 = ORIENTED_EDGE('',*,*,#8065,.T.);
#8065 = EDGE_CURVE('',#5558,#8066,#8068,.T.);
#8066 = VERTEX_POINT('',#8067);
#8067 = CARTESIAN_POINT('',(12.58,-4.92,1.11));
#8068 = LINE('',#8069,#8070);
#8069 = CARTESIAN_POINT('',(12.58,-4.92,1.11));
#8070 = VECTOR('',#8071,1.);
#8071 = DIRECTION('',(0.57735026919,-0.57735026919,0.57735026919));
#8072 = ORIENTED_EDGE('',*,*,#8073,.F.);
#8073 = EDGE_CURVE('',#8057,#8066,#8074,.T.);
#8074 = LINE('',#8075,#8076);
#8075 = CARTESIAN_POINT('',(12.58,-4.92,1.59));
#8076 = VECTOR('',#8077,1.);
#8077 = DIRECTION('',(0.,0.,-1.));
#8078 = PLANE('',#8079);
#8079 = AXIS2_PLACEMENT_3D('',#8080,#8081,#8082);
#8080 = CARTESIAN_POINT('',(12.5,-4.84,1.59));
#8081 = DIRECTION('',(0.707106781187,0.707106781187,-1.735167508357E-18)
  );
#8082 = DIRECTION('',(1.226948711654E-18,1.226948711654E-18,1.));
#8083 = ADVANCED_FACE('',(#8084),#8102,.T.);
#8084 = FACE_BOUND('',#8085,.F.);
#8085 = EDGE_LOOP('',(#8086,#8087,#8088,#8096));
#8086 = ORIENTED_EDGE('',*,*,#8065,.F.);
#8087 = ORIENTED_EDGE('',*,*,#5580,.T.);
#8088 = ORIENTED_EDGE('',*,*,#8089,.T.);
#8089 = EDGE_CURVE('',#5581,#8090,#8092,.T.);
#8090 = VERTEX_POINT('',#8091);
#8091 = CARTESIAN_POINT('',(12.58,-5.24,1.11));
#8092 = LINE('',#8093,#8094);
#8093 = CARTESIAN_POINT('',(12.686666666667,-5.133333333333,
    1.216666666667));
#8094 = VECTOR('',#8095,1.);
#8095 = DIRECTION('',(0.57735026919,0.57735026919,0.57735026919));
#8096 = ORIENTED_EDGE('',*,*,#8097,.F.);
#8097 = EDGE_CURVE('',#8066,#8090,#8098,.T.);
#8098 = LINE('',#8099,#8100);
#8099 = CARTESIAN_POINT('',(12.58,-4.76,1.11));
#8100 = VECTOR('',#8101,1.);
#8101 = DIRECTION('',(0.,-1.,0.));
#8102 = PLANE('',#8103);
#8103 = AXIS2_PLACEMENT_3D('',#8104,#8105,#8106);
#8104 = CARTESIAN_POINT('',(12.5,-4.76,1.03));
#8105 = DIRECTION('',(0.707106781187,0.,-0.707106781187));
#8106 = DIRECTION('',(0.,1.,0.));
#8107 = ADVANCED_FACE('',(#8108),#8126,.F.);
#8108 = FACE_BOUND('',#8109,.T.);
#8109 = EDGE_LOOP('',(#8110,#8118,#8119,#8120));
#8110 = ORIENTED_EDGE('',*,*,#8111,.F.);
#8111 = EDGE_CURVE('',#5605,#8112,#8114,.T.);
#8112 = VERTEX_POINT('',#8113);
#8113 = CARTESIAN_POINT('',(12.58,-5.24,1.43));
#8114 = LINE('',#8115,#8116);
#8115 = CARTESIAN_POINT('',(12.58,-5.24,1.43));
#8116 = VECTOR('',#8117,1.);
#8117 = DIRECTION('',(0.57735026919,0.57735026919,-0.57735026919));
#8118 = ORIENTED_EDGE('',*,*,#5612,.T.);
#8119 = ORIENTED_EDGE('',*,*,#8089,.T.);
#8120 = ORIENTED_EDGE('',*,*,#8121,.F.);
#8121 = EDGE_CURVE('',#8112,#8090,#8122,.T.);
#8122 = LINE('',#8123,#8124);
#8123 = CARTESIAN_POINT('',(12.58,-5.24,1.59));
#8124 = VECTOR('',#8125,1.);
#8125 = DIRECTION('',(0.,0.,-1.));
#8126 = PLANE('',#8127);
#8127 = AXIS2_PLACEMENT_3D('',#8128,#8129,#8130);
#8128 = CARTESIAN_POINT('',(12.5,-5.32,1.59));
#8129 = DIRECTION('',(-0.707106781187,0.707106781187,1.735167508357E-18)
  );
#8130 = DIRECTION('',(1.226948711654E-18,-1.226948711654E-18,1.));
#8131 = ADVANCED_FACE('',(#8132),#8143,.T.);
#8132 = FACE_BOUND('',#8133,.T.);
#8133 = EDGE_LOOP('',(#8134,#8135,#8136,#8137));
#8134 = ORIENTED_EDGE('',*,*,#8056,.F.);
#8135 = ORIENTED_EDGE('',*,*,#5630,.T.);
#8136 = ORIENTED_EDGE('',*,*,#8111,.T.);
#8137 = ORIENTED_EDGE('',*,*,#8138,.F.);
#8138 = EDGE_CURVE('',#8057,#8112,#8139,.T.);
#8139 = LINE('',#8140,#8141);
#8140 = CARTESIAN_POINT('',(12.58,-4.76,1.43));
#8141 = VECTOR('',#8142,1.);
#8142 = DIRECTION('',(0.,-1.,0.));
#8143 = PLANE('',#8144);
#8144 = AXIS2_PLACEMENT_3D('',#8145,#8146,#8147);
#8145 = CARTESIAN_POINT('',(12.5,-4.76,1.51));
#8146 = DIRECTION('',(0.707106781187,-1.735167508357E-18,0.707106781187)
  );
#8147 = DIRECTION('',(-1.226948711654E-18,-1.,-1.226948711654E-18));
#8148 = ADVANCED_FACE('',(#8149),#8174,.T.);
#8149 = FACE_BOUND('',#8150,.F.);
#8150 = EDGE_LOOP('',(#8151,#8159,#8160,#8168));
#8151 = ORIENTED_EDGE('',*,*,#8152,.F.);
#8152 = EDGE_CURVE('',#5646,#8153,#8155,.T.);
#8153 = VERTEX_POINT('',#8154);
#8154 = CARTESIAN_POINT('',(12.58,-12.54,1.43));
#8155 = LINE('',#8156,#8157);
#8156 = CARTESIAN_POINT('',(12.473333333333,-12.43333333333,
    1.536666666667));
#8157 = VECTOR('',#8158,1.);
#8158 = DIRECTION('',(0.57735026919,-0.57735026919,-0.57735026919));
#8159 = ORIENTED_EDGE('',*,*,#5653,.T.);
#8160 = ORIENTED_EDGE('',*,*,#8161,.T.);
#8161 = EDGE_CURVE('',#5654,#8162,#8164,.T.);
#8162 = VERTEX_POINT('',#8163);
#8163 = CARTESIAN_POINT('',(12.58,-12.54,1.11));
#8164 = LINE('',#8165,#8166);
#8165 = CARTESIAN_POINT('',(12.58,-12.54,1.11));
#8166 = VECTOR('',#8167,1.);
#8167 = DIRECTION('',(0.57735026919,-0.57735026919,0.57735026919));
#8168 = ORIENTED_EDGE('',*,*,#8169,.F.);
#8169 = EDGE_CURVE('',#8153,#8162,#8170,.T.);
#8170 = LINE('',#8171,#8172);
#8171 = CARTESIAN_POINT('',(12.58,-12.54,1.59));
#8172 = VECTOR('',#8173,1.);
#8173 = DIRECTION('',(0.,0.,-1.));
#8174 = PLANE('',#8175);
#8175 = AXIS2_PLACEMENT_3D('',#8176,#8177,#8178);
#8176 = CARTESIAN_POINT('',(12.5,-12.46,1.59));
#8177 = DIRECTION('',(0.707106781187,0.707106781187,-1.735167508357E-18)
  );
#8178 = DIRECTION('',(1.226948711654E-18,1.226948711654E-18,1.));
#8179 = ADVANCED_FACE('',(#8180),#8198,.T.);
#8180 = FACE_BOUND('',#8181,.F.);
#8181 = EDGE_LOOP('',(#8182,#8183,#8184,#8192));
#8182 = ORIENTED_EDGE('',*,*,#8161,.F.);
#8183 = ORIENTED_EDGE('',*,*,#5676,.T.);
#8184 = ORIENTED_EDGE('',*,*,#8185,.T.);
#8185 = EDGE_CURVE('',#5677,#8186,#8188,.T.);
#8186 = VERTEX_POINT('',#8187);
#8187 = CARTESIAN_POINT('',(12.58,-12.86,1.11));
#8188 = LINE('',#8189,#8190);
#8189 = CARTESIAN_POINT('',(12.686666666667,-12.75333333333,
    1.216666666667));
#8190 = VECTOR('',#8191,1.);
#8191 = DIRECTION('',(0.57735026919,0.57735026919,0.57735026919));
#8192 = ORIENTED_EDGE('',*,*,#8193,.F.);
#8193 = EDGE_CURVE('',#8162,#8186,#8194,.T.);
#8194 = LINE('',#8195,#8196);
#8195 = CARTESIAN_POINT('',(12.58,-12.38,1.11));
#8196 = VECTOR('',#8197,1.);
#8197 = DIRECTION('',(0.,-1.,0.));
#8198 = PLANE('',#8199);
#8199 = AXIS2_PLACEMENT_3D('',#8200,#8201,#8202);
#8200 = CARTESIAN_POINT('',(12.5,-12.38,1.03));
#8201 = DIRECTION('',(0.707106781187,0.,-0.707106781187));
#8202 = DIRECTION('',(0.,1.,0.));
#8203 = ADVANCED_FACE('',(#8204),#8222,.F.);
#8204 = FACE_BOUND('',#8205,.T.);
#8205 = EDGE_LOOP('',(#8206,#8214,#8215,#8216));
#8206 = ORIENTED_EDGE('',*,*,#8207,.F.);
#8207 = EDGE_CURVE('',#5701,#8208,#8210,.T.);
#8208 = VERTEX_POINT('',#8209);
#8209 = CARTESIAN_POINT('',(12.58,-12.86,1.43));
#8210 = LINE('',#8211,#8212);
#8211 = CARTESIAN_POINT('',(12.58,-12.86,1.43));
#8212 = VECTOR('',#8213,1.);
#8213 = DIRECTION('',(0.57735026919,0.57735026919,-0.57735026919));
#8214 = ORIENTED_EDGE('',*,*,#5708,.T.);
#8215 = ORIENTED_EDGE('',*,*,#8185,.T.);
#8216 = ORIENTED_EDGE('',*,*,#8217,.F.);
#8217 = EDGE_CURVE('',#8208,#8186,#8218,.T.);
#8218 = LINE('',#8219,#8220);
#8219 = CARTESIAN_POINT('',(12.58,-12.86,1.59));
#8220 = VECTOR('',#8221,1.);
#8221 = DIRECTION('',(0.,0.,-1.));
#8222 = PLANE('',#8223);
#8223 = AXIS2_PLACEMENT_3D('',#8224,#8225,#8226);
#8224 = CARTESIAN_POINT('',(12.5,-12.94,1.59));
#8225 = DIRECTION('',(-0.707106781187,0.707106781187,1.735167508357E-18)
  );
#8226 = DIRECTION('',(1.226948711654E-18,-1.226948711654E-18,1.));
#8227 = ADVANCED_FACE('',(#8228),#8239,.T.);
#8228 = FACE_BOUND('',#8229,.T.);
#8229 = EDGE_LOOP('',(#8230,#8231,#8232,#8233));
#8230 = ORIENTED_EDGE('',*,*,#8152,.F.);
#8231 = ORIENTED_EDGE('',*,*,#5726,.T.);
#8232 = ORIENTED_EDGE('',*,*,#8207,.T.);
#8233 = ORIENTED_EDGE('',*,*,#8234,.F.);
#8234 = EDGE_CURVE('',#8153,#8208,#8235,.T.);
#8235 = LINE('',#8236,#8237);
#8236 = CARTESIAN_POINT('',(12.58,-12.38,1.43));
#8237 = VECTOR('',#8238,1.);
#8238 = DIRECTION('',(0.,-1.,0.));
#8239 = PLANE('',#8240);
#8240 = AXIS2_PLACEMENT_3D('',#8241,#8242,#8243);
#8241 = CARTESIAN_POINT('',(12.5,-12.38,1.51));
#8242 = DIRECTION('',(0.707106781187,-1.735167508357E-18,0.707106781187)
  );
#8243 = DIRECTION('',(-1.226948711654E-18,-1.,-1.226948711654E-18));
#8244 = ADVANCED_FACE('',(#8245),#8270,.T.);
#8245 = FACE_BOUND('',#8246,.F.);
#8246 = EDGE_LOOP('',(#8247,#8255,#8256,#8264));
#8247 = ORIENTED_EDGE('',*,*,#8248,.F.);
#8248 = EDGE_CURVE('',#5742,#8249,#8251,.T.);
#8249 = VERTEX_POINT('',#8250);
#8250 = CARTESIAN_POINT('',(12.58,0.16,3.97));
#8251 = LINE('',#8252,#8253);
#8252 = CARTESIAN_POINT('',(12.473333333333,0.266666666667,
    4.076666666667));
#8253 = VECTOR('',#8254,1.);
#8254 = DIRECTION('',(0.57735026919,-0.57735026919,-0.57735026919));
#8255 = ORIENTED_EDGE('',*,*,#5749,.T.);
#8256 = ORIENTED_EDGE('',*,*,#8257,.T.);
#8257 = EDGE_CURVE('',#5750,#8258,#8260,.T.);
#8258 = VERTEX_POINT('',#8259);
#8259 = CARTESIAN_POINT('',(12.58,0.16,3.65));
#8260 = LINE('',#8261,#8262);
#8261 = CARTESIAN_POINT('',(12.58,0.16,3.65));
#8262 = VECTOR('',#8263,1.);
#8263 = DIRECTION('',(0.57735026919,-0.57735026919,0.57735026919));
#8264 = ORIENTED_EDGE('',*,*,#8265,.F.);
#8265 = EDGE_CURVE('',#8249,#8258,#8266,.T.);
#8266 = LINE('',#8267,#8268);
#8267 = CARTESIAN_POINT('',(12.58,0.16,4.13));
#8268 = VECTOR('',#8269,1.);
#8269 = DIRECTION('',(0.,0.,-1.));
#8270 = PLANE('',#8271);
#8271 = AXIS2_PLACEMENT_3D('',#8272,#8273,#8274);
#8272 = CARTESIAN_POINT('',(12.5,0.24,4.13));
#8273 = DIRECTION('',(0.707106781187,0.707106781187,-1.735167508357E-18)
  );
#8274 = DIRECTION('',(1.226948711654E-18,1.226948711654E-18,1.));
#8275 = ADVANCED_FACE('',(#8276),#8294,.T.);
#8276 = FACE_BOUND('',#8277,.F.);
#8277 = EDGE_LOOP('',(#8278,#8279,#8280,#8288));
#8278 = ORIENTED_EDGE('',*,*,#8257,.F.);
#8279 = ORIENTED_EDGE('',*,*,#5772,.T.);
#8280 = ORIENTED_EDGE('',*,*,#8281,.T.);
#8281 = EDGE_CURVE('',#5773,#8282,#8284,.T.);
#8282 = VERTEX_POINT('',#8283);
#8283 = CARTESIAN_POINT('',(12.58,-0.16,3.65));
#8284 = LINE('',#8285,#8286);
#8285 = CARTESIAN_POINT('',(12.686666666667,-5.333333333334E-02,
    3.756666666667));
#8286 = VECTOR('',#8287,1.);
#8287 = DIRECTION('',(0.57735026919,0.57735026919,0.57735026919));
#8288 = ORIENTED_EDGE('',*,*,#8289,.F.);
#8289 = EDGE_CURVE('',#8258,#8282,#8290,.T.);
#8290 = LINE('',#8291,#8292);
#8291 = CARTESIAN_POINT('',(12.58,0.32,3.65));
#8292 = VECTOR('',#8293,1.);
#8293 = DIRECTION('',(0.,-1.,0.));
#8294 = PLANE('',#8295);
#8295 = AXIS2_PLACEMENT_3D('',#8296,#8297,#8298);
#8296 = CARTESIAN_POINT('',(12.5,0.32,3.57));
#8297 = DIRECTION('',(0.707106781187,0.,-0.707106781187));
#8298 = DIRECTION('',(0.,1.,0.));
#8299 = ADVANCED_FACE('',(#8300),#8318,.F.);
#8300 = FACE_BOUND('',#8301,.T.);
#8301 = EDGE_LOOP('',(#8302,#8310,#8311,#8312));
#8302 = ORIENTED_EDGE('',*,*,#8303,.F.);
#8303 = EDGE_CURVE('',#5797,#8304,#8306,.T.);
#8304 = VERTEX_POINT('',#8305);
#8305 = CARTESIAN_POINT('',(12.58,-0.16,3.97));
#8306 = LINE('',#8307,#8308);
#8307 = CARTESIAN_POINT('',(12.58,-0.16,3.97));
#8308 = VECTOR('',#8309,1.);
#8309 = DIRECTION('',(0.57735026919,0.57735026919,-0.57735026919));
#8310 = ORIENTED_EDGE('',*,*,#5804,.T.);
#8311 = ORIENTED_EDGE('',*,*,#8281,.T.);
#8312 = ORIENTED_EDGE('',*,*,#8313,.F.);
#8313 = EDGE_CURVE('',#8304,#8282,#8314,.T.);
#8314 = LINE('',#8315,#8316);
#8315 = CARTESIAN_POINT('',(12.58,-0.16,4.13));
#8316 = VECTOR('',#8317,1.);
#8317 = DIRECTION('',(0.,0.,-1.));
#8318 = PLANE('',#8319);
#8319 = AXIS2_PLACEMENT_3D('',#8320,#8321,#8322);
#8320 = CARTESIAN_POINT('',(12.5,-0.24,4.13));
#8321 = DIRECTION('',(-0.707106781187,0.707106781187,1.735167508357E-18)
  );
#8322 = DIRECTION('',(1.226948711654E-18,-1.226948711654E-18,1.));
#8323 = ADVANCED_FACE('',(#8324),#8335,.T.);
#8324 = FACE_BOUND('',#8325,.T.);
#8325 = EDGE_LOOP('',(#8326,#8327,#8328,#8329));
#8326 = ORIENTED_EDGE('',*,*,#8248,.F.);
#8327 = ORIENTED_EDGE('',*,*,#5822,.T.);
#8328 = ORIENTED_EDGE('',*,*,#8303,.T.);
#8329 = ORIENTED_EDGE('',*,*,#8330,.F.);
#8330 = EDGE_CURVE('',#8249,#8304,#8331,.T.);
#8331 = LINE('',#8332,#8333);
#8332 = CARTESIAN_POINT('',(12.58,0.32,3.97));
#8333 = VECTOR('',#8334,1.);
#8334 = DIRECTION('',(0.,-1.,0.));
#8335 = PLANE('',#8336);
#8336 = AXIS2_PLACEMENT_3D('',#8337,#8338,#8339);
#8337 = CARTESIAN_POINT('',(12.5,0.32,4.05));
#8338 = DIRECTION('',(0.707106781187,0.,0.707106781187));
#8339 = DIRECTION('',(0.,-1.,0.));
#8340 = ADVANCED_FACE('',(#8341),#8366,.T.);
#8341 = FACE_BOUND('',#8342,.T.);
#8342 = EDGE_LOOP('',(#8343,#8351,#8352,#8360));
#8343 = ORIENTED_EDGE('',*,*,#8344,.F.);
#8344 = EDGE_CURVE('',#5837,#8345,#8347,.T.);
#8345 = VERTEX_POINT('',#8346);
#8346 = CARTESIAN_POINT('',(12.58,0.16,1.43));
#8347 = LINE('',#8348,#8349);
#8348 = CARTESIAN_POINT('',(12.473333333333,0.266666666667,
    1.536666666667));
#8349 = VECTOR('',#8350,1.);
#8350 = DIRECTION('',(0.57735026919,-0.57735026919,-0.57735026919));
#8351 = ORIENTED_EDGE('',*,*,#5853,.T.);
#8352 = ORIENTED_EDGE('',*,*,#8353,.T.);
#8353 = EDGE_CURVE('',#5846,#8354,#8356,.T.);
#8354 = VERTEX_POINT('',#8355);
#8355 = CARTESIAN_POINT('',(12.58,-0.16,1.43));
#8356 = LINE('',#8357,#8358);
#8357 = CARTESIAN_POINT('',(12.58,-0.16,1.43));
#8358 = VECTOR('',#8359,1.);
#8359 = DIRECTION('',(0.57735026919,0.57735026919,-0.57735026919));
#8360 = ORIENTED_EDGE('',*,*,#8361,.F.);
#8361 = EDGE_CURVE('',#8345,#8354,#8362,.T.);
#8362 = LINE('',#8363,#8364);
#8363 = CARTESIAN_POINT('',(12.58,0.32,1.43));
#8364 = VECTOR('',#8365,1.);
#8365 = DIRECTION('',(0.,-1.,0.));
#8366 = PLANE('',#8367);
#8367 = AXIS2_PLACEMENT_3D('',#8368,#8369,#8370);
#8368 = CARTESIAN_POINT('',(12.5,0.32,1.51));
#8369 = DIRECTION('',(0.707106781187,-1.735167508357E-18,0.707106781187)
  );
#8370 = DIRECTION('',(-1.226948711654E-18,-1.,-1.226948711654E-18));
#8371 = ADVANCED_FACE('',(#8372),#8390,.T.);
#8372 = FACE_BOUND('',#8373,.F.);
#8373 = EDGE_LOOP('',(#8374,#8375,#8376,#8384));
#8374 = ORIENTED_EDGE('',*,*,#8344,.F.);
#8375 = ORIENTED_EDGE('',*,*,#5869,.T.);
#8376 = ORIENTED_EDGE('',*,*,#8377,.T.);
#8377 = EDGE_CURVE('',#5870,#8378,#8380,.T.);
#8378 = VERTEX_POINT('',#8379);
#8379 = CARTESIAN_POINT('',(12.58,0.16,1.11));
#8380 = LINE('',#8381,#8382);
#8381 = CARTESIAN_POINT('',(12.58,0.16,1.11));
#8382 = VECTOR('',#8383,1.);
#8383 = DIRECTION('',(0.57735026919,-0.57735026919,0.57735026919));
#8384 = ORIENTED_EDGE('',*,*,#8385,.F.);
#8385 = EDGE_CURVE('',#8345,#8378,#8386,.T.);
#8386 = LINE('',#8387,#8388);
#8387 = CARTESIAN_POINT('',(12.58,0.16,1.59));
#8388 = VECTOR('',#8389,1.);
#8389 = DIRECTION('',(0.,0.,-1.));
#8390 = PLANE('',#8391);
#8391 = AXIS2_PLACEMENT_3D('',#8392,#8393,#8394);
#8392 = CARTESIAN_POINT('',(12.5,0.24,1.59));
#8393 = DIRECTION('',(0.707106781187,0.707106781187,-1.735167508357E-18)
  );
#8394 = DIRECTION('',(1.226948711654E-18,1.226948711654E-18,1.));
#8395 = ADVANCED_FACE('',(#8396),#8414,.T.);
#8396 = FACE_BOUND('',#8397,.F.);
#8397 = EDGE_LOOP('',(#8398,#8399,#8400,#8408));
#8398 = ORIENTED_EDGE('',*,*,#8377,.F.);
#8399 = ORIENTED_EDGE('',*,*,#5892,.T.);
#8400 = ORIENTED_EDGE('',*,*,#8401,.T.);
#8401 = EDGE_CURVE('',#5893,#8402,#8404,.T.);
#8402 = VERTEX_POINT('',#8403);
#8403 = CARTESIAN_POINT('',(12.58,-0.16,1.11));
#8404 = LINE('',#8405,#8406);
#8405 = CARTESIAN_POINT('',(12.686666666667,-5.333333333333E-02,
    1.216666666667));
#8406 = VECTOR('',#8407,1.);
#8407 = DIRECTION('',(0.57735026919,0.57735026919,0.57735026919));
#8408 = ORIENTED_EDGE('',*,*,#8409,.F.);
#8409 = EDGE_CURVE('',#8378,#8402,#8410,.T.);
#8410 = LINE('',#8411,#8412);
#8411 = CARTESIAN_POINT('',(12.58,0.32,1.11));
#8412 = VECTOR('',#8413,1.);
#8413 = DIRECTION('',(0.,-1.,0.));
#8414 = PLANE('',#8415);
#8415 = AXIS2_PLACEMENT_3D('',#8416,#8417,#8418);
#8416 = CARTESIAN_POINT('',(12.5,0.32,1.03));
#8417 = DIRECTION('',(0.707106781187,0.,-0.707106781187));
#8418 = DIRECTION('',(0.,1.,0.));
#8419 = ADVANCED_FACE('',(#8420),#8431,.F.);
#8420 = FACE_BOUND('',#8421,.T.);
#8421 = EDGE_LOOP('',(#8422,#8423,#8424,#8425));
#8422 = ORIENTED_EDGE('',*,*,#8353,.F.);
#8423 = ORIENTED_EDGE('',*,*,#5917,.T.);
#8424 = ORIENTED_EDGE('',*,*,#8401,.T.);
#8425 = ORIENTED_EDGE('',*,*,#8426,.F.);
#8426 = EDGE_CURVE('',#8354,#8402,#8427,.T.);
#8427 = LINE('',#8428,#8429);
#8428 = CARTESIAN_POINT('',(12.58,-0.16,1.59));
#8429 = VECTOR('',#8430,1.);
#8430 = DIRECTION('',(0.,0.,-1.));
#8431 = PLANE('',#8432);
#8432 = AXIS2_PLACEMENT_3D('',#8433,#8434,#8435);
#8433 = CARTESIAN_POINT('',(12.5,-0.24,1.59));
#8434 = DIRECTION('',(-0.707106781187,0.707106781187,1.735167508357E-18)
  );
#8435 = DIRECTION('',(1.226948711654E-18,-1.226948711654E-18,1.));
#8436 = ADVANCED_FACE('',(#8437),#8448,.T.);
#8437 = FACE_BOUND('',#8438,.F.);
#8438 = EDGE_LOOP('',(#8439,#8440,#8441,#8442));
#8439 = ORIENTED_EDGE('',*,*,#5975,.F.);
#8440 = ORIENTED_EDGE('',*,*,#5950,.T.);
#8441 = ORIENTED_EDGE('',*,*,#6030,.F.);
#8442 = ORIENTED_EDGE('',*,*,#8443,.F.);
#8443 = EDGE_CURVE('',#5976,#6023,#8444,.T.);
#8444 = LINE('',#8445,#8446);
#8445 = CARTESIAN_POINT('',(-0.16,-9.84,-3.));
#8446 = VECTOR('',#8447,1.);
#8447 = DIRECTION('',(0.,-1.,0.));
#8448 = PLANE('',#8449);
#8449 = AXIS2_PLACEMENT_3D('',#8450,#8451,#8452);
#8450 = CARTESIAN_POINT('',(-0.24,-9.84,-2.92));
#8451 = DIRECTION('',(-0.707106781187,-1.735167508357E-18,
    -0.707106781187));
#8452 = DIRECTION('',(-1.226948711654E-18,1.,-1.226948711654E-18));
#8453 = ADVANCED_FACE('',(#8454),#8465,.T.);
#8454 = FACE_BOUND('',#8455,.F.);
#8455 = EDGE_LOOP('',(#8456,#8457,#8463,#8464));
#8456 = ORIENTED_EDGE('',*,*,#5966,.F.);
#8457 = ORIENTED_EDGE('',*,*,#8458,.T.);
#8458 = EDGE_CURVE('',#5967,#6015,#8459,.T.);
#8459 = LINE('',#8460,#8461);
#8460 = CARTESIAN_POINT('',(0.16,-9.84,-3.));
#8461 = VECTOR('',#8462,1.);
#8462 = DIRECTION('',(0.,-1.,0.));
#8463 = ORIENTED_EDGE('',*,*,#6014,.T.);
#8464 = ORIENTED_EDGE('',*,*,#6000,.F.);
#8465 = PLANE('',#8466);
#8466 = AXIS2_PLACEMENT_3D('',#8467,#8468,#8469);
#8467 = CARTESIAN_POINT('',(0.24,-9.84,-2.92));
#8468 = DIRECTION('',(0.707106781187,1.735167508357E-18,-0.707106781187)
  );
#8469 = DIRECTION('',(-1.226948711654E-18,1.,1.226948711654E-18));
#8470 = ADVANCED_FACE('',(#8471),#8477,.T.);
#8471 = FACE_BOUND('',#8472,.T.);
#8472 = EDGE_LOOP('',(#8473,#8474,#8475,#8476));
#8473 = ORIENTED_EDGE('',*,*,#8458,.T.);
#8474 = ORIENTED_EDGE('',*,*,#6022,.T.);
#8475 = ORIENTED_EDGE('',*,*,#8443,.F.);
#8476 = ORIENTED_EDGE('',*,*,#5983,.F.);
#8477 = PLANE('',#8478);
#8478 = AXIS2_PLACEMENT_3D('',#8479,#8480,#8481);
#8479 = CARTESIAN_POINT('',(0.32,-9.84,-3.));
#8480 = DIRECTION('',(-0.,-0.,-1.));
#8481 = DIRECTION('',(-1.,0.,0.));
#8482 = ADVANCED_FACE('',(#8483),#8494,.T.);
#8483 = FACE_BOUND('',#8484,.F.);
#8484 = EDGE_LOOP('',(#8485,#8486,#8487,#8488));
#8485 = ORIENTED_EDGE('',*,*,#6088,.F.);
#8486 = ORIENTED_EDGE('',*,*,#6063,.T.);
#8487 = ORIENTED_EDGE('',*,*,#6143,.F.);
#8488 = ORIENTED_EDGE('',*,*,#8489,.F.);
#8489 = EDGE_CURVE('',#6089,#6136,#8490,.T.);
#8490 = LINE('',#8491,#8492);
#8491 = CARTESIAN_POINT('',(-0.16,-7.3,-3.));
#8492 = VECTOR('',#8493,1.);
#8493 = DIRECTION('',(0.,-1.,0.));
#8494 = PLANE('',#8495);
#8495 = AXIS2_PLACEMENT_3D('',#8496,#8497,#8498);
#8496 = CARTESIAN_POINT('',(-0.24,-7.3,-2.92));
#8497 = DIRECTION('',(-0.707106781187,-1.735167508357E-18,
    -0.707106781187));
#8498 = DIRECTION('',(-1.226948711654E-18,1.,-1.226948711654E-18));
#8499 = ADVANCED_FACE('',(#8500),#8511,.T.);
#8500 = FACE_BOUND('',#8501,.F.);
#8501 = EDGE_LOOP('',(#8502,#8503,#8509,#8510));
#8502 = ORIENTED_EDGE('',*,*,#6079,.F.);
#8503 = ORIENTED_EDGE('',*,*,#8504,.T.);
#8504 = EDGE_CURVE('',#6080,#6128,#8505,.T.);
#8505 = LINE('',#8506,#8507);
#8506 = CARTESIAN_POINT('',(0.16,-7.3,-3.));
#8507 = VECTOR('',#8508,1.);
#8508 = DIRECTION('',(0.,-1.,0.));
#8509 = ORIENTED_EDGE('',*,*,#6127,.T.);
#8510 = ORIENTED_EDGE('',*,*,#6113,.F.);
#8511 = PLANE('',#8512);
#8512 = AXIS2_PLACEMENT_3D('',#8513,#8514,#8515);
#8513 = CARTESIAN_POINT('',(0.24,-7.3,-2.92));
#8514 = DIRECTION('',(0.707106781187,1.735167508357E-18,-0.707106781187)
  );
#8515 = DIRECTION('',(-1.226948711654E-18,1.,1.226948711654E-18));
#8516 = ADVANCED_FACE('',(#8517),#8523,.T.);
#8517 = FACE_BOUND('',#8518,.T.);
#8518 = EDGE_LOOP('',(#8519,#8520,#8521,#8522));
#8519 = ORIENTED_EDGE('',*,*,#8504,.T.);
#8520 = ORIENTED_EDGE('',*,*,#6135,.T.);
#8521 = ORIENTED_EDGE('',*,*,#8489,.F.);
#8522 = ORIENTED_EDGE('',*,*,#6096,.F.);
#8523 = PLANE('',#8524);
#8524 = AXIS2_PLACEMENT_3D('',#8525,#8526,#8527);
#8525 = CARTESIAN_POINT('',(0.32,-7.3,-3.));
#8526 = DIRECTION('',(-0.,-0.,-1.));
#8527 = DIRECTION('',(-1.,0.,0.));
#8528 = ADVANCED_FACE('',(#8529),#8540,.T.);
#8529 = FACE_BOUND('',#8530,.F.);
#8530 = EDGE_LOOP('',(#8531,#8532,#8533,#8534));
#8531 = ORIENTED_EDGE('',*,*,#6201,.F.);
#8532 = ORIENTED_EDGE('',*,*,#6176,.T.);
#8533 = ORIENTED_EDGE('',*,*,#6256,.F.);
#8534 = ORIENTED_EDGE('',*,*,#8535,.F.);
#8535 = EDGE_CURVE('',#6202,#6249,#8536,.T.);
#8536 = LINE('',#8537,#8538);
#8537 = CARTESIAN_POINT('',(-0.16,-2.22,-3.));
#8538 = VECTOR('',#8539,1.);
#8539 = DIRECTION('',(0.,-1.,0.));
#8540 = PLANE('',#8541);
#8541 = AXIS2_PLACEMENT_3D('',#8542,#8543,#8544);
#8542 = CARTESIAN_POINT('',(-0.24,-2.22,-2.92));
#8543 = DIRECTION('',(-0.707106781187,-1.735167508357E-18,
    -0.707106781187));
#8544 = DIRECTION('',(-1.226948711654E-18,1.,-1.226948711654E-18));
#8545 = ADVANCED_FACE('',(#8546),#8557,.T.);
#8546 = FACE_BOUND('',#8547,.F.);
#8547 = EDGE_LOOP('',(#8548,#8549,#8555,#8556));
#8548 = ORIENTED_EDGE('',*,*,#6192,.F.);
#8549 = ORIENTED_EDGE('',*,*,#8550,.T.);
#8550 = EDGE_CURVE('',#6193,#6241,#8551,.T.);
#8551 = LINE('',#8552,#8553);
#8552 = CARTESIAN_POINT('',(0.16,-2.22,-3.));
#8553 = VECTOR('',#8554,1.);
#8554 = DIRECTION('',(0.,-1.,0.));
#8555 = ORIENTED_EDGE('',*,*,#6240,.T.);
#8556 = ORIENTED_EDGE('',*,*,#6226,.F.);
#8557 = PLANE('',#8558);
#8558 = AXIS2_PLACEMENT_3D('',#8559,#8560,#8561);
#8559 = CARTESIAN_POINT('',(0.24,-2.22,-2.92));
#8560 = DIRECTION('',(0.707106781187,1.735167508357E-18,-0.707106781187)
  );
#8561 = DIRECTION('',(-1.226948711654E-18,1.,1.226948711654E-18));
#8562 = ADVANCED_FACE('',(#8563),#8569,.T.);
#8563 = FACE_BOUND('',#8564,.T.);
#8564 = EDGE_LOOP('',(#8565,#8566,#8567,#8568));
#8565 = ORIENTED_EDGE('',*,*,#8550,.T.);
#8566 = ORIENTED_EDGE('',*,*,#6248,.T.);
#8567 = ORIENTED_EDGE('',*,*,#8535,.F.);
#8568 = ORIENTED_EDGE('',*,*,#6209,.F.);
#8569 = PLANE('',#8570);
#8570 = AXIS2_PLACEMENT_3D('',#8571,#8572,#8573);
#8571 = CARTESIAN_POINT('',(0.32,-2.22,-3.));
#8572 = DIRECTION('',(-0.,-0.,-1.));
#8573 = DIRECTION('',(-1.,0.,0.));
#8574 = ADVANCED_FACE('',(#8575),#8586,.T.);
#8575 = FACE_BOUND('',#8576,.F.);
#8576 = EDGE_LOOP('',(#8577,#8578,#8579,#8580));
#8577 = ORIENTED_EDGE('',*,*,#6314,.F.);
#8578 = ORIENTED_EDGE('',*,*,#6289,.T.);
#8579 = ORIENTED_EDGE('',*,*,#6369,.F.);
#8580 = ORIENTED_EDGE('',*,*,#8581,.F.);
#8581 = EDGE_CURVE('',#6315,#6362,#8582,.T.);
#8582 = LINE('',#8583,#8584);
#8583 = CARTESIAN_POINT('',(-0.16,-4.76,-3.));
#8584 = VECTOR('',#8585,1.);
#8585 = DIRECTION('',(0.,-1.,0.));
#8586 = PLANE('',#8587);
#8587 = AXIS2_PLACEMENT_3D('',#8588,#8589,#8590);
#8588 = CARTESIAN_POINT('',(-0.24,-4.76,-2.92));
#8589 = DIRECTION('',(-0.707106781187,-1.735167508357E-18,
    -0.707106781187));
#8590 = DIRECTION('',(-1.226948711654E-18,1.,-1.226948711654E-18));
#8591 = ADVANCED_FACE('',(#8592),#8603,.T.);
#8592 = FACE_BOUND('',#8593,.F.);
#8593 = EDGE_LOOP('',(#8594,#8595,#8601,#8602));
#8594 = ORIENTED_EDGE('',*,*,#6305,.F.);
#8595 = ORIENTED_EDGE('',*,*,#8596,.T.);
#8596 = EDGE_CURVE('',#6306,#6354,#8597,.T.);
#8597 = LINE('',#8598,#8599);
#8598 = CARTESIAN_POINT('',(0.16,-4.76,-3.));
#8599 = VECTOR('',#8600,1.);
#8600 = DIRECTION('',(0.,-1.,0.));
#8601 = ORIENTED_EDGE('',*,*,#6353,.T.);
#8602 = ORIENTED_EDGE('',*,*,#6339,.F.);
#8603 = PLANE('',#8604);
#8604 = AXIS2_PLACEMENT_3D('',#8605,#8606,#8607);
#8605 = CARTESIAN_POINT('',(0.24,-4.76,-2.92));
#8606 = DIRECTION('',(0.707106781187,1.735167508357E-18,-0.707106781187)
  );
#8607 = DIRECTION('',(-1.226948711654E-18,1.,1.226948711654E-18));
#8608 = ADVANCED_FACE('',(#8609),#8615,.T.);
#8609 = FACE_BOUND('',#8610,.T.);
#8610 = EDGE_LOOP('',(#8611,#8612,#8613,#8614));
#8611 = ORIENTED_EDGE('',*,*,#8596,.T.);
#8612 = ORIENTED_EDGE('',*,*,#6361,.T.);
#8613 = ORIENTED_EDGE('',*,*,#8581,.F.);
#8614 = ORIENTED_EDGE('',*,*,#6322,.F.);
#8615 = PLANE('',#8616);
#8616 = AXIS2_PLACEMENT_3D('',#8617,#8618,#8619);
#8617 = CARTESIAN_POINT('',(0.32,-4.76,-3.));
#8618 = DIRECTION('',(-0.,-0.,-1.));
#8619 = DIRECTION('',(-1.,0.,0.));
#8620 = ADVANCED_FACE('',(#8621),#8632,.T.);
#8621 = FACE_BOUND('',#8622,.F.);
#8622 = EDGE_LOOP('',(#8623,#8624,#8630,#8631));
#8623 = ORIENTED_EDGE('',*,*,#6466,.F.);
#8624 = ORIENTED_EDGE('',*,*,#8625,.T.);
#8625 = EDGE_CURVE('',#6467,#6436,#8626,.T.);
#8626 = LINE('',#8627,#8628);
#8627 = CARTESIAN_POINT('',(0.16,-12.38,-3.));
#8628 = VECTOR('',#8629,1.);
#8629 = DIRECTION('',(0.,-1.,0.));
#8630 = ORIENTED_EDGE('',*,*,#6435,.T.);
#8631 = ORIENTED_EDGE('',*,*,#6387,.F.);
#8632 = PLANE('',#8633);
#8633 = AXIS2_PLACEMENT_3D('',#8634,#8635,#8636);
#8634 = CARTESIAN_POINT('',(0.24,-12.38,-2.92));
#8635 = DIRECTION('',(0.707106781187,1.735167508357E-18,-0.707106781187)
  );
#8636 = DIRECTION('',(-1.226948711654E-18,1.,1.226948711654E-18));
#8637 = ADVANCED_FACE('',(#8638),#8649,.T.);
#8638 = FACE_BOUND('',#8639,.F.);
#8639 = EDGE_LOOP('',(#8640,#8641,#8642,#8643));
#8640 = ORIENTED_EDGE('',*,*,#6475,.F.);
#8641 = ORIENTED_EDGE('',*,*,#6419,.T.);
#8642 = ORIENTED_EDGE('',*,*,#6451,.F.);
#8643 = ORIENTED_EDGE('',*,*,#8644,.F.);
#8644 = EDGE_CURVE('',#6476,#6444,#8645,.T.);
#8645 = LINE('',#8646,#8647);
#8646 = CARTESIAN_POINT('',(-0.16,-12.38,-3.));
#8647 = VECTOR('',#8648,1.);
#8648 = DIRECTION('',(0.,-1.,0.));
#8649 = PLANE('',#8650);
#8650 = AXIS2_PLACEMENT_3D('',#8651,#8652,#8653);
#8651 = CARTESIAN_POINT('',(-0.24,-12.38,-2.92));
#8652 = DIRECTION('',(-0.707106781187,-1.735167508357E-18,
    -0.707106781187));
#8653 = DIRECTION('',(-1.226948711654E-18,1.,-1.226948711654E-18));
#8654 = ADVANCED_FACE('',(#8655),#8661,.T.);
#8655 = FACE_BOUND('',#8656,.T.);
#8656 = EDGE_LOOP('',(#8657,#8658,#8659,#8660));
#8657 = ORIENTED_EDGE('',*,*,#8625,.T.);
#8658 = ORIENTED_EDGE('',*,*,#6443,.T.);
#8659 = ORIENTED_EDGE('',*,*,#8644,.F.);
#8660 = ORIENTED_EDGE('',*,*,#6483,.F.);
#8661 = PLANE('',#8662);
#8662 = AXIS2_PLACEMENT_3D('',#8663,#8664,#8665);
#8663 = CARTESIAN_POINT('',(0.32,-12.38,-3.));
#8664 = DIRECTION('',(-0.,-0.,-1.));
#8665 = DIRECTION('',(-1.,0.,0.));
#8666 = ADVANCED_FACE('',(#8667),#8678,.T.);
#8667 = FACE_BOUND('',#8668,.F.);
#8668 = EDGE_LOOP('',(#8669,#8670,#8671,#8672));
#8669 = ORIENTED_EDGE('',*,*,#6540,.F.);
#8670 = ORIENTED_EDGE('',*,*,#6515,.T.);
#8671 = ORIENTED_EDGE('',*,*,#6595,.F.);
#8672 = ORIENTED_EDGE('',*,*,#8673,.F.);
#8673 = EDGE_CURVE('',#6541,#6588,#8674,.T.);
#8674 = LINE('',#8675,#8676);
#8675 = CARTESIAN_POINT('',(2.38,-9.84,-3.));
#8676 = VECTOR('',#8677,1.);
#8677 = DIRECTION('',(0.,-1.,0.));
#8678 = PLANE('',#8679);
#8679 = AXIS2_PLACEMENT_3D('',#8680,#8681,#8682);
#8680 = CARTESIAN_POINT('',(2.3,-9.84,-2.92));
#8681 = DIRECTION('',(-0.707106781187,0.,-0.707106781187));
#8682 = DIRECTION('',(0.,1.,0.));
#8683 = ADVANCED_FACE('',(#8684),#8695,.T.);
#8684 = FACE_BOUND('',#8685,.F.);
#8685 = EDGE_LOOP('',(#8686,#8687,#8693,#8694));
#8686 = ORIENTED_EDGE('',*,*,#6531,.F.);
#8687 = ORIENTED_EDGE('',*,*,#8688,.T.);
#8688 = EDGE_CURVE('',#6532,#6580,#8689,.T.);
#8689 = LINE('',#8690,#8691);
#8690 = CARTESIAN_POINT('',(2.7,-9.84,-3.));
#8691 = VECTOR('',#8692,1.);
#8692 = DIRECTION('',(0.,-1.,0.));
#8693 = ORIENTED_EDGE('',*,*,#6579,.T.);
#8694 = ORIENTED_EDGE('',*,*,#6565,.F.);
#8695 = PLANE('',#8696);
#8696 = AXIS2_PLACEMENT_3D('',#8697,#8698,#8699);
#8697 = CARTESIAN_POINT('',(2.78,-9.84,-2.92));
#8698 = DIRECTION('',(0.707106781187,0.,-0.707106781187));
#8699 = DIRECTION('',(0.,1.,0.));
#8700 = ADVANCED_FACE('',(#8701),#8707,.T.);
#8701 = FACE_BOUND('',#8702,.T.);
#8702 = EDGE_LOOP('',(#8703,#8704,#8705,#8706));
#8703 = ORIENTED_EDGE('',*,*,#8688,.T.);
#8704 = ORIENTED_EDGE('',*,*,#6587,.T.);
#8705 = ORIENTED_EDGE('',*,*,#8673,.F.);
#8706 = ORIENTED_EDGE('',*,*,#6548,.F.);
#8707 = PLANE('',#8708);
#8708 = AXIS2_PLACEMENT_3D('',#8709,#8710,#8711);
#8709 = CARTESIAN_POINT('',(2.86,-9.84,-3.));
#8710 = DIRECTION('',(-0.,-0.,-1.));
#8711 = DIRECTION('',(-1.,0.,0.));
#8712 = ADVANCED_FACE('',(#8713),#8724,.T.);
#8713 = FACE_BOUND('',#8714,.F.);
#8714 = EDGE_LOOP('',(#8715,#8716,#8717,#8718));
#8715 = ORIENTED_EDGE('',*,*,#6653,.F.);
#8716 = ORIENTED_EDGE('',*,*,#6628,.T.);
#8717 = ORIENTED_EDGE('',*,*,#6708,.F.);
#8718 = ORIENTED_EDGE('',*,*,#8719,.F.);
#8719 = EDGE_CURVE('',#6654,#6701,#8720,.T.);
#8720 = LINE('',#8721,#8722);
#8721 = CARTESIAN_POINT('',(2.38,-7.3,-3.));
#8722 = VECTOR('',#8723,1.);
#8723 = DIRECTION('',(0.,-1.,0.));
#8724 = PLANE('',#8725);
#8725 = AXIS2_PLACEMENT_3D('',#8726,#8727,#8728);
#8726 = CARTESIAN_POINT('',(2.3,-7.3,-2.92));
#8727 = DIRECTION('',(-0.707106781187,0.,-0.707106781187));
#8728 = DIRECTION('',(0.,1.,0.));
#8729 = ADVANCED_FACE('',(#8730),#8741,.T.);
#8730 = FACE_BOUND('',#8731,.F.);
#8731 = EDGE_LOOP('',(#8732,#8733,#8739,#8740));
#8732 = ORIENTED_EDGE('',*,*,#6644,.F.);
#8733 = ORIENTED_EDGE('',*,*,#8734,.T.);
#8734 = EDGE_CURVE('',#6645,#6693,#8735,.T.);
#8735 = LINE('',#8736,#8737);
#8736 = CARTESIAN_POINT('',(2.7,-7.3,-3.));
#8737 = VECTOR('',#8738,1.);
#8738 = DIRECTION('',(0.,-1.,0.));
#8739 = ORIENTED_EDGE('',*,*,#6692,.T.);
#8740 = ORIENTED_EDGE('',*,*,#6678,.F.);
#8741 = PLANE('',#8742);
#8742 = AXIS2_PLACEMENT_3D('',#8743,#8744,#8745);
#8743 = CARTESIAN_POINT('',(2.78,-7.3,-2.92));
#8744 = DIRECTION('',(0.707106781187,0.,-0.707106781187));
#8745 = DIRECTION('',(0.,1.,0.));
#8746 = ADVANCED_FACE('',(#8747),#8753,.T.);
#8747 = FACE_BOUND('',#8748,.T.);
#8748 = EDGE_LOOP('',(#8749,#8750,#8751,#8752));
#8749 = ORIENTED_EDGE('',*,*,#8734,.T.);
#8750 = ORIENTED_EDGE('',*,*,#6700,.T.);
#8751 = ORIENTED_EDGE('',*,*,#8719,.F.);
#8752 = ORIENTED_EDGE('',*,*,#6661,.F.);
#8753 = PLANE('',#8754);
#8754 = AXIS2_PLACEMENT_3D('',#8755,#8756,#8757);
#8755 = CARTESIAN_POINT('',(2.86,-7.3,-3.));
#8756 = DIRECTION('',(-0.,-0.,-1.));
#8757 = DIRECTION('',(-1.,0.,0.));
#8758 = ADVANCED_FACE('',(#8759),#8770,.T.);
#8759 = FACE_BOUND('',#8760,.F.);
#8760 = EDGE_LOOP('',(#8761,#8762,#8763,#8764));
#8761 = ORIENTED_EDGE('',*,*,#6766,.F.);
#8762 = ORIENTED_EDGE('',*,*,#6741,.T.);
#8763 = ORIENTED_EDGE('',*,*,#6821,.F.);
#8764 = ORIENTED_EDGE('',*,*,#8765,.F.);
#8765 = EDGE_CURVE('',#6767,#6814,#8766,.T.);
#8766 = LINE('',#8767,#8768);
#8767 = CARTESIAN_POINT('',(2.38,-2.22,-3.));
#8768 = VECTOR('',#8769,1.);
#8769 = DIRECTION('',(0.,-1.,0.));
#8770 = PLANE('',#8771);
#8771 = AXIS2_PLACEMENT_3D('',#8772,#8773,#8774);
#8772 = CARTESIAN_POINT('',(2.3,-2.22,-2.92));
#8773 = DIRECTION('',(-0.707106781187,0.,-0.707106781187));
#8774 = DIRECTION('',(0.,1.,0.));
#8775 = ADVANCED_FACE('',(#8776),#8787,.T.);
#8776 = FACE_BOUND('',#8777,.F.);
#8777 = EDGE_LOOP('',(#8778,#8779,#8785,#8786));
#8778 = ORIENTED_EDGE('',*,*,#6757,.F.);
#8779 = ORIENTED_EDGE('',*,*,#8780,.T.);
#8780 = EDGE_CURVE('',#6758,#6806,#8781,.T.);
#8781 = LINE('',#8782,#8783);
#8782 = CARTESIAN_POINT('',(2.7,-2.22,-3.));
#8783 = VECTOR('',#8784,1.);
#8784 = DIRECTION('',(0.,-1.,0.));
#8785 = ORIENTED_EDGE('',*,*,#6805,.T.);
#8786 = ORIENTED_EDGE('',*,*,#6791,.F.);
#8787 = PLANE('',#8788);
#8788 = AXIS2_PLACEMENT_3D('',#8789,#8790,#8791);
#8789 = CARTESIAN_POINT('',(2.78,-2.22,-2.92));
#8790 = DIRECTION('',(0.707106781187,0.,-0.707106781187));
#8791 = DIRECTION('',(0.,1.,0.));
#8792 = ADVANCED_FACE('',(#8793),#8799,.T.);
#8793 = FACE_BOUND('',#8794,.T.);
#8794 = EDGE_LOOP('',(#8795,#8796,#8797,#8798));
#8795 = ORIENTED_EDGE('',*,*,#8780,.T.);
#8796 = ORIENTED_EDGE('',*,*,#6813,.T.);
#8797 = ORIENTED_EDGE('',*,*,#8765,.F.);
#8798 = ORIENTED_EDGE('',*,*,#6774,.F.);
#8799 = PLANE('',#8800);
#8800 = AXIS2_PLACEMENT_3D('',#8801,#8802,#8803);
#8801 = CARTESIAN_POINT('',(2.86,-2.22,-3.));
#8802 = DIRECTION('',(-0.,-0.,-1.));
#8803 = DIRECTION('',(-1.,0.,0.));
#8804 = ADVANCED_FACE('',(#8805),#8816,.T.);
#8805 = FACE_BOUND('',#8806,.F.);
#8806 = EDGE_LOOP('',(#8807,#8808,#8809,#8810));
#8807 = ORIENTED_EDGE('',*,*,#6879,.F.);
#8808 = ORIENTED_EDGE('',*,*,#6854,.T.);
#8809 = ORIENTED_EDGE('',*,*,#6934,.F.);
#8810 = ORIENTED_EDGE('',*,*,#8811,.F.);
#8811 = EDGE_CURVE('',#6880,#6927,#8812,.T.);
#8812 = LINE('',#8813,#8814);
#8813 = CARTESIAN_POINT('',(2.38,-4.76,-3.));
#8814 = VECTOR('',#8815,1.);
#8815 = DIRECTION('',(0.,-1.,0.));
#8816 = PLANE('',#8817);
#8817 = AXIS2_PLACEMENT_3D('',#8818,#8819,#8820);
#8818 = CARTESIAN_POINT('',(2.3,-4.76,-2.92));
#8819 = DIRECTION('',(-0.707106781187,0.,-0.707106781187));
#8820 = DIRECTION('',(0.,1.,0.));
#8821 = ADVANCED_FACE('',(#8822),#8833,.T.);
#8822 = FACE_BOUND('',#8823,.F.);
#8823 = EDGE_LOOP('',(#8824,#8825,#8831,#8832));
#8824 = ORIENTED_EDGE('',*,*,#6870,.F.);
#8825 = ORIENTED_EDGE('',*,*,#8826,.T.);
#8826 = EDGE_CURVE('',#6871,#6919,#8827,.T.);
#8827 = LINE('',#8828,#8829);
#8828 = CARTESIAN_POINT('',(2.7,-4.76,-3.));
#8829 = VECTOR('',#8830,1.);
#8830 = DIRECTION('',(0.,-1.,0.));
#8831 = ORIENTED_EDGE('',*,*,#6918,.T.);
#8832 = ORIENTED_EDGE('',*,*,#6904,.F.);
#8833 = PLANE('',#8834);
#8834 = AXIS2_PLACEMENT_3D('',#8835,#8836,#8837);
#8835 = CARTESIAN_POINT('',(2.78,-4.76,-2.92));
#8836 = DIRECTION('',(0.707106781187,0.,-0.707106781187));
#8837 = DIRECTION('',(0.,1.,0.));
#8838 = ADVANCED_FACE('',(#8839),#8845,.T.);
#8839 = FACE_BOUND('',#8840,.T.);
#8840 = EDGE_LOOP('',(#8841,#8842,#8843,#8844));
#8841 = ORIENTED_EDGE('',*,*,#8826,.T.);
#8842 = ORIENTED_EDGE('',*,*,#6926,.T.);
#8843 = ORIENTED_EDGE('',*,*,#8811,.F.);
#8844 = ORIENTED_EDGE('',*,*,#6887,.F.);
#8845 = PLANE('',#8846);
#8846 = AXIS2_PLACEMENT_3D('',#8847,#8848,#8849);
#8847 = CARTESIAN_POINT('',(2.86,-4.76,-3.));
#8848 = DIRECTION('',(-0.,-0.,-1.));
#8849 = DIRECTION('',(-1.,0.,0.));
#8850 = ADVANCED_FACE('',(#8851),#8862,.T.);
#8851 = FACE_BOUND('',#8852,.F.);
#8852 = EDGE_LOOP('',(#8853,#8854,#8855,#8856));
#8853 = ORIENTED_EDGE('',*,*,#6992,.F.);
#8854 = ORIENTED_EDGE('',*,*,#6967,.T.);
#8855 = ORIENTED_EDGE('',*,*,#7047,.F.);
#8856 = ORIENTED_EDGE('',*,*,#8857,.F.);
#8857 = EDGE_CURVE('',#6993,#7040,#8858,.T.);
#8858 = LINE('',#8859,#8860);
#8859 = CARTESIAN_POINT('',(2.38,-12.38,-3.));
#8860 = VECTOR('',#8861,1.);
#8861 = DIRECTION('',(0.,-1.,0.));
#8862 = PLANE('',#8863);
#8863 = AXIS2_PLACEMENT_3D('',#8864,#8865,#8866);
#8864 = CARTESIAN_POINT('',(2.3,-12.38,-2.92));
#8865 = DIRECTION('',(-0.707106781187,0.,-0.707106781187));
#8866 = DIRECTION('',(0.,1.,0.));
#8867 = ADVANCED_FACE('',(#8868),#8879,.T.);
#8868 = FACE_BOUND('',#8869,.F.);
#8869 = EDGE_LOOP('',(#8870,#8871,#8877,#8878));
#8870 = ORIENTED_EDGE('',*,*,#6983,.F.);
#8871 = ORIENTED_EDGE('',*,*,#8872,.T.);
#8872 = EDGE_CURVE('',#6984,#7032,#8873,.T.);
#8873 = LINE('',#8874,#8875);
#8874 = CARTESIAN_POINT('',(2.7,-12.38,-3.));
#8875 = VECTOR('',#8876,1.);
#8876 = DIRECTION('',(0.,-1.,0.));
#8877 = ORIENTED_EDGE('',*,*,#7031,.T.);
#8878 = ORIENTED_EDGE('',*,*,#7017,.F.);
#8879 = PLANE('',#8880);
#8880 = AXIS2_PLACEMENT_3D('',#8881,#8882,#8883);
#8881 = CARTESIAN_POINT('',(2.78,-12.38,-2.92));
#8882 = DIRECTION('',(0.707106781187,0.,-0.707106781187));
#8883 = DIRECTION('',(0.,1.,0.));
#8884 = ADVANCED_FACE('',(#8885),#8891,.T.);
#8885 = FACE_BOUND('',#8886,.T.);
#8886 = EDGE_LOOP('',(#8887,#8888,#8889,#8890));
#8887 = ORIENTED_EDGE('',*,*,#8872,.T.);
#8888 = ORIENTED_EDGE('',*,*,#7039,.T.);
#8889 = ORIENTED_EDGE('',*,*,#8857,.F.);
#8890 = ORIENTED_EDGE('',*,*,#7000,.F.);
#8891 = PLANE('',#8892);
#8892 = AXIS2_PLACEMENT_3D('',#8893,#8894,#8895);
#8893 = CARTESIAN_POINT('',(2.86,-12.38,-3.));
#8894 = DIRECTION('',(-0.,-0.,-1.));
#8895 = DIRECTION('',(-1.,0.,0.));
#8896 = ADVANCED_FACE('',(#8897),#8908,.T.);
#8897 = FACE_BOUND('',#8898,.F.);
#8898 = EDGE_LOOP('',(#8899,#8900,#8901,#8902));
#8899 = ORIENTED_EDGE('',*,*,#7105,.F.);
#8900 = ORIENTED_EDGE('',*,*,#7080,.T.);
#8901 = ORIENTED_EDGE('',*,*,#7160,.F.);
#8902 = ORIENTED_EDGE('',*,*,#8903,.F.);
#8903 = EDGE_CURVE('',#7106,#7153,#8904,.T.);
#8904 = LINE('',#8905,#8906);
#8905 = CARTESIAN_POINT('',(-0.16,0.32,-3.));
#8906 = VECTOR('',#8907,1.);
#8907 = DIRECTION('',(0.,-1.,0.));
#8908 = PLANE('',#8909);
#8909 = AXIS2_PLACEMENT_3D('',#8910,#8911,#8912);
#8910 = CARTESIAN_POINT('',(-0.24,0.32,-2.92));
#8911 = DIRECTION('',(-0.707106781187,-1.735167508357E-18,
    -0.707106781187));
#8912 = DIRECTION('',(-1.226948711654E-18,1.,-1.226948711654E-18));
#8913 = ADVANCED_FACE('',(#8914),#8925,.T.);
#8914 = FACE_BOUND('',#8915,.F.);
#8915 = EDGE_LOOP('',(#8916,#8917,#8923,#8924));
#8916 = ORIENTED_EDGE('',*,*,#7096,.F.);
#8917 = ORIENTED_EDGE('',*,*,#8918,.T.);
#8918 = EDGE_CURVE('',#7097,#7145,#8919,.T.);
#8919 = LINE('',#8920,#8921);
#8920 = CARTESIAN_POINT('',(0.16,0.32,-3.));
#8921 = VECTOR('',#8922,1.);
#8922 = DIRECTION('',(0.,-1.,0.));
#8923 = ORIENTED_EDGE('',*,*,#7144,.T.);
#8924 = ORIENTED_EDGE('',*,*,#7130,.F.);
#8925 = PLANE('',#8926);
#8926 = AXIS2_PLACEMENT_3D('',#8927,#8928,#8929);
#8927 = CARTESIAN_POINT('',(0.24,0.32,-2.92));
#8928 = DIRECTION('',(0.707106781187,1.735167508357E-18,-0.707106781187)
  );
#8929 = DIRECTION('',(-1.226948711654E-18,1.,1.226948711654E-18));
#8930 = ADVANCED_FACE('',(#8931),#8937,.T.);
#8931 = FACE_BOUND('',#8932,.T.);
#8932 = EDGE_LOOP('',(#8933,#8934,#8935,#8936));
#8933 = ORIENTED_EDGE('',*,*,#8918,.T.);
#8934 = ORIENTED_EDGE('',*,*,#7152,.T.);
#8935 = ORIENTED_EDGE('',*,*,#8903,.F.);
#8936 = ORIENTED_EDGE('',*,*,#7113,.F.);
#8937 = PLANE('',#8938);
#8938 = AXIS2_PLACEMENT_3D('',#8939,#8940,#8941);
#8939 = CARTESIAN_POINT('',(0.32,0.32,-3.));
#8940 = DIRECTION('',(-0.,-0.,-1.));
#8941 = DIRECTION('',(-1.,0.,0.));
#8942 = ADVANCED_FACE('',(#8943),#8954,.T.);
#8943 = FACE_BOUND('',#8944,.F.);
#8944 = EDGE_LOOP('',(#8945,#8946,#8947,#8948));
#8945 = ORIENTED_EDGE('',*,*,#7218,.F.);
#8946 = ORIENTED_EDGE('',*,*,#7193,.T.);
#8947 = ORIENTED_EDGE('',*,*,#7273,.F.);
#8948 = ORIENTED_EDGE('',*,*,#8949,.F.);
#8949 = EDGE_CURVE('',#7219,#7266,#8950,.T.);
#8950 = LINE('',#8951,#8952);
#8951 = CARTESIAN_POINT('',(2.38,0.32,-3.));
#8952 = VECTOR('',#8953,1.);
#8953 = DIRECTION('',(0.,-1.,0.));
#8954 = PLANE('',#8955);
#8955 = AXIS2_PLACEMENT_3D('',#8956,#8957,#8958);
#8956 = CARTESIAN_POINT('',(2.3,0.32,-2.92));
#8957 = DIRECTION('',(-0.707106781187,0.,-0.707106781187));
#8958 = DIRECTION('',(0.,1.,0.));
#8959 = ADVANCED_FACE('',(#8960),#8971,.T.);
#8960 = FACE_BOUND('',#8961,.F.);
#8961 = EDGE_LOOP('',(#8962,#8963,#8969,#8970));
#8962 = ORIENTED_EDGE('',*,*,#7209,.F.);
#8963 = ORIENTED_EDGE('',*,*,#8964,.T.);
#8964 = EDGE_CURVE('',#7210,#7258,#8965,.T.);
#8965 = LINE('',#8966,#8967);
#8966 = CARTESIAN_POINT('',(2.7,0.32,-3.));
#8967 = VECTOR('',#8968,1.);
#8968 = DIRECTION('',(0.,-1.,0.));
#8969 = ORIENTED_EDGE('',*,*,#7257,.T.);
#8970 = ORIENTED_EDGE('',*,*,#7243,.F.);
#8971 = PLANE('',#8972);
#8972 = AXIS2_PLACEMENT_3D('',#8973,#8974,#8975);
#8973 = CARTESIAN_POINT('',(2.78,0.32,-2.92));
#8974 = DIRECTION('',(0.707106781187,0.,-0.707106781187));
#8975 = DIRECTION('',(0.,1.,0.));
#8976 = ADVANCED_FACE('',(#8977),#8983,.T.);
#8977 = FACE_BOUND('',#8978,.T.);
#8978 = EDGE_LOOP('',(#8979,#8980,#8981,#8982));
#8979 = ORIENTED_EDGE('',*,*,#8964,.T.);
#8980 = ORIENTED_EDGE('',*,*,#7265,.T.);
#8981 = ORIENTED_EDGE('',*,*,#8949,.F.);
#8982 = ORIENTED_EDGE('',*,*,#7226,.F.);
#8983 = PLANE('',#8984);
#8984 = AXIS2_PLACEMENT_3D('',#8985,#8986,#8987);
#8985 = CARTESIAN_POINT('',(2.86,0.32,-3.));
#8986 = DIRECTION('',(-0.,-0.,-1.));
#8987 = DIRECTION('',(-1.,0.,0.));
#8988 = ADVANCED_FACE('',(#8989),#8995,.T.);
#8989 = FACE_BOUND('',#8990,.T.);
#8990 = EDGE_LOOP('',(#8991,#8992,#8993,#8994));
#8991 = ORIENTED_EDGE('',*,*,#7329,.F.);
#8992 = ORIENTED_EDGE('',*,*,#7305,.T.);
#8993 = ORIENTED_EDGE('',*,*,#7370,.T.);
#8994 = ORIENTED_EDGE('',*,*,#7353,.F.);
#8995 = PLANE('',#8996);
#8996 = AXIS2_PLACEMENT_3D('',#8997,#8998,#8999);
#8997 = CARTESIAN_POINT('',(12.58,-9.84,4.13));
#8998 = DIRECTION('',(1.,0.,0.));
#8999 = DIRECTION('',(0.,0.,-1.));
#9000 = ADVANCED_FACE('',(#9001),#9007,.T.);
#9001 = FACE_BOUND('',#9002,.T.);
#9002 = EDGE_LOOP('',(#9003,#9004,#9005,#9006));
#9003 = ORIENTED_EDGE('',*,*,#7401,.F.);
#9004 = ORIENTED_EDGE('',*,*,#7466,.T.);
#9005 = ORIENTED_EDGE('',*,*,#7449,.T.);
#9006 = ORIENTED_EDGE('',*,*,#7425,.F.);
#9007 = PLANE('',#9008);
#9008 = AXIS2_PLACEMENT_3D('',#9009,#9010,#9011);
#9009 = CARTESIAN_POINT('',(12.58,-7.3,4.13));
#9010 = DIRECTION('',(1.,0.,0.));
#9011 = DIRECTION('',(0.,0.,-1.));
#9012 = ADVANCED_FACE('',(#9013),#9019,.T.);
#9013 = FACE_BOUND('',#9014,.T.);
#9014 = EDGE_LOOP('',(#9015,#9016,#9017,#9018));
#9015 = ORIENTED_EDGE('',*,*,#7521,.F.);
#9016 = ORIENTED_EDGE('',*,*,#7497,.T.);
#9017 = ORIENTED_EDGE('',*,*,#7562,.T.);
#9018 = ORIENTED_EDGE('',*,*,#7545,.F.);
#9019 = PLANE('',#9020);
#9020 = AXIS2_PLACEMENT_3D('',#9021,#9022,#9023);
#9021 = CARTESIAN_POINT('',(12.58,-2.22,4.13));
#9022 = DIRECTION('',(1.,0.,0.));
#9023 = DIRECTION('',(0.,0.,-1.));
#9024 = ADVANCED_FACE('',(#9025),#9031,.T.);
#9025 = FACE_BOUND('',#9026,.T.);
#9026 = EDGE_LOOP('',(#9027,#9028,#9029,#9030));
#9027 = ORIENTED_EDGE('',*,*,#7593,.F.);
#9028 = ORIENTED_EDGE('',*,*,#7658,.T.);
#9029 = ORIENTED_EDGE('',*,*,#7641,.T.);
#9030 = ORIENTED_EDGE('',*,*,#7617,.F.);
#9031 = PLANE('',#9032);
#9032 = AXIS2_PLACEMENT_3D('',#9033,#9034,#9035);
#9033 = CARTESIAN_POINT('',(12.58,-4.76,4.13));
#9034 = DIRECTION('',(1.,0.,0.));
#9035 = DIRECTION('',(0.,0.,-1.));
#9036 = ADVANCED_FACE('',(#9037),#9043,.T.);
#9037 = FACE_BOUND('',#9038,.T.);
#9038 = EDGE_LOOP('',(#9039,#9040,#9041,#9042));
#9039 = ORIENTED_EDGE('',*,*,#7754,.F.);
#9040 = ORIENTED_EDGE('',*,*,#7737,.T.);
#9041 = ORIENTED_EDGE('',*,*,#7713,.T.);
#9042 = ORIENTED_EDGE('',*,*,#7689,.F.);
#9043 = PLANE('',#9044);
#9044 = AXIS2_PLACEMENT_3D('',#9045,#9046,#9047);
#9045 = CARTESIAN_POINT('',(12.58,-12.38,4.13));
#9046 = DIRECTION('',(1.,0.,0.));
#9047 = DIRECTION('',(0.,0.,-1.));
#9048 = ADVANCED_FACE('',(#9049),#9055,.T.);
#9049 = FACE_BOUND('',#9050,.T.);
#9050 = EDGE_LOOP('',(#9051,#9052,#9053,#9054));
#9051 = ORIENTED_EDGE('',*,*,#7785,.T.);
#9052 = ORIENTED_EDGE('',*,*,#7850,.T.);
#9053 = ORIENTED_EDGE('',*,*,#7833,.F.);
#9054 = ORIENTED_EDGE('',*,*,#7809,.F.);
#9055 = PLANE('',#9056);
#9056 = AXIS2_PLACEMENT_3D('',#9057,#9058,#9059);
#9057 = CARTESIAN_POINT('',(12.58,-9.84,1.59));
#9058 = DIRECTION('',(1.,0.,0.));
#9059 = DIRECTION('',(0.,0.,-1.));
#9060 = ADVANCED_FACE('',(#9061),#9067,.T.);
#9061 = FACE_BOUND('',#9062,.T.);
#9062 = EDGE_LOOP('',(#9063,#9064,#9065,#9066));
#9063 = ORIENTED_EDGE('',*,*,#7881,.T.);
#9064 = ORIENTED_EDGE('',*,*,#7946,.T.);
#9065 = ORIENTED_EDGE('',*,*,#7929,.F.);
#9066 = ORIENTED_EDGE('',*,*,#7905,.F.);
#9067 = PLANE('',#9068);
#9068 = AXIS2_PLACEMENT_3D('',#9069,#9070,#9071);
#9069 = CARTESIAN_POINT('',(12.58,-7.3,1.59));
#9070 = DIRECTION('',(1.,0.,0.));
#9071 = DIRECTION('',(0.,0.,-1.));
#9072 = ADVANCED_FACE('',(#9073),#9079,.T.);
#9073 = FACE_BOUND('',#9074,.T.);
#9074 = EDGE_LOOP('',(#9075,#9076,#9077,#9078));
#9075 = ORIENTED_EDGE('',*,*,#7977,.T.);
#9076 = ORIENTED_EDGE('',*,*,#8042,.T.);
#9077 = ORIENTED_EDGE('',*,*,#8025,.F.);
#9078 = ORIENTED_EDGE('',*,*,#8001,.F.);
#9079 = PLANE('',#9080);
#9080 = AXIS2_PLACEMENT_3D('',#9081,#9082,#9083);
#9081 = CARTESIAN_POINT('',(12.58,-2.22,1.59));
#9082 = DIRECTION('',(1.,0.,0.));
#9083 = DIRECTION('',(0.,0.,-1.));
#9084 = ADVANCED_FACE('',(#9085),#9091,.T.);
#9085 = FACE_BOUND('',#9086,.T.);
#9086 = EDGE_LOOP('',(#9087,#9088,#9089,#9090));
#9087 = ORIENTED_EDGE('',*,*,#8138,.T.);
#9088 = ORIENTED_EDGE('',*,*,#8121,.T.);
#9089 = ORIENTED_EDGE('',*,*,#8097,.F.);
#9090 = ORIENTED_EDGE('',*,*,#8073,.F.);
#9091 = PLANE('',#9092);
#9092 = AXIS2_PLACEMENT_3D('',#9093,#9094,#9095);
#9093 = CARTESIAN_POINT('',(12.58,-4.76,1.59));
#9094 = DIRECTION('',(1.,0.,0.));
#9095 = DIRECTION('',(0.,0.,-1.));
#9096 = ADVANCED_FACE('',(#9097),#9103,.T.);
#9097 = FACE_BOUND('',#9098,.T.);
#9098 = EDGE_LOOP('',(#9099,#9100,#9101,#9102));
#9099 = ORIENTED_EDGE('',*,*,#8234,.T.);
#9100 = ORIENTED_EDGE('',*,*,#8217,.T.);
#9101 = ORIENTED_EDGE('',*,*,#8193,.F.);
#9102 = ORIENTED_EDGE('',*,*,#8169,.F.);
#9103 = PLANE('',#9104);
#9104 = AXIS2_PLACEMENT_3D('',#9105,#9106,#9107);
#9105 = CARTESIAN_POINT('',(12.58,-12.38,1.59));
#9106 = DIRECTION('',(1.,0.,0.));
#9107 = DIRECTION('',(0.,0.,-1.));
#9108 = ADVANCED_FACE('',(#9109),#9115,.T.);
#9109 = FACE_BOUND('',#9110,.T.);
#9110 = EDGE_LOOP('',(#9111,#9112,#9113,#9114));
#9111 = ORIENTED_EDGE('',*,*,#8265,.F.);
#9112 = ORIENTED_EDGE('',*,*,#8330,.T.);
#9113 = ORIENTED_EDGE('',*,*,#8313,.T.);
#9114 = ORIENTED_EDGE('',*,*,#8289,.F.);
#9115 = PLANE('',#9116);
#9116 = AXIS2_PLACEMENT_3D('',#9117,#9118,#9119);
#9117 = CARTESIAN_POINT('',(12.58,0.32,4.13));
#9118 = DIRECTION('',(1.,0.,0.));
#9119 = DIRECTION('',(0.,0.,-1.));
#9120 = ADVANCED_FACE('',(#9121),#9127,.T.);
#9121 = FACE_BOUND('',#9122,.T.);
#9122 = EDGE_LOOP('',(#9123,#9124,#9125,#9126));
#9123 = ORIENTED_EDGE('',*,*,#8361,.T.);
#9124 = ORIENTED_EDGE('',*,*,#8426,.T.);
#9125 = ORIENTED_EDGE('',*,*,#8409,.F.);
#9126 = ORIENTED_EDGE('',*,*,#8385,.F.);
#9127 = PLANE('',#9128);
#9128 = AXIS2_PLACEMENT_3D('',#9129,#9130,#9131);
#9129 = CARTESIAN_POINT('',(12.58,0.32,1.59));
#9130 = DIRECTION('',(1.,0.,0.));
#9131 = DIRECTION('',(0.,0.,-1.));
#9132 = ( GEOMETRIC_REPRESENTATION_CONTEXT(3) 
GLOBAL_UNCERTAINTY_ASSIGNED_CONTEXT((#9136)) 
GLOBAL_UNIT_ASSIGNED_CONTEXT((#9133,#9134,#9135)) REPRESENTATION_CONTEXT
('Context #1','3D Context with UNIT and UNCERTAINTY') );
#9133 = ( LENGTH_UNIT() NAMED_UNIT(*) SI_UNIT(.MILLI.,.METRE.) );
#9134 = ( NAMED_UNIT(*) PLANE_ANGLE_UNIT() SI_UNIT($,.RADIAN.) );
#9135 = ( NAMED_UNIT(*) SI_UNIT($,.STERADIAN.) SOLID_ANGLE_UNIT() );
#9136 = UNCERTAINTY_MEASURE_WITH_UNIT(LENGTH_MEASURE(1.E-07),#9133,
  'distance_accuracy_value','confusion accuracy');
#9137 = CONTEXT_DEPENDENT_SHAPE_REPRESENTATION(#9138,#9140);
#9138 = ( REPRESENTATION_RELATIONSHIP('','',#935,#912) 
REPRESENTATION_RELATIONSHIP_WITH_TRANSFORMATION(#9139) 
SHAPE_REPRESENTATION_RELATIONSHIP() );
#9139 = ITEM_DEFINED_TRANSFORMATION('','',#11,#913);
#9140 = PRODUCT_DEFINITION_SHAPE('Placement','Placement of an item',
  #9141);
#9141 = NEXT_ASSEMBLY_USAGE_OCCURRENCE('7','=>[0:1:1:5]','',#907,#930,$
  );
#9142 = PRODUCT_RELATED_PRODUCT_CATEGORY('part',$,(#932));
#9143 = CONTEXT_DEPENDENT_SHAPE_REPRESENTATION(#9144,#9146);
#9144 = ( REPRESENTATION_RELATIONSHIP('','',#60,#10) 
REPRESENTATION_RELATIONSHIP_WITH_TRANSFORMATION(#9145) 
SHAPE_REPRESENTATION_RELATIONSHIP() );
#9145 = ITEM_DEFINED_TRANSFORMATION('','',#11,#39);
#9146 = PRODUCT_DEFINITION_SHAPE('Placement','Placement of an item',
  #9147);
#9147 = NEXT_ASSEMBLY_USAGE_OCCURRENCE('9','R6','',#5,#55,$);
#9148 = SHAPE_DEFINITION_REPRESENTATION(#9149,#9155);
#9149 = PRODUCT_DEFINITION_SHAPE('','',#9150);
#9150 = PRODUCT_DEFINITION('design','',#9151,#9154);
#9151 = PRODUCT_DEFINITION_FORMATION('','',#9152);
#9152 = PRODUCT('kibot_mp4bxgom_PCB','kibot_mp4bxgom_PCB','',(#9153));
#9153 = PRODUCT_CONTEXT('',#2,'mechanical');
#9154 = PRODUCT_DEFINITION_CONTEXT('part definition',#2,'design');
#9155 = ADVANCED_BREP_SHAPE_REPRESENTATION('',(#11,#9156),#10577);
#9156 = MANIFOLD_SOLID_BREP('',#9157);
#9157 = CLOSED_SHELL('',(#9158,#9200,#9231,#9262,#9633,#10004,#10021,
    #10038,#10055,#10072,#10084,#10101,#10118,#10135,#10152,#10169,
    #10186,#10203,#10220,#10237,#10254,#10271,#10288,#10305,#10322,
    #10339,#10356,#10373,#10390,#10407,#10424,#10441,#10458,#10475,
    #10492,#10509,#10526,#10543,#10560));
#9158 = ADVANCED_FACE('',(#9159),#9195,.T.);
#9159 = FACE_BOUND('',#9160,.T.);
#9160 = EDGE_LOOP('',(#9161,#9171,#9180,#9188));
#9161 = ORIENTED_EDGE('',*,*,#9162,.T.);
#9162 = EDGE_CURVE('',#9163,#9165,#9167,.T.);
#9163 = VERTEX_POINT('',#9164);
#9164 = CARTESIAN_POINT('',(193.5,-68.5,0.));
#9165 = VERTEX_POINT('',#9166);
#9166 = CARTESIAN_POINT('',(193.5,-68.5,1.51));
#9167 = LINE('',#9168,#9169);
#9168 = CARTESIAN_POINT('',(193.5,-68.5,0.));
#9169 = VECTOR('',#9170,1.);
#9170 = DIRECTION('',(0.,0.,1.));
#9171 = ORIENTED_EDGE('',*,*,#9172,.T.);
#9172 = EDGE_CURVE('',#9165,#9173,#9175,.T.);
#9173 = VERTEX_POINT('',#9174);
#9174 = CARTESIAN_POINT('',(194.5,-69.5,1.51));
#9175 = CIRCLE('',#9176,0.999999252925);
#9176 = AXIS2_PLACEMENT_3D('',#9177,#9178,#9179);
#9177 = CARTESIAN_POINT('',(193.50000074707,-69.49999925292,1.51));
#9178 = DIRECTION('',(0.,0.,-1.));
#9179 = DIRECTION('',(-7.470757349539E-07,1.,0.));
#9180 = ORIENTED_EDGE('',*,*,#9181,.F.);
#9181 = EDGE_CURVE('',#9182,#9173,#9184,.T.);
#9182 = VERTEX_POINT('',#9183);
#9183 = CARTESIAN_POINT('',(194.5,-69.5,0.));
#9184 = LINE('',#9185,#9186);
#9185 = CARTESIAN_POINT('',(194.5,-69.5,0.));
#9186 = VECTOR('',#9187,1.);
#9187 = DIRECTION('',(0.,0.,1.));
#9188 = ORIENTED_EDGE('',*,*,#9189,.F.);
#9189 = EDGE_CURVE('',#9163,#9182,#9190,.T.);
#9190 = CIRCLE('',#9191,0.999999252925);
#9191 = AXIS2_PLACEMENT_3D('',#9192,#9193,#9194);
#9192 = CARTESIAN_POINT('',(193.50000074707,-69.49999925292,0.));
#9193 = DIRECTION('',(0.,0.,-1.));
#9194 = DIRECTION('',(-7.470757349539E-07,1.,0.));
#9195 = CYLINDRICAL_SURFACE('',#9196,0.999999252925);
#9196 = AXIS2_PLACEMENT_3D('',#9197,#9198,#9199);
#9197 = CARTESIAN_POINT('',(193.50000074707,-69.49999925292,0.));
#9198 = DIRECTION('',(0.,0.,-1.));
#9199 = DIRECTION('',(-7.470757349539E-07,1.,0.));
#9200 = ADVANCED_FACE('',(#9201),#9226,.T.);
#9201 = FACE_BOUND('',#9202,.T.);
#9202 = EDGE_LOOP('',(#9203,#9213,#9219,#9220));
#9203 = ORIENTED_EDGE('',*,*,#9204,.T.);
#9204 = EDGE_CURVE('',#9205,#9207,#9209,.T.);
#9205 = VERTEX_POINT('',#9206);
#9206 = CARTESIAN_POINT('',(148.25,-68.5,0.));
#9207 = VERTEX_POINT('',#9208);
#9208 = CARTESIAN_POINT('',(148.25,-68.5,1.51));
#9209 = LINE('',#9210,#9211);
#9210 = CARTESIAN_POINT('',(148.25,-68.5,0.));
#9211 = VECTOR('',#9212,1.);
#9212 = DIRECTION('',(0.,0.,1.));
#9213 = ORIENTED_EDGE('',*,*,#9214,.T.);
#9214 = EDGE_CURVE('',#9207,#9165,#9215,.T.);
#9215 = LINE('',#9216,#9217);
#9216 = CARTESIAN_POINT('',(148.25,-68.5,1.51));
#9217 = VECTOR('',#9218,1.);
#9218 = DIRECTION('',(1.,0.,0.));
#9219 = ORIENTED_EDGE('',*,*,#9162,.F.);
#9220 = ORIENTED_EDGE('',*,*,#9221,.F.);
#9221 = EDGE_CURVE('',#9205,#9163,#9222,.T.);
#9222 = LINE('',#9223,#9224);
#9223 = CARTESIAN_POINT('',(148.25,-68.5,0.));
#9224 = VECTOR('',#9225,1.);
#9225 = DIRECTION('',(1.,0.,0.));
#9226 = PLANE('',#9227);
#9227 = AXIS2_PLACEMENT_3D('',#9228,#9229,#9230);
#9228 = CARTESIAN_POINT('',(148.25,-68.5,0.));
#9229 = DIRECTION('',(0.,1.,0.));
#9230 = DIRECTION('',(1.,0.,0.));
#9231 = ADVANCED_FACE('',(#9232),#9257,.T.);
#9232 = FACE_BOUND('',#9233,.T.);
#9233 = EDGE_LOOP('',(#9234,#9235,#9243,#9251));
#9234 = ORIENTED_EDGE('',*,*,#9181,.T.);
#9235 = ORIENTED_EDGE('',*,*,#9236,.T.);
#9236 = EDGE_CURVE('',#9173,#9237,#9239,.T.);
#9237 = VERTEX_POINT('',#9238);
#9238 = CARTESIAN_POINT('',(194.5,-83.75,1.51));
#9239 = LINE('',#9240,#9241);
#9240 = CARTESIAN_POINT('',(194.5,-69.5,1.51));
#9241 = VECTOR('',#9242,1.);
#9242 = DIRECTION('',(0.,-1.,0.));
#9243 = ORIENTED_EDGE('',*,*,#9244,.F.);
#9244 = EDGE_CURVE('',#9245,#9237,#9247,.T.);
#9245 = VERTEX_POINT('',#9246);
#9246 = CARTESIAN_POINT('',(194.5,-83.75,0.));
#9247 = LINE('',#9248,#9249);
#9248 = CARTESIAN_POINT('',(194.5,-83.75,0.));
#9249 = VECTOR('',#9250,1.);
#9250 = DIRECTION('',(0.,0.,1.));
#9251 = ORIENTED_EDGE('',*,*,#9252,.F.);
#9252 = EDGE_CURVE('',#9182,#9245,#9253,.T.);
#9253 = LINE('',#9254,#9255);
#9254 = CARTESIAN_POINT('',(194.5,-69.5,0.));
#9255 = VECTOR('',#9256,1.);
#9256 = DIRECTION('',(0.,-1.,0.));
#9257 = PLANE('',#9258);
#9258 = AXIS2_PLACEMENT_3D('',#9259,#9260,#9261);
#9259 = CARTESIAN_POINT('',(194.5,-69.5,0.));
#9260 = DIRECTION('',(1.,0.,-0.));
#9261 = DIRECTION('',(0.,-1.,0.));
#9262 = ADVANCED_FACE('',(#9263,#9309,#9320,#9331,#9342,#9353,#9364,
    #9375,#9386,#9397,#9408,#9419,#9430,#9441,#9452,#9463,#9474,#9485,
    #9496,#9507,#9518,#9529,#9540,#9551,#9562,#9573,#9584,#9595,#9606,
    #9617),#9628,.F.);
#9263 = FACE_BOUND('',#9264,.F.);
#9264 = EDGE_LOOP('',(#9265,#9266,#9267,#9276,#9284,#9293,#9301,#9308));
#9265 = ORIENTED_EDGE('',*,*,#9189,.F.);
#9266 = ORIENTED_EDGE('',*,*,#9221,.F.);
#9267 = ORIENTED_EDGE('',*,*,#9268,.F.);
#9268 = EDGE_CURVE('',#9269,#9205,#9271,.T.);
#9269 = VERTEX_POINT('',#9270);
#9270 = CARTESIAN_POINT('',(147.25,-69.5,0.));
#9271 = CIRCLE('',#9272,0.999999252925);
#9272 = AXIS2_PLACEMENT_3D('',#9273,#9274,#9275);
#9273 = CARTESIAN_POINT('',(148.24999925292,-69.49999925292,0.));
#9274 = DIRECTION('',(0.,0.,-1.));
#9275 = DIRECTION('',(-1.,-7.470757491648E-07,-0.));
#9276 = ORIENTED_EDGE('',*,*,#9277,.F.);
#9277 = EDGE_CURVE('',#9278,#9269,#9280,.T.);
#9278 = VERTEX_POINT('',#9279);
#9279 = CARTESIAN_POINT('',(147.25,-83.75,0.));
#9280 = LINE('',#9281,#9282);
#9281 = CARTESIAN_POINT('',(147.25,-83.75,0.));
#9282 = VECTOR('',#9283,1.);
#9283 = DIRECTION('',(0.,1.,0.));
#9284 = ORIENTED_EDGE('',*,*,#9285,.F.);
#9285 = EDGE_CURVE('',#9286,#9278,#9288,.T.);
#9286 = VERTEX_POINT('',#9287);
#9287 = CARTESIAN_POINT('',(148.25,-84.75,0.));
#9288 = CIRCLE('',#9289,0.999999252925);
#9289 = AXIS2_PLACEMENT_3D('',#9290,#9291,#9292);
#9290 = CARTESIAN_POINT('',(148.24999925292,-83.75000074707,0.));
#9291 = DIRECTION('',(0.,0.,-1.));
#9292 = DIRECTION('',(7.470757349539E-07,-1.,0.));
#9293 = ORIENTED_EDGE('',*,*,#9294,.F.);
#9294 = EDGE_CURVE('',#9295,#9286,#9297,.T.);
#9295 = VERTEX_POINT('',#9296);
#9296 = CARTESIAN_POINT('',(193.5,-84.75,0.));
#9297 = LINE('',#9298,#9299);
#9298 = CARTESIAN_POINT('',(193.5,-84.75,0.));
#9299 = VECTOR('',#9300,1.);
#9300 = DIRECTION('',(-1.,0.,0.));
#9301 = ORIENTED_EDGE('',*,*,#9302,.F.);
#9302 = EDGE_CURVE('',#9245,#9295,#9303,.T.);
#9303 = CIRCLE('',#9304,0.999999252925);
#9304 = AXIS2_PLACEMENT_3D('',#9305,#9306,#9307);
#9305 = CARTESIAN_POINT('',(193.50000074707,-83.75000074707,0.));
#9306 = DIRECTION('',(0.,0.,-1.));
#9307 = DIRECTION('',(1.,7.470757491648E-07,0.));
#9308 = ORIENTED_EDGE('',*,*,#9252,.F.);
#9309 = FACE_BOUND('',#9310,.F.);
#9310 = EDGE_LOOP('',(#9311));
#9311 = ORIENTED_EDGE('',*,*,#9312,.T.);
#9312 = EDGE_CURVE('',#9313,#9313,#9315,.T.);
#9313 = VERTEX_POINT('',#9314);
#9314 = CARTESIAN_POINT('',(151.25,-83.41,0.));
#9315 = CIRCLE('',#9316,0.5);
#9316 = AXIS2_PLACEMENT_3D('',#9317,#9318,#9319);
#9317 = CARTESIAN_POINT('',(151.25,-82.91,0.));
#9318 = DIRECTION('',(-0.,0.,-1.));
#9319 = DIRECTION('',(-0.,-1.,0.));
#9320 = FACE_BOUND('',#9321,.F.);
#9321 = EDGE_LOOP('',(#9322));
#9322 = ORIENTED_EDGE('',*,*,#9323,.T.);
#9323 = EDGE_CURVE('',#9324,#9324,#9326,.T.);
#9324 = VERTEX_POINT('',#9325);
#9325 = CARTESIAN_POINT('',(153.79,-83.41,0.));
#9326 = CIRCLE('',#9327,0.5);
#9327 = AXIS2_PLACEMENT_3D('',#9328,#9329,#9330);
#9328 = CARTESIAN_POINT('',(153.79,-82.91,0.));
#9329 = DIRECTION('',(-0.,0.,-1.));
#9330 = DIRECTION('',(-0.,-1.,0.));
#9331 = FACE_BOUND('',#9332,.F.);
#9332 = EDGE_LOOP('',(#9333));
#9333 = ORIENTED_EDGE('',*,*,#9334,.T.);
#9334 = EDGE_CURVE('',#9335,#9335,#9337,.T.);
#9335 = VERTEX_POINT('',#9336);
#9336 = CARTESIAN_POINT('',(151.25,-80.87,0.));
#9337 = CIRCLE('',#9338,0.5);
#9338 = AXIS2_PLACEMENT_3D('',#9339,#9340,#9341);
#9339 = CARTESIAN_POINT('',(151.25,-80.37,0.));
#9340 = DIRECTION('',(-0.,0.,-1.));
#9341 = DIRECTION('',(-0.,-1.,0.));
#9342 = FACE_BOUND('',#9343,.F.);
#9343 = EDGE_LOOP('',(#9344));
#9344 = ORIENTED_EDGE('',*,*,#9345,.T.);
#9345 = EDGE_CURVE('',#9346,#9346,#9348,.T.);
#9346 = VERTEX_POINT('',#9347);
#9347 = CARTESIAN_POINT('',(153.79,-80.87,0.));
#9348 = CIRCLE('',#9349,0.5);
#9349 = AXIS2_PLACEMENT_3D('',#9350,#9351,#9352);
#9350 = CARTESIAN_POINT('',(153.79,-80.37,0.));
#9351 = DIRECTION('',(-0.,0.,-1.));
#9352 = DIRECTION('',(-0.,-1.,0.));
#9353 = FACE_BOUND('',#9354,.F.);
#9354 = EDGE_LOOP('',(#9355));
#9355 = ORIENTED_EDGE('',*,*,#9356,.T.);
#9356 = EDGE_CURVE('',#9357,#9357,#9359,.T.);
#9357 = VERTEX_POINT('',#9358);
#9358 = CARTESIAN_POINT('',(151.25,-78.33,0.));
#9359 = CIRCLE('',#9360,0.5);
#9360 = AXIS2_PLACEMENT_3D('',#9361,#9362,#9363);
#9361 = CARTESIAN_POINT('',(151.25,-77.83,0.));
#9362 = DIRECTION('',(-0.,0.,-1.));
#9363 = DIRECTION('',(-0.,-1.,0.));
#9364 = FACE_BOUND('',#9365,.F.);
#9365 = EDGE_LOOP('',(#9366));
#9366 = ORIENTED_EDGE('',*,*,#9367,.T.);
#9367 = EDGE_CURVE('',#9368,#9368,#9370,.T.);
#9368 = VERTEX_POINT('',#9369);
#9369 = CARTESIAN_POINT('',(153.79,-78.33,0.));
#9370 = CIRCLE('',#9371,0.5);
#9371 = AXIS2_PLACEMENT_3D('',#9372,#9373,#9374);
#9372 = CARTESIAN_POINT('',(153.79,-77.83,0.));
#9373 = DIRECTION('',(-0.,0.,-1.));
#9374 = DIRECTION('',(-0.,-1.,0.));
#9375 = FACE_BOUND('',#9376,.F.);
#9376 = EDGE_LOOP('',(#9377));
#9377 = ORIENTED_EDGE('',*,*,#9378,.T.);
#9378 = EDGE_CURVE('',#9379,#9379,#9381,.T.);
#9379 = VERTEX_POINT('',#9380);
#9380 = CARTESIAN_POINT('',(151.25,-75.79,0.));
#9381 = CIRCLE('',#9382,0.5);
#9382 = AXIS2_PLACEMENT_3D('',#9383,#9384,#9385);
#9383 = CARTESIAN_POINT('',(151.25,-75.29,0.));
#9384 = DIRECTION('',(-0.,0.,-1.));
#9385 = DIRECTION('',(-0.,-1.,0.));
#9386 = FACE_BOUND('',#9387,.F.);
#9387 = EDGE_LOOP('',(#9388));
#9388 = ORIENTED_EDGE('',*,*,#9389,.T.);
#9389 = EDGE_CURVE('',#9390,#9390,#9392,.T.);
#9390 = VERTEX_POINT('',#9391);
#9391 = CARTESIAN_POINT('',(153.79,-75.79,0.));
#9392 = CIRCLE('',#9393,0.5);
#9393 = AXIS2_PLACEMENT_3D('',#9394,#9395,#9396);
#9394 = CARTESIAN_POINT('',(153.79,-75.29,0.));
#9395 = DIRECTION('',(-0.,0.,-1.));
#9396 = DIRECTION('',(-0.,-1.,0.));
#9397 = FACE_BOUND('',#9398,.F.);
#9398 = EDGE_LOOP('',(#9399));
#9399 = ORIENTED_EDGE('',*,*,#9400,.T.);
#9400 = EDGE_CURVE('',#9401,#9401,#9403,.T.);
#9401 = VERTEX_POINT('',#9402);
#9402 = CARTESIAN_POINT('',(166.065,-75.51,0.));
#9403 = CIRCLE('',#9404,1.6);
#9404 = AXIS2_PLACEMENT_3D('',#9405,#9406,#9407);
#9405 = CARTESIAN_POINT('',(166.065,-73.91,0.));
#9406 = DIRECTION('',(-0.,0.,-1.));
#9407 = DIRECTION('',(-0.,-1.,0.));
#9408 = FACE_BOUND('',#9409,.F.);
#9409 = EDGE_LOOP('',(#9410));
#9410 = ORIENTED_EDGE('',*,*,#9411,.T.);
#9411 = EDGE_CURVE('',#9412,#9412,#9414,.T.);
#9412 = VERTEX_POINT('',#9413);
#9413 = CARTESIAN_POINT('',(151.25,-73.25,0.));
#9414 = CIRCLE('',#9415,0.5);
#9415 = AXIS2_PLACEMENT_3D('',#9416,#9417,#9418);
#9416 = CARTESIAN_POINT('',(151.25,-72.75,0.));
#9417 = DIRECTION('',(-0.,0.,-1.));
#9418 = DIRECTION('',(-0.,-1.,0.));
#9419 = FACE_BOUND('',#9420,.F.);
#9420 = EDGE_LOOP('',(#9421));
#9421 = ORIENTED_EDGE('',*,*,#9422,.T.);
#9422 = EDGE_CURVE('',#9423,#9423,#9425,.T.);
#9423 = VERTEX_POINT('',#9424);
#9424 = CARTESIAN_POINT('',(153.79,-73.25,0.));
#9425 = CIRCLE('',#9426,0.5);
#9426 = AXIS2_PLACEMENT_3D('',#9427,#9428,#9429);
#9427 = CARTESIAN_POINT('',(153.79,-72.75,0.));
#9428 = DIRECTION('',(-0.,0.,-1.));
#9429 = DIRECTION('',(-0.,-1.,0.));
#9430 = FACE_BOUND('',#9431,.F.);
#9431 = EDGE_LOOP('',(#9432));
#9432 = ORIENTED_EDGE('',*,*,#9433,.T.);
#9433 = EDGE_CURVE('',#9434,#9434,#9436,.T.);
#9434 = VERTEX_POINT('',#9435);
#9435 = CARTESIAN_POINT('',(151.25,-70.71,0.));
#9436 = CIRCLE('',#9437,0.5);
#9437 = AXIS2_PLACEMENT_3D('',#9438,#9439,#9440);
#9438 = CARTESIAN_POINT('',(151.25,-70.21,0.));
#9439 = DIRECTION('',(-0.,0.,-1.));
#9440 = DIRECTION('',(-0.,-1.,0.));
#9441 = FACE_BOUND('',#9442,.F.);
#9442 = EDGE_LOOP('',(#9443));
#9443 = ORIENTED_EDGE('',*,*,#9444,.T.);
#9444 = EDGE_CURVE('',#9445,#9445,#9447,.T.);
#9445 = VERTEX_POINT('',#9446);
#9446 = CARTESIAN_POINT('',(153.79,-70.71,0.));
#9447 = CIRCLE('',#9448,0.5);
#9448 = AXIS2_PLACEMENT_3D('',#9449,#9450,#9451);
#9449 = CARTESIAN_POINT('',(153.79,-70.21,0.));
#9450 = DIRECTION('',(-0.,0.,-1.));
#9451 = DIRECTION('',(-0.,-1.,0.));
#9452 = FACE_BOUND('',#9453,.F.);
#9453 = EDGE_LOOP('',(#9454));
#9454 = ORIENTED_EDGE('',*,*,#9455,.T.);
#9455 = EDGE_CURVE('',#9456,#9456,#9458,.T.);
#9456 = VERTEX_POINT('',#9457);
#9457 = CARTESIAN_POINT('',(174.25,-76.46,0.));
#9458 = CIRCLE('',#9459,0.5);
#9459 = AXIS2_PLACEMENT_3D('',#9460,#9461,#9462);
#9460 = CARTESIAN_POINT('',(174.25,-75.96,0.));
#9461 = DIRECTION('',(-0.,0.,-1.));
#9462 = DIRECTION('',(-0.,-1.,0.));
#9463 = FACE_BOUND('',#9464,.F.);
#9464 = EDGE_LOOP('',(#9465));
#9465 = ORIENTED_EDGE('',*,*,#9466,.T.);
#9466 = EDGE_CURVE('',#9467,#9467,#9469,.T.);
#9467 = VERTEX_POINT('',#9468);
#9468 = CARTESIAN_POINT('',(176.54,-76.46,0.));
#9469 = CIRCLE('',#9470,0.5);
#9470 = AXIS2_PLACEMENT_3D('',#9471,#9472,#9473);
#9471 = CARTESIAN_POINT('',(176.54,-75.96,0.));
#9472 = DIRECTION('',(-0.,0.,-1.));
#9473 = DIRECTION('',(-0.,-1.,0.));
#9474 = FACE_BOUND('',#9475,.F.);
#9475 = EDGE_LOOP('',(#9476));
#9476 = ORIENTED_EDGE('',*,*,#9477,.T.);
#9477 = EDGE_CURVE('',#9478,#9478,#9480,.T.);
#9478 = VERTEX_POINT('',#9479);
#9479 = CARTESIAN_POINT('',(178.83,-76.46,0.));
#9480 = CIRCLE('',#9481,0.5);
#9481 = AXIS2_PLACEMENT_3D('',#9482,#9483,#9484);
#9482 = CARTESIAN_POINT('',(178.83,-75.96,0.));
#9483 = DIRECTION('',(-0.,0.,-1.));
#9484 = DIRECTION('',(-0.,-1.,0.));
#9485 = FACE_BOUND('',#9486,.F.);
#9486 = EDGE_LOOP('',(#9487));
#9487 = ORIENTED_EDGE('',*,*,#9488,.T.);
#9488 = EDGE_CURVE('',#9489,#9489,#9491,.T.);
#9489 = VERTEX_POINT('',#9490);
#9490 = CARTESIAN_POINT('',(181.12,-76.46,0.));
#9491 = CIRCLE('',#9492,0.5);
#9492 = AXIS2_PLACEMENT_3D('',#9493,#9494,#9495);
#9493 = CARTESIAN_POINT('',(181.12,-75.96,0.));
#9494 = DIRECTION('',(-0.,0.,-1.));
#9495 = DIRECTION('',(-0.,-1.,0.));
#9496 = FACE_BOUND('',#9497,.F.);
#9497 = EDGE_LOOP('',(#9498));
#9498 = ORIENTED_EDGE('',*,*,#9499,.T.);
#9499 = EDGE_CURVE('',#9500,#9500,#9502,.T.);
#9500 = VERTEX_POINT('',#9501);
#9501 = CARTESIAN_POINT('',(173.105,-74.48,0.));
#9502 = CIRCLE('',#9503,0.5);
#9503 = AXIS2_PLACEMENT_3D('',#9504,#9505,#9506);
#9504 = CARTESIAN_POINT('',(173.105,-73.98,0.));
#9505 = DIRECTION('',(-0.,0.,-1.));
#9506 = DIRECTION('',(-0.,-1.,0.));
#9507 = FACE_BOUND('',#9508,.F.);
#9508 = EDGE_LOOP('',(#9509));
#9509 = ORIENTED_EDGE('',*,*,#9510,.T.);
#9510 = EDGE_CURVE('',#9511,#9511,#9513,.T.);
#9511 = VERTEX_POINT('',#9512);
#9512 = CARTESIAN_POINT('',(175.395,-74.48,0.));
#9513 = CIRCLE('',#9514,0.5);
#9514 = AXIS2_PLACEMENT_3D('',#9515,#9516,#9517);
#9515 = CARTESIAN_POINT('',(175.395,-73.98,0.));
#9516 = DIRECTION('',(-0.,0.,-1.));
#9517 = DIRECTION('',(-0.,-1.,0.));
#9518 = FACE_BOUND('',#9519,.F.);
#9519 = EDGE_LOOP('',(#9520));
#9520 = ORIENTED_EDGE('',*,*,#9521,.T.);
#9521 = EDGE_CURVE('',#9522,#9522,#9524,.T.);
#9522 = VERTEX_POINT('',#9523);
#9523 = CARTESIAN_POINT('',(177.685,-74.48,0.));
#9524 = CIRCLE('',#9525,0.5);
#9525 = AXIS2_PLACEMENT_3D('',#9526,#9527,#9528);
#9526 = CARTESIAN_POINT('',(177.685,-73.98,0.));
#9527 = DIRECTION('',(-0.,0.,-1.));
#9528 = DIRECTION('',(-0.,-1.,0.));
#9529 = FACE_BOUND('',#9530,.F.);
#9530 = EDGE_LOOP('',(#9531));
#9531 = ORIENTED_EDGE('',*,*,#9532,.T.);
#9532 = EDGE_CURVE('',#9533,#9533,#9535,.T.);
#9533 = VERTEX_POINT('',#9534);
#9534 = CARTESIAN_POINT('',(179.975,-74.48,0.));
#9535 = CIRCLE('',#9536,0.5);
#9536 = AXIS2_PLACEMENT_3D('',#9537,#9538,#9539);
#9537 = CARTESIAN_POINT('',(179.975,-73.98,0.));
#9538 = DIRECTION('',(-0.,0.,-1.));
#9539 = DIRECTION('',(-0.,-1.,0.));
#9540 = FACE_BOUND('',#9541,.F.);
#9541 = EDGE_LOOP('',(#9542));
#9542 = ORIENTED_EDGE('',*,*,#9543,.T.);
#9543 = EDGE_CURVE('',#9544,#9544,#9546,.T.);
#9544 = VERTEX_POINT('',#9545);
#9545 = CARTESIAN_POINT('',(183.41,-76.46,0.));
#9546 = CIRCLE('',#9547,0.5);
#9547 = AXIS2_PLACEMENT_3D('',#9548,#9549,#9550);
#9548 = CARTESIAN_POINT('',(183.41,-75.96,0.));
#9549 = DIRECTION('',(-0.,0.,-1.));
#9550 = DIRECTION('',(-0.,-1.,0.));
#9551 = FACE_BOUND('',#9552,.F.);
#9552 = EDGE_LOOP('',(#9553));
#9553 = ORIENTED_EDGE('',*,*,#9554,.T.);
#9554 = EDGE_CURVE('',#9555,#9555,#9557,.T.);
#9555 = VERTEX_POINT('',#9556);
#9556 = CARTESIAN_POINT('',(182.265,-74.48,0.));
#9557 = CIRCLE('',#9558,0.5);
#9558 = AXIS2_PLACEMENT_3D('',#9559,#9560,#9561);
#9559 = CARTESIAN_POINT('',(182.265,-73.98,0.));
#9560 = DIRECTION('',(-0.,0.,-1.));
#9561 = DIRECTION('',(-0.,-1.,0.));
#9562 = FACE_BOUND('',#9563,.F.);
#9563 = EDGE_LOOP('',(#9564));
#9564 = ORIENTED_EDGE('',*,*,#9565,.T.);
#9565 = EDGE_CURVE('',#9566,#9566,#9568,.T.);
#9566 = VERTEX_POINT('',#9567);
#9567 = CARTESIAN_POINT('',(191.065,-75.51,0.));
#9568 = CIRCLE('',#9569,1.6);
#9569 = AXIS2_PLACEMENT_3D('',#9570,#9571,#9572);
#9570 = CARTESIAN_POINT('',(191.065,-73.91,0.));
#9571 = DIRECTION('',(-0.,0.,-1.));
#9572 = DIRECTION('',(-0.,-1.,0.));
#9573 = FACE_BOUND('',#9574,.F.);
#9574 = EDGE_LOOP('',(#9575));
#9575 = ORIENTED_EDGE('',*,*,#9576,.T.);
#9576 = EDGE_CURVE('',#9577,#9577,#9579,.T.);
#9577 = VERTEX_POINT('',#9578);
#9578 = CARTESIAN_POINT('',(174.25,-72.5,0.));
#9579 = CIRCLE('',#9580,0.5);
#9580 = AXIS2_PLACEMENT_3D('',#9581,#9582,#9583);
#9581 = CARTESIAN_POINT('',(174.25,-72.,0.));
#9582 = DIRECTION('',(-0.,0.,-1.));
#9583 = DIRECTION('',(-0.,-1.,0.));
#9584 = FACE_BOUND('',#9585,.F.);
#9585 = EDGE_LOOP('',(#9586));
#9586 = ORIENTED_EDGE('',*,*,#9587,.T.);
#9587 = EDGE_CURVE('',#9588,#9588,#9590,.T.);
#9588 = VERTEX_POINT('',#9589);
#9589 = CARTESIAN_POINT('',(176.54,-72.5,0.));
#9590 = CIRCLE('',#9591,0.5);
#9591 = AXIS2_PLACEMENT_3D('',#9592,#9593,#9594);
#9592 = CARTESIAN_POINT('',(176.54,-72.,0.));
#9593 = DIRECTION('',(-0.,0.,-1.));
#9594 = DIRECTION('',(-0.,-1.,0.));
#9595 = FACE_BOUND('',#9596,.F.);
#9596 = EDGE_LOOP('',(#9597));
#9597 = ORIENTED_EDGE('',*,*,#9598,.T.);
#9598 = EDGE_CURVE('',#9599,#9599,#9601,.T.);
#9599 = VERTEX_POINT('',#9600);
#9600 = CARTESIAN_POINT('',(178.83,-72.5,0.));
#9601 = CIRCLE('',#9602,0.5);
#9602 = AXIS2_PLACEMENT_3D('',#9603,#9604,#9605);
#9603 = CARTESIAN_POINT('',(178.83,-72.,0.));
#9604 = DIRECTION('',(-0.,0.,-1.));
#9605 = DIRECTION('',(-0.,-1.,0.));
#9606 = FACE_BOUND('',#9607,.F.);
#9607 = EDGE_LOOP('',(#9608));
#9608 = ORIENTED_EDGE('',*,*,#9609,.T.);
#9609 = EDGE_CURVE('',#9610,#9610,#9612,.T.);
#9610 = VERTEX_POINT('',#9611);
#9611 = CARTESIAN_POINT('',(181.12,-72.5,0.));
#9612 = CIRCLE('',#9613,0.5);
#9613 = AXIS2_PLACEMENT_3D('',#9614,#9615,#9616);
#9614 = CARTESIAN_POINT('',(181.12,-72.,0.));
#9615 = DIRECTION('',(-0.,0.,-1.));
#9616 = DIRECTION('',(-0.,-1.,0.));
#9617 = FACE_BOUND('',#9618,.F.);
#9618 = EDGE_LOOP('',(#9619));
#9619 = ORIENTED_EDGE('',*,*,#9620,.T.);
#9620 = EDGE_CURVE('',#9621,#9621,#9623,.T.);
#9621 = VERTEX_POINT('',#9622);
#9622 = CARTESIAN_POINT('',(183.41,-72.5,0.));
#9623 = CIRCLE('',#9624,0.5);
#9624 = AXIS2_PLACEMENT_3D('',#9625,#9626,#9627);
#9625 = CARTESIAN_POINT('',(183.41,-72.,0.));
#9626 = DIRECTION('',(-0.,0.,-1.));
#9627 = DIRECTION('',(-0.,-1.,0.));
#9628 = PLANE('',#9629);
#9629 = AXIS2_PLACEMENT_3D('',#9630,#9631,#9632);
#9630 = CARTESIAN_POINT('',(0.,0.,0.));
#9631 = DIRECTION('',(0.,0.,1.));
#9632 = DIRECTION('',(1.,0.,-0.));
#9633 = ADVANCED_FACE('',(#9634,#9680,#9691,#9702,#9713,#9724,#9735,
    #9746,#9757,#9768,#9779,#9790,#9801,#9812,#9823,#9834,#9845,#9856,
    #9867,#9878,#9889,#9900,#9911,#9922,#9933,#9944,#9955,#9966,#9977,
    #9988),#9999,.T.);
#9634 = FACE_BOUND('',#9635,.T.);
#9635 = EDGE_LOOP('',(#9636,#9637,#9638,#9647,#9655,#9664,#9672,#9679));
#9636 = ORIENTED_EDGE('',*,*,#9172,.F.);
#9637 = ORIENTED_EDGE('',*,*,#9214,.F.);
#9638 = ORIENTED_EDGE('',*,*,#9639,.F.);
#9639 = EDGE_CURVE('',#9640,#9207,#9642,.T.);
#9640 = VERTEX_POINT('',#9641);
#9641 = CARTESIAN_POINT('',(147.25,-69.5,1.51));
#9642 = CIRCLE('',#9643,0.999999252925);
#9643 = AXIS2_PLACEMENT_3D('',#9644,#9645,#9646);
#9644 = CARTESIAN_POINT('',(148.24999925292,-69.49999925292,1.51));
#9645 = DIRECTION('',(0.,0.,-1.));
#9646 = DIRECTION('',(-1.,-7.470757491648E-07,-0.));
#9647 = ORIENTED_EDGE('',*,*,#9648,.F.);
#9648 = EDGE_CURVE('',#9649,#9640,#9651,.T.);
#9649 = VERTEX_POINT('',#9650);
#9650 = CARTESIAN_POINT('',(147.25,-83.75,1.51));
#9651 = LINE('',#9652,#9653);
#9652 = CARTESIAN_POINT('',(147.25,-83.75,1.51));
#9653 = VECTOR('',#9654,1.);
#9654 = DIRECTION('',(0.,1.,0.));
#9655 = ORIENTED_EDGE('',*,*,#9656,.F.);
#9656 = EDGE_CURVE('',#9657,#9649,#9659,.T.);
#9657 = VERTEX_POINT('',#9658);
#9658 = CARTESIAN_POINT('',(148.25,-84.75,1.51));
#9659 = CIRCLE('',#9660,0.999999252925);
#9660 = AXIS2_PLACEMENT_3D('',#9661,#9662,#9663);
#9661 = CARTESIAN_POINT('',(148.24999925292,-83.75000074707,1.51));
#9662 = DIRECTION('',(0.,0.,-1.));
#9663 = DIRECTION('',(7.470757349539E-07,-1.,0.));
#9664 = ORIENTED_EDGE('',*,*,#9665,.F.);
#9665 = EDGE_CURVE('',#9666,#9657,#9668,.T.);
#9666 = VERTEX_POINT('',#9667);
#9667 = CARTESIAN_POINT('',(193.5,-84.75,1.51));
#9668 = LINE('',#9669,#9670);
#9669 = CARTESIAN_POINT('',(193.5,-84.75,1.51));
#9670 = VECTOR('',#9671,1.);
#9671 = DIRECTION('',(-1.,0.,0.));
#9672 = ORIENTED_EDGE('',*,*,#9673,.F.);
#9673 = EDGE_CURVE('',#9237,#9666,#9674,.T.);
#9674 = CIRCLE('',#9675,0.999999252925);
#9675 = AXIS2_PLACEMENT_3D('',#9676,#9677,#9678);
#9676 = CARTESIAN_POINT('',(193.50000074707,-83.75000074707,1.51));
#9677 = DIRECTION('',(0.,0.,-1.));
#9678 = DIRECTION('',(1.,7.470757491648E-07,0.));
#9679 = ORIENTED_EDGE('',*,*,#9236,.F.);
#9680 = FACE_BOUND('',#9681,.T.);
#9681 = EDGE_LOOP('',(#9682));
#9682 = ORIENTED_EDGE('',*,*,#9683,.T.);
#9683 = EDGE_CURVE('',#9684,#9684,#9686,.T.);
#9684 = VERTEX_POINT('',#9685);
#9685 = CARTESIAN_POINT('',(151.25,-83.41,1.51));
#9686 = CIRCLE('',#9687,0.5);
#9687 = AXIS2_PLACEMENT_3D('',#9688,#9689,#9690);
#9688 = CARTESIAN_POINT('',(151.25,-82.91,1.51));
#9689 = DIRECTION('',(-0.,0.,-1.));
#9690 = DIRECTION('',(-0.,-1.,0.));
#9691 = FACE_BOUND('',#9692,.T.);
#9692 = EDGE_LOOP('',(#9693));
#9693 = ORIENTED_EDGE('',*,*,#9694,.T.);
#9694 = EDGE_CURVE('',#9695,#9695,#9697,.T.);
#9695 = VERTEX_POINT('',#9696);
#9696 = CARTESIAN_POINT('',(153.79,-83.41,1.51));
#9697 = CIRCLE('',#9698,0.5);
#9698 = AXIS2_PLACEMENT_3D('',#9699,#9700,#9701);
#9699 = CARTESIAN_POINT('',(153.79,-82.91,1.51));
#9700 = DIRECTION('',(-0.,0.,-1.));
#9701 = DIRECTION('',(-0.,-1.,0.));
#9702 = FACE_BOUND('',#9703,.T.);
#9703 = EDGE_LOOP('',(#9704));
#9704 = ORIENTED_EDGE('',*,*,#9705,.T.);
#9705 = EDGE_CURVE('',#9706,#9706,#9708,.T.);
#9706 = VERTEX_POINT('',#9707);
#9707 = CARTESIAN_POINT('',(151.25,-80.87,1.51));
#9708 = CIRCLE('',#9709,0.5);
#9709 = AXIS2_PLACEMENT_3D('',#9710,#9711,#9712);
#9710 = CARTESIAN_POINT('',(151.25,-80.37,1.51));
#9711 = DIRECTION('',(-0.,0.,-1.));
#9712 = DIRECTION('',(-0.,-1.,0.));
#9713 = FACE_BOUND('',#9714,.T.);
#9714 = EDGE_LOOP('',(#9715));
#9715 = ORIENTED_EDGE('',*,*,#9716,.T.);
#9716 = EDGE_CURVE('',#9717,#9717,#9719,.T.);
#9717 = VERTEX_POINT('',#9718);
#9718 = CARTESIAN_POINT('',(153.79,-80.87,1.51));
#9719 = CIRCLE('',#9720,0.5);
#9720 = AXIS2_PLACEMENT_3D('',#9721,#9722,#9723);
#9721 = CARTESIAN_POINT('',(153.79,-80.37,1.51));
#9722 = DIRECTION('',(-0.,0.,-1.));
#9723 = DIRECTION('',(-0.,-1.,0.));
#9724 = FACE_BOUND('',#9725,.T.);
#9725 = EDGE_LOOP('',(#9726));
#9726 = ORIENTED_EDGE('',*,*,#9727,.T.);
#9727 = EDGE_CURVE('',#9728,#9728,#9730,.T.);
#9728 = VERTEX_POINT('',#9729);
#9729 = CARTESIAN_POINT('',(151.25,-78.33,1.51));
#9730 = CIRCLE('',#9731,0.5);
#9731 = AXIS2_PLACEMENT_3D('',#9732,#9733,#9734);
#9732 = CARTESIAN_POINT('',(151.25,-77.83,1.51));
#9733 = DIRECTION('',(-0.,0.,-1.));
#9734 = DIRECTION('',(-0.,-1.,0.));
#9735 = FACE_BOUND('',#9736,.T.);
#9736 = EDGE_LOOP('',(#9737));
#9737 = ORIENTED_EDGE('',*,*,#9738,.T.);
#9738 = EDGE_CURVE('',#9739,#9739,#9741,.T.);
#9739 = VERTEX_POINT('',#9740);
#9740 = CARTESIAN_POINT('',(153.79,-78.33,1.51));
#9741 = CIRCLE('',#9742,0.5);
#9742 = AXIS2_PLACEMENT_3D('',#9743,#9744,#9745);
#9743 = CARTESIAN_POINT('',(153.79,-77.83,1.51));
#9744 = DIRECTION('',(-0.,0.,-1.));
#9745 = DIRECTION('',(-0.,-1.,0.));
#9746 = FACE_BOUND('',#9747,.T.);
#9747 = EDGE_LOOP('',(#9748));
#9748 = ORIENTED_EDGE('',*,*,#9749,.T.);
#9749 = EDGE_CURVE('',#9750,#9750,#9752,.T.);
#9750 = VERTEX_POINT('',#9751);
#9751 = CARTESIAN_POINT('',(151.25,-75.79,1.51));
#9752 = CIRCLE('',#9753,0.5);
#9753 = AXIS2_PLACEMENT_3D('',#9754,#9755,#9756);
#9754 = CARTESIAN_POINT('',(151.25,-75.29,1.51));
#9755 = DIRECTION('',(-0.,0.,-1.));
#9756 = DIRECTION('',(-0.,-1.,0.));
#9757 = FACE_BOUND('',#9758,.T.);
#9758 = EDGE_LOOP('',(#9759));
#9759 = ORIENTED_EDGE('',*,*,#9760,.T.);
#9760 = EDGE_CURVE('',#9761,#9761,#9763,.T.);
#9761 = VERTEX_POINT('',#9762);
#9762 = CARTESIAN_POINT('',(153.79,-75.79,1.51));
#9763 = CIRCLE('',#9764,0.5);
#9764 = AXIS2_PLACEMENT_3D('',#9765,#9766,#9767);
#9765 = CARTESIAN_POINT('',(153.79,-75.29,1.51));
#9766 = DIRECTION('',(-0.,0.,-1.));
#9767 = DIRECTION('',(-0.,-1.,0.));
#9768 = FACE_BOUND('',#9769,.T.);
#9769 = EDGE_LOOP('',(#9770));
#9770 = ORIENTED_EDGE('',*,*,#9771,.T.);
#9771 = EDGE_CURVE('',#9772,#9772,#9774,.T.);
#9772 = VERTEX_POINT('',#9773);
#9773 = CARTESIAN_POINT('',(166.065,-75.51,1.51));
#9774 = CIRCLE('',#9775,1.6);
#9775 = AXIS2_PLACEMENT_3D('',#9776,#9777,#9778);
#9776 = CARTESIAN_POINT('',(166.065,-73.91,1.51));
#9777 = DIRECTION('',(-0.,0.,-1.));
#9778 = DIRECTION('',(-0.,-1.,0.));
#9779 = FACE_BOUND('',#9780,.T.);
#9780 = EDGE_LOOP('',(#9781));
#9781 = ORIENTED_EDGE('',*,*,#9782,.T.);
#9782 = EDGE_CURVE('',#9783,#9783,#9785,.T.);
#9783 = VERTEX_POINT('',#9784);
#9784 = CARTESIAN_POINT('',(151.25,-73.25,1.51));
#9785 = CIRCLE('',#9786,0.5);
#9786 = AXIS2_PLACEMENT_3D('',#9787,#9788,#9789);
#9787 = CARTESIAN_POINT('',(151.25,-72.75,1.51));
#9788 = DIRECTION('',(-0.,0.,-1.));
#9789 = DIRECTION('',(-0.,-1.,0.));
#9790 = FACE_BOUND('',#9791,.T.);
#9791 = EDGE_LOOP('',(#9792));
#9792 = ORIENTED_EDGE('',*,*,#9793,.T.);
#9793 = EDGE_CURVE('',#9794,#9794,#9796,.T.);
#9794 = VERTEX_POINT('',#9795);
#9795 = CARTESIAN_POINT('',(153.79,-73.25,1.51));
#9796 = CIRCLE('',#9797,0.5);
#9797 = AXIS2_PLACEMENT_3D('',#9798,#9799,#9800);
#9798 = CARTESIAN_POINT('',(153.79,-72.75,1.51));
#9799 = DIRECTION('',(-0.,0.,-1.));
#9800 = DIRECTION('',(-0.,-1.,0.));
#9801 = FACE_BOUND('',#9802,.T.);
#9802 = EDGE_LOOP('',(#9803));
#9803 = ORIENTED_EDGE('',*,*,#9804,.T.);
#9804 = EDGE_CURVE('',#9805,#9805,#9807,.T.);
#9805 = VERTEX_POINT('',#9806);
#9806 = CARTESIAN_POINT('',(151.25,-70.71,1.51));
#9807 = CIRCLE('',#9808,0.5);
#9808 = AXIS2_PLACEMENT_3D('',#9809,#9810,#9811);
#9809 = CARTESIAN_POINT('',(151.25,-70.21,1.51));
#9810 = DIRECTION('',(-0.,0.,-1.));
#9811 = DIRECTION('',(-0.,-1.,0.));
#9812 = FACE_BOUND('',#9813,.T.);
#9813 = EDGE_LOOP('',(#9814));
#9814 = ORIENTED_EDGE('',*,*,#9815,.T.);
#9815 = EDGE_CURVE('',#9816,#9816,#9818,.T.);
#9816 = VERTEX_POINT('',#9817);
#9817 = CARTESIAN_POINT('',(153.79,-70.71,1.51));
#9818 = CIRCLE('',#9819,0.5);
#9819 = AXIS2_PLACEMENT_3D('',#9820,#9821,#9822);
#9820 = CARTESIAN_POINT('',(153.79,-70.21,1.51));
#9821 = DIRECTION('',(-0.,0.,-1.));
#9822 = DIRECTION('',(-0.,-1.,0.));
#9823 = FACE_BOUND('',#9824,.T.);
#9824 = EDGE_LOOP('',(#9825));
#9825 = ORIENTED_EDGE('',*,*,#9826,.T.);
#9826 = EDGE_CURVE('',#9827,#9827,#9829,.T.);
#9827 = VERTEX_POINT('',#9828);
#9828 = CARTESIAN_POINT('',(174.25,-76.46,1.51));
#9829 = CIRCLE('',#9830,0.5);
#9830 = AXIS2_PLACEMENT_3D('',#9831,#9832,#9833);
#9831 = CARTESIAN_POINT('',(174.25,-75.96,1.51));
#9832 = DIRECTION('',(-0.,0.,-1.));
#9833 = DIRECTION('',(-0.,-1.,0.));
#9834 = FACE_BOUND('',#9835,.T.);
#9835 = EDGE_LOOP('',(#9836));
#9836 = ORIENTED_EDGE('',*,*,#9837,.T.);
#9837 = EDGE_CURVE('',#9838,#9838,#9840,.T.);
#9838 = VERTEX_POINT('',#9839);
#9839 = CARTESIAN_POINT('',(176.54,-76.46,1.51));
#9840 = CIRCLE('',#9841,0.5);
#9841 = AXIS2_PLACEMENT_3D('',#9842,#9843,#9844);
#9842 = CARTESIAN_POINT('',(176.54,-75.96,1.51));
#9843 = DIRECTION('',(-0.,0.,-1.));
#9844 = DIRECTION('',(-0.,-1.,0.));
#9845 = FACE_BOUND('',#9846,.T.);
#9846 = EDGE_LOOP('',(#9847));
#9847 = ORIENTED_EDGE('',*,*,#9848,.T.);
#9848 = EDGE_CURVE('',#9849,#9849,#9851,.T.);
#9849 = VERTEX_POINT('',#9850);
#9850 = CARTESIAN_POINT('',(178.83,-76.46,1.51));
#9851 = CIRCLE('',#9852,0.5);
#9852 = AXIS2_PLACEMENT_3D('',#9853,#9854,#9855);
#9853 = CARTESIAN_POINT('',(178.83,-75.96,1.51));
#9854 = DIRECTION('',(-0.,0.,-1.));
#9855 = DIRECTION('',(-0.,-1.,0.));
#9856 = FACE_BOUND('',#9857,.T.);
#9857 = EDGE_LOOP('',(#9858));
#9858 = ORIENTED_EDGE('',*,*,#9859,.T.);
#9859 = EDGE_CURVE('',#9860,#9860,#9862,.T.);
#9860 = VERTEX_POINT('',#9861);
#9861 = CARTESIAN_POINT('',(181.12,-76.46,1.51));
#9862 = CIRCLE('',#9863,0.5);
#9863 = AXIS2_PLACEMENT_3D('',#9864,#9865,#9866);
#9864 = CARTESIAN_POINT('',(181.12,-75.96,1.51));
#9865 = DIRECTION('',(-0.,0.,-1.));
#9866 = DIRECTION('',(-0.,-1.,0.));
#9867 = FACE_BOUND('',#9868,.T.);
#9868 = EDGE_LOOP('',(#9869));
#9869 = ORIENTED_EDGE('',*,*,#9870,.T.);
#9870 = EDGE_CURVE('',#9871,#9871,#9873,.T.);
#9871 = VERTEX_POINT('',#9872);
#9872 = CARTESIAN_POINT('',(173.105,-74.48,1.51));
#9873 = CIRCLE('',#9874,0.5);
#9874 = AXIS2_PLACEMENT_3D('',#9875,#9876,#9877);
#9875 = CARTESIAN_POINT('',(173.105,-73.98,1.51));
#9876 = DIRECTION('',(-0.,0.,-1.));
#9877 = DIRECTION('',(-0.,-1.,0.));
#9878 = FACE_BOUND('',#9879,.T.);
#9879 = EDGE_LOOP('',(#9880));
#9880 = ORIENTED_EDGE('',*,*,#9881,.T.);
#9881 = EDGE_CURVE('',#9882,#9882,#9884,.T.);
#9882 = VERTEX_POINT('',#9883);
#9883 = CARTESIAN_POINT('',(175.395,-74.48,1.51));
#9884 = CIRCLE('',#9885,0.5);
#9885 = AXIS2_PLACEMENT_3D('',#9886,#9887,#9888);
#9886 = CARTESIAN_POINT('',(175.395,-73.98,1.51));
#9887 = DIRECTION('',(-0.,0.,-1.));
#9888 = DIRECTION('',(-0.,-1.,0.));
#9889 = FACE_BOUND('',#9890,.T.);
#9890 = EDGE_LOOP('',(#9891));
#9891 = ORIENTED_EDGE('',*,*,#9892,.T.);
#9892 = EDGE_CURVE('',#9893,#9893,#9895,.T.);
#9893 = VERTEX_POINT('',#9894);
#9894 = CARTESIAN_POINT('',(177.685,-74.48,1.51));
#9895 = CIRCLE('',#9896,0.5);
#9896 = AXIS2_PLACEMENT_3D('',#9897,#9898,#9899);
#9897 = CARTESIAN_POINT('',(177.685,-73.98,1.51));
#9898 = DIRECTION('',(-0.,0.,-1.));
#9899 = DIRECTION('',(-0.,-1.,0.));
#9900 = FACE_BOUND('',#9901,.T.);
#9901 = EDGE_LOOP('',(#9902));
#9902 = ORIENTED_EDGE('',*,*,#9903,.T.);
#9903 = EDGE_CURVE('',#9904,#9904,#9906,.T.);
#9904 = VERTEX_POINT('',#9905);
#9905 = CARTESIAN_POINT('',(179.975,-74.48,1.51));
#9906 = CIRCLE('',#9907,0.5);
#9907 = AXIS2_PLACEMENT_3D('',#9908,#9909,#9910);
#9908 = CARTESIAN_POINT('',(179.975,-73.98,1.51));
#9909 = DIRECTION('',(-0.,0.,-1.));
#9910 = DIRECTION('',(-0.,-1.,0.));
#9911 = FACE_BOUND('',#9912,.T.);
#9912 = EDGE_LOOP('',(#9913));
#9913 = ORIENTED_EDGE('',*,*,#9914,.T.);
#9914 = EDGE_CURVE('',#9915,#9915,#9917,.T.);
#9915 = VERTEX_POINT('',#9916);
#9916 = CARTESIAN_POINT('',(183.41,-76.46,1.51));
#9917 = CIRCLE('',#9918,0.5);
#9918 = AXIS2_PLACEMENT_3D('',#9919,#9920,#9921);
#9919 = CARTESIAN_POINT('',(183.41,-75.96,1.51));
#9920 = DIRECTION('',(-0.,0.,-1.));
#9921 = DIRECTION('',(-0.,-1.,0.));
#9922 = FACE_BOUND('',#9923,.T.);
#9923 = EDGE_LOOP('',(#9924));
#9924 = ORIENTED_EDGE('',*,*,#9925,.T.);
#9925 = EDGE_CURVE('',#9926,#9926,#9928,.T.);
#9926 = VERTEX_POINT('',#9927);
#9927 = CARTESIAN_POINT('',(182.265,-74.48,1.51));
#9928 = CIRCLE('',#9929,0.5);
#9929 = AXIS2_PLACEMENT_3D('',#9930,#9931,#9932);
#9930 = CARTESIAN_POINT('',(182.265,-73.98,1.51));
#9931 = DIRECTION('',(-0.,0.,-1.));
#9932 = DIRECTION('',(-0.,-1.,0.));
#9933 = FACE_BOUND('',#9934,.T.);
#9934 = EDGE_LOOP('',(#9935));
#9935 = ORIENTED_EDGE('',*,*,#9936,.T.);
#9936 = EDGE_CURVE('',#9937,#9937,#9939,.T.);
#9937 = VERTEX_POINT('',#9938);
#9938 = CARTESIAN_POINT('',(191.065,-75.51,1.51));
#9939 = CIRCLE('',#9940,1.6);
#9940 = AXIS2_PLACEMENT_3D('',#9941,#9942,#9943);
#9941 = CARTESIAN_POINT('',(191.065,-73.91,1.51));
#9942 = DIRECTION('',(-0.,0.,-1.));
#9943 = DIRECTION('',(-0.,-1.,0.));
#9944 = FACE_BOUND('',#9945,.T.);
#9945 = EDGE_LOOP('',(#9946));
#9946 = ORIENTED_EDGE('',*,*,#9947,.T.);
#9947 = EDGE_CURVE('',#9948,#9948,#9950,.T.);
#9948 = VERTEX_POINT('',#9949);
#9949 = CARTESIAN_POINT('',(174.25,-72.5,1.51));
#9950 = CIRCLE('',#9951,0.5);
#9951 = AXIS2_PLACEMENT_3D('',#9952,#9953,#9954);
#9952 = CARTESIAN_POINT('',(174.25,-72.,1.51));
#9953 = DIRECTION('',(-0.,0.,-1.));
#9954 = DIRECTION('',(-0.,-1.,0.));
#9955 = FACE_BOUND('',#9956,.T.);
#9956 = EDGE_LOOP('',(#9957));
#9957 = ORIENTED_EDGE('',*,*,#9958,.T.);
#9958 = EDGE_CURVE('',#9959,#9959,#9961,.T.);
#9959 = VERTEX_POINT('',#9960);
#9960 = CARTESIAN_POINT('',(176.54,-72.5,1.51));
#9961 = CIRCLE('',#9962,0.5);
#9962 = AXIS2_PLACEMENT_3D('',#9963,#9964,#9965);
#9963 = CARTESIAN_POINT('',(176.54,-72.,1.51));
#9964 = DIRECTION('',(-0.,0.,-1.));
#9965 = DIRECTION('',(-0.,-1.,0.));
#9966 = FACE_BOUND('',#9967,.T.);
#9967 = EDGE_LOOP('',(#9968));
#9968 = ORIENTED_EDGE('',*,*,#9969,.T.);
#9969 = EDGE_CURVE('',#9970,#9970,#9972,.T.);
#9970 = VERTEX_POINT('',#9971);
#9971 = CARTESIAN_POINT('',(178.83,-72.5,1.51));
#9972 = CIRCLE('',#9973,0.5);
#9973 = AXIS2_PLACEMENT_3D('',#9974,#9975,#9976);
#9974 = CARTESIAN_POINT('',(178.83,-72.,1.51));
#9975 = DIRECTION('',(-0.,0.,-1.));
#9976 = DIRECTION('',(-0.,-1.,0.));
#9977 = FACE_BOUND('',#9978,.T.);
#9978 = EDGE_LOOP('',(#9979));
#9979 = ORIENTED_EDGE('',*,*,#9980,.T.);
#9980 = EDGE_CURVE('',#9981,#9981,#9983,.T.);
#9981 = VERTEX_POINT('',#9982);
#9982 = CARTESIAN_POINT('',(181.12,-72.5,1.51));
#9983 = CIRCLE('',#9984,0.5);
#9984 = AXIS2_PLACEMENT_3D('',#9985,#9986,#9987);
#9985 = CARTESIAN_POINT('',(181.12,-72.,1.51));
#9986 = DIRECTION('',(-0.,0.,-1.));
#9987 = DIRECTION('',(-0.,-1.,0.));
#9988 = FACE_BOUND('',#9989,.T.);
#9989 = EDGE_LOOP('',(#9990));
#9990 = ORIENTED_EDGE('',*,*,#9991,.T.);
#9991 = EDGE_CURVE('',#9992,#9992,#9994,.T.);
#9992 = VERTEX_POINT('',#9993);
#9993 = CARTESIAN_POINT('',(183.41,-72.5,1.51));
#9994 = CIRCLE('',#9995,0.5);
#9995 = AXIS2_PLACEMENT_3D('',#9996,#9997,#9998);
#9996 = CARTESIAN_POINT('',(183.41,-72.,1.51));
#9997 = DIRECTION('',(-0.,0.,-1.));
#9998 = DIRECTION('',(-0.,-1.,0.));
#9999 = PLANE('',#10000);
#10000 = AXIS2_PLACEMENT_3D('',#10001,#10002,#10003);
#10001 = CARTESIAN_POINT('',(0.,0.,1.51));
#10002 = DIRECTION('',(0.,0.,1.));
#10003 = DIRECTION('',(1.,0.,-0.));
#10004 = ADVANCED_FACE('',(#10005),#10016,.T.);
#10005 = FACE_BOUND('',#10006,.T.);
#10006 = EDGE_LOOP('',(#10007,#10013,#10014,#10015));
#10007 = ORIENTED_EDGE('',*,*,#10008,.T.);
#10008 = EDGE_CURVE('',#9269,#9640,#10009,.T.);
#10009 = LINE('',#10010,#10011);
#10010 = CARTESIAN_POINT('',(147.25,-69.5,0.));
#10011 = VECTOR('',#10012,1.);
#10012 = DIRECTION('',(0.,0.,1.));
#10013 = ORIENTED_EDGE('',*,*,#9639,.T.);
#10014 = ORIENTED_EDGE('',*,*,#9204,.F.);
#10015 = ORIENTED_EDGE('',*,*,#9268,.F.);
#10016 = CYLINDRICAL_SURFACE('',#10017,0.999999252925);
#10017 = AXIS2_PLACEMENT_3D('',#10018,#10019,#10020);
#10018 = CARTESIAN_POINT('',(148.24999925292,-69.49999925292,0.));
#10019 = DIRECTION('',(0.,0.,-1.));
#10020 = DIRECTION('',(-1.,-7.470757491648E-07,-0.));
#10021 = ADVANCED_FACE('',(#10022),#10033,.T.);
#10022 = FACE_BOUND('',#10023,.T.);
#10023 = EDGE_LOOP('',(#10024,#10025,#10026,#10032));
#10024 = ORIENTED_EDGE('',*,*,#9244,.T.);
#10025 = ORIENTED_EDGE('',*,*,#9673,.T.);
#10026 = ORIENTED_EDGE('',*,*,#10027,.F.);
#10027 = EDGE_CURVE('',#9295,#9666,#10028,.T.);
#10028 = LINE('',#10029,#10030);
#10029 = CARTESIAN_POINT('',(193.5,-84.75,0.));
#10030 = VECTOR('',#10031,1.);
#10031 = DIRECTION('',(0.,0.,1.));
#10032 = ORIENTED_EDGE('',*,*,#9302,.F.);
#10033 = CYLINDRICAL_SURFACE('',#10034,0.999999252925);
#10034 = AXIS2_PLACEMENT_3D('',#10035,#10036,#10037);
#10035 = CARTESIAN_POINT('',(193.50000074707,-83.75000074707,0.));
#10036 = DIRECTION('',(0.,0.,-1.));
#10037 = DIRECTION('',(1.,7.470757491648E-07,0.));
#10038 = ADVANCED_FACE('',(#10039),#10050,.T.);
#10039 = FACE_BOUND('',#10040,.T.);
#10040 = EDGE_LOOP('',(#10041,#10047,#10048,#10049));
#10041 = ORIENTED_EDGE('',*,*,#10042,.T.);
#10042 = EDGE_CURVE('',#9278,#9649,#10043,.T.);
#10043 = LINE('',#10044,#10045);
#10044 = CARTESIAN_POINT('',(147.25,-83.75,0.));
#10045 = VECTOR('',#10046,1.);
#10046 = DIRECTION('',(0.,0.,1.));
#10047 = ORIENTED_EDGE('',*,*,#9648,.T.);
#10048 = ORIENTED_EDGE('',*,*,#10008,.F.);
#10049 = ORIENTED_EDGE('',*,*,#9277,.F.);
#10050 = PLANE('',#10051);
#10051 = AXIS2_PLACEMENT_3D('',#10052,#10053,#10054);
#10052 = CARTESIAN_POINT('',(147.25,-83.75,0.));
#10053 = DIRECTION('',(-1.,0.,0.));
#10054 = DIRECTION('',(0.,1.,0.));
#10055 = ADVANCED_FACE('',(#10056),#10067,.T.);
#10056 = FACE_BOUND('',#10057,.T.);
#10057 = EDGE_LOOP('',(#10058,#10059,#10060,#10066));
#10058 = ORIENTED_EDGE('',*,*,#10027,.T.);
#10059 = ORIENTED_EDGE('',*,*,#9665,.T.);
#10060 = ORIENTED_EDGE('',*,*,#10061,.F.);
#10061 = EDGE_CURVE('',#9286,#9657,#10062,.T.);
#10062 = LINE('',#10063,#10064);
#10063 = CARTESIAN_POINT('',(148.25,-84.75,0.));
#10064 = VECTOR('',#10065,1.);
#10065 = DIRECTION('',(0.,0.,1.));
#10066 = ORIENTED_EDGE('',*,*,#9294,.F.);
#10067 = PLANE('',#10068);
#10068 = AXIS2_PLACEMENT_3D('',#10069,#10070,#10071);
#10069 = CARTESIAN_POINT('',(193.5,-84.75,0.));
#10070 = DIRECTION('',(0.,-1.,0.));
#10071 = DIRECTION('',(-1.,0.,0.));
#10072 = ADVANCED_FACE('',(#10073),#10079,.T.);
#10073 = FACE_BOUND('',#10074,.T.);
#10074 = EDGE_LOOP('',(#10075,#10076,#10077,#10078));
#10075 = ORIENTED_EDGE('',*,*,#10061,.T.);
#10076 = ORIENTED_EDGE('',*,*,#9656,.T.);
#10077 = ORIENTED_EDGE('',*,*,#10042,.F.);
#10078 = ORIENTED_EDGE('',*,*,#9285,.F.);
#10079 = CYLINDRICAL_SURFACE('',#10080,0.999999252925);
#10080 = AXIS2_PLACEMENT_3D('',#10081,#10082,#10083);
#10081 = CARTESIAN_POINT('',(148.24999925292,-83.75000074707,0.));
#10082 = DIRECTION('',(0.,0.,-1.));
#10083 = DIRECTION('',(7.470757349539E-07,-1.,0.));
#10084 = ADVANCED_FACE('',(#10085),#10096,.F.);
#10085 = FACE_BOUND('',#10086,.T.);
#10086 = EDGE_LOOP('',(#10087,#10088,#10094,#10095));
#10087 = ORIENTED_EDGE('',*,*,#9312,.T.);
#10088 = ORIENTED_EDGE('',*,*,#10089,.T.);
#10089 = EDGE_CURVE('',#9313,#9684,#10090,.T.);
#10090 = LINE('',#10091,#10092);
#10091 = CARTESIAN_POINT('',(151.25,-83.41,-4.6E-02));
#10092 = VECTOR('',#10093,1.);
#10093 = DIRECTION('',(0.,0.,1.));
#10094 = ORIENTED_EDGE('',*,*,#9683,.F.);
#10095 = ORIENTED_EDGE('',*,*,#10089,.F.);
#10096 = CYLINDRICAL_SURFACE('',#10097,0.5);
#10097 = AXIS2_PLACEMENT_3D('',#10098,#10099,#10100);
#10098 = CARTESIAN_POINT('',(151.25,-82.91,-4.6E-02));
#10099 = DIRECTION('',(-0.,-0.,-1.));
#10100 = DIRECTION('',(-0.,-1.,0.));
#10101 = ADVANCED_FACE('',(#10102),#10113,.F.);
#10102 = FACE_BOUND('',#10103,.T.);
#10103 = EDGE_LOOP('',(#10104,#10105,#10111,#10112));
#10104 = ORIENTED_EDGE('',*,*,#9323,.T.);
#10105 = ORIENTED_EDGE('',*,*,#10106,.T.);
#10106 = EDGE_CURVE('',#9324,#9695,#10107,.T.);
#10107 = LINE('',#10108,#10109);
#10108 = CARTESIAN_POINT('',(153.79,-83.41,-4.6E-02));
#10109 = VECTOR('',#10110,1.);
#10110 = DIRECTION('',(0.,0.,1.));
#10111 = ORIENTED_EDGE('',*,*,#9694,.F.);
#10112 = ORIENTED_EDGE('',*,*,#10106,.F.);
#10113 = CYLINDRICAL_SURFACE('',#10114,0.5);
#10114 = AXIS2_PLACEMENT_3D('',#10115,#10116,#10117);
#10115 = CARTESIAN_POINT('',(153.79,-82.91,-4.6E-02));
#10116 = DIRECTION('',(-0.,-0.,-1.));
#10117 = DIRECTION('',(-0.,-1.,0.));
#10118 = ADVANCED_FACE('',(#10119),#10130,.F.);
#10119 = FACE_BOUND('',#10120,.T.);
#10120 = EDGE_LOOP('',(#10121,#10122,#10128,#10129));
#10121 = ORIENTED_EDGE('',*,*,#9334,.T.);
#10122 = ORIENTED_EDGE('',*,*,#10123,.T.);
#10123 = EDGE_CURVE('',#9335,#9706,#10124,.T.);
#10124 = LINE('',#10125,#10126);
#10125 = CARTESIAN_POINT('',(151.25,-80.87,-4.6E-02));
#10126 = VECTOR('',#10127,1.);
#10127 = DIRECTION('',(0.,0.,1.));
#10128 = ORIENTED_EDGE('',*,*,#9705,.F.);
#10129 = ORIENTED_EDGE('',*,*,#10123,.F.);
#10130 = CYLINDRICAL_SURFACE('',#10131,0.5);
#10131 = AXIS2_PLACEMENT_3D('',#10132,#10133,#10134);
#10132 = CARTESIAN_POINT('',(151.25,-80.37,-4.6E-02));
#10133 = DIRECTION('',(-0.,-0.,-1.));
#10134 = DIRECTION('',(-0.,-1.,0.));
#10135 = ADVANCED_FACE('',(#10136),#10147,.F.);
#10136 = FACE_BOUND('',#10137,.T.);
#10137 = EDGE_LOOP('',(#10138,#10139,#10145,#10146));
#10138 = ORIENTED_EDGE('',*,*,#9345,.T.);
#10139 = ORIENTED_EDGE('',*,*,#10140,.T.);
#10140 = EDGE_CURVE('',#9346,#9717,#10141,.T.);
#10141 = LINE('',#10142,#10143);
#10142 = CARTESIAN_POINT('',(153.79,-80.87,-4.6E-02));
#10143 = VECTOR('',#10144,1.);
#10144 = DIRECTION('',(0.,0.,1.));
#10145 = ORIENTED_EDGE('',*,*,#9716,.F.);
#10146 = ORIENTED_EDGE('',*,*,#10140,.F.);
#10147 = CYLINDRICAL_SURFACE('',#10148,0.5);
#10148 = AXIS2_PLACEMENT_3D('',#10149,#10150,#10151);
#10149 = CARTESIAN_POINT('',(153.79,-80.37,-4.6E-02));
#10150 = DIRECTION('',(-0.,-0.,-1.));
#10151 = DIRECTION('',(-0.,-1.,0.));
#10152 = ADVANCED_FACE('',(#10153),#10164,.F.);
#10153 = FACE_BOUND('',#10154,.T.);
#10154 = EDGE_LOOP('',(#10155,#10156,#10162,#10163));
#10155 = ORIENTED_EDGE('',*,*,#9356,.T.);
#10156 = ORIENTED_EDGE('',*,*,#10157,.T.);
#10157 = EDGE_CURVE('',#9357,#9728,#10158,.T.);
#10158 = LINE('',#10159,#10160);
#10159 = CARTESIAN_POINT('',(151.25,-78.33,-4.6E-02));
#10160 = VECTOR('',#10161,1.);
#10161 = DIRECTION('',(0.,0.,1.));
#10162 = ORIENTED_EDGE('',*,*,#9727,.F.);
#10163 = ORIENTED_EDGE('',*,*,#10157,.F.);
#10164 = CYLINDRICAL_SURFACE('',#10165,0.5);
#10165 = AXIS2_PLACEMENT_3D('',#10166,#10167,#10168);
#10166 = CARTESIAN_POINT('',(151.25,-77.83,-4.6E-02));
#10167 = DIRECTION('',(-0.,-0.,-1.));
#10168 = DIRECTION('',(-0.,-1.,0.));
#10169 = ADVANCED_FACE('',(#10170),#10181,.F.);
#10170 = FACE_BOUND('',#10171,.T.);
#10171 = EDGE_LOOP('',(#10172,#10173,#10179,#10180));
#10172 = ORIENTED_EDGE('',*,*,#9367,.T.);
#10173 = ORIENTED_EDGE('',*,*,#10174,.T.);
#10174 = EDGE_CURVE('',#9368,#9739,#10175,.T.);
#10175 = LINE('',#10176,#10177);
#10176 = CARTESIAN_POINT('',(153.79,-78.33,-4.6E-02));
#10177 = VECTOR('',#10178,1.);
#10178 = DIRECTION('',(0.,0.,1.));
#10179 = ORIENTED_EDGE('',*,*,#9738,.F.);
#10180 = ORIENTED_EDGE('',*,*,#10174,.F.);
#10181 = CYLINDRICAL_SURFACE('',#10182,0.5);
#10182 = AXIS2_PLACEMENT_3D('',#10183,#10184,#10185);
#10183 = CARTESIAN_POINT('',(153.79,-77.83,-4.6E-02));
#10184 = DIRECTION('',(-0.,-0.,-1.));
#10185 = DIRECTION('',(-0.,-1.,0.));
#10186 = ADVANCED_FACE('',(#10187),#10198,.F.);
#10187 = FACE_BOUND('',#10188,.T.);
#10188 = EDGE_LOOP('',(#10189,#10190,#10196,#10197));
#10189 = ORIENTED_EDGE('',*,*,#9378,.T.);
#10190 = ORIENTED_EDGE('',*,*,#10191,.T.);
#10191 = EDGE_CURVE('',#9379,#9750,#10192,.T.);
#10192 = LINE('',#10193,#10194);
#10193 = CARTESIAN_POINT('',(151.25,-75.79,-4.6E-02));
#10194 = VECTOR('',#10195,1.);
#10195 = DIRECTION('',(0.,0.,1.));
#10196 = ORIENTED_EDGE('',*,*,#9749,.F.);
#10197 = ORIENTED_EDGE('',*,*,#10191,.F.);
#10198 = CYLINDRICAL_SURFACE('',#10199,0.5);
#10199 = AXIS2_PLACEMENT_3D('',#10200,#10201,#10202);
#10200 = CARTESIAN_POINT('',(151.25,-75.29,-4.6E-02));
#10201 = DIRECTION('',(-0.,-0.,-1.));
#10202 = DIRECTION('',(-0.,-1.,0.));
#10203 = ADVANCED_FACE('',(#10204),#10215,.F.);
#10204 = FACE_BOUND('',#10205,.T.);
#10205 = EDGE_LOOP('',(#10206,#10207,#10213,#10214));
#10206 = ORIENTED_EDGE('',*,*,#9389,.T.);
#10207 = ORIENTED_EDGE('',*,*,#10208,.T.);
#10208 = EDGE_CURVE('',#9390,#9761,#10209,.T.);
#10209 = LINE('',#10210,#10211);
#10210 = CARTESIAN_POINT('',(153.79,-75.79,-4.6E-02));
#10211 = VECTOR('',#10212,1.);
#10212 = DIRECTION('',(0.,0.,1.));
#10213 = ORIENTED_EDGE('',*,*,#9760,.F.);
#10214 = ORIENTED_EDGE('',*,*,#10208,.F.);
#10215 = CYLINDRICAL_SURFACE('',#10216,0.5);
#10216 = AXIS2_PLACEMENT_3D('',#10217,#10218,#10219);
#10217 = CARTESIAN_POINT('',(153.79,-75.29,-4.6E-02));
#10218 = DIRECTION('',(-0.,-0.,-1.));
#10219 = DIRECTION('',(-0.,-1.,0.));
#10220 = ADVANCED_FACE('',(#10221),#10232,.F.);
#10221 = FACE_BOUND('',#10222,.T.);
#10222 = EDGE_LOOP('',(#10223,#10224,#10230,#10231));
#10223 = ORIENTED_EDGE('',*,*,#9400,.T.);
#10224 = ORIENTED_EDGE('',*,*,#10225,.T.);
#10225 = EDGE_CURVE('',#9401,#9772,#10226,.T.);
#10226 = LINE('',#10227,#10228);
#10227 = CARTESIAN_POINT('',(166.065,-75.51,-4.6E-02));
#10228 = VECTOR('',#10229,1.);
#10229 = DIRECTION('',(0.,0.,1.));
#10230 = ORIENTED_EDGE('',*,*,#9771,.F.);
#10231 = ORIENTED_EDGE('',*,*,#10225,.F.);
#10232 = CYLINDRICAL_SURFACE('',#10233,1.6);
#10233 = AXIS2_PLACEMENT_3D('',#10234,#10235,#10236);
#10234 = CARTESIAN_POINT('',(166.065,-73.91,-4.6E-02));
#10235 = DIRECTION('',(-0.,-0.,-1.));
#10236 = DIRECTION('',(-0.,-1.,0.));
#10237 = ADVANCED_FACE('',(#10238),#10249,.F.);
#10238 = FACE_BOUND('',#10239,.T.);
#10239 = EDGE_LOOP('',(#10240,#10241,#10247,#10248));
#10240 = ORIENTED_EDGE('',*,*,#9411,.T.);
#10241 = ORIENTED_EDGE('',*,*,#10242,.T.);
#10242 = EDGE_CURVE('',#9412,#9783,#10243,.T.);
#10243 = LINE('',#10244,#10245);
#10244 = CARTESIAN_POINT('',(151.25,-73.25,-4.6E-02));
#10245 = VECTOR('',#10246,1.);
#10246 = DIRECTION('',(0.,0.,1.));
#10247 = ORIENTED_EDGE('',*,*,#9782,.F.);
#10248 = ORIENTED_EDGE('',*,*,#10242,.F.);
#10249 = CYLINDRICAL_SURFACE('',#10250,0.5);
#10250 = AXIS2_PLACEMENT_3D('',#10251,#10252,#10253);
#10251 = CARTESIAN_POINT('',(151.25,-72.75,-4.6E-02));
#10252 = DIRECTION('',(-0.,-0.,-1.));
#10253 = DIRECTION('',(-0.,-1.,0.));
#10254 = ADVANCED_FACE('',(#10255),#10266,.F.);
#10255 = FACE_BOUND('',#10256,.T.);
#10256 = EDGE_LOOP('',(#10257,#10258,#10264,#10265));
#10257 = ORIENTED_EDGE('',*,*,#9422,.T.);
#10258 = ORIENTED_EDGE('',*,*,#10259,.T.);
#10259 = EDGE_CURVE('',#9423,#9794,#10260,.T.);
#10260 = LINE('',#10261,#10262);
#10261 = CARTESIAN_POINT('',(153.79,-73.25,-4.6E-02));
#10262 = VECTOR('',#10263,1.);
#10263 = DIRECTION('',(0.,0.,1.));
#10264 = ORIENTED_EDGE('',*,*,#9793,.F.);
#10265 = ORIENTED_EDGE('',*,*,#10259,.F.);
#10266 = CYLINDRICAL_SURFACE('',#10267,0.5);
#10267 = AXIS2_PLACEMENT_3D('',#10268,#10269,#10270);
#10268 = CARTESIAN_POINT('',(153.79,-72.75,-4.6E-02));
#10269 = DIRECTION('',(-0.,-0.,-1.));
#10270 = DIRECTION('',(-0.,-1.,0.));
#10271 = ADVANCED_FACE('',(#10272),#10283,.F.);
#10272 = FACE_BOUND('',#10273,.T.);
#10273 = EDGE_LOOP('',(#10274,#10275,#10281,#10282));
#10274 = ORIENTED_EDGE('',*,*,#9433,.T.);
#10275 = ORIENTED_EDGE('',*,*,#10276,.T.);
#10276 = EDGE_CURVE('',#9434,#9805,#10277,.T.);
#10277 = LINE('',#10278,#10279);
#10278 = CARTESIAN_POINT('',(151.25,-70.71,-4.6E-02));
#10279 = VECTOR('',#10280,1.);
#10280 = DIRECTION('',(0.,0.,1.));
#10281 = ORIENTED_EDGE('',*,*,#9804,.F.);
#10282 = ORIENTED_EDGE('',*,*,#10276,.F.);
#10283 = CYLINDRICAL_SURFACE('',#10284,0.5);
#10284 = AXIS2_PLACEMENT_3D('',#10285,#10286,#10287);
#10285 = CARTESIAN_POINT('',(151.25,-70.21,-4.6E-02));
#10286 = DIRECTION('',(-0.,-0.,-1.));
#10287 = DIRECTION('',(-0.,-1.,0.));
#10288 = ADVANCED_FACE('',(#10289),#10300,.F.);
#10289 = FACE_BOUND('',#10290,.T.);
#10290 = EDGE_LOOP('',(#10291,#10292,#10298,#10299));
#10291 = ORIENTED_EDGE('',*,*,#9444,.T.);
#10292 = ORIENTED_EDGE('',*,*,#10293,.T.);
#10293 = EDGE_CURVE('',#9445,#9816,#10294,.T.);
#10294 = LINE('',#10295,#10296);
#10295 = CARTESIAN_POINT('',(153.79,-70.71,-4.6E-02));
#10296 = VECTOR('',#10297,1.);
#10297 = DIRECTION('',(0.,0.,1.));
#10298 = ORIENTED_EDGE('',*,*,#9815,.F.);
#10299 = ORIENTED_EDGE('',*,*,#10293,.F.);
#10300 = CYLINDRICAL_SURFACE('',#10301,0.5);
#10301 = AXIS2_PLACEMENT_3D('',#10302,#10303,#10304);
#10302 = CARTESIAN_POINT('',(153.79,-70.21,-4.6E-02));
#10303 = DIRECTION('',(-0.,-0.,-1.));
#10304 = DIRECTION('',(-0.,-1.,0.));
#10305 = ADVANCED_FACE('',(#10306),#10317,.F.);
#10306 = FACE_BOUND('',#10307,.T.);
#10307 = EDGE_LOOP('',(#10308,#10309,#10315,#10316));
#10308 = ORIENTED_EDGE('',*,*,#9455,.T.);
#10309 = ORIENTED_EDGE('',*,*,#10310,.T.);
#10310 = EDGE_CURVE('',#9456,#9827,#10311,.T.);
#10311 = LINE('',#10312,#10313);
#10312 = CARTESIAN_POINT('',(174.25,-76.46,-4.6E-02));
#10313 = VECTOR('',#10314,1.);
#10314 = DIRECTION('',(0.,0.,1.));
#10315 = ORIENTED_EDGE('',*,*,#9826,.F.);
#10316 = ORIENTED_EDGE('',*,*,#10310,.F.);
#10317 = CYLINDRICAL_SURFACE('',#10318,0.5);
#10318 = AXIS2_PLACEMENT_3D('',#10319,#10320,#10321);
#10319 = CARTESIAN_POINT('',(174.25,-75.96,-4.6E-02));
#10320 = DIRECTION('',(-0.,-0.,-1.));
#10321 = DIRECTION('',(-0.,-1.,0.));
#10322 = ADVANCED_FACE('',(#10323),#10334,.F.);
#10323 = FACE_BOUND('',#10324,.T.);
#10324 = EDGE_LOOP('',(#10325,#10326,#10332,#10333));
#10325 = ORIENTED_EDGE('',*,*,#9466,.T.);
#10326 = ORIENTED_EDGE('',*,*,#10327,.T.);
#10327 = EDGE_CURVE('',#9467,#9838,#10328,.T.);
#10328 = LINE('',#10329,#10330);
#10329 = CARTESIAN_POINT('',(176.54,-76.46,-4.6E-02));
#10330 = VECTOR('',#10331,1.);
#10331 = DIRECTION('',(0.,0.,1.));
#10332 = ORIENTED_EDGE('',*,*,#9837,.F.);
#10333 = ORIENTED_EDGE('',*,*,#10327,.F.);
#10334 = CYLINDRICAL_SURFACE('',#10335,0.5);
#10335 = AXIS2_PLACEMENT_3D('',#10336,#10337,#10338);
#10336 = CARTESIAN_POINT('',(176.54,-75.96,-4.6E-02));
#10337 = DIRECTION('',(-0.,-0.,-1.));
#10338 = DIRECTION('',(-0.,-1.,0.));
#10339 = ADVANCED_FACE('',(#10340),#10351,.F.);
#10340 = FACE_BOUND('',#10341,.T.);
#10341 = EDGE_LOOP('',(#10342,#10343,#10349,#10350));
#10342 = ORIENTED_EDGE('',*,*,#9477,.T.);
#10343 = ORIENTED_EDGE('',*,*,#10344,.T.);
#10344 = EDGE_CURVE('',#9478,#9849,#10345,.T.);
#10345 = LINE('',#10346,#10347);
#10346 = CARTESIAN_POINT('',(178.83,-76.46,-4.6E-02));
#10347 = VECTOR('',#10348,1.);
#10348 = DIRECTION('',(0.,0.,1.));
#10349 = ORIENTED_EDGE('',*,*,#9848,.F.);
#10350 = ORIENTED_EDGE('',*,*,#10344,.F.);
#10351 = CYLINDRICAL_SURFACE('',#10352,0.5);
#10352 = AXIS2_PLACEMENT_3D('',#10353,#10354,#10355);
#10353 = CARTESIAN_POINT('',(178.83,-75.96,-4.6E-02));
#10354 = DIRECTION('',(-0.,-0.,-1.));
#10355 = DIRECTION('',(-0.,-1.,0.));
#10356 = ADVANCED_FACE('',(#10357),#10368,.F.);
#10357 = FACE_BOUND('',#10358,.T.);
#10358 = EDGE_LOOP('',(#10359,#10360,#10366,#10367));
#10359 = ORIENTED_EDGE('',*,*,#9488,.T.);
#10360 = ORIENTED_EDGE('',*,*,#10361,.T.);
#10361 = EDGE_CURVE('',#9489,#9860,#10362,.T.);
#10362 = LINE('',#10363,#10364);
#10363 = CARTESIAN_POINT('',(181.12,-76.46,-4.6E-02));
#10364 = VECTOR('',#10365,1.);
#10365 = DIRECTION('',(0.,0.,1.));
#10366 = ORIENTED_EDGE('',*,*,#9859,.F.);
#10367 = ORIENTED_EDGE('',*,*,#10361,.F.);
#10368 = CYLINDRICAL_SURFACE('',#10369,0.5);
#10369 = AXIS2_PLACEMENT_3D('',#10370,#10371,#10372);
#10370 = CARTESIAN_POINT('',(181.12,-75.96,-4.6E-02));
#10371 = DIRECTION('',(-0.,-0.,-1.));
#10372 = DIRECTION('',(-0.,-1.,0.));
#10373 = ADVANCED_FACE('',(#10374),#10385,.F.);
#10374 = FACE_BOUND('',#10375,.T.);
#10375 = EDGE_LOOP('',(#10376,#10377,#10383,#10384));
#10376 = ORIENTED_EDGE('',*,*,#9499,.T.);
#10377 = ORIENTED_EDGE('',*,*,#10378,.T.);
#10378 = EDGE_CURVE('',#9500,#9871,#10379,.T.);
#10379 = LINE('',#10380,#10381);
#10380 = CARTESIAN_POINT('',(173.105,-74.48,-4.6E-02));
#10381 = VECTOR('',#10382,1.);
#10382 = DIRECTION('',(0.,0.,1.));
#10383 = ORIENTED_EDGE('',*,*,#9870,.F.);
#10384 = ORIENTED_EDGE('',*,*,#10378,.F.);
#10385 = CYLINDRICAL_SURFACE('',#10386,0.5);
#10386 = AXIS2_PLACEMENT_3D('',#10387,#10388,#10389);
#10387 = CARTESIAN_POINT('',(173.105,-73.98,-4.6E-02));
#10388 = DIRECTION('',(-0.,-0.,-1.));
#10389 = DIRECTION('',(-0.,-1.,0.));
#10390 = ADVANCED_FACE('',(#10391),#10402,.F.);
#10391 = FACE_BOUND('',#10392,.T.);
#10392 = EDGE_LOOP('',(#10393,#10394,#10400,#10401));
#10393 = ORIENTED_EDGE('',*,*,#9510,.T.);
#10394 = ORIENTED_EDGE('',*,*,#10395,.T.);
#10395 = EDGE_CURVE('',#9511,#9882,#10396,.T.);
#10396 = LINE('',#10397,#10398);
#10397 = CARTESIAN_POINT('',(175.395,-74.48,-4.6E-02));
#10398 = VECTOR('',#10399,1.);
#10399 = DIRECTION('',(0.,0.,1.));
#10400 = ORIENTED_EDGE('',*,*,#9881,.F.);
#10401 = ORIENTED_EDGE('',*,*,#10395,.F.);
#10402 = CYLINDRICAL_SURFACE('',#10403,0.5);
#10403 = AXIS2_PLACEMENT_3D('',#10404,#10405,#10406);
#10404 = CARTESIAN_POINT('',(175.395,-73.98,-4.6E-02));
#10405 = DIRECTION('',(-0.,-0.,-1.));
#10406 = DIRECTION('',(-0.,-1.,0.));
#10407 = ADVANCED_FACE('',(#10408),#10419,.F.);
#10408 = FACE_BOUND('',#10409,.T.);
#10409 = EDGE_LOOP('',(#10410,#10411,#10417,#10418));
#10410 = ORIENTED_EDGE('',*,*,#9521,.T.);
#10411 = ORIENTED_EDGE('',*,*,#10412,.T.);
#10412 = EDGE_CURVE('',#9522,#9893,#10413,.T.);
#10413 = LINE('',#10414,#10415);
#10414 = CARTESIAN_POINT('',(177.685,-74.48,-4.6E-02));
#10415 = VECTOR('',#10416,1.);
#10416 = DIRECTION('',(0.,0.,1.));
#10417 = ORIENTED_EDGE('',*,*,#9892,.F.);
#10418 = ORIENTED_EDGE('',*,*,#10412,.F.);
#10419 = CYLINDRICAL_SURFACE('',#10420,0.5);
#10420 = AXIS2_PLACEMENT_3D('',#10421,#10422,#10423);
#10421 = CARTESIAN_POINT('',(177.685,-73.98,-4.6E-02));
#10422 = DIRECTION('',(-0.,-0.,-1.));
#10423 = DIRECTION('',(-0.,-1.,0.));
#10424 = ADVANCED_FACE('',(#10425),#10436,.F.);
#10425 = FACE_BOUND('',#10426,.T.);
#10426 = EDGE_LOOP('',(#10427,#10428,#10434,#10435));
#10427 = ORIENTED_EDGE('',*,*,#9532,.T.);
#10428 = ORIENTED_EDGE('',*,*,#10429,.T.);
#10429 = EDGE_CURVE('',#9533,#9904,#10430,.T.);
#10430 = LINE('',#10431,#10432);
#10431 = CARTESIAN_POINT('',(179.975,-74.48,-4.6E-02));
#10432 = VECTOR('',#10433,1.);
#10433 = DIRECTION('',(0.,0.,1.));
#10434 = ORIENTED_EDGE('',*,*,#9903,.F.);
#10435 = ORIENTED_EDGE('',*,*,#10429,.F.);
#10436 = CYLINDRICAL_SURFACE('',#10437,0.5);
#10437 = AXIS2_PLACEMENT_3D('',#10438,#10439,#10440);
#10438 = CARTESIAN_POINT('',(179.975,-73.98,-4.6E-02));
#10439 = DIRECTION('',(-0.,-0.,-1.));
#10440 = DIRECTION('',(-0.,-1.,0.));
#10441 = ADVANCED_FACE('',(#10442),#10453,.F.);
#10442 = FACE_BOUND('',#10443,.T.);
#10443 = EDGE_LOOP('',(#10444,#10445,#10451,#10452));
#10444 = ORIENTED_EDGE('',*,*,#9543,.T.);
#10445 = ORIENTED_EDGE('',*,*,#10446,.T.);
#10446 = EDGE_CURVE('',#9544,#9915,#10447,.T.);
#10447 = LINE('',#10448,#10449);
#10448 = CARTESIAN_POINT('',(183.41,-76.46,-4.6E-02));
#10449 = VECTOR('',#10450,1.);
#10450 = DIRECTION('',(0.,0.,1.));
#10451 = ORIENTED_EDGE('',*,*,#9914,.F.);
#10452 = ORIENTED_EDGE('',*,*,#10446,.F.);
#10453 = CYLINDRICAL_SURFACE('',#10454,0.5);
#10454 = AXIS2_PLACEMENT_3D('',#10455,#10456,#10457);
#10455 = CARTESIAN_POINT('',(183.41,-75.96,-4.6E-02));
#10456 = DIRECTION('',(-0.,-0.,-1.));
#10457 = DIRECTION('',(-0.,-1.,0.));
#10458 = ADVANCED_FACE('',(#10459),#10470,.F.);
#10459 = FACE_BOUND('',#10460,.T.);
#10460 = EDGE_LOOP('',(#10461,#10462,#10468,#10469));
#10461 = ORIENTED_EDGE('',*,*,#9554,.T.);
#10462 = ORIENTED_EDGE('',*,*,#10463,.T.);
#10463 = EDGE_CURVE('',#9555,#9926,#10464,.T.);
#10464 = LINE('',#10465,#10466);
#10465 = CARTESIAN_POINT('',(182.265,-74.48,-4.6E-02));
#10466 = VECTOR('',#10467,1.);
#10467 = DIRECTION('',(0.,0.,1.));
#10468 = ORIENTED_EDGE('',*,*,#9925,.F.);
#10469 = ORIENTED_EDGE('',*,*,#10463,.F.);
#10470 = CYLINDRICAL_SURFACE('',#10471,0.5);
#10471 = AXIS2_PLACEMENT_3D('',#10472,#10473,#10474);
#10472 = CARTESIAN_POINT('',(182.265,-73.98,-4.6E-02));
#10473 = DIRECTION('',(-0.,-0.,-1.));
#10474 = DIRECTION('',(-0.,-1.,0.));
#10475 = ADVANCED_FACE('',(#10476),#10487,.F.);
#10476 = FACE_BOUND('',#10477,.T.);
#10477 = EDGE_LOOP('',(#10478,#10479,#10485,#10486));
#10478 = ORIENTED_EDGE('',*,*,#9565,.T.);
#10479 = ORIENTED_EDGE('',*,*,#10480,.T.);
#10480 = EDGE_CURVE('',#9566,#9937,#10481,.T.);
#10481 = LINE('',#10482,#10483);
#10482 = CARTESIAN_POINT('',(191.065,-75.51,-4.6E-02));
#10483 = VECTOR('',#10484,1.);
#10484 = DIRECTION('',(0.,0.,1.));
#10485 = ORIENTED_EDGE('',*,*,#9936,.F.);
#10486 = ORIENTED_EDGE('',*,*,#10480,.F.);
#10487 = CYLINDRICAL_SURFACE('',#10488,1.6);
#10488 = AXIS2_PLACEMENT_3D('',#10489,#10490,#10491);
#10489 = CARTESIAN_POINT('',(191.065,-73.91,-4.6E-02));
#10490 = DIRECTION('',(-0.,-0.,-1.));
#10491 = DIRECTION('',(-0.,-1.,0.));
#10492 = ADVANCED_FACE('',(#10493),#10504,.F.);
#10493 = FACE_BOUND('',#10494,.T.);
#10494 = EDGE_LOOP('',(#10495,#10496,#10502,#10503));
#10495 = ORIENTED_EDGE('',*,*,#9576,.T.);
#10496 = ORIENTED_EDGE('',*,*,#10497,.T.);
#10497 = EDGE_CURVE('',#9577,#9948,#10498,.T.);
#10498 = LINE('',#10499,#10500);
#10499 = CARTESIAN_POINT('',(174.25,-72.5,-4.6E-02));
#10500 = VECTOR('',#10501,1.);
#10501 = DIRECTION('',(0.,0.,1.));
#10502 = ORIENTED_EDGE('',*,*,#9947,.F.);
#10503 = ORIENTED_EDGE('',*,*,#10497,.F.);
#10504 = CYLINDRICAL_SURFACE('',#10505,0.5);
#10505 = AXIS2_PLACEMENT_3D('',#10506,#10507,#10508);
#10506 = CARTESIAN_POINT('',(174.25,-72.,-4.6E-02));
#10507 = DIRECTION('',(-0.,-0.,-1.));
#10508 = DIRECTION('',(-0.,-1.,0.));
#10509 = ADVANCED_FACE('',(#10510),#10521,.F.);
#10510 = FACE_BOUND('',#10511,.T.);
#10511 = EDGE_LOOP('',(#10512,#10513,#10519,#10520));
#10512 = ORIENTED_EDGE('',*,*,#9587,.T.);
#10513 = ORIENTED_EDGE('',*,*,#10514,.T.);
#10514 = EDGE_CURVE('',#9588,#9959,#10515,.T.);
#10515 = LINE('',#10516,#10517);
#10516 = CARTESIAN_POINT('',(176.54,-72.5,-4.6E-02));
#10517 = VECTOR('',#10518,1.);
#10518 = DIRECTION('',(0.,0.,1.));
#10519 = ORIENTED_EDGE('',*,*,#9958,.F.);
#10520 = ORIENTED_EDGE('',*,*,#10514,.F.);
#10521 = CYLINDRICAL_SURFACE('',#10522,0.5);
#10522 = AXIS2_PLACEMENT_3D('',#10523,#10524,#10525);
#10523 = CARTESIAN_POINT('',(176.54,-72.,-4.6E-02));
#10524 = DIRECTION('',(-0.,-0.,-1.));
#10525 = DIRECTION('',(-0.,-1.,0.));
#10526 = ADVANCED_FACE('',(#10527),#10538,.F.);
#10527 = FACE_BOUND('',#10528,.T.);
#10528 = EDGE_LOOP('',(#10529,#10530,#10536,#10537));
#10529 = ORIENTED_EDGE('',*,*,#9598,.T.);
#10530 = ORIENTED_EDGE('',*,*,#10531,.T.);
#10531 = EDGE_CURVE('',#9599,#9970,#10532,.T.);
#10532 = LINE('',#10533,#10534);
#10533 = CARTESIAN_POINT('',(178.83,-72.5,-4.6E-02));
#10534 = VECTOR('',#10535,1.);
#10535 = DIRECTION('',(0.,0.,1.));
#10536 = ORIENTED_EDGE('',*,*,#9969,.F.);
#10537 = ORIENTED_EDGE('',*,*,#10531,.F.);
#10538 = CYLINDRICAL_SURFACE('',#10539,0.5);
#10539 = AXIS2_PLACEMENT_3D('',#10540,#10541,#10542);
#10540 = CARTESIAN_POINT('',(178.83,-72.,-4.6E-02));
#10541 = DIRECTION('',(-0.,-0.,-1.));
#10542 = DIRECTION('',(-0.,-1.,0.));
#10543 = ADVANCED_FACE('',(#10544),#10555,.F.);
#10544 = FACE_BOUND('',#10545,.T.);
#10545 = EDGE_LOOP('',(#10546,#10547,#10553,#10554));
#10546 = ORIENTED_EDGE('',*,*,#9609,.T.);
#10547 = ORIENTED_EDGE('',*,*,#10548,.T.);
#10548 = EDGE_CURVE('',#9610,#9981,#10549,.T.);
#10549 = LINE('',#10550,#10551);
#10550 = CARTESIAN_POINT('',(181.12,-72.5,-4.6E-02));
#10551 = VECTOR('',#10552,1.);
#10552 = DIRECTION('',(0.,0.,1.));
#10553 = ORIENTED_EDGE('',*,*,#9980,.F.);
#10554 = ORIENTED_EDGE('',*,*,#10548,.F.);
#10555 = CYLINDRICAL_SURFACE('',#10556,0.5);
#10556 = AXIS2_PLACEMENT_3D('',#10557,#10558,#10559);
#10557 = CARTESIAN_POINT('',(181.12,-72.,-4.6E-02));
#10558 = DIRECTION('',(-0.,-0.,-1.));
#10559 = DIRECTION('',(-0.,-1.,0.));
#10560 = ADVANCED_FACE('',(#10561),#10572,.F.);
#10561 = FACE_BOUND('',#10562,.T.);
#10562 = EDGE_LOOP('',(#10563,#10564,#10570,#10571));
#10563 = ORIENTED_EDGE('',*,*,#9620,.T.);
#10564 = ORIENTED_EDGE('',*,*,#10565,.T.);
#10565 = EDGE_CURVE('',#9621,#9992,#10566,.T.);
#10566 = LINE('',#10567,#10568);
#10567 = CARTESIAN_POINT('',(183.41,-72.5,-4.6E-02));
#10568 = VECTOR('',#10569,1.);
#10569 = DIRECTION('',(0.,0.,1.));
#10570 = ORIENTED_EDGE('',*,*,#9991,.F.);
#10571 = ORIENTED_EDGE('',*,*,#10565,.F.);
#10572 = CYLINDRICAL_SURFACE('',#10573,0.5);
#10573 = AXIS2_PLACEMENT_3D('',#10574,#10575,#10576);
#10574 = CARTESIAN_POINT('',(183.41,-72.,-4.6E-02));
#10575 = DIRECTION('',(-0.,-0.,-1.));
#10576 = DIRECTION('',(-0.,-1.,0.));
#10577 = ( GEOMETRIC_REPRESENTATION_CONTEXT(3) 
GLOBAL_UNCERTAINTY_ASSIGNED_CONTEXT((#10581)) 
GLOBAL_UNIT_ASSIGNED_CONTEXT((#10578,#10579,#10580)) 
REPRESENTATION_CONTEXT('Context #1',
  '3D Context with UNIT and UNCERTAINTY') );
#10578 = ( LENGTH_UNIT() NAMED_UNIT(*) SI_UNIT(.MILLI.,.METRE.) );
#10579 = ( NAMED_UNIT(*) PLANE_ANGLE_UNIT() SI_UNIT($,.RADIAN.) );
#10580 = ( NAMED_UNIT(*) SI_UNIT($,.STERADIAN.) SOLID_ANGLE_UNIT() );
#10581 = UNCERTAINTY_MEASURE_WITH_UNIT(LENGTH_MEASURE(1.E-07),#10578,
  'distance_accuracy_value','confusion accuracy');
#10582 = CONTEXT_DEPENDENT_SHAPE_REPRESENTATION(#10583,#10585);
#10583 = ( REPRESENTATION_RELATIONSHIP('','',#9155,#10) 
REPRESENTATION_RELATIONSHIP_WITH_TRANSFORMATION(#10584) 
SHAPE_REPRESENTATION_RELATIONSHIP() );
#10584 = ITEM_DEFINED_TRANSFORMATION('','',#11,#43);
#10585 = PRODUCT_DEFINITION_SHAPE('Placement','Placement of an item',
  #10586);
#10586 = NEXT_ASSEMBLY_USAGE_OCCURRENCE('10','=>[0:1:1:6]','',#5,#9150,$
  );
#10587 = PRODUCT_RELATED_PRODUCT_CATEGORY('part',$,(#9152));
#10588 = MECHANICAL_DESIGN_GEOMETRIC_PRESENTATION_REPRESENTATION('',(
    #10589),#10577);
#10589 = STYLED_ITEM('color',(#10590),#9156);
#10590 = PRESENTATION_STYLE_ASSIGNMENT((#10591));
#10591 = SURFACE_STYLE_USAGE(.BOTH.,#10592);
#10592 = SURFACE_SIDE_STYLE('',(#10593));
#10593 = SURFACE_STYLE_FILL_AREA(#10594);
#10594 = FILL_AREA_STYLE('',(#10595));
#10595 = FILL_AREA_STYLE_COLOUR('',#10596);
#10596 = COLOUR_RGB('',0.313304153717,0.484529207832,0.410020903123);
#10597 = MECHANICAL_DESIGN_GEOMETRIC_PRESENTATION_REPRESENTATION('',(
    #10598,#10606,#10613,#10620,#10627,#10634,#10641,#10648,#10655,
    #10662,#10669,#10676,#10683,#10690,#10697,#10704,#10711,#10718,
    #10725,#10732,#10739,#10746,#10753,#10760,#10767,#10774,#10781,
    #10788,#10795,#10802,#10809,#10816,#10823,#10830,#10837,#10844,
    #10851,#10858,#10865,#10872,#10879,#10887,#10894,#10901,#10908,
    #10915,#10922,#10929,#10936,#10943,#10950,#10957,#10964,#10971,
    #10978,#10985,#10992,#10999,#11006,#11013,#11020,#11027,#11034,
    #11041,#11048,#11055,#11062,#11069,#11076,#11083,#11090,#11097,
    #11104,#11111,#11118,#11125,#11132,#11139,#11146,#11153,#11160,
    #11167,#11174,#11181,#11188,#11195,#11202,#11209,#11216,#11223,
    #11230,#11237,#11244,#11251,#11258,#11265,#11272,#11279,#11286,
    #11293,#11300,#11307,#11314,#11321,#11328,#11335,#11342,#11349,
    #11356,#11363,#11370,#11377,#11384,#11391,#11398,#11405,#11412,
    #11419,#11426,#11433,#11440,#11447,#11454,#11461,#11468,#11475,
    #11482,#11489,#11496,#11503,#11510,#11517,#11524,#11531,#11538,
    #11545,#11552,#11559,#11566,#11573,#11580,#11587,#11594,#11601,
    #11608,#11615,#11622,#11629,#11636,#11643,#11650,#11657,#11664,
    #11671,#11678,#11685,#11692,#11699,#11706,#11713,#11720,#11727,
    #11734,#11741,#11748,#11755,#11762,#11769,#11776,#11783,#11790,
    #11797,#11804,#11811,#11818,#11825,#11832,#11839,#11846,#11853,
    #11860,#11867,#11874,#11881,#11888,#11895,#11902,#11909,#11916,
    #11923,#11930,#11937,#11944,#11951,#11958,#11965,#11972,#11979,
    #11986,#11993,#12000,#12007,#12014,#12021,#12028,#12035,#12042,
    #12049,#12056,#12063,#12070,#12077,#12084,#12091,#12098,#12105,
    #12112,#12119,#12126,#12133,#12140,#12147,#12154,#12161,#12168,
    #12175,#12182,#12189,#12196,#12203,#12210,#12217,#12224,#12231,
    #12238,#12245,#12252,#12259,#12266,#12273,#12280,#12287,#12294,
    #12301,#12308,#12315,#12322,#12329,#12336,#12343,#12350,#12357,
    #12364,#12371,#12378,#12385,#12392,#12399,#12406,#12413,#12420,
    #12427,#12434,#12441,#12448,#12455,#12462,#12469,#12476,#12483,
    #12490,#12497,#12504,#12511,#12518,#12525,#12532,#12539,#12546,
    #12553,#12560,#12567,#12574,#12581,#12588,#12595,#12602,#12609,
    #12616,#12623,#12630,#12637),#9132);
#10598 = STYLED_ITEM('color',(#10599),#938);
#10599 = PRESENTATION_STYLE_ASSIGNMENT((#10600));
#10600 = SURFACE_STYLE_USAGE(.BOTH.,#10601);
#10601 = SURFACE_SIDE_STYLE('',(#10602));
#10602 = SURFACE_STYLE_FILL_AREA(#10603);
#10603 = FILL_AREA_STYLE('',(#10604));
#10604 = FILL_AREA_STYLE_COLOUR('',#10605);
#10605 = COLOUR_RGB('',0.147999998088,0.144999993226,0.144999993226);
#10606 = STYLED_ITEM('color',(#10607),#978);
#10607 = PRESENTATION_STYLE_ASSIGNMENT((#10608));
#10608 = SURFACE_STYLE_USAGE(.BOTH.,#10609);
#10609 = SURFACE_SIDE_STYLE('',(#10610));
#10610 = SURFACE_STYLE_FILL_AREA(#10611);
#10611 = FILL_AREA_STYLE('',(#10612));
#10612 = FILL_AREA_STYLE_COLOUR('',#10605);
#10613 = STYLED_ITEM('color',(#10614),#1009);
#10614 = PRESENTATION_STYLE_ASSIGNMENT((#10615));
#10615 = SURFACE_STYLE_USAGE(.BOTH.,#10616);
#10616 = SURFACE_SIDE_STYLE('',(#10617));
#10617 = SURFACE_STYLE_FILL_AREA(#10618);
#10618 = FILL_AREA_STYLE('',(#10619));
#10619 = FILL_AREA_STYLE_COLOUR('',#10605);
#10620 = STYLED_ITEM('color',(#10621),#1040);
#10621 = PRESENTATION_STYLE_ASSIGNMENT((#10622));
#10622 = SURFACE_STYLE_USAGE(.BOTH.,#10623);
#10623 = SURFACE_SIDE_STYLE('',(#10624));
#10624 = SURFACE_STYLE_FILL_AREA(#10625);
#10625 = FILL_AREA_STYLE('',(#10626));
#10626 = FILL_AREA_STYLE_COLOUR('',#10605);
#10627 = STYLED_ITEM('color',(#10628),#1737);
#10628 = PRESENTATION_STYLE_ASSIGNMENT((#10629));
#10629 = SURFACE_STYLE_USAGE(.BOTH.,#10630);
#10630 = SURFACE_SIDE_STYLE('',(#10631));
#10631 = SURFACE_STYLE_FILL_AREA(#10632);
#10632 = FILL_AREA_STYLE('',(#10633));
#10633 = FILL_AREA_STYLE_COLOUR('',#10605);
#10634 = STYLED_ITEM('color',(#10635),#2434);
#10635 = PRESENTATION_STYLE_ASSIGNMENT((#10636));
#10636 = SURFACE_STYLE_USAGE(.BOTH.,#10637);
#10637 = SURFACE_SIDE_STYLE('',(#10638));
#10638 = SURFACE_STYLE_FILL_AREA(#10639);
#10639 = FILL_AREA_STYLE('',(#10640));
#10640 = FILL_AREA_STYLE_COLOUR('',#10605);
#10641 = STYLED_ITEM('color',(#10642),#2451);
#10642 = PRESENTATION_STYLE_ASSIGNMENT((#10643));
#10643 = SURFACE_STYLE_USAGE(.BOTH.,#10644);
#10644 = SURFACE_SIDE_STYLE('',(#10645));
#10645 = SURFACE_STYLE_FILL_AREA(#10646);
#10646 = FILL_AREA_STYLE('',(#10647));
#10647 = FILL_AREA_STYLE_COLOUR('',#10605);
#10648 = STYLED_ITEM('color',(#10649),#2468);
#10649 = PRESENTATION_STYLE_ASSIGNMENT((#10650));
#10650 = SURFACE_STYLE_USAGE(.BOTH.,#10651);
#10651 = SURFACE_SIDE_STYLE('',(#10652));
#10652 = SURFACE_STYLE_FILL_AREA(#10653);
#10653 = FILL_AREA_STYLE('',(#10654));
#10654 = FILL_AREA_STYLE_COLOUR('',#10605);
#10655 = STYLED_ITEM('color',(#10656),#2485);
#10656 = PRESENTATION_STYLE_ASSIGNMENT((#10657));
#10657 = SURFACE_STYLE_USAGE(.BOTH.,#10658);
#10658 = SURFACE_SIDE_STYLE('',(#10659));
#10659 = SURFACE_STYLE_FILL_AREA(#10660);
#10660 = FILL_AREA_STYLE('',(#10661));
#10661 = FILL_AREA_STYLE_COLOUR('',#10605);
#10662 = STYLED_ITEM('color',(#10663),#2502);
#10663 = PRESENTATION_STYLE_ASSIGNMENT((#10664));
#10664 = SURFACE_STYLE_USAGE(.BOTH.,#10665);
#10665 = SURFACE_SIDE_STYLE('',(#10666));
#10666 = SURFACE_STYLE_FILL_AREA(#10667);
#10667 = FILL_AREA_STYLE('',(#10668));
#10668 = FILL_AREA_STYLE_COLOUR('',#10605);
#10669 = STYLED_ITEM('color',(#10670),#2519);
#10670 = PRESENTATION_STYLE_ASSIGNMENT((#10671));
#10671 = SURFACE_STYLE_USAGE(.BOTH.,#10672);
#10672 = SURFACE_SIDE_STYLE('',(#10673));
#10673 = SURFACE_STYLE_FILL_AREA(#10674);
#10674 = FILL_AREA_STYLE('',(#10675));
#10675 = FILL_AREA_STYLE_COLOUR('',#10605);
#10676 = STYLED_ITEM('color',(#10677),#2536);
#10677 = PRESENTATION_STYLE_ASSIGNMENT((#10678));
#10678 = SURFACE_STYLE_USAGE(.BOTH.,#10679);
#10679 = SURFACE_SIDE_STYLE('',(#10680));
#10680 = SURFACE_STYLE_FILL_AREA(#10681);
#10681 = FILL_AREA_STYLE('',(#10682));
#10682 = FILL_AREA_STYLE_COLOUR('',#10605);
#10683 = STYLED_ITEM('color',(#10684),#2553);
#10684 = PRESENTATION_STYLE_ASSIGNMENT((#10685));
#10685 = SURFACE_STYLE_USAGE(.BOTH.,#10686);
#10686 = SURFACE_SIDE_STYLE('',(#10687));
#10687 = SURFACE_STYLE_FILL_AREA(#10688);
#10688 = FILL_AREA_STYLE('',(#10689));
#10689 = FILL_AREA_STYLE_COLOUR('',#10605);
#10690 = STYLED_ITEM('color',(#10691),#2570);
#10691 = PRESENTATION_STYLE_ASSIGNMENT((#10692));
#10692 = SURFACE_STYLE_USAGE(.BOTH.,#10693);
#10693 = SURFACE_SIDE_STYLE('',(#10694));
#10694 = SURFACE_STYLE_FILL_AREA(#10695);
#10695 = FILL_AREA_STYLE('',(#10696));
#10696 = FILL_AREA_STYLE_COLOUR('',#10605);
#10697 = STYLED_ITEM('color',(#10698),#2587);
#10698 = PRESENTATION_STYLE_ASSIGNMENT((#10699));
#10699 = SURFACE_STYLE_USAGE(.BOTH.,#10700);
#10700 = SURFACE_SIDE_STYLE('',(#10701));
#10701 = SURFACE_STYLE_FILL_AREA(#10702);
#10702 = FILL_AREA_STYLE('',(#10703));
#10703 = FILL_AREA_STYLE_COLOUR('',#10605);
#10704 = STYLED_ITEM('color',(#10705),#2604);
#10705 = PRESENTATION_STYLE_ASSIGNMENT((#10706));
#10706 = SURFACE_STYLE_USAGE(.BOTH.,#10707);
#10707 = SURFACE_SIDE_STYLE('',(#10708));
#10708 = SURFACE_STYLE_FILL_AREA(#10709);
#10709 = FILL_AREA_STYLE('',(#10710));
#10710 = FILL_AREA_STYLE_COLOUR('',#10605);
#10711 = STYLED_ITEM('color',(#10712),#2621);
#10712 = PRESENTATION_STYLE_ASSIGNMENT((#10713));
#10713 = SURFACE_STYLE_USAGE(.BOTH.,#10714);
#10714 = SURFACE_SIDE_STYLE('',(#10715));
#10715 = SURFACE_STYLE_FILL_AREA(#10716);
#10716 = FILL_AREA_STYLE('',(#10717));
#10717 = FILL_AREA_STYLE_COLOUR('',#10605);
#10718 = STYLED_ITEM('color',(#10719),#2638);
#10719 = PRESENTATION_STYLE_ASSIGNMENT((#10720));
#10720 = SURFACE_STYLE_USAGE(.BOTH.,#10721);
#10721 = SURFACE_SIDE_STYLE('',(#10722));
#10722 = SURFACE_STYLE_FILL_AREA(#10723);
#10723 = FILL_AREA_STYLE('',(#10724));
#10724 = FILL_AREA_STYLE_COLOUR('',#10605);
#10725 = STYLED_ITEM('color',(#10726),#2655);
#10726 = PRESENTATION_STYLE_ASSIGNMENT((#10727));
#10727 = SURFACE_STYLE_USAGE(.BOTH.,#10728);
#10728 = SURFACE_SIDE_STYLE('',(#10729));
#10729 = SURFACE_STYLE_FILL_AREA(#10730);
#10730 = FILL_AREA_STYLE('',(#10731));
#10731 = FILL_AREA_STYLE_COLOUR('',#10605);
#10732 = STYLED_ITEM('color',(#10733),#2672);
#10733 = PRESENTATION_STYLE_ASSIGNMENT((#10734));
#10734 = SURFACE_STYLE_USAGE(.BOTH.,#10735);
#10735 = SURFACE_SIDE_STYLE('',(#10736));
#10736 = SURFACE_STYLE_FILL_AREA(#10737);
#10737 = FILL_AREA_STYLE('',(#10738));
#10738 = FILL_AREA_STYLE_COLOUR('',#10605);
#10739 = STYLED_ITEM('color',(#10740),#2689);
#10740 = PRESENTATION_STYLE_ASSIGNMENT((#10741));
#10741 = SURFACE_STYLE_USAGE(.BOTH.,#10742);
#10742 = SURFACE_SIDE_STYLE('',(#10743));
#10743 = SURFACE_STYLE_FILL_AREA(#10744);
#10744 = FILL_AREA_STYLE('',(#10745));
#10745 = FILL_AREA_STYLE_COLOUR('',#10605);
#10746 = STYLED_ITEM('color',(#10747),#2706);
#10747 = PRESENTATION_STYLE_ASSIGNMENT((#10748));
#10748 = SURFACE_STYLE_USAGE(.BOTH.,#10749);
#10749 = SURFACE_SIDE_STYLE('',(#10750));
#10750 = SURFACE_STYLE_FILL_AREA(#10751);
#10751 = FILL_AREA_STYLE('',(#10752));
#10752 = FILL_AREA_STYLE_COLOUR('',#10605);
#10753 = STYLED_ITEM('color',(#10754),#2723);
#10754 = PRESENTATION_STYLE_ASSIGNMENT((#10755));
#10755 = SURFACE_STYLE_USAGE(.BOTH.,#10756);
#10756 = SURFACE_SIDE_STYLE('',(#10757));
#10757 = SURFACE_STYLE_FILL_AREA(#10758);
#10758 = FILL_AREA_STYLE('',(#10759));
#10759 = FILL_AREA_STYLE_COLOUR('',#10605);
#10760 = STYLED_ITEM('color',(#10761),#2740);
#10761 = PRESENTATION_STYLE_ASSIGNMENT((#10762));
#10762 = SURFACE_STYLE_USAGE(.BOTH.,#10763);
#10763 = SURFACE_SIDE_STYLE('',(#10764));
#10764 = SURFACE_STYLE_FILL_AREA(#10765);
#10765 = FILL_AREA_STYLE('',(#10766));
#10766 = FILL_AREA_STYLE_COLOUR('',#10605);
#10767 = STYLED_ITEM('color',(#10768),#2757);
#10768 = PRESENTATION_STYLE_ASSIGNMENT((#10769));
#10769 = SURFACE_STYLE_USAGE(.BOTH.,#10770);
#10770 = SURFACE_SIDE_STYLE('',(#10771));
#10771 = SURFACE_STYLE_FILL_AREA(#10772);
#10772 = FILL_AREA_STYLE('',(#10773));
#10773 = FILL_AREA_STYLE_COLOUR('',#10605);
#10774 = STYLED_ITEM('color',(#10775),#2774);
#10775 = PRESENTATION_STYLE_ASSIGNMENT((#10776));
#10776 = SURFACE_STYLE_USAGE(.BOTH.,#10777);
#10777 = SURFACE_SIDE_STYLE('',(#10778));
#10778 = SURFACE_STYLE_FILL_AREA(#10779);
#10779 = FILL_AREA_STYLE('',(#10780));
#10780 = FILL_AREA_STYLE_COLOUR('',#10605);
#10781 = STYLED_ITEM('color',(#10782),#2791);
#10782 = PRESENTATION_STYLE_ASSIGNMENT((#10783));
#10783 = SURFACE_STYLE_USAGE(.BOTH.,#10784);
#10784 = SURFACE_SIDE_STYLE('',(#10785));
#10785 = SURFACE_STYLE_FILL_AREA(#10786);
#10786 = FILL_AREA_STYLE('',(#10787));
#10787 = FILL_AREA_STYLE_COLOUR('',#10605);
#10788 = STYLED_ITEM('color',(#10789),#2808);
#10789 = PRESENTATION_STYLE_ASSIGNMENT((#10790));
#10790 = SURFACE_STYLE_USAGE(.BOTH.,#10791);
#10791 = SURFACE_SIDE_STYLE('',(#10792));
#10792 = SURFACE_STYLE_FILL_AREA(#10793);
#10793 = FILL_AREA_STYLE('',(#10794));
#10794 = FILL_AREA_STYLE_COLOUR('',#10605);
#10795 = STYLED_ITEM('color',(#10796),#2825);
#10796 = PRESENTATION_STYLE_ASSIGNMENT((#10797));
#10797 = SURFACE_STYLE_USAGE(.BOTH.,#10798);
#10798 = SURFACE_SIDE_STYLE('',(#10799));
#10799 = SURFACE_STYLE_FILL_AREA(#10800);
#10800 = FILL_AREA_STYLE('',(#10801));
#10801 = FILL_AREA_STYLE_COLOUR('',#10605);
#10802 = STYLED_ITEM('color',(#10803),#2842);
#10803 = PRESENTATION_STYLE_ASSIGNMENT((#10804));
#10804 = SURFACE_STYLE_USAGE(.BOTH.,#10805);
#10805 = SURFACE_SIDE_STYLE('',(#10806));
#10806 = SURFACE_STYLE_FILL_AREA(#10807);
#10807 = FILL_AREA_STYLE('',(#10808));
#10808 = FILL_AREA_STYLE_COLOUR('',#10605);
#10809 = STYLED_ITEM('color',(#10810),#2859);
#10810 = PRESENTATION_STYLE_ASSIGNMENT((#10811));
#10811 = SURFACE_STYLE_USAGE(.BOTH.,#10812);
#10812 = SURFACE_SIDE_STYLE('',(#10813));
#10813 = SURFACE_STYLE_FILL_AREA(#10814);
#10814 = FILL_AREA_STYLE('',(#10815));
#10815 = FILL_AREA_STYLE_COLOUR('',#10605);
#10816 = STYLED_ITEM('color',(#10817),#2876);
#10817 = PRESENTATION_STYLE_ASSIGNMENT((#10818));
#10818 = SURFACE_STYLE_USAGE(.BOTH.,#10819);
#10819 = SURFACE_SIDE_STYLE('',(#10820));
#10820 = SURFACE_STYLE_FILL_AREA(#10821);
#10821 = FILL_AREA_STYLE('',(#10822));
#10822 = FILL_AREA_STYLE_COLOUR('',#10605);
#10823 = STYLED_ITEM('color',(#10824),#2893);
#10824 = PRESENTATION_STYLE_ASSIGNMENT((#10825));
#10825 = SURFACE_STYLE_USAGE(.BOTH.,#10826);
#10826 = SURFACE_SIDE_STYLE('',(#10827));
#10827 = SURFACE_STYLE_FILL_AREA(#10828);
#10828 = FILL_AREA_STYLE('',(#10829));
#10829 = FILL_AREA_STYLE_COLOUR('',#10605);
#10830 = STYLED_ITEM('color',(#10831),#2910);
#10831 = PRESENTATION_STYLE_ASSIGNMENT((#10832));
#10832 = SURFACE_STYLE_USAGE(.BOTH.,#10833);
#10833 = SURFACE_SIDE_STYLE('',(#10834));
#10834 = SURFACE_STYLE_FILL_AREA(#10835);
#10835 = FILL_AREA_STYLE('',(#10836));
#10836 = FILL_AREA_STYLE_COLOUR('',#10605);
#10837 = STYLED_ITEM('color',(#10838),#2927);
#10838 = PRESENTATION_STYLE_ASSIGNMENT((#10839));
#10839 = SURFACE_STYLE_USAGE(.BOTH.,#10840);
#10840 = SURFACE_SIDE_STYLE('',(#10841));
#10841 = SURFACE_STYLE_FILL_AREA(#10842);
#10842 = FILL_AREA_STYLE('',(#10843));
#10843 = FILL_AREA_STYLE_COLOUR('',#10605);
#10844 = STYLED_ITEM('color',(#10845),#2944);
#10845 = PRESENTATION_STYLE_ASSIGNMENT((#10846));
#10846 = SURFACE_STYLE_USAGE(.BOTH.,#10847);
#10847 = SURFACE_SIDE_STYLE('',(#10848));
#10848 = SURFACE_STYLE_FILL_AREA(#10849);
#10849 = FILL_AREA_STYLE('',(#10850));
#10850 = FILL_AREA_STYLE_COLOUR('',#10605);
#10851 = STYLED_ITEM('color',(#10852),#2961);
#10852 = PRESENTATION_STYLE_ASSIGNMENT((#10853));
#10853 = SURFACE_STYLE_USAGE(.BOTH.,#10854);
#10854 = SURFACE_SIDE_STYLE('',(#10855));
#10855 = SURFACE_STYLE_FILL_AREA(#10856);
#10856 = FILL_AREA_STYLE('',(#10857));
#10857 = FILL_AREA_STYLE_COLOUR('',#10605);
#10858 = STYLED_ITEM('color',(#10859),#2978);
#10859 = PRESENTATION_STYLE_ASSIGNMENT((#10860));
#10860 = SURFACE_STYLE_USAGE(.BOTH.,#10861);
#10861 = SURFACE_SIDE_STYLE('',(#10862));
#10862 = SURFACE_STYLE_FILL_AREA(#10863);
#10863 = FILL_AREA_STYLE('',(#10864));
#10864 = FILL_AREA_STYLE_COLOUR('',#10605);
#10865 = STYLED_ITEM('color',(#10866),#2995);
#10866 = PRESENTATION_STYLE_ASSIGNMENT((#10867));
#10867 = SURFACE_STYLE_USAGE(.BOTH.,#10868);
#10868 = SURFACE_SIDE_STYLE('',(#10869));
#10869 = SURFACE_STYLE_FILL_AREA(#10870);
#10870 = FILL_AREA_STYLE('',(#10871));
#10871 = FILL_AREA_STYLE_COLOUR('',#10605);
#10872 = STYLED_ITEM('color',(#10873),#3012);
#10873 = PRESENTATION_STYLE_ASSIGNMENT((#10874));
#10874 = SURFACE_STYLE_USAGE(.BOTH.,#10875);
#10875 = SURFACE_SIDE_STYLE('',(#10876));
#10876 = SURFACE_STYLE_FILL_AREA(#10877);
#10877 = FILL_AREA_STYLE('',(#10878));
#10878 = FILL_AREA_STYLE_COLOUR('',#10605);
#10879 = STYLED_ITEM('color',(#10880),#3024);
#10880 = PRESENTATION_STYLE_ASSIGNMENT((#10881));
#10881 = SURFACE_STYLE_USAGE(.BOTH.,#10882);
#10882 = SURFACE_SIDE_STYLE('',(#10883));
#10883 = SURFACE_STYLE_FILL_AREA(#10884);
#10884 = FILL_AREA_STYLE('',(#10885));
#10885 = FILL_AREA_STYLE_COLOUR('',#10886);
#10886 = COLOUR_RGB('',0.859000020776,0.737999965183,0.495999988746);
#10887 = STYLED_ITEM('color',(#10888),#3055);
#10888 = PRESENTATION_STYLE_ASSIGNMENT((#10889));
#10889 = SURFACE_STYLE_USAGE(.BOTH.,#10890);
#10890 = SURFACE_SIDE_STYLE('',(#10891));
#10891 = SURFACE_STYLE_FILL_AREA(#10892);
#10892 = FILL_AREA_STYLE('',(#10893));
#10893 = FILL_AREA_STYLE_COLOUR('',#10886);
#10894 = STYLED_ITEM('color',(#10895),#3104);
#10895 = PRESENTATION_STYLE_ASSIGNMENT((#10896));
#10896 = SURFACE_STYLE_USAGE(.BOTH.,#10897);
#10897 = SURFACE_SIDE_STYLE('',(#10898));
#10898 = SURFACE_STYLE_FILL_AREA(#10899);
#10899 = FILL_AREA_STYLE('',(#10900));
#10900 = FILL_AREA_STYLE_COLOUR('',#10886);
#10901 = STYLED_ITEM('color',(#10902),#3128);
#10902 = PRESENTATION_STYLE_ASSIGNMENT((#10903));
#10903 = SURFACE_STYLE_USAGE(.BOTH.,#10904);
#10904 = SURFACE_SIDE_STYLE('',(#10905));
#10905 = SURFACE_STYLE_FILL_AREA(#10906);
#10906 = FILL_AREA_STYLE('',(#10907));
#10907 = FILL_AREA_STYLE_COLOUR('',#10886);
#10908 = STYLED_ITEM('color',(#10909),#3170);
#10909 = PRESENTATION_STYLE_ASSIGNMENT((#10910));
#10910 = SURFACE_STYLE_USAGE(.BOTH.,#10911);
#10911 = SURFACE_SIDE_STYLE('',(#10912));
#10912 = SURFACE_STYLE_FILL_AREA(#10913);
#10913 = FILL_AREA_STYLE('',(#10914));
#10914 = FILL_AREA_STYLE_COLOUR('',#10886);
#10915 = STYLED_ITEM('color',(#10916),#3226);
#10916 = PRESENTATION_STYLE_ASSIGNMENT((#10917));
#10917 = SURFACE_STYLE_USAGE(.BOTH.,#10918);
#10918 = SURFACE_SIDE_STYLE('',(#10919));
#10919 = SURFACE_STYLE_FILL_AREA(#10920);
#10920 = FILL_AREA_STYLE('',(#10921));
#10921 = FILL_AREA_STYLE_COLOUR('',#10886);
#10922 = STYLED_ITEM('color',(#10923),#3250);
#10923 = PRESENTATION_STYLE_ASSIGNMENT((#10924));
#10924 = SURFACE_STYLE_USAGE(.BOTH.,#10925);
#10925 = SURFACE_SIDE_STYLE('',(#10926));
#10926 = SURFACE_STYLE_FILL_AREA(#10927);
#10927 = FILL_AREA_STYLE('',(#10928));
#10928 = FILL_AREA_STYLE_COLOUR('',#10886);
#10929 = STYLED_ITEM('color',(#10930),#3299);
#10930 = PRESENTATION_STYLE_ASSIGNMENT((#10931));
#10931 = SURFACE_STYLE_USAGE(.BOTH.,#10932);
#10932 = SURFACE_SIDE_STYLE('',(#10933));
#10933 = SURFACE_STYLE_FILL_AREA(#10934);
#10934 = FILL_AREA_STYLE('',(#10935));
#10935 = FILL_AREA_STYLE_COLOUR('',#10886);
#10936 = STYLED_ITEM('color',(#10937),#3316);
#10937 = PRESENTATION_STYLE_ASSIGNMENT((#10938));
#10938 = SURFACE_STYLE_USAGE(.BOTH.,#10939);
#10939 = SURFACE_SIDE_STYLE('',(#10940));
#10940 = SURFACE_STYLE_FILL_AREA(#10941);
#10941 = FILL_AREA_STYLE('',(#10942));
#10942 = FILL_AREA_STYLE_COLOUR('',#10886);
#10943 = STYLED_ITEM('color',(#10944),#3347);
#10944 = PRESENTATION_STYLE_ASSIGNMENT((#10945));
#10945 = SURFACE_STYLE_USAGE(.BOTH.,#10946);
#10946 = SURFACE_SIDE_STYLE('',(#10947));
#10947 = SURFACE_STYLE_FILL_AREA(#10948);
#10948 = FILL_AREA_STYLE('',(#10949));
#10949 = FILL_AREA_STYLE_COLOUR('',#10886);
#10950 = STYLED_ITEM('color',(#10951),#3396);
#10951 = PRESENTATION_STYLE_ASSIGNMENT((#10952));
#10952 = SURFACE_STYLE_USAGE(.BOTH.,#10953);
#10953 = SURFACE_SIDE_STYLE('',(#10954));
#10954 = SURFACE_STYLE_FILL_AREA(#10955);
#10955 = FILL_AREA_STYLE('',(#10956));
#10956 = FILL_AREA_STYLE_COLOUR('',#10886);
#10957 = STYLED_ITEM('color',(#10958),#3420);
#10958 = PRESENTATION_STYLE_ASSIGNMENT((#10959));
#10959 = SURFACE_STYLE_USAGE(.BOTH.,#10960);
#10960 = SURFACE_SIDE_STYLE('',(#10961));
#10961 = SURFACE_STYLE_FILL_AREA(#10962);
#10962 = FILL_AREA_STYLE('',(#10963));
#10963 = FILL_AREA_STYLE_COLOUR('',#10886);
#10964 = STYLED_ITEM('color',(#10965),#3462);
#10965 = PRESENTATION_STYLE_ASSIGNMENT((#10966));
#10966 = SURFACE_STYLE_USAGE(.BOTH.,#10967);
#10967 = SURFACE_SIDE_STYLE('',(#10968));
#10968 = SURFACE_STYLE_FILL_AREA(#10969);
#10969 = FILL_AREA_STYLE('',(#10970));
#10970 = FILL_AREA_STYLE_COLOUR('',#10886);
#10971 = STYLED_ITEM('color',(#10972),#3518);
#10972 = PRESENTATION_STYLE_ASSIGNMENT((#10973));
#10973 = SURFACE_STYLE_USAGE(.BOTH.,#10974);
#10974 = SURFACE_SIDE_STYLE('',(#10975));
#10975 = SURFACE_STYLE_FILL_AREA(#10976);
#10976 = FILL_AREA_STYLE('',(#10977));
#10977 = FILL_AREA_STYLE_COLOUR('',#10886);
#10978 = STYLED_ITEM('color',(#10979),#3542);
#10979 = PRESENTATION_STYLE_ASSIGNMENT((#10980));
#10980 = SURFACE_STYLE_USAGE(.BOTH.,#10981);
#10981 = SURFACE_SIDE_STYLE('',(#10982));
#10982 = SURFACE_STYLE_FILL_AREA(#10983);
#10983 = FILL_AREA_STYLE('',(#10984));
#10984 = FILL_AREA_STYLE_COLOUR('',#10886);
#10985 = STYLED_ITEM('color',(#10986),#3591);
#10986 = PRESENTATION_STYLE_ASSIGNMENT((#10987));
#10987 = SURFACE_STYLE_USAGE(.BOTH.,#10988);
#10988 = SURFACE_SIDE_STYLE('',(#10989));
#10989 = SURFACE_STYLE_FILL_AREA(#10990);
#10990 = FILL_AREA_STYLE('',(#10991));
#10991 = FILL_AREA_STYLE_COLOUR('',#10886);
#10992 = STYLED_ITEM('color',(#10993),#3608);
#10993 = PRESENTATION_STYLE_ASSIGNMENT((#10994));
#10994 = SURFACE_STYLE_USAGE(.BOTH.,#10995);
#10995 = SURFACE_SIDE_STYLE('',(#10996));
#10996 = SURFACE_STYLE_FILL_AREA(#10997);
#10997 = FILL_AREA_STYLE('',(#10998));
#10998 = FILL_AREA_STYLE_COLOUR('',#10886);
#10999 = STYLED_ITEM('color',(#11000),#3639);
#11000 = PRESENTATION_STYLE_ASSIGNMENT((#11001));
#11001 = SURFACE_STYLE_USAGE(.BOTH.,#11002);
#11002 = SURFACE_SIDE_STYLE('',(#11003));
#11003 = SURFACE_STYLE_FILL_AREA(#11004);
#11004 = FILL_AREA_STYLE('',(#11005));
#11005 = FILL_AREA_STYLE_COLOUR('',#10886);
#11006 = STYLED_ITEM('color',(#11007),#3688);
#11007 = PRESENTATION_STYLE_ASSIGNMENT((#11008));
#11008 = SURFACE_STYLE_USAGE(.BOTH.,#11009);
#11009 = SURFACE_SIDE_STYLE('',(#11010));
#11010 = SURFACE_STYLE_FILL_AREA(#11011);
#11011 = FILL_AREA_STYLE('',(#11012));
#11012 = FILL_AREA_STYLE_COLOUR('',#10886);
#11013 = STYLED_ITEM('color',(#11014),#3712);
#11014 = PRESENTATION_STYLE_ASSIGNMENT((#11015));
#11015 = SURFACE_STYLE_USAGE(.BOTH.,#11016);
#11016 = SURFACE_SIDE_STYLE('',(#11017));
#11017 = SURFACE_STYLE_FILL_AREA(#11018);
#11018 = FILL_AREA_STYLE('',(#11019));
#11019 = FILL_AREA_STYLE_COLOUR('',#10886);
#11020 = STYLED_ITEM('color',(#11021),#3754);
#11021 = PRESENTATION_STYLE_ASSIGNMENT((#11022));
#11022 = SURFACE_STYLE_USAGE(.BOTH.,#11023);
#11023 = SURFACE_SIDE_STYLE('',(#11024));
#11024 = SURFACE_STYLE_FILL_AREA(#11025);
#11025 = FILL_AREA_STYLE('',(#11026));
#11026 = FILL_AREA_STYLE_COLOUR('',#10886);
#11027 = STYLED_ITEM('color',(#11028),#3785);
#11028 = PRESENTATION_STYLE_ASSIGNMENT((#11029));
#11029 = SURFACE_STYLE_USAGE(.BOTH.,#11030);
#11030 = SURFACE_SIDE_STYLE('',(#11031));
#11031 = SURFACE_STYLE_FILL_AREA(#11032);
#11032 = FILL_AREA_STYLE('',(#11033));
#11033 = FILL_AREA_STYLE_COLOUR('',#10886);
#11034 = STYLED_ITEM('color',(#11035),#3834);
#11035 = PRESENTATION_STYLE_ASSIGNMENT((#11036));
#11036 = SURFACE_STYLE_USAGE(.BOTH.,#11037);
#11037 = SURFACE_SIDE_STYLE('',(#11038));
#11038 = SURFACE_STYLE_FILL_AREA(#11039);
#11039 = FILL_AREA_STYLE('',(#11040));
#11040 = FILL_AREA_STYLE_COLOUR('',#10886);
#11041 = STYLED_ITEM('color',(#11042),#3858);
#11042 = PRESENTATION_STYLE_ASSIGNMENT((#11043));
#11043 = SURFACE_STYLE_USAGE(.BOTH.,#11044);
#11044 = SURFACE_SIDE_STYLE('',(#11045));
#11045 = SURFACE_STYLE_FILL_AREA(#11046);
#11046 = FILL_AREA_STYLE('',(#11047));
#11047 = FILL_AREA_STYLE_COLOUR('',#10886);
#11048 = STYLED_ITEM('color',(#11049),#3900);
#11049 = PRESENTATION_STYLE_ASSIGNMENT((#11050));
#11050 = SURFACE_STYLE_USAGE(.BOTH.,#11051);
#11051 = SURFACE_SIDE_STYLE('',(#11052));
#11052 = SURFACE_STYLE_FILL_AREA(#11053);
#11053 = FILL_AREA_STYLE('',(#11054));
#11054 = FILL_AREA_STYLE_COLOUR('',#10886);
#11055 = STYLED_ITEM('color',(#11056),#3931);
#11056 = PRESENTATION_STYLE_ASSIGNMENT((#11057));
#11057 = SURFACE_STYLE_USAGE(.BOTH.,#11058);
#11058 = SURFACE_SIDE_STYLE('',(#11059));
#11059 = SURFACE_STYLE_FILL_AREA(#11060);
#11060 = FILL_AREA_STYLE('',(#11061));
#11061 = FILL_AREA_STYLE_COLOUR('',#10886);
#11062 = STYLED_ITEM('color',(#11063),#3980);
#11063 = PRESENTATION_STYLE_ASSIGNMENT((#11064));
#11064 = SURFACE_STYLE_USAGE(.BOTH.,#11065);
#11065 = SURFACE_SIDE_STYLE('',(#11066));
#11066 = SURFACE_STYLE_FILL_AREA(#11067);
#11067 = FILL_AREA_STYLE('',(#11068));
#11068 = FILL_AREA_STYLE_COLOUR('',#10886);
#11069 = STYLED_ITEM('color',(#11070),#4004);
#11070 = PRESENTATION_STYLE_ASSIGNMENT((#11071));
#11071 = SURFACE_STYLE_USAGE(.BOTH.,#11072);
#11072 = SURFACE_SIDE_STYLE('',(#11073));
#11073 = SURFACE_STYLE_FILL_AREA(#11074);
#11074 = FILL_AREA_STYLE('',(#11075));
#11075 = FILL_AREA_STYLE_COLOUR('',#10886);
#11076 = STYLED_ITEM('color',(#11077),#4046);
#11077 = PRESENTATION_STYLE_ASSIGNMENT((#11078));
#11078 = SURFACE_STYLE_USAGE(.BOTH.,#11079);
#11079 = SURFACE_SIDE_STYLE('',(#11080));
#11080 = SURFACE_STYLE_FILL_AREA(#11081);
#11081 = FILL_AREA_STYLE('',(#11082));
#11082 = FILL_AREA_STYLE_COLOUR('',#10886);
#11083 = STYLED_ITEM('color',(#11084),#4077);
#11084 = PRESENTATION_STYLE_ASSIGNMENT((#11085));
#11085 = SURFACE_STYLE_USAGE(.BOTH.,#11086);
#11086 = SURFACE_SIDE_STYLE('',(#11087));
#11087 = SURFACE_STYLE_FILL_AREA(#11088);
#11088 = FILL_AREA_STYLE('',(#11089));
#11089 = FILL_AREA_STYLE_COLOUR('',#10886);
#11090 = STYLED_ITEM('color',(#11091),#4126);
#11091 = PRESENTATION_STYLE_ASSIGNMENT((#11092));
#11092 = SURFACE_STYLE_USAGE(.BOTH.,#11093);
#11093 = SURFACE_SIDE_STYLE('',(#11094));
#11094 = SURFACE_STYLE_FILL_AREA(#11095);
#11095 = FILL_AREA_STYLE('',(#11096));
#11096 = FILL_AREA_STYLE_COLOUR('',#10886);
#11097 = STYLED_ITEM('color',(#11098),#4150);
#11098 = PRESENTATION_STYLE_ASSIGNMENT((#11099));
#11099 = SURFACE_STYLE_USAGE(.BOTH.,#11100);
#11100 = SURFACE_SIDE_STYLE('',(#11101));
#11101 = SURFACE_STYLE_FILL_AREA(#11102);
#11102 = FILL_AREA_STYLE('',(#11103));
#11103 = FILL_AREA_STYLE_COLOUR('',#10886);
#11104 = STYLED_ITEM('color',(#11105),#4192);
#11105 = PRESENTATION_STYLE_ASSIGNMENT((#11106));
#11106 = SURFACE_STYLE_USAGE(.BOTH.,#11107);
#11107 = SURFACE_SIDE_STYLE('',(#11108));
#11108 = SURFACE_STYLE_FILL_AREA(#11109);
#11109 = FILL_AREA_STYLE('',(#11110));
#11110 = FILL_AREA_STYLE_COLOUR('',#10886);
#11111 = STYLED_ITEM('color',(#11112),#4248);
#11112 = PRESENTATION_STYLE_ASSIGNMENT((#11113));
#11113 = SURFACE_STYLE_USAGE(.BOTH.,#11114);
#11114 = SURFACE_SIDE_STYLE('',(#11115));
#11115 = SURFACE_STYLE_FILL_AREA(#11116);
#11116 = FILL_AREA_STYLE('',(#11117));
#11117 = FILL_AREA_STYLE_COLOUR('',#10886);
#11118 = STYLED_ITEM('color',(#11119),#4272);
#11119 = PRESENTATION_STYLE_ASSIGNMENT((#11120));
#11120 = SURFACE_STYLE_USAGE(.BOTH.,#11121);
#11121 = SURFACE_SIDE_STYLE('',(#11122));
#11122 = SURFACE_STYLE_FILL_AREA(#11123);
#11123 = FILL_AREA_STYLE('',(#11124));
#11124 = FILL_AREA_STYLE_COLOUR('',#10886);
#11125 = STYLED_ITEM('color',(#11126),#4321);
#11126 = PRESENTATION_STYLE_ASSIGNMENT((#11127));
#11127 = SURFACE_STYLE_USAGE(.BOTH.,#11128);
#11128 = SURFACE_SIDE_STYLE('',(#11129));
#11129 = SURFACE_STYLE_FILL_AREA(#11130);
#11130 = FILL_AREA_STYLE('',(#11131));
#11131 = FILL_AREA_STYLE_COLOUR('',#10886);
#11132 = STYLED_ITEM('color',(#11133),#4338);
#11133 = PRESENTATION_STYLE_ASSIGNMENT((#11134));
#11134 = SURFACE_STYLE_USAGE(.BOTH.,#11135);
#11135 = SURFACE_SIDE_STYLE('',(#11136));
#11136 = SURFACE_STYLE_FILL_AREA(#11137);
#11137 = FILL_AREA_STYLE('',(#11138));
#11138 = FILL_AREA_STYLE_COLOUR('',#10886);
#11139 = STYLED_ITEM('color',(#11140),#4394);
#11140 = PRESENTATION_STYLE_ASSIGNMENT((#11141));
#11141 = SURFACE_STYLE_USAGE(.BOTH.,#11142);
#11142 = SURFACE_SIDE_STYLE('',(#11143));
#11143 = SURFACE_STYLE_FILL_AREA(#11144);
#11144 = FILL_AREA_STYLE('',(#11145));
#11145 = FILL_AREA_STYLE_COLOUR('',#10886);
#11146 = STYLED_ITEM('color',(#11147),#4418);
#11147 = PRESENTATION_STYLE_ASSIGNMENT((#11148));
#11148 = SURFACE_STYLE_USAGE(.BOTH.,#11149);
#11149 = SURFACE_SIDE_STYLE('',(#11150));
#11150 = SURFACE_STYLE_FILL_AREA(#11151);
#11151 = FILL_AREA_STYLE('',(#11152));
#11152 = FILL_AREA_STYLE_COLOUR('',#10886);
#11153 = STYLED_ITEM('color',(#11154),#4467);
#11154 = PRESENTATION_STYLE_ASSIGNMENT((#11155));
#11155 = SURFACE_STYLE_USAGE(.BOTH.,#11156);
#11156 = SURFACE_SIDE_STYLE('',(#11157));
#11157 = SURFACE_STYLE_FILL_AREA(#11158);
#11158 = FILL_AREA_STYLE('',(#11159));
#11159 = FILL_AREA_STYLE_COLOUR('',#10886);
#11160 = STYLED_ITEM('color',(#11161),#4484);
#11161 = PRESENTATION_STYLE_ASSIGNMENT((#11162));
#11162 = SURFACE_STYLE_USAGE(.BOTH.,#11163);
#11163 = SURFACE_SIDE_STYLE('',(#11164));
#11164 = SURFACE_STYLE_FILL_AREA(#11165);
#11165 = FILL_AREA_STYLE('',(#11166));
#11166 = FILL_AREA_STYLE_COLOUR('',#10886);
#11167 = STYLED_ITEM('color',(#11168),#4540);
#11168 = PRESENTATION_STYLE_ASSIGNMENT((#11169));
#11169 = SURFACE_STYLE_USAGE(.BOTH.,#11170);
#11170 = SURFACE_SIDE_STYLE('',(#11171));
#11171 = SURFACE_STYLE_FILL_AREA(#11172);
#11172 = FILL_AREA_STYLE('',(#11173));
#11173 = FILL_AREA_STYLE_COLOUR('',#10886);
#11174 = STYLED_ITEM('color',(#11175),#4564);
#11175 = PRESENTATION_STYLE_ASSIGNMENT((#11176));
#11176 = SURFACE_STYLE_USAGE(.BOTH.,#11177);
#11177 = SURFACE_SIDE_STYLE('',(#11178));
#11178 = SURFACE_STYLE_FILL_AREA(#11179);
#11179 = FILL_AREA_STYLE('',(#11180));
#11180 = FILL_AREA_STYLE_COLOUR('',#10886);
#11181 = STYLED_ITEM('color',(#11182),#4613);
#11182 = PRESENTATION_STYLE_ASSIGNMENT((#11183));
#11183 = SURFACE_STYLE_USAGE(.BOTH.,#11184);
#11184 = SURFACE_SIDE_STYLE('',(#11185));
#11185 = SURFACE_STYLE_FILL_AREA(#11186);
#11186 = FILL_AREA_STYLE('',(#11187));
#11187 = FILL_AREA_STYLE_COLOUR('',#10886);
#11188 = STYLED_ITEM('color',(#11189),#4630);
#11189 = PRESENTATION_STYLE_ASSIGNMENT((#11190));
#11190 = SURFACE_STYLE_USAGE(.BOTH.,#11191);
#11191 = SURFACE_SIDE_STYLE('',(#11192));
#11192 = SURFACE_STYLE_FILL_AREA(#11193);
#11193 = FILL_AREA_STYLE('',(#11194));
#11194 = FILL_AREA_STYLE_COLOUR('',#10886);
#11195 = STYLED_ITEM('color',(#11196),#4661);
#11196 = PRESENTATION_STYLE_ASSIGNMENT((#11197));
#11197 = SURFACE_STYLE_USAGE(.BOTH.,#11198);
#11198 = SURFACE_SIDE_STYLE('',(#11199));
#11199 = SURFACE_STYLE_FILL_AREA(#11200);
#11200 = FILL_AREA_STYLE('',(#11201));
#11201 = FILL_AREA_STYLE_COLOUR('',#10886);
#11202 = STYLED_ITEM('color',(#11203),#4710);
#11203 = PRESENTATION_STYLE_ASSIGNMENT((#11204));
#11204 = SURFACE_STYLE_USAGE(.BOTH.,#11205);
#11205 = SURFACE_SIDE_STYLE('',(#11206));
#11206 = SURFACE_STYLE_FILL_AREA(#11207);
#11207 = FILL_AREA_STYLE('',(#11208));
#11208 = FILL_AREA_STYLE_COLOUR('',#10886);
#11209 = STYLED_ITEM('color',(#11210),#4734);
#11210 = PRESENTATION_STYLE_ASSIGNMENT((#11211));
#11211 = SURFACE_STYLE_USAGE(.BOTH.,#11212);
#11212 = SURFACE_SIDE_STYLE('',(#11213));
#11213 = SURFACE_STYLE_FILL_AREA(#11214);
#11214 = FILL_AREA_STYLE('',(#11215));
#11215 = FILL_AREA_STYLE_COLOUR('',#10886);
#11216 = STYLED_ITEM('color',(#11217),#4776);
#11217 = PRESENTATION_STYLE_ASSIGNMENT((#11218));
#11218 = SURFACE_STYLE_USAGE(.BOTH.,#11219);
#11219 = SURFACE_SIDE_STYLE('',(#11220));
#11220 = SURFACE_STYLE_FILL_AREA(#11221);
#11221 = FILL_AREA_STYLE('',(#11222));
#11222 = FILL_AREA_STYLE_COLOUR('',#10886);
#11223 = STYLED_ITEM('color',(#11224),#4807);
#11224 = PRESENTATION_STYLE_ASSIGNMENT((#11225));
#11225 = SURFACE_STYLE_USAGE(.BOTH.,#11226);
#11226 = SURFACE_SIDE_STYLE('',(#11227));
#11227 = SURFACE_STYLE_FILL_AREA(#11228);
#11228 = FILL_AREA_STYLE('',(#11229));
#11229 = FILL_AREA_STYLE_COLOUR('',#10886);
#11230 = STYLED_ITEM('color',(#11231),#4831);
#11231 = PRESENTATION_STYLE_ASSIGNMENT((#11232));
#11232 = SURFACE_STYLE_USAGE(.BOTH.,#11233);
#11233 = SURFACE_SIDE_STYLE('',(#11234));
#11234 = SURFACE_STYLE_FILL_AREA(#11235);
#11235 = FILL_AREA_STYLE('',(#11236));
#11236 = FILL_AREA_STYLE_COLOUR('',#10886);
#11237 = STYLED_ITEM('color',(#11238),#4855);
#11238 = PRESENTATION_STYLE_ASSIGNMENT((#11239));
#11239 = SURFACE_STYLE_USAGE(.BOTH.,#11240);
#11240 = SURFACE_SIDE_STYLE('',(#11241));
#11241 = SURFACE_STYLE_FILL_AREA(#11242);
#11242 = FILL_AREA_STYLE('',(#11243));
#11243 = FILL_AREA_STYLE_COLOUR('',#10886);
#11244 = STYLED_ITEM('color',(#11245),#4872);
#11245 = PRESENTATION_STYLE_ASSIGNMENT((#11246));
#11246 = SURFACE_STYLE_USAGE(.BOTH.,#11247);
#11247 = SURFACE_SIDE_STYLE('',(#11248));
#11248 = SURFACE_STYLE_FILL_AREA(#11249);
#11249 = FILL_AREA_STYLE('',(#11250));
#11250 = FILL_AREA_STYLE_COLOUR('',#10886);
#11251 = STYLED_ITEM('color',(#11252),#4903);
#11252 = PRESENTATION_STYLE_ASSIGNMENT((#11253));
#11253 = SURFACE_STYLE_USAGE(.BOTH.,#11254);
#11254 = SURFACE_SIDE_STYLE('',(#11255));
#11255 = SURFACE_STYLE_FILL_AREA(#11256);
#11256 = FILL_AREA_STYLE('',(#11257));
#11257 = FILL_AREA_STYLE_COLOUR('',#10886);
#11258 = STYLED_ITEM('color',(#11259),#4927);
#11259 = PRESENTATION_STYLE_ASSIGNMENT((#11260));
#11260 = SURFACE_STYLE_USAGE(.BOTH.,#11261);
#11261 = SURFACE_SIDE_STYLE('',(#11262));
#11262 = SURFACE_STYLE_FILL_AREA(#11263);
#11263 = FILL_AREA_STYLE('',(#11264));
#11264 = FILL_AREA_STYLE_COLOUR('',#10886);
#11265 = STYLED_ITEM('color',(#11266),#4951);
#11266 = PRESENTATION_STYLE_ASSIGNMENT((#11267));
#11267 = SURFACE_STYLE_USAGE(.BOTH.,#11268);
#11268 = SURFACE_SIDE_STYLE('',(#11269));
#11269 = SURFACE_STYLE_FILL_AREA(#11270);
#11270 = FILL_AREA_STYLE('',(#11271));
#11271 = FILL_AREA_STYLE_COLOUR('',#10886);
#11272 = STYLED_ITEM('color',(#11273),#4968);
#11273 = PRESENTATION_STYLE_ASSIGNMENT((#11274));
#11274 = SURFACE_STYLE_USAGE(.BOTH.,#11275);
#11275 = SURFACE_SIDE_STYLE('',(#11276));
#11276 = SURFACE_STYLE_FILL_AREA(#11277);
#11277 = FILL_AREA_STYLE('',(#11278));
#11278 = FILL_AREA_STYLE_COLOUR('',#10886);
#11279 = STYLED_ITEM('color',(#11280),#4999);
#11280 = PRESENTATION_STYLE_ASSIGNMENT((#11281));
#11281 = SURFACE_STYLE_USAGE(.BOTH.,#11282);
#11282 = SURFACE_SIDE_STYLE('',(#11283));
#11283 = SURFACE_STYLE_FILL_AREA(#11284);
#11284 = FILL_AREA_STYLE('',(#11285));
#11285 = FILL_AREA_STYLE_COLOUR('',#10886);
#11286 = STYLED_ITEM('color',(#11287),#5023);
#11287 = PRESENTATION_STYLE_ASSIGNMENT((#11288));
#11288 = SURFACE_STYLE_USAGE(.BOTH.,#11289);
#11289 = SURFACE_SIDE_STYLE('',(#11290));
#11290 = SURFACE_STYLE_FILL_AREA(#11291);
#11291 = FILL_AREA_STYLE('',(#11292));
#11292 = FILL_AREA_STYLE_COLOUR('',#10886);
#11293 = STYLED_ITEM('color',(#11294),#5047);
#11294 = PRESENTATION_STYLE_ASSIGNMENT((#11295));
#11295 = SURFACE_STYLE_USAGE(.BOTH.,#11296);
#11296 = SURFACE_SIDE_STYLE('',(#11297));
#11297 = SURFACE_STYLE_FILL_AREA(#11298);
#11298 = FILL_AREA_STYLE('',(#11299));
#11299 = FILL_AREA_STYLE_COLOUR('',#10886);
#11300 = STYLED_ITEM('color',(#11301),#5064);
#11301 = PRESENTATION_STYLE_ASSIGNMENT((#11302));
#11302 = SURFACE_STYLE_USAGE(.BOTH.,#11303);
#11303 = SURFACE_SIDE_STYLE('',(#11304));
#11304 = SURFACE_STYLE_FILL_AREA(#11305);
#11305 = FILL_AREA_STYLE('',(#11306));
#11306 = FILL_AREA_STYLE_COLOUR('',#10886);
#11307 = STYLED_ITEM('color',(#11308),#5095);
#11308 = PRESENTATION_STYLE_ASSIGNMENT((#11309));
#11309 = SURFACE_STYLE_USAGE(.BOTH.,#11310);
#11310 = SURFACE_SIDE_STYLE('',(#11311));
#11311 = SURFACE_STYLE_FILL_AREA(#11312);
#11312 = FILL_AREA_STYLE('',(#11313));
#11313 = FILL_AREA_STYLE_COLOUR('',#10886);
#11314 = STYLED_ITEM('color',(#11315),#5119);
#11315 = PRESENTATION_STYLE_ASSIGNMENT((#11316));
#11316 = SURFACE_STYLE_USAGE(.BOTH.,#11317);
#11317 = SURFACE_SIDE_STYLE('',(#11318));
#11318 = SURFACE_STYLE_FILL_AREA(#11319);
#11319 = FILL_AREA_STYLE('',(#11320));
#11320 = FILL_AREA_STYLE_COLOUR('',#10886);
#11321 = STYLED_ITEM('color',(#11322),#5143);
#11322 = PRESENTATION_STYLE_ASSIGNMENT((#11323));
#11323 = SURFACE_STYLE_USAGE(.BOTH.,#11324);
#11324 = SURFACE_SIDE_STYLE('',(#11325));
#11325 = SURFACE_STYLE_FILL_AREA(#11326);
#11326 = FILL_AREA_STYLE('',(#11327));
#11327 = FILL_AREA_STYLE_COLOUR('',#10886);
#11328 = STYLED_ITEM('color',(#11329),#5160);
#11329 = PRESENTATION_STYLE_ASSIGNMENT((#11330));
#11330 = SURFACE_STYLE_USAGE(.BOTH.,#11331);
#11331 = SURFACE_SIDE_STYLE('',(#11332));
#11332 = SURFACE_STYLE_FILL_AREA(#11333);
#11333 = FILL_AREA_STYLE('',(#11334));
#11334 = FILL_AREA_STYLE_COLOUR('',#10886);
#11335 = STYLED_ITEM('color',(#11336),#5191);
#11336 = PRESENTATION_STYLE_ASSIGNMENT((#11337));
#11337 = SURFACE_STYLE_USAGE(.BOTH.,#11338);
#11338 = SURFACE_SIDE_STYLE('',(#11339));
#11339 = SURFACE_STYLE_FILL_AREA(#11340);
#11340 = FILL_AREA_STYLE('',(#11341));
#11341 = FILL_AREA_STYLE_COLOUR('',#10886);
#11342 = STYLED_ITEM('color',(#11343),#5215);
#11343 = PRESENTATION_STYLE_ASSIGNMENT((#11344));
#11344 = SURFACE_STYLE_USAGE(.BOTH.,#11345);
#11345 = SURFACE_SIDE_STYLE('',(#11346));
#11346 = SURFACE_STYLE_FILL_AREA(#11347);
#11347 = FILL_AREA_STYLE('',(#11348));
#11348 = FILL_AREA_STYLE_COLOUR('',#10886);
#11349 = STYLED_ITEM('color',(#11350),#5239);
#11350 = PRESENTATION_STYLE_ASSIGNMENT((#11351));
#11351 = SURFACE_STYLE_USAGE(.BOTH.,#11352);
#11352 = SURFACE_SIDE_STYLE('',(#11353));
#11353 = SURFACE_STYLE_FILL_AREA(#11354);
#11354 = FILL_AREA_STYLE('',(#11355));
#11355 = FILL_AREA_STYLE_COLOUR('',#10886);
#11356 = STYLED_ITEM('color',(#11357),#5256);
#11357 = PRESENTATION_STYLE_ASSIGNMENT((#11358));
#11358 = SURFACE_STYLE_USAGE(.BOTH.,#11359);
#11359 = SURFACE_SIDE_STYLE('',(#11360));
#11360 = SURFACE_STYLE_FILL_AREA(#11361);
#11361 = FILL_AREA_STYLE('',(#11362));
#11362 = FILL_AREA_STYLE_COLOUR('',#10886);
#11363 = STYLED_ITEM('color',(#11364),#5287);
#11364 = PRESENTATION_STYLE_ASSIGNMENT((#11365));
#11365 = SURFACE_STYLE_USAGE(.BOTH.,#11366);
#11366 = SURFACE_SIDE_STYLE('',(#11367));
#11367 = SURFACE_STYLE_FILL_AREA(#11368);
#11368 = FILL_AREA_STYLE('',(#11369));
#11369 = FILL_AREA_STYLE_COLOUR('',#10886);
#11370 = STYLED_ITEM('color',(#11371),#5311);
#11371 = PRESENTATION_STYLE_ASSIGNMENT((#11372));
#11372 = SURFACE_STYLE_USAGE(.BOTH.,#11373);
#11373 = SURFACE_SIDE_STYLE('',(#11374));
#11374 = SURFACE_STYLE_FILL_AREA(#11375);
#11375 = FILL_AREA_STYLE('',(#11376));
#11376 = FILL_AREA_STYLE_COLOUR('',#10886);
#11377 = STYLED_ITEM('color',(#11378),#5335);
#11378 = PRESENTATION_STYLE_ASSIGNMENT((#11379));
#11379 = SURFACE_STYLE_USAGE(.BOTH.,#11380);
#11380 = SURFACE_SIDE_STYLE('',(#11381));
#11381 = SURFACE_STYLE_FILL_AREA(#11382);
#11382 = FILL_AREA_STYLE('',(#11383));
#11383 = FILL_AREA_STYLE_COLOUR('',#10886);
#11384 = STYLED_ITEM('color',(#11385),#5352);
#11385 = PRESENTATION_STYLE_ASSIGNMENT((#11386));
#11386 = SURFACE_STYLE_USAGE(.BOTH.,#11387);
#11387 = SURFACE_SIDE_STYLE('',(#11388));
#11388 = SURFACE_STYLE_FILL_AREA(#11389);
#11389 = FILL_AREA_STYLE('',(#11390));
#11390 = FILL_AREA_STYLE_COLOUR('',#10886);
#11391 = STYLED_ITEM('color',(#11392),#5383);
#11392 = PRESENTATION_STYLE_ASSIGNMENT((#11393));
#11393 = SURFACE_STYLE_USAGE(.BOTH.,#11394);
#11394 = SURFACE_SIDE_STYLE('',(#11395));
#11395 = SURFACE_STYLE_FILL_AREA(#11396);
#11396 = FILL_AREA_STYLE('',(#11397));
#11397 = FILL_AREA_STYLE_COLOUR('',#10886);
#11398 = STYLED_ITEM('color',(#11399),#5407);
#11399 = PRESENTATION_STYLE_ASSIGNMENT((#11400));
#11400 = SURFACE_STYLE_USAGE(.BOTH.,#11401);
#11401 = SURFACE_SIDE_STYLE('',(#11402));
#11402 = SURFACE_STYLE_FILL_AREA(#11403);
#11403 = FILL_AREA_STYLE('',(#11404));
#11404 = FILL_AREA_STYLE_COLOUR('',#10886);
#11405 = STYLED_ITEM('color',(#11406),#5431);
#11406 = PRESENTATION_STYLE_ASSIGNMENT((#11407));
#11407 = SURFACE_STYLE_USAGE(.BOTH.,#11408);
#11408 = SURFACE_SIDE_STYLE('',(#11409));
#11409 = SURFACE_STYLE_FILL_AREA(#11410);
#11410 = FILL_AREA_STYLE('',(#11411));
#11411 = FILL_AREA_STYLE_COLOUR('',#10886);
#11412 = STYLED_ITEM('color',(#11413),#5448);
#11413 = PRESENTATION_STYLE_ASSIGNMENT((#11414));
#11414 = SURFACE_STYLE_USAGE(.BOTH.,#11415);
#11415 = SURFACE_SIDE_STYLE('',(#11416));
#11416 = SURFACE_STYLE_FILL_AREA(#11417);
#11417 = FILL_AREA_STYLE('',(#11418));
#11418 = FILL_AREA_STYLE_COLOUR('',#10886);
#11419 = STYLED_ITEM('color',(#11420),#5479);
#11420 = PRESENTATION_STYLE_ASSIGNMENT((#11421));
#11421 = SURFACE_STYLE_USAGE(.BOTH.,#11422);
#11422 = SURFACE_SIDE_STYLE('',(#11423));
#11423 = SURFACE_STYLE_FILL_AREA(#11424);
#11424 = FILL_AREA_STYLE('',(#11425));
#11425 = FILL_AREA_STYLE_COLOUR('',#10886);
#11426 = STYLED_ITEM('color',(#11427),#5503);
#11427 = PRESENTATION_STYLE_ASSIGNMENT((#11428));
#11428 = SURFACE_STYLE_USAGE(.BOTH.,#11429);
#11429 = SURFACE_SIDE_STYLE('',(#11430));
#11430 = SURFACE_STYLE_FILL_AREA(#11431);
#11431 = FILL_AREA_STYLE('',(#11432));
#11432 = FILL_AREA_STYLE_COLOUR('',#10886);
#11433 = STYLED_ITEM('color',(#11434),#5527);
#11434 = PRESENTATION_STYLE_ASSIGNMENT((#11435));
#11435 = SURFACE_STYLE_USAGE(.BOTH.,#11436);
#11436 = SURFACE_SIDE_STYLE('',(#11437));
#11437 = SURFACE_STYLE_FILL_AREA(#11438);
#11438 = FILL_AREA_STYLE('',(#11439));
#11439 = FILL_AREA_STYLE_COLOUR('',#10886);
#11440 = STYLED_ITEM('color',(#11441),#5544);
#11441 = PRESENTATION_STYLE_ASSIGNMENT((#11442));
#11442 = SURFACE_STYLE_USAGE(.BOTH.,#11443);
#11443 = SURFACE_SIDE_STYLE('',(#11444));
#11444 = SURFACE_STYLE_FILL_AREA(#11445);
#11445 = FILL_AREA_STYLE('',(#11446));
#11446 = FILL_AREA_STYLE_COLOUR('',#10886);
#11447 = STYLED_ITEM('color',(#11448),#5575);
#11448 = PRESENTATION_STYLE_ASSIGNMENT((#11449));
#11449 = SURFACE_STYLE_USAGE(.BOTH.,#11450);
#11450 = SURFACE_SIDE_STYLE('',(#11451));
#11451 = SURFACE_STYLE_FILL_AREA(#11452);
#11452 = FILL_AREA_STYLE('',(#11453));
#11453 = FILL_AREA_STYLE_COLOUR('',#10886);
#11454 = STYLED_ITEM('color',(#11455),#5599);
#11455 = PRESENTATION_STYLE_ASSIGNMENT((#11456));
#11456 = SURFACE_STYLE_USAGE(.BOTH.,#11457);
#11457 = SURFACE_SIDE_STYLE('',(#11458));
#11458 = SURFACE_STYLE_FILL_AREA(#11459);
#11459 = FILL_AREA_STYLE('',(#11460));
#11460 = FILL_AREA_STYLE_COLOUR('',#10886);
#11461 = STYLED_ITEM('color',(#11462),#5623);
#11462 = PRESENTATION_STYLE_ASSIGNMENT((#11463));
#11463 = SURFACE_STYLE_USAGE(.BOTH.,#11464);
#11464 = SURFACE_SIDE_STYLE('',(#11465));
#11465 = SURFACE_STYLE_FILL_AREA(#11466);
#11466 = FILL_AREA_STYLE('',(#11467));
#11467 = FILL_AREA_STYLE_COLOUR('',#10886);
#11468 = STYLED_ITEM('color',(#11469),#5640);
#11469 = PRESENTATION_STYLE_ASSIGNMENT((#11470));
#11470 = SURFACE_STYLE_USAGE(.BOTH.,#11471);
#11471 = SURFACE_SIDE_STYLE('',(#11472));
#11472 = SURFACE_STYLE_FILL_AREA(#11473);
#11473 = FILL_AREA_STYLE('',(#11474));
#11474 = FILL_AREA_STYLE_COLOUR('',#10886);
#11475 = STYLED_ITEM('color',(#11476),#5671);
#11476 = PRESENTATION_STYLE_ASSIGNMENT((#11477));
#11477 = SURFACE_STYLE_USAGE(.BOTH.,#11478);
#11478 = SURFACE_SIDE_STYLE('',(#11479));
#11479 = SURFACE_STYLE_FILL_AREA(#11480);
#11480 = FILL_AREA_STYLE('',(#11481));
#11481 = FILL_AREA_STYLE_COLOUR('',#10886);
#11482 = STYLED_ITEM('color',(#11483),#5695);
#11483 = PRESENTATION_STYLE_ASSIGNMENT((#11484));
#11484 = SURFACE_STYLE_USAGE(.BOTH.,#11485);
#11485 = SURFACE_SIDE_STYLE('',(#11486));
#11486 = SURFACE_STYLE_FILL_AREA(#11487);
#11487 = FILL_AREA_STYLE('',(#11488));
#11488 = FILL_AREA_STYLE_COLOUR('',#10886);
#11489 = STYLED_ITEM('color',(#11490),#5719);
#11490 = PRESENTATION_STYLE_ASSIGNMENT((#11491));
#11491 = SURFACE_STYLE_USAGE(.BOTH.,#11492);
#11492 = SURFACE_SIDE_STYLE('',(#11493));
#11493 = SURFACE_STYLE_FILL_AREA(#11494);
#11494 = FILL_AREA_STYLE('',(#11495));
#11495 = FILL_AREA_STYLE_COLOUR('',#10886);
#11496 = STYLED_ITEM('color',(#11497),#5736);
#11497 = PRESENTATION_STYLE_ASSIGNMENT((#11498));
#11498 = SURFACE_STYLE_USAGE(.BOTH.,#11499);
#11499 = SURFACE_SIDE_STYLE('',(#11500));
#11500 = SURFACE_STYLE_FILL_AREA(#11501);
#11501 = FILL_AREA_STYLE('',(#11502));
#11502 = FILL_AREA_STYLE_COLOUR('',#10886);
#11503 = STYLED_ITEM('color',(#11504),#5767);
#11504 = PRESENTATION_STYLE_ASSIGNMENT((#11505));
#11505 = SURFACE_STYLE_USAGE(.BOTH.,#11506);
#11506 = SURFACE_SIDE_STYLE('',(#11507));
#11507 = SURFACE_STYLE_FILL_AREA(#11508);
#11508 = FILL_AREA_STYLE('',(#11509));
#11509 = FILL_AREA_STYLE_COLOUR('',#10886);
#11510 = STYLED_ITEM('color',(#11511),#5791);
#11511 = PRESENTATION_STYLE_ASSIGNMENT((#11512));
#11512 = SURFACE_STYLE_USAGE(.BOTH.,#11513);
#11513 = SURFACE_SIDE_STYLE('',(#11514));
#11514 = SURFACE_STYLE_FILL_AREA(#11515);
#11515 = FILL_AREA_STYLE('',(#11516));
#11516 = FILL_AREA_STYLE_COLOUR('',#10886);
#11517 = STYLED_ITEM('color',(#11518),#5815);
#11518 = PRESENTATION_STYLE_ASSIGNMENT((#11519));
#11519 = SURFACE_STYLE_USAGE(.BOTH.,#11520);
#11520 = SURFACE_SIDE_STYLE('',(#11521));
#11521 = SURFACE_STYLE_FILL_AREA(#11522);
#11522 = FILL_AREA_STYLE('',(#11523));
#11523 = FILL_AREA_STYLE_COLOUR('',#10886);
#11524 = STYLED_ITEM('color',(#11525),#5832);
#11525 = PRESENTATION_STYLE_ASSIGNMENT((#11526));
#11526 = SURFACE_STYLE_USAGE(.BOTH.,#11527);
#11527 = SURFACE_SIDE_STYLE('',(#11528));
#11528 = SURFACE_STYLE_FILL_AREA(#11529);
#11529 = FILL_AREA_STYLE('',(#11530));
#11530 = FILL_AREA_STYLE_COLOUR('',#10886);
#11531 = STYLED_ITEM('color',(#11532),#5863);
#11532 = PRESENTATION_STYLE_ASSIGNMENT((#11533));
#11533 = SURFACE_STYLE_USAGE(.BOTH.,#11534);
#11534 = SURFACE_SIDE_STYLE('',(#11535));
#11535 = SURFACE_STYLE_FILL_AREA(#11536);
#11536 = FILL_AREA_STYLE('',(#11537));
#11537 = FILL_AREA_STYLE_COLOUR('',#10886);
#11538 = STYLED_ITEM('color',(#11539),#5887);
#11539 = PRESENTATION_STYLE_ASSIGNMENT((#11540));
#11540 = SURFACE_STYLE_USAGE(.BOTH.,#11541);
#11541 = SURFACE_SIDE_STYLE('',(#11542));
#11542 = SURFACE_STYLE_FILL_AREA(#11543);
#11543 = FILL_AREA_STYLE('',(#11544));
#11544 = FILL_AREA_STYLE_COLOUR('',#10886);
#11545 = STYLED_ITEM('color',(#11546),#5911);
#11546 = PRESENTATION_STYLE_ASSIGNMENT((#11547));
#11547 = SURFACE_STYLE_USAGE(.BOTH.,#11548);
#11548 = SURFACE_SIDE_STYLE('',(#11549));
#11549 = SURFACE_STYLE_FILL_AREA(#11550);
#11550 = FILL_AREA_STYLE('',(#11551));
#11551 = FILL_AREA_STYLE_COLOUR('',#10886);
#11552 = STYLED_ITEM('color',(#11553),#5928);
#11553 = PRESENTATION_STYLE_ASSIGNMENT((#11554));
#11554 = SURFACE_STYLE_USAGE(.BOTH.,#11555);
#11555 = SURFACE_SIDE_STYLE('',(#11556));
#11556 = SURFACE_STYLE_FILL_AREA(#11557);
#11557 = FILL_AREA_STYLE('',(#11558));
#11558 = FILL_AREA_STYLE_COLOUR('',#10886);
#11559 = STYLED_ITEM('color',(#11560),#5945);
#11560 = PRESENTATION_STYLE_ASSIGNMENT((#11561));
#11561 = SURFACE_STYLE_USAGE(.BOTH.,#11562);
#11562 = SURFACE_SIDE_STYLE('',(#11563));
#11563 = SURFACE_STYLE_FILL_AREA(#11564);
#11564 = FILL_AREA_STYLE('',(#11565));
#11565 = FILL_AREA_STYLE_COLOUR('',#10886);
#11566 = STYLED_ITEM('color',(#11567),#5962);
#11567 = PRESENTATION_STYLE_ASSIGNMENT((#11568));
#11568 = SURFACE_STYLE_USAGE(.BOTH.,#11569);
#11569 = SURFACE_SIDE_STYLE('',(#11570));
#11570 = SURFACE_STYLE_FILL_AREA(#11571);
#11571 = FILL_AREA_STYLE('',(#11572));
#11572 = FILL_AREA_STYLE_COLOUR('',#10886);
#11573 = STYLED_ITEM('color',(#11574),#5993);
#11574 = PRESENTATION_STYLE_ASSIGNMENT((#11575));
#11575 = SURFACE_STYLE_USAGE(.BOTH.,#11576);
#11576 = SURFACE_SIDE_STYLE('',(#11577));
#11577 = SURFACE_STYLE_FILL_AREA(#11578);
#11578 = FILL_AREA_STYLE('',(#11579));
#11579 = FILL_AREA_STYLE_COLOUR('',#10886);
#11580 = STYLED_ITEM('color',(#11581),#6010);
#11581 = PRESENTATION_STYLE_ASSIGNMENT((#11582));
#11582 = SURFACE_STYLE_USAGE(.BOTH.,#11583);
#11583 = SURFACE_SIDE_STYLE('',(#11584));
#11584 = SURFACE_STYLE_FILL_AREA(#11585);
#11585 = FILL_AREA_STYLE('',(#11586));
#11586 = FILL_AREA_STYLE_COLOUR('',#10886);
#11587 = STYLED_ITEM('color',(#11588),#6041);
#11588 = PRESENTATION_STYLE_ASSIGNMENT((#11589));
#11589 = SURFACE_STYLE_USAGE(.BOTH.,#11590);
#11590 = SURFACE_SIDE_STYLE('',(#11591));
#11591 = SURFACE_STYLE_FILL_AREA(#11592);
#11592 = FILL_AREA_STYLE('',(#11593));
#11593 = FILL_AREA_STYLE_COLOUR('',#10886);
#11594 = STYLED_ITEM('color',(#11595),#6058);
#11595 = PRESENTATION_STYLE_ASSIGNMENT((#11596));
#11596 = SURFACE_STYLE_USAGE(.BOTH.,#11597);
#11597 = SURFACE_SIDE_STYLE('',(#11598));
#11598 = SURFACE_STYLE_FILL_AREA(#11599);
#11599 = FILL_AREA_STYLE('',(#11600));
#11600 = FILL_AREA_STYLE_COLOUR('',#10886);
#11601 = STYLED_ITEM('color',(#11602),#6075);
#11602 = PRESENTATION_STYLE_ASSIGNMENT((#11603));
#11603 = SURFACE_STYLE_USAGE(.BOTH.,#11604);
#11604 = SURFACE_SIDE_STYLE('',(#11605));
#11605 = SURFACE_STYLE_FILL_AREA(#11606);
#11606 = FILL_AREA_STYLE('',(#11607));
#11607 = FILL_AREA_STYLE_COLOUR('',#10886);
#11608 = STYLED_ITEM('color',(#11609),#6106);
#11609 = PRESENTATION_STYLE_ASSIGNMENT((#11610));
#11610 = SURFACE_STYLE_USAGE(.BOTH.,#11611);
#11611 = SURFACE_SIDE_STYLE('',(#11612));
#11612 = SURFACE_STYLE_FILL_AREA(#11613);
#11613 = FILL_AREA_STYLE('',(#11614));
#11614 = FILL_AREA_STYLE_COLOUR('',#10886);
#11615 = STYLED_ITEM('color',(#11616),#6123);
#11616 = PRESENTATION_STYLE_ASSIGNMENT((#11617));
#11617 = SURFACE_STYLE_USAGE(.BOTH.,#11618);
#11618 = SURFACE_SIDE_STYLE('',(#11619));
#11619 = SURFACE_STYLE_FILL_AREA(#11620);
#11620 = FILL_AREA_STYLE('',(#11621));
#11621 = FILL_AREA_STYLE_COLOUR('',#10886);
#11622 = STYLED_ITEM('color',(#11623),#6154);
#11623 = PRESENTATION_STYLE_ASSIGNMENT((#11624));
#11624 = SURFACE_STYLE_USAGE(.BOTH.,#11625);
#11625 = SURFACE_SIDE_STYLE('',(#11626));
#11626 = SURFACE_STYLE_FILL_AREA(#11627);
#11627 = FILL_AREA_STYLE('',(#11628));
#11628 = FILL_AREA_STYLE_COLOUR('',#10886);
#11629 = STYLED_ITEM('color',(#11630),#6171);
#11630 = PRESENTATION_STYLE_ASSIGNMENT((#11631));
#11631 = SURFACE_STYLE_USAGE(.BOTH.,#11632);
#11632 = SURFACE_SIDE_STYLE('',(#11633));
#11633 = SURFACE_STYLE_FILL_AREA(#11634);
#11634 = FILL_AREA_STYLE('',(#11635));
#11635 = FILL_AREA_STYLE_COLOUR('',#10886);
#11636 = STYLED_ITEM('color',(#11637),#6188);
#11637 = PRESENTATION_STYLE_ASSIGNMENT((#11638));
#11638 = SURFACE_STYLE_USAGE(.BOTH.,#11639);
#11639 = SURFACE_SIDE_STYLE('',(#11640));
#11640 = SURFACE_STYLE_FILL_AREA(#11641);
#11641 = FILL_AREA_STYLE('',(#11642));
#11642 = FILL_AREA_STYLE_COLOUR('',#10886);
#11643 = STYLED_ITEM('color',(#11644),#6219);
#11644 = PRESENTATION_STYLE_ASSIGNMENT((#11645));
#11645 = SURFACE_STYLE_USAGE(.BOTH.,#11646);
#11646 = SURFACE_SIDE_STYLE('',(#11647));
#11647 = SURFACE_STYLE_FILL_AREA(#11648);
#11648 = FILL_AREA_STYLE('',(#11649));
#11649 = FILL_AREA_STYLE_COLOUR('',#10886);
#11650 = STYLED_ITEM('color',(#11651),#6236);
#11651 = PRESENTATION_STYLE_ASSIGNMENT((#11652));
#11652 = SURFACE_STYLE_USAGE(.BOTH.,#11653);
#11653 = SURFACE_SIDE_STYLE('',(#11654));
#11654 = SURFACE_STYLE_FILL_AREA(#11655);
#11655 = FILL_AREA_STYLE('',(#11656));
#11656 = FILL_AREA_STYLE_COLOUR('',#10886);
#11657 = STYLED_ITEM('color',(#11658),#6267);
#11658 = PRESENTATION_STYLE_ASSIGNMENT((#11659));
#11659 = SURFACE_STYLE_USAGE(.BOTH.,#11660);
#11660 = SURFACE_SIDE_STYLE('',(#11661));
#11661 = SURFACE_STYLE_FILL_AREA(#11662);
#11662 = FILL_AREA_STYLE('',(#11663));
#11663 = FILL_AREA_STYLE_COLOUR('',#10886);
#11664 = STYLED_ITEM('color',(#11665),#6284);
#11665 = PRESENTATION_STYLE_ASSIGNMENT((#11666));
#11666 = SURFACE_STYLE_USAGE(.BOTH.,#11667);
#11667 = SURFACE_SIDE_STYLE('',(#11668));
#11668 = SURFACE_STYLE_FILL_AREA(#11669);
#11669 = FILL_AREA_STYLE('',(#11670));
#11670 = FILL_AREA_STYLE_COLOUR('',#10886);
#11671 = STYLED_ITEM('color',(#11672),#6301);
#11672 = PRESENTATION_STYLE_ASSIGNMENT((#11673));
#11673 = SURFACE_STYLE_USAGE(.BOTH.,#11674);
#11674 = SURFACE_SIDE_STYLE('',(#11675));
#11675 = SURFACE_STYLE_FILL_AREA(#11676);
#11676 = FILL_AREA_STYLE('',(#11677));
#11677 = FILL_AREA_STYLE_COLOUR('',#10886);
#11678 = STYLED_ITEM('color',(#11679),#6332);
#11679 = PRESENTATION_STYLE_ASSIGNMENT((#11680));
#11680 = SURFACE_STYLE_USAGE(.BOTH.,#11681);
#11681 = SURFACE_SIDE_STYLE('',(#11682));
#11682 = SURFACE_STYLE_FILL_AREA(#11683);
#11683 = FILL_AREA_STYLE('',(#11684));
#11684 = FILL_AREA_STYLE_COLOUR('',#10886);
#11685 = STYLED_ITEM('color',(#11686),#6349);
#11686 = PRESENTATION_STYLE_ASSIGNMENT((#11687));
#11687 = SURFACE_STYLE_USAGE(.BOTH.,#11688);
#11688 = SURFACE_SIDE_STYLE('',(#11689));
#11689 = SURFACE_STYLE_FILL_AREA(#11690);
#11690 = FILL_AREA_STYLE('',(#11691));
#11691 = FILL_AREA_STYLE_COLOUR('',#10886);
#11692 = STYLED_ITEM('color',(#11693),#6380);
#11693 = PRESENTATION_STYLE_ASSIGNMENT((#11694));
#11694 = SURFACE_STYLE_USAGE(.BOTH.,#11695);
#11695 = SURFACE_SIDE_STYLE('',(#11696));
#11696 = SURFACE_STYLE_FILL_AREA(#11697);
#11697 = FILL_AREA_STYLE('',(#11698));
#11698 = FILL_AREA_STYLE_COLOUR('',#10886);
#11699 = STYLED_ITEM('color',(#11700),#6397);
#11700 = PRESENTATION_STYLE_ASSIGNMENT((#11701));
#11701 = SURFACE_STYLE_USAGE(.BOTH.,#11702);
#11702 = SURFACE_SIDE_STYLE('',(#11703));
#11703 = SURFACE_STYLE_FILL_AREA(#11704);
#11704 = FILL_AREA_STYLE('',(#11705));
#11705 = FILL_AREA_STYLE_COLOUR('',#10886);
#11706 = STYLED_ITEM('color',(#11707),#6414);
#11707 = PRESENTATION_STYLE_ASSIGNMENT((#11708));
#11708 = SURFACE_STYLE_USAGE(.BOTH.,#11709);
#11709 = SURFACE_SIDE_STYLE('',(#11710));
#11710 = SURFACE_STYLE_FILL_AREA(#11711);
#11711 = FILL_AREA_STYLE('',(#11712));
#11712 = FILL_AREA_STYLE_COLOUR('',#10886);
#11713 = STYLED_ITEM('color',(#11714),#6431);
#11714 = PRESENTATION_STYLE_ASSIGNMENT((#11715));
#11715 = SURFACE_STYLE_USAGE(.BOTH.,#11716);
#11716 = SURFACE_SIDE_STYLE('',(#11717));
#11717 = SURFACE_STYLE_FILL_AREA(#11718);
#11718 = FILL_AREA_STYLE('',(#11719));
#11719 = FILL_AREA_STYLE_COLOUR('',#10886);
#11720 = STYLED_ITEM('color',(#11721),#6462);
#11721 = PRESENTATION_STYLE_ASSIGNMENT((#11722));
#11722 = SURFACE_STYLE_USAGE(.BOTH.,#11723);
#11723 = SURFACE_SIDE_STYLE('',(#11724));
#11724 = SURFACE_STYLE_FILL_AREA(#11725);
#11725 = FILL_AREA_STYLE('',(#11726));
#11726 = FILL_AREA_STYLE_COLOUR('',#10886);
#11727 = STYLED_ITEM('color',(#11728),#6493);
#11728 = PRESENTATION_STYLE_ASSIGNMENT((#11729));
#11729 = SURFACE_STYLE_USAGE(.BOTH.,#11730);
#11730 = SURFACE_SIDE_STYLE('',(#11731));
#11731 = SURFACE_STYLE_FILL_AREA(#11732);
#11732 = FILL_AREA_STYLE('',(#11733));
#11733 = FILL_AREA_STYLE_COLOUR('',#10886);
#11734 = STYLED_ITEM('color',(#11735),#6510);
#11735 = PRESENTATION_STYLE_ASSIGNMENT((#11736));
#11736 = SURFACE_STYLE_USAGE(.BOTH.,#11737);
#11737 = SURFACE_SIDE_STYLE('',(#11738));
#11738 = SURFACE_STYLE_FILL_AREA(#11739);
#11739 = FILL_AREA_STYLE('',(#11740));
#11740 = FILL_AREA_STYLE_COLOUR('',#10886);
#11741 = STYLED_ITEM('color',(#11742),#6527);
#11742 = PRESENTATION_STYLE_ASSIGNMENT((#11743));
#11743 = SURFACE_STYLE_USAGE(.BOTH.,#11744);
#11744 = SURFACE_SIDE_STYLE('',(#11745));
#11745 = SURFACE_STYLE_FILL_AREA(#11746);
#11746 = FILL_AREA_STYLE('',(#11747));
#11747 = FILL_AREA_STYLE_COLOUR('',#10886);
#11748 = STYLED_ITEM('color',(#11749),#6558);
#11749 = PRESENTATION_STYLE_ASSIGNMENT((#11750));
#11750 = SURFACE_STYLE_USAGE(.BOTH.,#11751);
#11751 = SURFACE_SIDE_STYLE('',(#11752));
#11752 = SURFACE_STYLE_FILL_AREA(#11753);
#11753 = FILL_AREA_STYLE('',(#11754));
#11754 = FILL_AREA_STYLE_COLOUR('',#10886);
#11755 = STYLED_ITEM('color',(#11756),#6575);
#11756 = PRESENTATION_STYLE_ASSIGNMENT((#11757));
#11757 = SURFACE_STYLE_USAGE(.BOTH.,#11758);
#11758 = SURFACE_SIDE_STYLE('',(#11759));
#11759 = SURFACE_STYLE_FILL_AREA(#11760);
#11760 = FILL_AREA_STYLE('',(#11761));
#11761 = FILL_AREA_STYLE_COLOUR('',#10886);
#11762 = STYLED_ITEM('color',(#11763),#6606);
#11763 = PRESENTATION_STYLE_ASSIGNMENT((#11764));
#11764 = SURFACE_STYLE_USAGE(.BOTH.,#11765);
#11765 = SURFACE_SIDE_STYLE('',(#11766));
#11766 = SURFACE_STYLE_FILL_AREA(#11767);
#11767 = FILL_AREA_STYLE('',(#11768));
#11768 = FILL_AREA_STYLE_COLOUR('',#10886);
#11769 = STYLED_ITEM('color',(#11770),#6623);
#11770 = PRESENTATION_STYLE_ASSIGNMENT((#11771));
#11771 = SURFACE_STYLE_USAGE(.BOTH.,#11772);
#11772 = SURFACE_SIDE_STYLE('',(#11773));
#11773 = SURFACE_STYLE_FILL_AREA(#11774);
#11774 = FILL_AREA_STYLE('',(#11775));
#11775 = FILL_AREA_STYLE_COLOUR('',#10886);
#11776 = STYLED_ITEM('color',(#11777),#6640);
#11777 = PRESENTATION_STYLE_ASSIGNMENT((#11778));
#11778 = SURFACE_STYLE_USAGE(.BOTH.,#11779);
#11779 = SURFACE_SIDE_STYLE('',(#11780));
#11780 = SURFACE_STYLE_FILL_AREA(#11781);
#11781 = FILL_AREA_STYLE('',(#11782));
#11782 = FILL_AREA_STYLE_COLOUR('',#10886);
#11783 = STYLED_ITEM('color',(#11784),#6671);
#11784 = PRESENTATION_STYLE_ASSIGNMENT((#11785));
#11785 = SURFACE_STYLE_USAGE(.BOTH.,#11786);
#11786 = SURFACE_SIDE_STYLE('',(#11787));
#11787 = SURFACE_STYLE_FILL_AREA(#11788);
#11788 = FILL_AREA_STYLE('',(#11789));
#11789 = FILL_AREA_STYLE_COLOUR('',#10886);
#11790 = STYLED_ITEM('color',(#11791),#6688);
#11791 = PRESENTATION_STYLE_ASSIGNMENT((#11792));
#11792 = SURFACE_STYLE_USAGE(.BOTH.,#11793);
#11793 = SURFACE_SIDE_STYLE('',(#11794));
#11794 = SURFACE_STYLE_FILL_AREA(#11795);
#11795 = FILL_AREA_STYLE('',(#11796));
#11796 = FILL_AREA_STYLE_COLOUR('',#10886);
#11797 = STYLED_ITEM('color',(#11798),#6719);
#11798 = PRESENTATION_STYLE_ASSIGNMENT((#11799));
#11799 = SURFACE_STYLE_USAGE(.BOTH.,#11800);
#11800 = SURFACE_SIDE_STYLE('',(#11801));
#11801 = SURFACE_STYLE_FILL_AREA(#11802);
#11802 = FILL_AREA_STYLE('',(#11803));
#11803 = FILL_AREA_STYLE_COLOUR('',#10886);
#11804 = STYLED_ITEM('color',(#11805),#6736);
#11805 = PRESENTATION_STYLE_ASSIGNMENT((#11806));
#11806 = SURFACE_STYLE_USAGE(.BOTH.,#11807);
#11807 = SURFACE_SIDE_STYLE('',(#11808));
#11808 = SURFACE_STYLE_FILL_AREA(#11809);
#11809 = FILL_AREA_STYLE('',(#11810));
#11810 = FILL_AREA_STYLE_COLOUR('',#10886);
#11811 = STYLED_ITEM('color',(#11812),#6753);
#11812 = PRESENTATION_STYLE_ASSIGNMENT((#11813));
#11813 = SURFACE_STYLE_USAGE(.BOTH.,#11814);
#11814 = SURFACE_SIDE_STYLE('',(#11815));
#11815 = SURFACE_STYLE_FILL_AREA(#11816);
#11816 = FILL_AREA_STYLE('',(#11817));
#11817 = FILL_AREA_STYLE_COLOUR('',#10886);
#11818 = STYLED_ITEM('color',(#11819),#6784);
#11819 = PRESENTATION_STYLE_ASSIGNMENT((#11820));
#11820 = SURFACE_STYLE_USAGE(.BOTH.,#11821);
#11821 = SURFACE_SIDE_STYLE('',(#11822));
#11822 = SURFACE_STYLE_FILL_AREA(#11823);
#11823 = FILL_AREA_STYLE('',(#11824));
#11824 = FILL_AREA_STYLE_COLOUR('',#10886);
#11825 = STYLED_ITEM('color',(#11826),#6801);
#11826 = PRESENTATION_STYLE_ASSIGNMENT((#11827));
#11827 = SURFACE_STYLE_USAGE(.BOTH.,#11828);
#11828 = SURFACE_SIDE_STYLE('',(#11829));
#11829 = SURFACE_STYLE_FILL_AREA(#11830);
#11830 = FILL_AREA_STYLE('',(#11831));
#11831 = FILL_AREA_STYLE_COLOUR('',#10886);
#11832 = STYLED_ITEM('color',(#11833),#6832);
#11833 = PRESENTATION_STYLE_ASSIGNMENT((#11834));
#11834 = SURFACE_STYLE_USAGE(.BOTH.,#11835);
#11835 = SURFACE_SIDE_STYLE('',(#11836));
#11836 = SURFACE_STYLE_FILL_AREA(#11837);
#11837 = FILL_AREA_STYLE('',(#11838));
#11838 = FILL_AREA_STYLE_COLOUR('',#10886);
#11839 = STYLED_ITEM('color',(#11840),#6849);
#11840 = PRESENTATION_STYLE_ASSIGNMENT((#11841));
#11841 = SURFACE_STYLE_USAGE(.BOTH.,#11842);
#11842 = SURFACE_SIDE_STYLE('',(#11843));
#11843 = SURFACE_STYLE_FILL_AREA(#11844);
#11844 = FILL_AREA_STYLE('',(#11845));
#11845 = FILL_AREA_STYLE_COLOUR('',#10886);
#11846 = STYLED_ITEM('color',(#11847),#6866);
#11847 = PRESENTATION_STYLE_ASSIGNMENT((#11848));
#11848 = SURFACE_STYLE_USAGE(.BOTH.,#11849);
#11849 = SURFACE_SIDE_STYLE('',(#11850));
#11850 = SURFACE_STYLE_FILL_AREA(#11851);
#11851 = FILL_AREA_STYLE('',(#11852));
#11852 = FILL_AREA_STYLE_COLOUR('',#10886);
#11853 = STYLED_ITEM('color',(#11854),#6897);
#11854 = PRESENTATION_STYLE_ASSIGNMENT((#11855));
#11855 = SURFACE_STYLE_USAGE(.BOTH.,#11856);
#11856 = SURFACE_SIDE_STYLE('',(#11857));
#11857 = SURFACE_STYLE_FILL_AREA(#11858);
#11858 = FILL_AREA_STYLE('',(#11859));
#11859 = FILL_AREA_STYLE_COLOUR('',#10886);
#11860 = STYLED_ITEM('color',(#11861),#6914);
#11861 = PRESENTATION_STYLE_ASSIGNMENT((#11862));
#11862 = SURFACE_STYLE_USAGE(.BOTH.,#11863);
#11863 = SURFACE_SIDE_STYLE('',(#11864));
#11864 = SURFACE_STYLE_FILL_AREA(#11865);
#11865 = FILL_AREA_STYLE('',(#11866));
#11866 = FILL_AREA_STYLE_COLOUR('',#10886);
#11867 = STYLED_ITEM('color',(#11868),#6945);
#11868 = PRESENTATION_STYLE_ASSIGNMENT((#11869));
#11869 = SURFACE_STYLE_USAGE(.BOTH.,#11870);
#11870 = SURFACE_SIDE_STYLE('',(#11871));
#11871 = SURFACE_STYLE_FILL_AREA(#11872);
#11872 = FILL_AREA_STYLE('',(#11873));
#11873 = FILL_AREA_STYLE_COLOUR('',#10886);
#11874 = STYLED_ITEM('color',(#11875),#6962);
#11875 = PRESENTATION_STYLE_ASSIGNMENT((#11876));
#11876 = SURFACE_STYLE_USAGE(.BOTH.,#11877);
#11877 = SURFACE_SIDE_STYLE('',(#11878));
#11878 = SURFACE_STYLE_FILL_AREA(#11879);
#11879 = FILL_AREA_STYLE('',(#11880));
#11880 = FILL_AREA_STYLE_COLOUR('',#10886);
#11881 = STYLED_ITEM('color',(#11882),#6979);
#11882 = PRESENTATION_STYLE_ASSIGNMENT((#11883));
#11883 = SURFACE_STYLE_USAGE(.BOTH.,#11884);
#11884 = SURFACE_SIDE_STYLE('',(#11885));
#11885 = SURFACE_STYLE_FILL_AREA(#11886);
#11886 = FILL_AREA_STYLE('',(#11887));
#11887 = FILL_AREA_STYLE_COLOUR('',#10886);
#11888 = STYLED_ITEM('color',(#11889),#7010);
#11889 = PRESENTATION_STYLE_ASSIGNMENT((#11890));
#11890 = SURFACE_STYLE_USAGE(.BOTH.,#11891);
#11891 = SURFACE_SIDE_STYLE('',(#11892));
#11892 = SURFACE_STYLE_FILL_AREA(#11893);
#11893 = FILL_AREA_STYLE('',(#11894));
#11894 = FILL_AREA_STYLE_COLOUR('',#10886);
#11895 = STYLED_ITEM('color',(#11896),#7027);
#11896 = PRESENTATION_STYLE_ASSIGNMENT((#11897));
#11897 = SURFACE_STYLE_USAGE(.BOTH.,#11898);
#11898 = SURFACE_SIDE_STYLE('',(#11899));
#11899 = SURFACE_STYLE_FILL_AREA(#11900);
#11900 = FILL_AREA_STYLE('',(#11901));
#11901 = FILL_AREA_STYLE_COLOUR('',#10886);
#11902 = STYLED_ITEM('color',(#11903),#7058);
#11903 = PRESENTATION_STYLE_ASSIGNMENT((#11904));
#11904 = SURFACE_STYLE_USAGE(.BOTH.,#11905);
#11905 = SURFACE_SIDE_STYLE('',(#11906));
#11906 = SURFACE_STYLE_FILL_AREA(#11907);
#11907 = FILL_AREA_STYLE('',(#11908));
#11908 = FILL_AREA_STYLE_COLOUR('',#10886);
#11909 = STYLED_ITEM('color',(#11910),#7075);
#11910 = PRESENTATION_STYLE_ASSIGNMENT((#11911));
#11911 = SURFACE_STYLE_USAGE(.BOTH.,#11912);
#11912 = SURFACE_SIDE_STYLE('',(#11913));
#11913 = SURFACE_STYLE_FILL_AREA(#11914);
#11914 = FILL_AREA_STYLE('',(#11915));
#11915 = FILL_AREA_STYLE_COLOUR('',#10886);
#11916 = STYLED_ITEM('color',(#11917),#7092);
#11917 = PRESENTATION_STYLE_ASSIGNMENT((#11918));
#11918 = SURFACE_STYLE_USAGE(.BOTH.,#11919);
#11919 = SURFACE_SIDE_STYLE('',(#11920));
#11920 = SURFACE_STYLE_FILL_AREA(#11921);
#11921 = FILL_AREA_STYLE('',(#11922));
#11922 = FILL_AREA_STYLE_COLOUR('',#10886);
#11923 = STYLED_ITEM('color',(#11924),#7123);
#11924 = PRESENTATION_STYLE_ASSIGNMENT((#11925));
#11925 = SURFACE_STYLE_USAGE(.BOTH.,#11926);
#11926 = SURFACE_SIDE_STYLE('',(#11927));
#11927 = SURFACE_STYLE_FILL_AREA(#11928);
#11928 = FILL_AREA_STYLE('',(#11929));
#11929 = FILL_AREA_STYLE_COLOUR('',#10886);
#11930 = STYLED_ITEM('color',(#11931),#7140);
#11931 = PRESENTATION_STYLE_ASSIGNMENT((#11932));
#11932 = SURFACE_STYLE_USAGE(.BOTH.,#11933);
#11933 = SURFACE_SIDE_STYLE('',(#11934));
#11934 = SURFACE_STYLE_FILL_AREA(#11935);
#11935 = FILL_AREA_STYLE('',(#11936));
#11936 = FILL_AREA_STYLE_COLOUR('',#10886);
#11937 = STYLED_ITEM('color',(#11938),#7171);
#11938 = PRESENTATION_STYLE_ASSIGNMENT((#11939));
#11939 = SURFACE_STYLE_USAGE(.BOTH.,#11940);
#11940 = SURFACE_SIDE_STYLE('',(#11941));
#11941 = SURFACE_STYLE_FILL_AREA(#11942);
#11942 = FILL_AREA_STYLE('',(#11943));
#11943 = FILL_AREA_STYLE_COLOUR('',#10886);
#11944 = STYLED_ITEM('color',(#11945),#7188);
#11945 = PRESENTATION_STYLE_ASSIGNMENT((#11946));
#11946 = SURFACE_STYLE_USAGE(.BOTH.,#11947);
#11947 = SURFACE_SIDE_STYLE('',(#11948));
#11948 = SURFACE_STYLE_FILL_AREA(#11949);
#11949 = FILL_AREA_STYLE('',(#11950));
#11950 = FILL_AREA_STYLE_COLOUR('',#10886);
#11951 = STYLED_ITEM('color',(#11952),#7205);
#11952 = PRESENTATION_STYLE_ASSIGNMENT((#11953));
#11953 = SURFACE_STYLE_USAGE(.BOTH.,#11954);
#11954 = SURFACE_SIDE_STYLE('',(#11955));
#11955 = SURFACE_STYLE_FILL_AREA(#11956);
#11956 = FILL_AREA_STYLE('',(#11957));
#11957 = FILL_AREA_STYLE_COLOUR('',#10886);
#11958 = STYLED_ITEM('color',(#11959),#7236);
#11959 = PRESENTATION_STYLE_ASSIGNMENT((#11960));
#11960 = SURFACE_STYLE_USAGE(.BOTH.,#11961);
#11961 = SURFACE_SIDE_STYLE('',(#11962));
#11962 = SURFACE_STYLE_FILL_AREA(#11963);
#11963 = FILL_AREA_STYLE('',(#11964));
#11964 = FILL_AREA_STYLE_COLOUR('',#10886);
#11965 = STYLED_ITEM('color',(#11966),#7253);
#11966 = PRESENTATION_STYLE_ASSIGNMENT((#11967));
#11967 = SURFACE_STYLE_USAGE(.BOTH.,#11968);
#11968 = SURFACE_SIDE_STYLE('',(#11969));
#11969 = SURFACE_STYLE_FILL_AREA(#11970);
#11970 = FILL_AREA_STYLE('',(#11971));
#11971 = FILL_AREA_STYLE_COLOUR('',#10886);
#11972 = STYLED_ITEM('color',(#11973),#7284);
#11973 = PRESENTATION_STYLE_ASSIGNMENT((#11974));
#11974 = SURFACE_STYLE_USAGE(.BOTH.,#11975);
#11975 = SURFACE_SIDE_STYLE('',(#11976));
#11976 = SURFACE_STYLE_FILL_AREA(#11977);
#11977 = FILL_AREA_STYLE('',(#11978));
#11978 = FILL_AREA_STYLE_COLOUR('',#10886);
#11979 = STYLED_ITEM('color',(#11980),#7315);
#11980 = PRESENTATION_STYLE_ASSIGNMENT((#11981));
#11981 = SURFACE_STYLE_USAGE(.BOTH.,#11982);
#11982 = SURFACE_SIDE_STYLE('',(#11983));
#11983 = SURFACE_STYLE_FILL_AREA(#11984);
#11984 = FILL_AREA_STYLE('',(#11985));
#11985 = FILL_AREA_STYLE_COLOUR('',#10886);
#11986 = STYLED_ITEM('color',(#11987),#7339);
#11987 = PRESENTATION_STYLE_ASSIGNMENT((#11988));
#11988 = SURFACE_STYLE_USAGE(.BOTH.,#11989);
#11989 = SURFACE_SIDE_STYLE('',(#11990));
#11990 = SURFACE_STYLE_FILL_AREA(#11991);
#11991 = FILL_AREA_STYLE('',(#11992));
#11992 = FILL_AREA_STYLE_COLOUR('',#10886);
#11993 = STYLED_ITEM('color',(#11994),#7363);
#11994 = PRESENTATION_STYLE_ASSIGNMENT((#11995));
#11995 = SURFACE_STYLE_USAGE(.BOTH.,#11996);
#11996 = SURFACE_SIDE_STYLE('',(#11997));
#11997 = SURFACE_STYLE_FILL_AREA(#11998);
#11998 = FILL_AREA_STYLE('',(#11999));
#11999 = FILL_AREA_STYLE_COLOUR('',#10886);
#12000 = STYLED_ITEM('color',(#12001),#7380);
#12001 = PRESENTATION_STYLE_ASSIGNMENT((#12002));
#12002 = SURFACE_STYLE_USAGE(.BOTH.,#12003);
#12003 = SURFACE_SIDE_STYLE('',(#12004));
#12004 = SURFACE_STYLE_FILL_AREA(#12005);
#12005 = FILL_AREA_STYLE('',(#12006));
#12006 = FILL_AREA_STYLE_COLOUR('',#10886);
#12007 = STYLED_ITEM('color',(#12008),#7411);
#12008 = PRESENTATION_STYLE_ASSIGNMENT((#12009));
#12009 = SURFACE_STYLE_USAGE(.BOTH.,#12010);
#12010 = SURFACE_SIDE_STYLE('',(#12011));
#12011 = SURFACE_STYLE_FILL_AREA(#12012);
#12012 = FILL_AREA_STYLE('',(#12013));
#12013 = FILL_AREA_STYLE_COLOUR('',#10886);
#12014 = STYLED_ITEM('color',(#12015),#7435);
#12015 = PRESENTATION_STYLE_ASSIGNMENT((#12016));
#12016 = SURFACE_STYLE_USAGE(.BOTH.,#12017);
#12017 = SURFACE_SIDE_STYLE('',(#12018));
#12018 = SURFACE_STYLE_FILL_AREA(#12019);
#12019 = FILL_AREA_STYLE('',(#12020));
#12020 = FILL_AREA_STYLE_COLOUR('',#10886);
#12021 = STYLED_ITEM('color',(#12022),#7459);
#12022 = PRESENTATION_STYLE_ASSIGNMENT((#12023));
#12023 = SURFACE_STYLE_USAGE(.BOTH.,#12024);
#12024 = SURFACE_SIDE_STYLE('',(#12025));
#12025 = SURFACE_STYLE_FILL_AREA(#12026);
#12026 = FILL_AREA_STYLE('',(#12027));
#12027 = FILL_AREA_STYLE_COLOUR('',#10886);
#12028 = STYLED_ITEM('color',(#12029),#7476);
#12029 = PRESENTATION_STYLE_ASSIGNMENT((#12030));
#12030 = SURFACE_STYLE_USAGE(.BOTH.,#12031);
#12031 = SURFACE_SIDE_STYLE('',(#12032));
#12032 = SURFACE_STYLE_FILL_AREA(#12033);
#12033 = FILL_AREA_STYLE('',(#12034));
#12034 = FILL_AREA_STYLE_COLOUR('',#10886);
#12035 = STYLED_ITEM('color',(#12036),#7507);
#12036 = PRESENTATION_STYLE_ASSIGNMENT((#12037));
#12037 = SURFACE_STYLE_USAGE(.BOTH.,#12038);
#12038 = SURFACE_SIDE_STYLE('',(#12039));
#12039 = SURFACE_STYLE_FILL_AREA(#12040);
#12040 = FILL_AREA_STYLE('',(#12041));
#12041 = FILL_AREA_STYLE_COLOUR('',#10886);
#12042 = STYLED_ITEM('color',(#12043),#7531);
#12043 = PRESENTATION_STYLE_ASSIGNMENT((#12044));
#12044 = SURFACE_STYLE_USAGE(.BOTH.,#12045);
#12045 = SURFACE_SIDE_STYLE('',(#12046));
#12046 = SURFACE_STYLE_FILL_AREA(#12047);
#12047 = FILL_AREA_STYLE('',(#12048));
#12048 = FILL_AREA_STYLE_COLOUR('',#10886);
#12049 = STYLED_ITEM('color',(#12050),#7555);
#12050 = PRESENTATION_STYLE_ASSIGNMENT((#12051));
#12051 = SURFACE_STYLE_USAGE(.BOTH.,#12052);
#12052 = SURFACE_SIDE_STYLE('',(#12053));
#12053 = SURFACE_STYLE_FILL_AREA(#12054);
#12054 = FILL_AREA_STYLE('',(#12055));
#12055 = FILL_AREA_STYLE_COLOUR('',#10886);
#12056 = STYLED_ITEM('color',(#12057),#7572);
#12057 = PRESENTATION_STYLE_ASSIGNMENT((#12058));
#12058 = SURFACE_STYLE_USAGE(.BOTH.,#12059);
#12059 = SURFACE_SIDE_STYLE('',(#12060));
#12060 = SURFACE_STYLE_FILL_AREA(#12061);
#12061 = FILL_AREA_STYLE('',(#12062));
#12062 = FILL_AREA_STYLE_COLOUR('',#10886);
#12063 = STYLED_ITEM('color',(#12064),#7603);
#12064 = PRESENTATION_STYLE_ASSIGNMENT((#12065));
#12065 = SURFACE_STYLE_USAGE(.BOTH.,#12066);
#12066 = SURFACE_SIDE_STYLE('',(#12067));
#12067 = SURFACE_STYLE_FILL_AREA(#12068);
#12068 = FILL_AREA_STYLE('',(#12069));
#12069 = FILL_AREA_STYLE_COLOUR('',#10886);
#12070 = STYLED_ITEM('color',(#12071),#7627);
#12071 = PRESENTATION_STYLE_ASSIGNMENT((#12072));
#12072 = SURFACE_STYLE_USAGE(.BOTH.,#12073);
#12073 = SURFACE_SIDE_STYLE('',(#12074));
#12074 = SURFACE_STYLE_FILL_AREA(#12075);
#12075 = FILL_AREA_STYLE('',(#12076));
#12076 = FILL_AREA_STYLE_COLOUR('',#10886);
#12077 = STYLED_ITEM('color',(#12078),#7651);
#12078 = PRESENTATION_STYLE_ASSIGNMENT((#12079));
#12079 = SURFACE_STYLE_USAGE(.BOTH.,#12080);
#12080 = SURFACE_SIDE_STYLE('',(#12081));
#12081 = SURFACE_STYLE_FILL_AREA(#12082);
#12082 = FILL_AREA_STYLE('',(#12083));
#12083 = FILL_AREA_STYLE_COLOUR('',#10886);
#12084 = STYLED_ITEM('color',(#12085),#7668);
#12085 = PRESENTATION_STYLE_ASSIGNMENT((#12086));
#12086 = SURFACE_STYLE_USAGE(.BOTH.,#12087);
#12087 = SURFACE_SIDE_STYLE('',(#12088));
#12088 = SURFACE_STYLE_FILL_AREA(#12089);
#12089 = FILL_AREA_STYLE('',(#12090));
#12090 = FILL_AREA_STYLE_COLOUR('',#10886);
#12091 = STYLED_ITEM('color',(#12092),#7699);
#12092 = PRESENTATION_STYLE_ASSIGNMENT((#12093));
#12093 = SURFACE_STYLE_USAGE(.BOTH.,#12094);
#12094 = SURFACE_SIDE_STYLE('',(#12095));
#12095 = SURFACE_STYLE_FILL_AREA(#12096);
#12096 = FILL_AREA_STYLE('',(#12097));
#12097 = FILL_AREA_STYLE_COLOUR('',#10886);
#12098 = STYLED_ITEM('color',(#12099),#7723);
#12099 = PRESENTATION_STYLE_ASSIGNMENT((#12100));
#12100 = SURFACE_STYLE_USAGE(.BOTH.,#12101);
#12101 = SURFACE_SIDE_STYLE('',(#12102));
#12102 = SURFACE_STYLE_FILL_AREA(#12103);
#12103 = FILL_AREA_STYLE('',(#12104));
#12104 = FILL_AREA_STYLE_COLOUR('',#10886);
#12105 = STYLED_ITEM('color',(#12106),#7747);
#12106 = PRESENTATION_STYLE_ASSIGNMENT((#12107));
#12107 = SURFACE_STYLE_USAGE(.BOTH.,#12108);
#12108 = SURFACE_SIDE_STYLE('',(#12109));
#12109 = SURFACE_STYLE_FILL_AREA(#12110);
#12110 = FILL_AREA_STYLE('',(#12111));
#12111 = FILL_AREA_STYLE_COLOUR('',#10886);
#12112 = STYLED_ITEM('color',(#12113),#7764);
#12113 = PRESENTATION_STYLE_ASSIGNMENT((#12114));
#12114 = SURFACE_STYLE_USAGE(.BOTH.,#12115);
#12115 = SURFACE_SIDE_STYLE('',(#12116));
#12116 = SURFACE_STYLE_FILL_AREA(#12117);
#12117 = FILL_AREA_STYLE('',(#12118));
#12118 = FILL_AREA_STYLE_COLOUR('',#10886);
#12119 = STYLED_ITEM('color',(#12120),#7795);
#12120 = PRESENTATION_STYLE_ASSIGNMENT((#12121));
#12121 = SURFACE_STYLE_USAGE(.BOTH.,#12122);
#12122 = SURFACE_SIDE_STYLE('',(#12123));
#12123 = SURFACE_STYLE_FILL_AREA(#12124);
#12124 = FILL_AREA_STYLE('',(#12125));
#12125 = FILL_AREA_STYLE_COLOUR('',#10886);
#12126 = STYLED_ITEM('color',(#12127),#7819);
#12127 = PRESENTATION_STYLE_ASSIGNMENT((#12128));
#12128 = SURFACE_STYLE_USAGE(.BOTH.,#12129);
#12129 = SURFACE_SIDE_STYLE('',(#12130));
#12130 = SURFACE_STYLE_FILL_AREA(#12131);
#12131 = FILL_AREA_STYLE('',(#12132));
#12132 = FILL_AREA_STYLE_COLOUR('',#10886);
#12133 = STYLED_ITEM('color',(#12134),#7843);
#12134 = PRESENTATION_STYLE_ASSIGNMENT((#12135));
#12135 = SURFACE_STYLE_USAGE(.BOTH.,#12136);
#12136 = SURFACE_SIDE_STYLE('',(#12137));
#12137 = SURFACE_STYLE_FILL_AREA(#12138);
#12138 = FILL_AREA_STYLE('',(#12139));
#12139 = FILL_AREA_STYLE_COLOUR('',#10886);
#12140 = STYLED_ITEM('color',(#12141),#7860);
#12141 = PRESENTATION_STYLE_ASSIGNMENT((#12142));
#12142 = SURFACE_STYLE_USAGE(.BOTH.,#12143);
#12143 = SURFACE_SIDE_STYLE('',(#12144));
#12144 = SURFACE_STYLE_FILL_AREA(#12145);
#12145 = FILL_AREA_STYLE('',(#12146));
#12146 = FILL_AREA_STYLE_COLOUR('',#10886);
#12147 = STYLED_ITEM('color',(#12148),#7891);
#12148 = PRESENTATION_STYLE_ASSIGNMENT((#12149));
#12149 = SURFACE_STYLE_USAGE(.BOTH.,#12150);
#12150 = SURFACE_SIDE_STYLE('',(#12151));
#12151 = SURFACE_STYLE_FILL_AREA(#12152);
#12152 = FILL_AREA_STYLE('',(#12153));
#12153 = FILL_AREA_STYLE_COLOUR('',#10886);
#12154 = STYLED_ITEM('color',(#12155),#7915);
#12155 = PRESENTATION_STYLE_ASSIGNMENT((#12156));
#12156 = SURFACE_STYLE_USAGE(.BOTH.,#12157);
#12157 = SURFACE_SIDE_STYLE('',(#12158));
#12158 = SURFACE_STYLE_FILL_AREA(#12159);
#12159 = FILL_AREA_STYLE('',(#12160));
#12160 = FILL_AREA_STYLE_COLOUR('',#10886);
#12161 = STYLED_ITEM('color',(#12162),#7939);
#12162 = PRESENTATION_STYLE_ASSIGNMENT((#12163));
#12163 = SURFACE_STYLE_USAGE(.BOTH.,#12164);
#12164 = SURFACE_SIDE_STYLE('',(#12165));
#12165 = SURFACE_STYLE_FILL_AREA(#12166);
#12166 = FILL_AREA_STYLE('',(#12167));
#12167 = FILL_AREA_STYLE_COLOUR('',#10886);
#12168 = STYLED_ITEM('color',(#12169),#7956);
#12169 = PRESENTATION_STYLE_ASSIGNMENT((#12170));
#12170 = SURFACE_STYLE_USAGE(.BOTH.,#12171);
#12171 = SURFACE_SIDE_STYLE('',(#12172));
#12172 = SURFACE_STYLE_FILL_AREA(#12173);
#12173 = FILL_AREA_STYLE('',(#12174));
#12174 = FILL_AREA_STYLE_COLOUR('',#10886);
#12175 = STYLED_ITEM('color',(#12176),#7987);
#12176 = PRESENTATION_STYLE_ASSIGNMENT((#12177));
#12177 = SURFACE_STYLE_USAGE(.BOTH.,#12178);
#12178 = SURFACE_SIDE_STYLE('',(#12179));
#12179 = SURFACE_STYLE_FILL_AREA(#12180);
#12180 = FILL_AREA_STYLE('',(#12181));
#12181 = FILL_AREA_STYLE_COLOUR('',#10886);
#12182 = STYLED_ITEM('color',(#12183),#8011);
#12183 = PRESENTATION_STYLE_ASSIGNMENT((#12184));
#12184 = SURFACE_STYLE_USAGE(.BOTH.,#12185);
#12185 = SURFACE_SIDE_STYLE('',(#12186));
#12186 = SURFACE_STYLE_FILL_AREA(#12187);
#12187 = FILL_AREA_STYLE('',(#12188));
#12188 = FILL_AREA_STYLE_COLOUR('',#10886);
#12189 = STYLED_ITEM('color',(#12190),#8035);
#12190 = PRESENTATION_STYLE_ASSIGNMENT((#12191));
#12191 = SURFACE_STYLE_USAGE(.BOTH.,#12192);
#12192 = SURFACE_SIDE_STYLE('',(#12193));
#12193 = SURFACE_STYLE_FILL_AREA(#12194);
#12194 = FILL_AREA_STYLE('',(#12195));
#12195 = FILL_AREA_STYLE_COLOUR('',#10886);
#12196 = STYLED_ITEM('color',(#12197),#8052);
#12197 = PRESENTATION_STYLE_ASSIGNMENT((#12198));
#12198 = SURFACE_STYLE_USAGE(.BOTH.,#12199);
#12199 = SURFACE_SIDE_STYLE('',(#12200));
#12200 = SURFACE_STYLE_FILL_AREA(#12201);
#12201 = FILL_AREA_STYLE('',(#12202));
#12202 = FILL_AREA_STYLE_COLOUR('',#10886);
#12203 = STYLED_ITEM('color',(#12204),#8083);
#12204 = PRESENTATION_STYLE_ASSIGNMENT((#12205));
#12205 = SURFACE_STYLE_USAGE(.BOTH.,#12206);
#12206 = SURFACE_SIDE_STYLE('',(#12207));
#12207 = SURFACE_STYLE_FILL_AREA(#12208);
#12208 = FILL_AREA_STYLE('',(#12209));
#12209 = FILL_AREA_STYLE_COLOUR('',#10886);
#12210 = STYLED_ITEM('color',(#12211),#8107);
#12211 = PRESENTATION_STYLE_ASSIGNMENT((#12212));
#12212 = SURFACE_STYLE_USAGE(.BOTH.,#12213);
#12213 = SURFACE_SIDE_STYLE('',(#12214));
#12214 = SURFACE_STYLE_FILL_AREA(#12215);
#12215 = FILL_AREA_STYLE('',(#12216));
#12216 = FILL_AREA_STYLE_COLOUR('',#10886);
#12217 = STYLED_ITEM('color',(#12218),#8131);
#12218 = PRESENTATION_STYLE_ASSIGNMENT((#12219));
#12219 = SURFACE_STYLE_USAGE(.BOTH.,#12220);
#12220 = SURFACE_SIDE_STYLE('',(#12221));
#12221 = SURFACE_STYLE_FILL_AREA(#12222);
#12222 = FILL_AREA_STYLE('',(#12223));
#12223 = FILL_AREA_STYLE_COLOUR('',#10886);
#12224 = STYLED_ITEM('color',(#12225),#8148);
#12225 = PRESENTATION_STYLE_ASSIGNMENT((#12226));
#12226 = SURFACE_STYLE_USAGE(.BOTH.,#12227);
#12227 = SURFACE_SIDE_STYLE('',(#12228));
#12228 = SURFACE_STYLE_FILL_AREA(#12229);
#12229 = FILL_AREA_STYLE('',(#12230));
#12230 = FILL_AREA_STYLE_COLOUR('',#10886);
#12231 = STYLED_ITEM('color',(#12232),#8179);
#12232 = PRESENTATION_STYLE_ASSIGNMENT((#12233));
#12233 = SURFACE_STYLE_USAGE(.BOTH.,#12234);
#12234 = SURFACE_SIDE_STYLE('',(#12235));
#12235 = SURFACE_STYLE_FILL_AREA(#12236);
#12236 = FILL_AREA_STYLE('',(#12237));
#12237 = FILL_AREA_STYLE_COLOUR('',#10886);
#12238 = STYLED_ITEM('color',(#12239),#8203);
#12239 = PRESENTATION_STYLE_ASSIGNMENT((#12240));
#12240 = SURFACE_STYLE_USAGE(.BOTH.,#12241);
#12241 = SURFACE_SIDE_STYLE('',(#12242));
#12242 = SURFACE_STYLE_FILL_AREA(#12243);
#12243 = FILL_AREA_STYLE('',(#12244));
#12244 = FILL_AREA_STYLE_COLOUR('',#10886);
#12245 = STYLED_ITEM('color',(#12246),#8227);
#12246 = PRESENTATION_STYLE_ASSIGNMENT((#12247));
#12247 = SURFACE_STYLE_USAGE(.BOTH.,#12248);
#12248 = SURFACE_SIDE_STYLE('',(#12249));
#12249 = SURFACE_STYLE_FILL_AREA(#12250);
#12250 = FILL_AREA_STYLE('',(#12251));
#12251 = FILL_AREA_STYLE_COLOUR('',#10886);
#12252 = STYLED_ITEM('color',(#12253),#8244);
#12253 = PRESENTATION_STYLE_ASSIGNMENT((#12254));
#12254 = SURFACE_STYLE_USAGE(.BOTH.,#12255);
#12255 = SURFACE_SIDE_STYLE('',(#12256));
#12256 = SURFACE_STYLE_FILL_AREA(#12257);
#12257 = FILL_AREA_STYLE('',(#12258));
#12258 = FILL_AREA_STYLE_COLOUR('',#10886);
#12259 = STYLED_ITEM('color',(#12260),#8275);
#12260 = PRESENTATION_STYLE_ASSIGNMENT((#12261));
#12261 = SURFACE_STYLE_USAGE(.BOTH.,#12262);
#12262 = SURFACE_SIDE_STYLE('',(#12263));
#12263 = SURFACE_STYLE_FILL_AREA(#12264);
#12264 = FILL_AREA_STYLE('',(#12265));
#12265 = FILL_AREA_STYLE_COLOUR('',#10886);
#12266 = STYLED_ITEM('color',(#12267),#8299);
#12267 = PRESENTATION_STYLE_ASSIGNMENT((#12268));
#12268 = SURFACE_STYLE_USAGE(.BOTH.,#12269);
#12269 = SURFACE_SIDE_STYLE('',(#12270));
#12270 = SURFACE_STYLE_FILL_AREA(#12271);
#12271 = FILL_AREA_STYLE('',(#12272));
#12272 = FILL_AREA_STYLE_COLOUR('',#10886);
#12273 = STYLED_ITEM('color',(#12274),#8323);
#12274 = PRESENTATION_STYLE_ASSIGNMENT((#12275));
#12275 = SURFACE_STYLE_USAGE(.BOTH.,#12276);
#12276 = SURFACE_SIDE_STYLE('',(#12277));
#12277 = SURFACE_STYLE_FILL_AREA(#12278);
#12278 = FILL_AREA_STYLE('',(#12279));
#12279 = FILL_AREA_STYLE_COLOUR('',#10886);
#12280 = STYLED_ITEM('color',(#12281),#8340);
#12281 = PRESENTATION_STYLE_ASSIGNMENT((#12282));
#12282 = SURFACE_STYLE_USAGE(.BOTH.,#12283);
#12283 = SURFACE_SIDE_STYLE('',(#12284));
#12284 = SURFACE_STYLE_FILL_AREA(#12285);
#12285 = FILL_AREA_STYLE('',(#12286));
#12286 = FILL_AREA_STYLE_COLOUR('',#10886);
#12287 = STYLED_ITEM('color',(#12288),#8371);
#12288 = PRESENTATION_STYLE_ASSIGNMENT((#12289));
#12289 = SURFACE_STYLE_USAGE(.BOTH.,#12290);
#12290 = SURFACE_SIDE_STYLE('',(#12291));
#12291 = SURFACE_STYLE_FILL_AREA(#12292);
#12292 = FILL_AREA_STYLE('',(#12293));
#12293 = FILL_AREA_STYLE_COLOUR('',#10886);
#12294 = STYLED_ITEM('color',(#12295),#8395);
#12295 = PRESENTATION_STYLE_ASSIGNMENT((#12296));
#12296 = SURFACE_STYLE_USAGE(.BOTH.,#12297);
#12297 = SURFACE_SIDE_STYLE('',(#12298));
#12298 = SURFACE_STYLE_FILL_AREA(#12299);
#12299 = FILL_AREA_STYLE('',(#12300));
#12300 = FILL_AREA_STYLE_COLOUR('',#10886);
#12301 = STYLED_ITEM('color',(#12302),#8419);
#12302 = PRESENTATION_STYLE_ASSIGNMENT((#12303));
#12303 = SURFACE_STYLE_USAGE(.BOTH.,#12304);
#12304 = SURFACE_SIDE_STYLE('',(#12305));
#12305 = SURFACE_STYLE_FILL_AREA(#12306);
#12306 = FILL_AREA_STYLE('',(#12307));
#12307 = FILL_AREA_STYLE_COLOUR('',#10886);
#12308 = STYLED_ITEM('color',(#12309),#8436);
#12309 = PRESENTATION_STYLE_ASSIGNMENT((#12310));
#12310 = SURFACE_STYLE_USAGE(.BOTH.,#12311);
#12311 = SURFACE_SIDE_STYLE('',(#12312));
#12312 = SURFACE_STYLE_FILL_AREA(#12313);
#12313 = FILL_AREA_STYLE('',(#12314));
#12314 = FILL_AREA_STYLE_COLOUR('',#10886);
#12315 = STYLED_ITEM('color',(#12316),#8453);
#12316 = PRESENTATION_STYLE_ASSIGNMENT((#12317));
#12317 = SURFACE_STYLE_USAGE(.BOTH.,#12318);
#12318 = SURFACE_SIDE_STYLE('',(#12319));
#12319 = SURFACE_STYLE_FILL_AREA(#12320);
#12320 = FILL_AREA_STYLE('',(#12321));
#12321 = FILL_AREA_STYLE_COLOUR('',#10886);
#12322 = STYLED_ITEM('color',(#12323),#8470);
#12323 = PRESENTATION_STYLE_ASSIGNMENT((#12324));
#12324 = SURFACE_STYLE_USAGE(.BOTH.,#12325);
#12325 = SURFACE_SIDE_STYLE('',(#12326));
#12326 = SURFACE_STYLE_FILL_AREA(#12327);
#12327 = FILL_AREA_STYLE('',(#12328));
#12328 = FILL_AREA_STYLE_COLOUR('',#10886);
#12329 = STYLED_ITEM('color',(#12330),#8482);
#12330 = PRESENTATION_STYLE_ASSIGNMENT((#12331));
#12331 = SURFACE_STYLE_USAGE(.BOTH.,#12332);
#12332 = SURFACE_SIDE_STYLE('',(#12333));
#12333 = SURFACE_STYLE_FILL_AREA(#12334);
#12334 = FILL_AREA_STYLE('',(#12335));
#12335 = FILL_AREA_STYLE_COLOUR('',#10886);
#12336 = STYLED_ITEM('color',(#12337),#8499);
#12337 = PRESENTATION_STYLE_ASSIGNMENT((#12338));
#12338 = SURFACE_STYLE_USAGE(.BOTH.,#12339);
#12339 = SURFACE_SIDE_STYLE('',(#12340));
#12340 = SURFACE_STYLE_FILL_AREA(#12341);
#12341 = FILL_AREA_STYLE('',(#12342));
#12342 = FILL_AREA_STYLE_COLOUR('',#10886);
#12343 = STYLED_ITEM('color',(#12344),#8516);
#12344 = PRESENTATION_STYLE_ASSIGNMENT((#12345));
#12345 = SURFACE_STYLE_USAGE(.BOTH.,#12346);
#12346 = SURFACE_SIDE_STYLE('',(#12347));
#12347 = SURFACE_STYLE_FILL_AREA(#12348);
#12348 = FILL_AREA_STYLE('',(#12349));
#12349 = FILL_AREA_STYLE_COLOUR('',#10886);
#12350 = STYLED_ITEM('color',(#12351),#8528);
#12351 = PRESENTATION_STYLE_ASSIGNMENT((#12352));
#12352 = SURFACE_STYLE_USAGE(.BOTH.,#12353);
#12353 = SURFACE_SIDE_STYLE('',(#12354));
#12354 = SURFACE_STYLE_FILL_AREA(#12355);
#12355 = FILL_AREA_STYLE('',(#12356));
#12356 = FILL_AREA_STYLE_COLOUR('',#10886);
#12357 = STYLED_ITEM('color',(#12358),#8545);
#12358 = PRESENTATION_STYLE_ASSIGNMENT((#12359));
#12359 = SURFACE_STYLE_USAGE(.BOTH.,#12360);
#12360 = SURFACE_SIDE_STYLE('',(#12361));
#12361 = SURFACE_STYLE_FILL_AREA(#12362);
#12362 = FILL_AREA_STYLE('',(#12363));
#12363 = FILL_AREA_STYLE_COLOUR('',#10886);
#12364 = STYLED_ITEM('color',(#12365),#8562);
#12365 = PRESENTATION_STYLE_ASSIGNMENT((#12366));
#12366 = SURFACE_STYLE_USAGE(.BOTH.,#12367);
#12367 = SURFACE_SIDE_STYLE('',(#12368));
#12368 = SURFACE_STYLE_FILL_AREA(#12369);
#12369 = FILL_AREA_STYLE('',(#12370));
#12370 = FILL_AREA_STYLE_COLOUR('',#10886);
#12371 = STYLED_ITEM('color',(#12372),#8574);
#12372 = PRESENTATION_STYLE_ASSIGNMENT((#12373));
#12373 = SURFACE_STYLE_USAGE(.BOTH.,#12374);
#12374 = SURFACE_SIDE_STYLE('',(#12375));
#12375 = SURFACE_STYLE_FILL_AREA(#12376);
#12376 = FILL_AREA_STYLE('',(#12377));
#12377 = FILL_AREA_STYLE_COLOUR('',#10886);
#12378 = STYLED_ITEM('color',(#12379),#8591);
#12379 = PRESENTATION_STYLE_ASSIGNMENT((#12380));
#12380 = SURFACE_STYLE_USAGE(.BOTH.,#12381);
#12381 = SURFACE_SIDE_STYLE('',(#12382));
#12382 = SURFACE_STYLE_FILL_AREA(#12383);
#12383 = FILL_AREA_STYLE('',(#12384));
#12384 = FILL_AREA_STYLE_COLOUR('',#10886);
#12385 = STYLED_ITEM('color',(#12386),#8608);
#12386 = PRESENTATION_STYLE_ASSIGNMENT((#12387));
#12387 = SURFACE_STYLE_USAGE(.BOTH.,#12388);
#12388 = SURFACE_SIDE_STYLE('',(#12389));
#12389 = SURFACE_STYLE_FILL_AREA(#12390);
#12390 = FILL_AREA_STYLE('',(#12391));
#12391 = FILL_AREA_STYLE_COLOUR('',#10886);
#12392 = STYLED_ITEM('color',(#12393),#8620);
#12393 = PRESENTATION_STYLE_ASSIGNMENT((#12394));
#12394 = SURFACE_STYLE_USAGE(.BOTH.,#12395);
#12395 = SURFACE_SIDE_STYLE('',(#12396));
#12396 = SURFACE_STYLE_FILL_AREA(#12397);
#12397 = FILL_AREA_STYLE('',(#12398));
#12398 = FILL_AREA_STYLE_COLOUR('',#10886);
#12399 = STYLED_ITEM('color',(#12400),#8637);
#12400 = PRESENTATION_STYLE_ASSIGNMENT((#12401));
#12401 = SURFACE_STYLE_USAGE(.BOTH.,#12402);
#12402 = SURFACE_SIDE_STYLE('',(#12403));
#12403 = SURFACE_STYLE_FILL_AREA(#12404);
#12404 = FILL_AREA_STYLE('',(#12405));
#12405 = FILL_AREA_STYLE_COLOUR('',#10886);
#12406 = STYLED_ITEM('color',(#12407),#8654);
#12407 = PRESENTATION_STYLE_ASSIGNMENT((#12408));
#12408 = SURFACE_STYLE_USAGE(.BOTH.,#12409);
#12409 = SURFACE_SIDE_STYLE('',(#12410));
#12410 = SURFACE_STYLE_FILL_AREA(#12411);
#12411 = FILL_AREA_STYLE('',(#12412));
#12412 = FILL_AREA_STYLE_COLOUR('',#10886);
#12413 = STYLED_ITEM('color',(#12414),#8666);
#12414 = PRESENTATION_STYLE_ASSIGNMENT((#12415));
#12415 = SURFACE_STYLE_USAGE(.BOTH.,#12416);
#12416 = SURFACE_SIDE_STYLE('',(#12417));
#12417 = SURFACE_STYLE_FILL_AREA(#12418);
#12418 = FILL_AREA_STYLE('',(#12419));
#12419 = FILL_AREA_STYLE_COLOUR('',#10886);
#12420 = STYLED_ITEM('color',(#12421),#8683);
#12421 = PRESENTATION_STYLE_ASSIGNMENT((#12422));
#12422 = SURFACE_STYLE_USAGE(.BOTH.,#12423);
#12423 = SURFACE_SIDE_STYLE('',(#12424));
#12424 = SURFACE_STYLE_FILL_AREA(#12425);
#12425 = FILL_AREA_STYLE('',(#12426));
#12426 = FILL_AREA_STYLE_COLOUR('',#10886);
#12427 = STYLED_ITEM('color',(#12428),#8700);
#12428 = PRESENTATION_STYLE_ASSIGNMENT((#12429));
#12429 = SURFACE_STYLE_USAGE(.BOTH.,#12430);
#12430 = SURFACE_SIDE_STYLE('',(#12431));
#12431 = SURFACE_STYLE_FILL_AREA(#12432);
#12432 = FILL_AREA_STYLE('',(#12433));
#12433 = FILL_AREA_STYLE_COLOUR('',#10886);
#12434 = STYLED_ITEM('color',(#12435),#8712);
#12435 = PRESENTATION_STYLE_ASSIGNMENT((#12436));
#12436 = SURFACE_STYLE_USAGE(.BOTH.,#12437);
#12437 = SURFACE_SIDE_STYLE('',(#12438));
#12438 = SURFACE_STYLE_FILL_AREA(#12439);
#12439 = FILL_AREA_STYLE('',(#12440));
#12440 = FILL_AREA_STYLE_COLOUR('',#10886);
#12441 = STYLED_ITEM('color',(#12442),#8729);
#12442 = PRESENTATION_STYLE_ASSIGNMENT((#12443));
#12443 = SURFACE_STYLE_USAGE(.BOTH.,#12444);
#12444 = SURFACE_SIDE_STYLE('',(#12445));
#12445 = SURFACE_STYLE_FILL_AREA(#12446);
#12446 = FILL_AREA_STYLE('',(#12447));
#12447 = FILL_AREA_STYLE_COLOUR('',#10886);
#12448 = STYLED_ITEM('color',(#12449),#8746);
#12449 = PRESENTATION_STYLE_ASSIGNMENT((#12450));
#12450 = SURFACE_STYLE_USAGE(.BOTH.,#12451);
#12451 = SURFACE_SIDE_STYLE('',(#12452));
#12452 = SURFACE_STYLE_FILL_AREA(#12453);
#12453 = FILL_AREA_STYLE('',(#12454));
#12454 = FILL_AREA_STYLE_COLOUR('',#10886);
#12455 = STYLED_ITEM('color',(#12456),#8758);
#12456 = PRESENTATION_STYLE_ASSIGNMENT((#12457));
#12457 = SURFACE_STYLE_USAGE(.BOTH.,#12458);
#12458 = SURFACE_SIDE_STYLE('',(#12459));
#12459 = SURFACE_STYLE_FILL_AREA(#12460);
#12460 = FILL_AREA_STYLE('',(#12461));
#12461 = FILL_AREA_STYLE_COLOUR('',#10886);
#12462 = STYLED_ITEM('color',(#12463),#8775);
#12463 = PRESENTATION_STYLE_ASSIGNMENT((#12464));
#12464 = SURFACE_STYLE_USAGE(.BOTH.,#12465);
#12465 = SURFACE_SIDE_STYLE('',(#12466));
#12466 = SURFACE_STYLE_FILL_AREA(#12467);
#12467 = FILL_AREA_STYLE('',(#12468));
#12468 = FILL_AREA_STYLE_COLOUR('',#10886);
#12469 = STYLED_ITEM('color',(#12470),#8792);
#12470 = PRESENTATION_STYLE_ASSIGNMENT((#12471));
#12471 = SURFACE_STYLE_USAGE(.BOTH.,#12472);
#12472 = SURFACE_SIDE_STYLE('',(#12473));
#12473 = SURFACE_STYLE_FILL_AREA(#12474);
#12474 = FILL_AREA_STYLE('',(#12475));
#12475 = FILL_AREA_STYLE_COLOUR('',#10886);
#12476 = STYLED_ITEM('color',(#12477),#8804);
#12477 = PRESENTATION_STYLE_ASSIGNMENT((#12478));
#12478 = SURFACE_STYLE_USAGE(.BOTH.,#12479);
#12479 = SURFACE_SIDE_STYLE('',(#12480));
#12480 = SURFACE_STYLE_FILL_AREA(#12481);
#12481 = FILL_AREA_STYLE('',(#12482));
#12482 = FILL_AREA_STYLE_COLOUR('',#10886);
#12483 = STYLED_ITEM('color',(#12484),#8821);
#12484 = PRESENTATION_STYLE_ASSIGNMENT((#12485));
#12485 = SURFACE_STYLE_USAGE(.BOTH.,#12486);
#12486 = SURFACE_SIDE_STYLE('',(#12487));
#12487 = SURFACE_STYLE_FILL_AREA(#12488);
#12488 = FILL_AREA_STYLE('',(#12489));
#12489 = FILL_AREA_STYLE_COLOUR('',#10886);
#12490 = STYLED_ITEM('color',(#12491),#8838);
#12491 = PRESENTATION_STYLE_ASSIGNMENT((#12492));
#12492 = SURFACE_STYLE_USAGE(.BOTH.,#12493);
#12493 = SURFACE_SIDE_STYLE('',(#12494));
#12494 = SURFACE_STYLE_FILL_AREA(#12495);
#12495 = FILL_AREA_STYLE('',(#12496));
#12496 = FILL_AREA_STYLE_COLOUR('',#10886);
#12497 = STYLED_ITEM('color',(#12498),#8850);
#12498 = PRESENTATION_STYLE_ASSIGNMENT((#12499));
#12499 = SURFACE_STYLE_USAGE(.BOTH.,#12500);
#12500 = SURFACE_SIDE_STYLE('',(#12501));
#12501 = SURFACE_STYLE_FILL_AREA(#12502);
#12502 = FILL_AREA_STYLE('',(#12503));
#12503 = FILL_AREA_STYLE_COLOUR('',#10886);
#12504 = STYLED_ITEM('color',(#12505),#8867);
#12505 = PRESENTATION_STYLE_ASSIGNMENT((#12506));
#12506 = SURFACE_STYLE_USAGE(.BOTH.,#12507);
#12507 = SURFACE_SIDE_STYLE('',(#12508));
#12508 = SURFACE_STYLE_FILL_AREA(#12509);
#12509 = FILL_AREA_STYLE('',(#12510));
#12510 = FILL_AREA_STYLE_COLOUR('',#10886);
#12511 = STYLED_ITEM('color',(#12512),#8884);
#12512 = PRESENTATION_STYLE_ASSIGNMENT((#12513));
#12513 = SURFACE_STYLE_USAGE(.BOTH.,#12514);
#12514 = SURFACE_SIDE_STYLE('',(#12515));
#12515 = SURFACE_STYLE_FILL_AREA(#12516);
#12516 = FILL_AREA_STYLE('',(#12517));
#12517 = FILL_AREA_STYLE_COLOUR('',#10886);
#12518 = STYLED_ITEM('color',(#12519),#8896);
#12519 = PRESENTATION_STYLE_ASSIGNMENT((#12520));
#12520 = SURFACE_STYLE_USAGE(.BOTH.,#12521);
#12521 = SURFACE_SIDE_STYLE('',(#12522));
#12522 = SURFACE_STYLE_FILL_AREA(#12523);
#12523 = FILL_AREA_STYLE('',(#12524));
#12524 = FILL_AREA_STYLE_COLOUR('',#10886);
#12525 = STYLED_ITEM('color',(#12526),#8913);
#12526 = PRESENTATION_STYLE_ASSIGNMENT((#12527));
#12527 = SURFACE_STYLE_USAGE(.BOTH.,#12528);
#12528 = SURFACE_SIDE_STYLE('',(#12529));
#12529 = SURFACE_STYLE_FILL_AREA(#12530);
#12530 = FILL_AREA_STYLE('',(#12531));
#12531 = FILL_AREA_STYLE_COLOUR('',#10886);
#12532 = STYLED_ITEM('color',(#12533),#8930);
#12533 = PRESENTATION_STYLE_ASSIGNMENT((#12534));
#12534 = SURFACE_STYLE_USAGE(.BOTH.,#12535);
#12535 = SURFACE_SIDE_STYLE('',(#12536));
#12536 = SURFACE_STYLE_FILL_AREA(#12537);
#12537 = FILL_AREA_STYLE('',(#12538));
#12538 = FILL_AREA_STYLE_COLOUR('',#10886);
#12539 = STYLED_ITEM('color',(#12540),#8942);
#12540 = PRESENTATION_STYLE_ASSIGNMENT((#12541));
#12541 = SURFACE_STYLE_USAGE(.BOTH.,#12542);
#12542 = SURFACE_SIDE_STYLE('',(#12543));
#12543 = SURFACE_STYLE_FILL_AREA(#12544);
#12544 = FILL_AREA_STYLE('',(#12545));
#12545 = FILL_AREA_STYLE_COLOUR('',#10886);
#12546 = STYLED_ITEM('color',(#12547),#8959);
#12547 = PRESENTATION_STYLE_ASSIGNMENT((#12548));
#12548 = SURFACE_STYLE_USAGE(.BOTH.,#12549);
#12549 = SURFACE_SIDE_STYLE('',(#12550));
#12550 = SURFACE_STYLE_FILL_AREA(#12551);
#12551 = FILL_AREA_STYLE('',(#12552));
#12552 = FILL_AREA_STYLE_COLOUR('',#10886);
#12553 = STYLED_ITEM('color',(#12554),#8976);
#12554 = PRESENTATION_STYLE_ASSIGNMENT((#12555));
#12555 = SURFACE_STYLE_USAGE(.BOTH.,#12556);
#12556 = SURFACE_SIDE_STYLE('',(#12557));
#12557 = SURFACE_STYLE_FILL_AREA(#12558);
#12558 = FILL_AREA_STYLE('',(#12559));
#12559 = FILL_AREA_STYLE_COLOUR('',#10886);
#12560 = STYLED_ITEM('color',(#12561),#8988);
#12561 = PRESENTATION_STYLE_ASSIGNMENT((#12562));
#12562 = SURFACE_STYLE_USAGE(.BOTH.,#12563);
#12563 = SURFACE_SIDE_STYLE('',(#12564));
#12564 = SURFACE_STYLE_FILL_AREA(#12565);
#12565 = FILL_AREA_STYLE('',(#12566));
#12566 = FILL_AREA_STYLE_COLOUR('',#10886);
#12567 = STYLED_ITEM('color',(#12568),#9000);
#12568 = PRESENTATION_STYLE_ASSIGNMENT((#12569));
#12569 = SURFACE_STYLE_USAGE(.BOTH.,#12570);
#12570 = SURFACE_SIDE_STYLE('',(#12571));
#12571 = SURFACE_STYLE_FILL_AREA(#12572);
#12572 = FILL_AREA_STYLE('',(#12573));
#12573 = FILL_AREA_STYLE_COLOUR('',#10886);
#12574 = STYLED_ITEM('color',(#12575),#9012);
#12575 = PRESENTATION_STYLE_ASSIGNMENT((#12576));
#12576 = SURFACE_STYLE_USAGE(.BOTH.,#12577);
#12577 = SURFACE_SIDE_STYLE('',(#12578));
#12578 = SURFACE_STYLE_FILL_AREA(#12579);
#12579 = FILL_AREA_STYLE('',(#12580));
#12580 = FILL_AREA_STYLE_COLOUR('',#10886);
#12581 = STYLED_ITEM('color',(#12582),#9024);
#12582 = PRESENTATION_STYLE_ASSIGNMENT((#12583));
#12583 = SURFACE_STYLE_USAGE(.BOTH.,#12584);
#12584 = SURFACE_SIDE_STYLE('',(#12585));
#12585 = SURFACE_STYLE_FILL_AREA(#12586);
#12586 = FILL_AREA_STYLE('',(#12587));
#12587 = FILL_AREA_STYLE_COLOUR('',#10886);
#12588 = STYLED_ITEM('color',(#12589),#9036);
#12589 = PRESENTATION_STYLE_ASSIGNMENT((#12590));
#12590 = SURFACE_STYLE_USAGE(.BOTH.,#12591);
#12591 = SURFACE_SIDE_STYLE('',(#12592));
#12592 = SURFACE_STYLE_FILL_AREA(#12593);
#12593 = FILL_AREA_STYLE('',(#12594));
#12594 = FILL_AREA_STYLE_COLOUR('',#10886);
#12595 = STYLED_ITEM('color',(#12596),#9048);
#12596 = PRESENTATION_STYLE_ASSIGNMENT((#12597));
#12597 = SURFACE_STYLE_USAGE(.BOTH.,#12598);
#12598 = SURFACE_SIDE_STYLE('',(#12599));
#12599 = SURFACE_STYLE_FILL_AREA(#12600);
#12600 = FILL_AREA_STYLE('',(#12601));
#12601 = FILL_AREA_STYLE_COLOUR('',#10886);
#12602 = STYLED_ITEM('color',(#12603),#9060);
#12603 = PRESENTATION_STYLE_ASSIGNMENT((#12604));
#12604 = SURFACE_STYLE_USAGE(.BOTH.,#12605);
#12605 = SURFACE_SIDE_STYLE('',(#12606));
#12606 = SURFACE_STYLE_FILL_AREA(#12607);
#12607 = FILL_AREA_STYLE('',(#12608));
#12608 = FILL_AREA_STYLE_COLOUR('',#10886);
#12609 = STYLED_ITEM('color',(#12610),#9072);
#12610 = PRESENTATION_STYLE_ASSIGNMENT((#12611));
#12611 = SURFACE_STYLE_USAGE(.BOTH.,#12612);
#12612 = SURFACE_SIDE_STYLE('',(#12613));
#12613 = SURFACE_STYLE_FILL_AREA(#12614);
#12614 = FILL_AREA_STYLE('',(#12615));
#12615 = FILL_AREA_STYLE_COLOUR('',#10886);
#12616 = STYLED_ITEM('color',(#12617),#9084);
#12617 = PRESENTATION_STYLE_ASSIGNMENT((#12618));
#12618 = SURFACE_STYLE_USAGE(.BOTH.,#12619);
#12619 = SURFACE_SIDE_STYLE('',(#12620));
#12620 = SURFACE_STYLE_FILL_AREA(#12621);
#12621 = FILL_AREA_STYLE('',(#12622));
#12622 = FILL_AREA_STYLE_COLOUR('',#10886);
#12623 = STYLED_ITEM('color',(#12624),#9096);
#12624 = PRESENTATION_STYLE_ASSIGNMENT((#12625));
#12625 = SURFACE_STYLE_USAGE(.BOTH.,#12626);
#12626 = SURFACE_SIDE_STYLE('',(#12627));
#12627 = SURFACE_STYLE_FILL_AREA(#12628);
#12628 = FILL_AREA_STYLE('',(#12629));
#12629 = FILL_AREA_STYLE_COLOUR('',#10886);
#12630 = STYLED_ITEM('color',(#12631),#9108);
#12631 = PRESENTATION_STYLE_ASSIGNMENT((#12632));
#12632 = SURFACE_STYLE_USAGE(.BOTH.,#12633);
#12633 = SURFACE_SIDE_STYLE('',(#12634));
#12634 = SURFACE_STYLE_FILL_AREA(#12635);
#12635 = FILL_AREA_STYLE('',(#12636));
#12636 = FILL_AREA_STYLE_COLOUR('',#10886);
#12637 = STYLED_ITEM('color',(#12638),#9120);
#12638 = PRESENTATION_STYLE_ASSIGNMENT((#12639));
#12639 = SURFACE_STYLE_USAGE(.BOTH.,#12640);
#12640 = SURFACE_SIDE_STYLE('',(#12641));
#12641 = SURFACE_STYLE_FILL_AREA(#12642);
#12642 = FILL_AREA_STYLE('',(#12643));
#12643 = FILL_AREA_STYLE_COLOUR('',#10886);
#12644 = MECHANICAL_DESIGN_GEOMETRIC_PRESENTATION_REPRESENTATION('',(
    #12645,#12653,#12660,#12667,#12674,#12681,#12688,#12695,#12703,
    #12710,#12717,#12724,#12731,#12738,#12746,#12753,#12760,#12767,
    #12774,#12781,#12788,#12795,#12802,#12809,#12816,#12823),#874);
#12645 = STYLED_ITEM('color',(#12646),#86);
#12646 = PRESENTATION_STYLE_ASSIGNMENT((#12647));
#12647 = SURFACE_STYLE_USAGE(.BOTH.,#12648);
#12648 = SURFACE_SIDE_STYLE('',(#12649));
#12649 = SURFACE_STYLE_FILL_AREA(#12650);
#12650 = FILL_AREA_STYLE('',(#12651));
#12651 = FILL_AREA_STYLE_COLOUR('',#12652);
#12652 = COLOUR_RGB('',0.823999987314,0.819999987296,0.781000009244);
#12653 = STYLED_ITEM('color',(#12654),#126);
#12654 = PRESENTATION_STYLE_ASSIGNMENT((#12655));
#12655 = SURFACE_STYLE_USAGE(.BOTH.,#12656);
#12656 = SURFACE_SIDE_STYLE('',(#12657));
#12657 = SURFACE_STYLE_FILL_AREA(#12658);
#12658 = FILL_AREA_STYLE('',(#12659));
#12659 = FILL_AREA_STYLE_COLOUR('',#12652);
#12660 = STYLED_ITEM('color',(#12661),#209);
#12661 = PRESENTATION_STYLE_ASSIGNMENT((#12662));
#12662 = SURFACE_STYLE_USAGE(.BOTH.,#12663);
#12663 = SURFACE_SIDE_STYLE('',(#12664));
#12664 = SURFACE_STYLE_FILL_AREA(#12665);
#12665 = FILL_AREA_STYLE('',(#12666));
#12666 = FILL_AREA_STYLE_COLOUR('',#12652);
#12667 = STYLED_ITEM('color',(#12668),#234);
#12668 = PRESENTATION_STYLE_ASSIGNMENT((#12669));
#12669 = SURFACE_STYLE_USAGE(.BOTH.,#12670);
#12670 = SURFACE_SIDE_STYLE('',(#12671));
#12671 = SURFACE_STYLE_FILL_AREA(#12672);
#12672 = FILL_AREA_STYLE('',(#12673));
#12673 = FILL_AREA_STYLE_COLOUR('',#12652);
#12674 = STYLED_ITEM('color',(#12675),#259);
#12675 = PRESENTATION_STYLE_ASSIGNMENT((#12676));
#12676 = SURFACE_STYLE_USAGE(.BOTH.,#12677);
#12677 = SURFACE_SIDE_STYLE('',(#12678));
#12678 = SURFACE_STYLE_FILL_AREA(#12679);
#12679 = FILL_AREA_STYLE('',(#12680));
#12680 = FILL_AREA_STYLE_COLOUR('',#12652);
#12681 = STYLED_ITEM('color',(#12682),#326);
#12682 = PRESENTATION_STYLE_ASSIGNMENT((#12683));
#12683 = SURFACE_STYLE_USAGE(.BOTH.,#12684);
#12684 = SURFACE_SIDE_STYLE('',(#12685));
#12685 = SURFACE_STYLE_FILL_AREA(#12686);
#12686 = FILL_AREA_STYLE('',(#12687));
#12687 = FILL_AREA_STYLE_COLOUR('',#12652);
#12688 = STYLED_ITEM('color',(#12689),#343);
#12689 = PRESENTATION_STYLE_ASSIGNMENT((#12690));
#12690 = SURFACE_STYLE_USAGE(.BOTH.,#12691);
#12691 = SURFACE_SIDE_STYLE('',(#12692));
#12692 = SURFACE_STYLE_FILL_AREA(#12693);
#12693 = FILL_AREA_STYLE('',(#12694));
#12694 = FILL_AREA_STYLE_COLOUR('',#12652);
#12695 = STYLED_ITEM('color',(#12696),#360);
#12696 = PRESENTATION_STYLE_ASSIGNMENT((#12697));
#12697 = SURFACE_STYLE_USAGE(.BOTH.,#12698);
#12698 = SURFACE_SIDE_STYLE('',(#12699));
#12699 = SURFACE_STYLE_FILL_AREA(#12700);
#12700 = FILL_AREA_STYLE('',(#12701));
#12701 = FILL_AREA_STYLE_COLOUR('',#12702);
#12702 = COLOUR_RGB('',0.894999966383,0.890999961016,0.813000030345);
#12703 = STYLED_ITEM('color',(#12704),#409);
#12704 = PRESENTATION_STYLE_ASSIGNMENT((#12705));
#12705 = SURFACE_STYLE_USAGE(.BOTH.,#12706);
#12706 = SURFACE_SIDE_STYLE('',(#12707));
#12707 = SURFACE_STYLE_FILL_AREA(#12708);
#12708 = FILL_AREA_STYLE('',(#12709));
#12709 = FILL_AREA_STYLE_COLOUR('',#12652);
#12710 = STYLED_ITEM('color',(#12711),#426);
#12711 = PRESENTATION_STYLE_ASSIGNMENT((#12712));
#12712 = SURFACE_STYLE_USAGE(.BOTH.,#12713);
#12713 = SURFACE_SIDE_STYLE('',(#12714));
#12714 = SURFACE_STYLE_FILL_AREA(#12715);
#12715 = FILL_AREA_STYLE('',(#12716));
#12716 = FILL_AREA_STYLE_COLOUR('',#12652);
#12717 = STYLED_ITEM('color',(#12718),#443);
#12718 = PRESENTATION_STYLE_ASSIGNMENT((#12719));
#12719 = SURFACE_STYLE_USAGE(.BOTH.,#12720);
#12720 = SURFACE_SIDE_STYLE('',(#12721));
#12721 = SURFACE_STYLE_FILL_AREA(#12722);
#12722 = FILL_AREA_STYLE('',(#12723));
#12723 = FILL_AREA_STYLE_COLOUR('',#12702);
#12724 = STYLED_ITEM('color',(#12725),#492);
#12725 = PRESENTATION_STYLE_ASSIGNMENT((#12726));
#12726 = SURFACE_STYLE_USAGE(.BOTH.,#12727);
#12727 = SURFACE_SIDE_STYLE('',(#12728));
#12728 = SURFACE_STYLE_FILL_AREA(#12729);
#12729 = FILL_AREA_STYLE('',(#12730));
#12730 = FILL_AREA_STYLE_COLOUR('',#12702);
#12731 = STYLED_ITEM('color',(#12732),#509);
#12732 = PRESENTATION_STYLE_ASSIGNMENT((#12733));
#12733 = SURFACE_STYLE_USAGE(.BOTH.,#12734);
#12734 = SURFACE_SIDE_STYLE('',(#12735));
#12735 = SURFACE_STYLE_FILL_AREA(#12736);
#12736 = FILL_AREA_STYLE('',(#12737));
#12737 = FILL_AREA_STYLE_COLOUR('',#12652);
#12738 = STYLED_ITEM('color',(#12739),#578);
#12739 = PRESENTATION_STYLE_ASSIGNMENT((#12740));
#12740 = SURFACE_STYLE_USAGE(.BOTH.,#12741);
#12741 = SURFACE_SIDE_STYLE('',(#12742));
#12742 = SURFACE_STYLE_FILL_AREA(#12743);
#12743 = FILL_AREA_STYLE('',(#12744));
#12744 = FILL_AREA_STYLE_COLOUR('',#12745);
#12745 = COLOUR_RGB('',8.200000279077E-02,8.600000121357E-02,
  9.399999706163E-02);
#12746 = STYLED_ITEM('color',(#12747),#609);
#12747 = PRESENTATION_STYLE_ASSIGNMENT((#12748));
#12748 = SURFACE_STYLE_USAGE(.BOTH.,#12749);
#12749 = SURFACE_SIDE_STYLE('',(#12750));
#12750 = SURFACE_STYLE_FILL_AREA(#12751);
#12751 = FILL_AREA_STYLE('',(#12752));
#12752 = FILL_AREA_STYLE_COLOUR('',#12745);
#12753 = STYLED_ITEM('color',(#12754),#633);
#12754 = PRESENTATION_STYLE_ASSIGNMENT((#12755));
#12755 = SURFACE_STYLE_USAGE(.BOTH.,#12756);
#12756 = SURFACE_SIDE_STYLE('',(#12757));
#12757 = SURFACE_STYLE_FILL_AREA(#12758);
#12758 = FILL_AREA_STYLE('',(#12759));
#12759 = FILL_AREA_STYLE_COLOUR('',#12652);
#12760 = STYLED_ITEM('color',(#12761),#702);
#12761 = PRESENTATION_STYLE_ASSIGNMENT((#12762));
#12762 = SURFACE_STYLE_USAGE(.BOTH.,#12763);
#12763 = SURFACE_SIDE_STYLE('',(#12764));
#12764 = SURFACE_STYLE_FILL_AREA(#12765);
#12765 = FILL_AREA_STYLE('',(#12766));
#12766 = FILL_AREA_STYLE_COLOUR('',#12745);
#12767 = STYLED_ITEM('color',(#12768),#726);
#12768 = PRESENTATION_STYLE_ASSIGNMENT((#12769));
#12769 = SURFACE_STYLE_USAGE(.BOTH.,#12770);
#12770 = SURFACE_SIDE_STYLE('',(#12771));
#12771 = SURFACE_STYLE_FILL_AREA(#12772);
#12772 = FILL_AREA_STYLE('',(#12773));
#12773 = FILL_AREA_STYLE_COLOUR('',#12652);
#12774 = STYLED_ITEM('color',(#12775),#743);
#12775 = PRESENTATION_STYLE_ASSIGNMENT((#12776));
#12776 = SURFACE_STYLE_USAGE(.BOTH.,#12777);
#12777 = SURFACE_SIDE_STYLE('',(#12778));
#12778 = SURFACE_STYLE_FILL_AREA(#12779);
#12779 = FILL_AREA_STYLE('',(#12780));
#12780 = FILL_AREA_STYLE_COLOUR('',#12652);
#12781 = STYLED_ITEM('color',(#12782),#760);
#12782 = PRESENTATION_STYLE_ASSIGNMENT((#12783));
#12783 = SURFACE_STYLE_USAGE(.BOTH.,#12784);
#12784 = SURFACE_SIDE_STYLE('',(#12785));
#12785 = SURFACE_STYLE_FILL_AREA(#12786);
#12786 = FILL_AREA_STYLE('',(#12787));
#12787 = FILL_AREA_STYLE_COLOUR('',#12652);
#12788 = STYLED_ITEM('color',(#12789),#777);
#12789 = PRESENTATION_STYLE_ASSIGNMENT((#12790));
#12790 = SURFACE_STYLE_USAGE(.BOTH.,#12791);
#12791 = SURFACE_SIDE_STYLE('',(#12792));
#12792 = SURFACE_STYLE_FILL_AREA(#12793);
#12793 = FILL_AREA_STYLE('',(#12794));
#12794 = FILL_AREA_STYLE_COLOUR('',#12652);
#12795 = STYLED_ITEM('color',(#12796),#794);
#12796 = PRESENTATION_STYLE_ASSIGNMENT((#12797));
#12797 = SURFACE_STYLE_USAGE(.BOTH.,#12798);
#12798 = SURFACE_SIDE_STYLE('',(#12799));
#12799 = SURFACE_STYLE_FILL_AREA(#12800);
#12800 = FILL_AREA_STYLE('',(#12801));
#12801 = FILL_AREA_STYLE_COLOUR('',#12652);
#12802 = STYLED_ITEM('color',(#12803),#811);
#12803 = PRESENTATION_STYLE_ASSIGNMENT((#12804));
#12804 = SURFACE_STYLE_USAGE(.BOTH.,#12805);
#12805 = SURFACE_SIDE_STYLE('',(#12806));
#12806 = SURFACE_STYLE_FILL_AREA(#12807);
#12807 = FILL_AREA_STYLE('',(#12808));
#12808 = FILL_AREA_STYLE_COLOUR('',#12652);
#12809 = STYLED_ITEM('color',(#12810),#828);
#12810 = PRESENTATION_STYLE_ASSIGNMENT((#12811));
#12811 = SURFACE_STYLE_USAGE(.BOTH.,#12812);
#12812 = SURFACE_SIDE_STYLE('',(#12813));
#12813 = SURFACE_STYLE_FILL_AREA(#12814);
#12814 = FILL_AREA_STYLE('',(#12815));
#12815 = FILL_AREA_STYLE_COLOUR('',#12652);
#12816 = STYLED_ITEM('color',(#12817),#845);
#12817 = PRESENTATION_STYLE_ASSIGNMENT((#12818));
#12818 = SURFACE_STYLE_USAGE(.BOTH.,#12819);
#12819 = SURFACE_SIDE_STYLE('',(#12820));
#12820 = SURFACE_STYLE_FILL_AREA(#12821);
#12821 = FILL_AREA_STYLE('',(#12822));
#12822 = FILL_AREA_STYLE_COLOUR('',#12745);
#12823 = STYLED_ITEM('color',(#12824),#862);
#12824 = PRESENTATION_STYLE_ASSIGNMENT((#12825));
#12825 = SURFACE_STYLE_USAGE(.BOTH.,#12826);
#12826 = SURFACE_SIDE_STYLE('',(#12827));
#12827 = SURFACE_STYLE_FILL_AREA(#12828);
#12828 = FILL_AREA_STYLE('',(#12829));
#12829 = FILL_AREA_STYLE_COLOUR('',#12745);
ENDSEC;
END-ISO-10303-21;
